2025-11-19 04:05:26 | INFO     | Refreshing option chain from Zerodha...
2025-11-19 04:05:26 | INFO     | Found 12 BankNifty option contracts
2025-11-19 04:05:26 | INFO     | Current expiry: 2025-11-25 | expiry_date=2025-11-25 | days_until_expiry=6
2025-11-19 04:05:26 | INFO     | Found 12 options for current expiry
2025-11-19 04:05:26 | INFO     | Option chain cached | total_contracts=12 | expiry=2025-11-25
2025-11-19 04:05:26 | INFO     | Refreshing option chain from Zerodha...
2025-11-19 04:05:26 | INFO     | Found 12 BankNifty option contracts
2025-11-19 04:05:26 | INFO     | Current expiry: 2025-11-25 | expiry_date=2025-11-25 | days_until_expiry=6
2025-11-19 04:05:26 | INFO     | Found 12 options for current expiry
2025-11-19 04:05:26 | INFO     | Option chain cached | total_contracts=12 | expiry=2025-11-25
2025-11-19 04:05:26 | DEBUG    | Found option contract: BANKNIFTY25NOV2557300CE | strike=57300 | option_type=CE | expiry=2025-11-25
2025-11-19 04:05:26 | DEBUG    | Found option contract: BANKNIFTY25NOV2557300PE | strike=57300 | option_type=PE | expiry=2025-11-25
2025-11-19 04:05:26 | WARNING  | Option contract not found | strike=99999 | option_type=CE | expiry=2025-11-25
2025-11-19 04:05:26 | INFO     | Refreshing option chain from Zerodha...
2025-11-19 04:05:26 | INFO     | Found 12 BankNifty option contracts
2025-11-19 04:05:26 | INFO     | Current expiry: 2025-11-25 | expiry_date=2025-11-25 | days_until_expiry=6
2025-11-19 04:05:26 | INFO     | Found 12 options for current expiry
2025-11-19 04:05:26 | INFO     | Option chain cached | total_contracts=12 | expiry=2025-11-25
2025-11-19 04:05:26 | DEBUG    | Found option contract: BANKNIFTY25NOV2557300CE | strike=57300 | option_type=CE | expiry=2025-11-25
2025-11-19 04:05:26 | DEBUG    | Found option contract: BANKNIFTY25NOV2557300PE | strike=57300 | option_type=PE | expiry=2025-11-25
2025-11-19 04:05:26 | WARNING  | Option contract not found | strike=99999 | option_type=CE | expiry=2025-11-25
2025-11-19 04:05:26 | INFO     | Refreshing option chain from Zerodha...
2025-11-19 04:05:26 | INFO     | Found 12 BankNifty option contracts
2025-11-19 04:05:26 | INFO     | Current expiry: 2025-11-25 | expiry_date=2025-11-25 | days_until_expiry=6
2025-11-19 04:05:26 | INFO     | Found 12 options for current expiry
2025-11-19 04:05:26 | INFO     | Option chain cached | total_contracts=12 | expiry=2025-11-25
2025-11-19 04:05:26 | DEBUG    | Found option contract: BANKNIFTY25NOV2557300CE | strike=57300 | option_type=CE | expiry=2025-11-25
2025-11-19 04:05:26 | DEBUG    | Found option contract: BANKNIFTY25NOV2557300CE | strike=57300 | option_type=CE | expiry=2025-11-25
2025-11-19 04:05:26 | WARNING  | Option contract not found | strike=99999 | option_type=CE | expiry=2025-11-25
2025-11-19 04:05:26 | INFO     | Refreshing option chain from Zerodha...
2025-11-19 04:05:26 | INFO     | Found 12 BankNifty option contracts
2025-11-19 04:05:26 | INFO     | Current expiry: 2025-11-25 | expiry_date=2025-11-25 | days_until_expiry=6
2025-11-19 04:05:26 | INFO     | Found 12 options for current expiry
2025-11-19 04:05:26 | INFO     | Option chain cached | total_contracts=12 | expiry=2025-11-25
2025-11-19 04:05:26 | INFO     | Refreshing option chain from Zerodha...
2025-11-19 04:05:26 | INFO     | Found 12 BankNifty option contracts
2025-11-19 04:05:26 | INFO     | Current expiry: 2025-11-25 | expiry_date=2025-11-25 | days_until_expiry=6
2025-11-19 04:05:26 | INFO     | Found 12 options for current expiry
2025-11-19 04:05:26 | INFO     | Option chain cached | total_contracts=12 | expiry=2025-11-25
2025-11-19 04:05:26 | INFO     | Refreshing option chain from Zerodha...
2025-11-19 04:05:26 | INFO     | Found 14 BankNifty option contracts
2025-11-19 04:05:26 | INFO     | Current expiry: 2025-11-25 | expiry_date=2025-11-25 | days_until_expiry=6
2025-11-19 04:05:26 | INFO     | Found 14 options for current expiry
2025-11-19 04:05:26 | INFO     | Option chain cached | total_contracts=14 | expiry=2025-11-25
2025-11-19 04:05:26 | INFO     | Refreshing option chain from Zerodha...
2025-11-19 04:05:26 | INFO     | Found 102 BankNifty option contracts
2025-11-19 04:05:26 | INFO     | Current expiry: 2025-11-25 | expiry_date=2025-11-25 | days_until_expiry=6
2025-11-19 04:05:26 | INFO     | Found 102 options for current expiry
2025-11-19 04:05:26 | INFO     | Option chain cached | total_contracts=102 | expiry=2025-11-25
2025-11-19 04:05:26 | INFO     | Refreshing option chain from Zerodha...
2025-11-19 04:05:26 | INFO     | Found 12 BankNifty option contracts
2025-11-19 04:05:26 | INFO     | Current expiry: 2025-11-25 | expiry_date=2025-11-25 | days_until_expiry=6
2025-11-19 04:05:26 | INFO     | Found 12 options for current expiry
2025-11-19 04:05:26 | INFO     | Option chain cached | total_contracts=12 | expiry=2025-11-25
2025-11-19 04:05:26 | DEBUG    | Found option contract: BANKNIFTY25NOV2557300CE | strike=57300 | option_type=CE | expiry=2025-11-25
2025-11-19 04:05:26 | DEBUG    | Found option contract: BANKNIFTY25NOV2557300CE | strike=57300 | option_type=CE | expiry=2025-11-25
2025-11-19 04:05:26 | DEBUG    | Found option contract: BANKNIFTY25NOV2557300CE | strike=57300 | option_type=CE | expiry=2025-11-25
2025-11-19 04:05:26 | DEBUG    | Found option contract: BANKNIFTY25NOV2557300CE | strike=57300 | option_type=CE | expiry=2025-11-25
2025-11-19 04:05:26 | DEBUG    | Found option contract: BANKNIFTY25NOV2557300CE | strike=57300 | option_type=CE | expiry=2025-11-25
2025-11-19 04:05:45 | INFO     | Refreshing option chain from Zerodha...
2025-11-19 04:05:45 | INFO     | Found 12 BankNifty option contracts
2025-11-19 04:05:45 | INFO     | Current expiry: 2025-11-25 | expiry_date=2025-11-25 | days_until_expiry=6
2025-11-19 04:05:45 | INFO     | Found 12 options for current expiry
2025-11-19 04:05:45 | INFO     | Option chain cached | total_contracts=12 | expiry=2025-11-25
2025-11-19 04:05:45 | INFO     | Refreshing option chain from Zerodha...
2025-11-19 04:05:45 | INFO     | Found 12 BankNifty option contracts
2025-11-19 04:05:45 | INFO     | Current expiry: 2025-11-25 | expiry_date=2025-11-25 | days_until_expiry=6
2025-11-19 04:05:45 | INFO     | Found 12 options for current expiry
2025-11-19 04:05:45 | INFO     | Option chain cached | total_contracts=12 | expiry=2025-11-25
2025-11-19 04:05:45 | DEBUG    | Found option contract: BANKNIFTY25NOV2557300CE | strike=57300 | option_type=CE | expiry=2025-11-25
2025-11-19 04:05:45 | DEBUG    | Found option contract: BANKNIFTY25NOV2557300PE | strike=57300 | option_type=PE | expiry=2025-11-25
2025-11-19 04:05:45 | WARNING  | Option contract not found | strike=99999 | option_type=CE | expiry=2025-11-25
2025-11-19 04:05:45 | INFO     | Refreshing option chain from Zerodha...
2025-11-19 04:05:45 | INFO     | Found 12 BankNifty option contracts
2025-11-19 04:05:45 | INFO     | Current expiry: 2025-11-25 | expiry_date=2025-11-25 | days_until_expiry=6
2025-11-19 04:05:45 | INFO     | Found 12 options for current expiry
2025-11-19 04:05:45 | INFO     | Option chain cached | total_contracts=12 | expiry=2025-11-25
2025-11-19 04:05:45 | DEBUG    | Found option contract: BANKNIFTY25NOV2557300CE | strike=57300 | option_type=CE | expiry=2025-11-25
2025-11-19 04:05:45 | DEBUG    | Found option contract: BANKNIFTY25NOV2557300PE | strike=57300 | option_type=PE | expiry=2025-11-25
2025-11-19 04:05:45 | WARNING  | Option contract not found | strike=99999 | option_type=CE | expiry=2025-11-25
2025-11-19 04:05:45 | INFO     | Refreshing option chain from Zerodha...
2025-11-19 04:05:45 | INFO     | Found 12 BankNifty option contracts
2025-11-19 04:05:45 | INFO     | Current expiry: 2025-11-25 | expiry_date=2025-11-25 | days_until_expiry=6
2025-11-19 04:05:45 | INFO     | Found 12 options for current expiry
2025-11-19 04:05:45 | INFO     | Option chain cached | total_contracts=12 | expiry=2025-11-25
2025-11-19 04:05:45 | DEBUG    | Found option contract: BANKNIFTY25NOV2557300CE | strike=57300 | option_type=CE | expiry=2025-11-25
2025-11-19 04:05:45 | DEBUG    | Found option contract: BANKNIFTY25NOV2557300CE | strike=57300 | option_type=CE | expiry=2025-11-25
2025-11-19 04:05:45 | WARNING  | Option contract not found | strike=99999 | option_type=CE | expiry=2025-11-25
2025-11-19 04:05:45 | INFO     | Refreshing option chain from Zerodha...
2025-11-19 04:05:45 | INFO     | Found 12 BankNifty option contracts
2025-11-19 04:05:45 | INFO     | Current expiry: 2025-11-25 | expiry_date=2025-11-25 | days_until_expiry=6
2025-11-19 04:05:45 | INFO     | Found 12 options for current expiry
2025-11-19 04:05:45 | INFO     | Option chain cached | total_contracts=12 | expiry=2025-11-25
2025-11-19 04:05:45 | INFO     | Refreshing option chain from Zerodha...
2025-11-19 04:05:45 | INFO     | Found 12 BankNifty option contracts
2025-11-19 04:05:45 | INFO     | Current expiry: 2025-11-25 | expiry_date=2025-11-25 | days_until_expiry=6
2025-11-19 04:05:45 | INFO     | Found 12 options for current expiry
2025-11-19 04:05:45 | INFO     | Option chain cached | total_contracts=12 | expiry=2025-11-25
2025-11-19 04:05:45 | INFO     | Refreshing option chain from Zerodha...
2025-11-19 04:05:45 | INFO     | Found 14 BankNifty option contracts
2025-11-19 04:05:45 | INFO     | Current expiry: 2025-11-25 | expiry_date=2025-11-25 | days_until_expiry=6
2025-11-19 04:05:45 | INFO     | Found 14 options for current expiry
2025-11-19 04:05:45 | INFO     | Option chain cached | total_contracts=14 | expiry=2025-11-25
2025-11-19 04:05:45 | INFO     | Refreshing option chain from Zerodha...
2025-11-19 04:05:45 | INFO     | Found 102 BankNifty option contracts
2025-11-19 04:05:45 | INFO     | Current expiry: 2025-11-25 | expiry_date=2025-11-25 | days_until_expiry=6
2025-11-19 04:05:45 | INFO     | Found 102 options for current expiry
2025-11-19 04:05:45 | INFO     | Option chain cached | total_contracts=102 | expiry=2025-11-25
2025-11-19 04:05:45 | INFO     | Refreshing option chain from Zerodha...
2025-11-19 04:05:45 | INFO     | Found 12 BankNifty option contracts
2025-11-19 04:05:45 | INFO     | Current expiry: 2025-11-25 | expiry_date=2025-11-25 | days_until_expiry=6
2025-11-19 04:05:45 | INFO     | Found 12 options for current expiry
2025-11-19 04:05:45 | INFO     | Option chain cached | total_contracts=12 | expiry=2025-11-25
2025-11-19 04:05:45 | DEBUG    | Found option contract: BANKNIFTY25NOV2557300CE | strike=57300 | option_type=CE | expiry=2025-11-25
2025-11-19 04:05:45 | DEBUG    | Found option contract: BANKNIFTY25NOV2557300CE | strike=57300 | option_type=CE | expiry=2025-11-25
2025-11-19 04:05:45 | DEBUG    | Found option contract: BANKNIFTY25NOV2557300CE | strike=57300 | option_type=CE | expiry=2025-11-25
2025-11-19 04:05:45 | DEBUG    | Found option contract: BANKNIFTY25NOV2557300CE | strike=57300 | option_type=CE | expiry=2025-11-25
2025-11-19 04:05:45 | DEBUG    | Found option contract: BANKNIFTY25NOV2557300CE | strike=57300 | option_type=CE | expiry=2025-11-25
2025-11-19 04:08:37 | INFO     | Refreshing option chain from Zerodha...
2025-11-19 04:08:37 | INFO     | Found 102 BankNifty option contracts
2025-11-19 04:08:37 | INFO     | Current expiry: 2025-11-25 | expiry_date=2025-11-25 | days_until_expiry=6
2025-11-19 04:08:37 | INFO     | Found 102 options for current expiry
2025-11-19 04:08:37 | INFO     | Option chain cached | total_contracts=102 | expiry=2025-11-25
2025-11-19 04:08:37 | INFO     | Refreshing option chain from Zerodha...
2025-11-19 04:08:37 | INFO     | Found 102 BankNifty option contracts
2025-11-19 04:08:37 | INFO     | Current expiry: 2025-11-25 | expiry_date=2025-11-25 | days_until_expiry=6
2025-11-19 04:08:37 | INFO     | Found 102 options for current expiry
2025-11-19 04:08:37 | INFO     | Option chain cached | total_contracts=102 | expiry=2025-11-25
2025-11-19 04:08:37 | DEBUG    | Found option contract: BANKNIFTY25NOV2557300CE | strike=57300 | option_type=CE | expiry=2025-11-25
2025-11-19 04:08:37 | DEBUG    | Found option contract: BANKNIFTY25NOV2557300PE | strike=57300 | option_type=PE | expiry=2025-11-25
2025-11-19 04:08:37 | DEBUG    | Found option contract: BANKNIFTY25NOV2555300PE | strike=55300 | option_type=PE | expiry=2025-11-25
2025-11-19 04:08:37 | INFO     | Refreshing option chain from Zerodha...
2025-11-19 04:08:37 | INFO     | Found 102 BankNifty option contracts
2025-11-19 04:08:37 | INFO     | Current expiry: 2025-11-25 | expiry_date=2025-11-25 | days_until_expiry=6
2025-11-19 04:08:37 | INFO     | Found 102 options for current expiry
2025-11-19 04:08:37 | INFO     | Option chain cached | total_contracts=102 | expiry=2025-11-25
2025-11-19 04:08:37 | DEBUG    | Found option contract: BANKNIFTY25NOV2557300CE | strike=57300 | option_type=CE | expiry=2025-11-25
2025-11-19 04:08:37 | DEBUG    | Found option contract: BANKNIFTY25NOV2557300PE | strike=57300 | option_type=PE | expiry=2025-11-25
2025-11-19 04:08:37 | DEBUG    | Found option contract: BANKNIFTY25NOV2555300PE | strike=55300 | option_type=PE | expiry=2025-11-25
2025-11-19 04:08:37 | INFO     | Refreshing option chain from Zerodha...
2025-11-19 04:08:37 | INFO     | Found 102 BankNifty option contracts
2025-11-19 04:08:37 | INFO     | Current expiry: 2025-11-25 | expiry_date=2025-11-25 | days_until_expiry=6
2025-11-19 04:08:37 | INFO     | Found 102 options for current expiry
2025-11-19 04:08:37 | INFO     | Option chain cached | total_contracts=102 | expiry=2025-11-25
2025-11-19 04:08:37 | DEBUG    | Found option contract: BANKNIFTY25NOV2557300CE | strike=57300 | option_type=CE | expiry=2025-11-25
2025-11-19 04:08:37 | DEBUG    | Found option contract: BANKNIFTY25NOV2557300PE | strike=57300 | option_type=PE | expiry=2025-11-25
2025-11-19 04:08:37 | DEBUG    | Found option contract: BANKNIFTY25NOV2555300PE | strike=55300 | option_type=PE | expiry=2025-11-25
2025-11-19 04:08:37 | INFO     | Refreshing option chain from Zerodha...
2025-11-19 04:08:37 | INFO     | Found 102 BankNifty option contracts
2025-11-19 04:08:37 | INFO     | Current expiry: 2025-11-25 | expiry_date=2025-11-25 | days_until_expiry=6
2025-11-19 04:08:37 | INFO     | Found 102 options for current expiry
2025-11-19 04:08:37 | INFO     | Option chain cached | total_contracts=102 | expiry=2025-11-25
2025-11-19 04:08:37 | DEBUG    | Found option contract: BANKNIFTY25NOV2557300CE | strike=57300 | option_type=CE | expiry=2025-11-25
2025-11-19 04:08:37 | DEBUG    | Found option contract: BANKNIFTY25NOV2557300PE | strike=57300 | option_type=PE | expiry=2025-11-25
2025-11-19 04:08:37 | DEBUG    | Found option contract: BANKNIFTY25NOV2555300PE | strike=55300 | option_type=PE | expiry=2025-11-25
2025-11-19 04:08:37 | INFO     | Refreshing option chain from Zerodha...
2025-11-19 04:08:37 | INFO     | Found 102 BankNifty option contracts
2025-11-19 04:08:37 | INFO     | Current expiry: 2025-11-25 | expiry_date=2025-11-25 | days_until_expiry=6
2025-11-19 04:08:37 | INFO     | Found 102 options for current expiry
2025-11-19 04:08:37 | INFO     | Option chain cached | total_contracts=102 | expiry=2025-11-25
2025-11-19 04:08:37 | DEBUG    | Found option contract: BANKNIFTY25NOV2557300CE | strike=57300 | option_type=CE | expiry=2025-11-25
2025-11-19 04:08:37 | DEBUG    | Found option contract: BANKNIFTY25NOV2557300PE | strike=57300 | option_type=PE | expiry=2025-11-25
2025-11-19 04:08:37 | DEBUG    | Found option contract: BANKNIFTY25NOV2555300PE | strike=55300 | option_type=PE | expiry=2025-11-25
2025-11-19 04:08:37 | DEBUG    | Found option contract: BANKNIFTY25NOV2557300CE | strike=57300 | option_type=CE | expiry=2025-11-25
2025-11-19 04:08:37 | DEBUG    | Found option contract: BANKNIFTY25NOV2557300PE | strike=57300 | option_type=PE | expiry=2025-11-25
2025-11-19 04:08:37 | DEBUG    | Found option contract: BANKNIFTY25NOV2555300PE | strike=55300 | option_type=PE | expiry=2025-11-25
2025-11-19 04:08:37 | DEBUG    | Found option contract: BANKNIFTY25NOV2557300CE | strike=57300 | option_type=CE | expiry=2025-11-25
2025-11-19 04:08:37 | DEBUG    | Found option contract: BANKNIFTY25NOV2557300PE | strike=57300 | option_type=PE | expiry=2025-11-25
2025-11-19 04:08:37 | DEBUG    | Found option contract: BANKNIFTY25NOV2555300PE | strike=55300 | option_type=PE | expiry=2025-11-25
2025-11-19 04:08:37 | DEBUG    | Found option contract: BANKNIFTY25NOV2557300CE | strike=57300 | option_type=CE | expiry=2025-11-25
2025-11-19 04:08:37 | DEBUG    | Found option contract: BANKNIFTY25NOV2557300PE | strike=57300 | option_type=PE | expiry=2025-11-25
2025-11-19 04:08:37 | DEBUG    | Found option contract: BANKNIFTY25NOV2555300PE | strike=55300 | option_type=PE | expiry=2025-11-25
2025-11-19 04:11:09 | INFO     | Refreshing option chain from Zerodha...
2025-11-19 04:11:09 | INFO     | Found 102 BankNifty option contracts
2025-11-19 04:11:09 | INFO     | Current expiry: 2025-11-25 | expiry_date=2025-11-25 | days_until_expiry=6
2025-11-19 04:11:09 | INFO     | Found 102 options for current expiry
2025-11-19 04:11:09 | INFO     | Option chain cached | total_contracts=102 | expiry=2025-11-25
2025-11-19 04:11:09 | INFO     | Refreshing option chain from Zerodha...
2025-11-19 04:11:09 | INFO     | Found 102 BankNifty option contracts
2025-11-19 04:11:09 | INFO     | Current expiry: 2025-11-25 | expiry_date=2025-11-25 | days_until_expiry=6
2025-11-19 04:11:09 | INFO     | Found 102 options for current expiry
2025-11-19 04:11:09 | INFO     | Option chain cached | total_contracts=102 | expiry=2025-11-25
2025-11-19 04:11:09 | DEBUG    | Found option contract: BANKNIFTY25NOV2557300CE | strike=57300 | option_type=CE | expiry=2025-11-25
2025-11-19 04:11:09 | DEBUG    | Found option contract: BANKNIFTY25NOV2557300PE | strike=57300 | option_type=PE | expiry=2025-11-25
2025-11-19 04:11:09 | DEBUG    | Found option contract: BANKNIFTY25NOV2555300PE | strike=55300 | option_type=PE | expiry=2025-11-25
2025-11-19 04:11:09 | INFO     | Refreshing option chain from Zerodha...
2025-11-19 04:11:09 | INFO     | Found 102 BankNifty option contracts
2025-11-19 04:11:09 | INFO     | Current expiry: 2025-11-25 | expiry_date=2025-11-25 | days_until_expiry=6
2025-11-19 04:11:09 | INFO     | Found 102 options for current expiry
2025-11-19 04:11:09 | INFO     | Option chain cached | total_contracts=102 | expiry=2025-11-25
2025-11-19 04:11:09 | DEBUG    | Found option contract: BANKNIFTY25NOV2557300CE | strike=57300 | option_type=CE | expiry=2025-11-25
2025-11-19 04:11:09 | DEBUG    | Found option contract: BANKNIFTY25NOV2557300PE | strike=57300 | option_type=PE | expiry=2025-11-25
2025-11-19 04:11:09 | DEBUG    | Found option contract: BANKNIFTY25NOV2555300PE | strike=55300 | option_type=PE | expiry=2025-11-25
2025-11-19 04:11:09 | INFO     | Refreshing option chain from Zerodha...
2025-11-19 04:11:09 | INFO     | Found 102 BankNifty option contracts
2025-11-19 04:11:09 | INFO     | Current expiry: 2025-11-25 | expiry_date=2025-11-25 | days_until_expiry=6
2025-11-19 04:11:09 | INFO     | Found 102 options for current expiry
2025-11-19 04:11:09 | INFO     | Option chain cached | total_contracts=102 | expiry=2025-11-25
2025-11-19 04:11:09 | DEBUG    | Found option contract: BANKNIFTY25NOV2557300CE | strike=57300 | option_type=CE | expiry=2025-11-25
2025-11-19 04:11:09 | DEBUG    | Found option contract: BANKNIFTY25NOV2557300PE | strike=57300 | option_type=PE | expiry=2025-11-25
2025-11-19 04:11:09 | DEBUG    | Found option contract: BANKNIFTY25NOV2555300PE | strike=55300 | option_type=PE | expiry=2025-11-25
2025-11-19 04:11:09 | INFO     | Refreshing option chain from Zerodha...
2025-11-19 04:11:09 | INFO     | Found 102 BankNifty option contracts
2025-11-19 04:11:09 | INFO     | Current expiry: 2025-11-25 | expiry_date=2025-11-25 | days_until_expiry=6
2025-11-19 04:11:09 | INFO     | Found 102 options for current expiry
2025-11-19 04:11:09 | INFO     | Option chain cached | total_contracts=102 | expiry=2025-11-25
2025-11-19 04:11:09 | DEBUG    | Found option contract: BANKNIFTY25NOV2557300CE | strike=57300 | option_type=CE | expiry=2025-11-25
2025-11-19 04:11:09 | DEBUG    | Found option contract: BANKNIFTY25NOV2557300PE | strike=57300 | option_type=PE | expiry=2025-11-25
2025-11-19 04:11:09 | DEBUG    | Found option contract: BANKNIFTY25NOV2555300PE | strike=55300 | option_type=PE | expiry=2025-11-25
2025-11-19 04:11:09 | INFO     | Refreshing option chain from Zerodha...
2025-11-19 04:11:09 | INFO     | Found 102 BankNifty option contracts
2025-11-19 04:11:09 | INFO     | Current expiry: 2025-11-25 | expiry_date=2025-11-25 | days_until_expiry=6
2025-11-19 04:11:09 | INFO     | Found 102 options for current expiry
2025-11-19 04:11:09 | INFO     | Option chain cached | total_contracts=102 | expiry=2025-11-25
2025-11-19 04:11:09 | DEBUG    | Found option contract: BANKNIFTY25NOV2557300CE | strike=57300 | option_type=CE | expiry=2025-11-25
2025-11-19 04:11:09 | DEBUG    | Found option contract: BANKNIFTY25NOV2557300PE | strike=57300 | option_type=PE | expiry=2025-11-25
2025-11-19 04:11:09 | DEBUG    | Found option contract: BANKNIFTY25NOV2555300PE | strike=55300 | option_type=PE | expiry=2025-11-25
2025-11-19 04:11:09 | DEBUG    | Found option contract: BANKNIFTY25NOV2557300CE | strike=57300 | option_type=CE | expiry=2025-11-25
2025-11-19 04:11:09 | DEBUG    | Found option contract: BANKNIFTY25NOV2557300PE | strike=57300 | option_type=PE | expiry=2025-11-25
2025-11-19 04:11:09 | DEBUG    | Found option contract: BANKNIFTY25NOV2555300PE | strike=55300 | option_type=PE | expiry=2025-11-25
2025-11-19 04:11:09 | DEBUG    | Found option contract: BANKNIFTY25NOV2557300CE | strike=57300 | option_type=CE | expiry=2025-11-25
2025-11-19 04:11:09 | DEBUG    | Found option contract: BANKNIFTY25NOV2557300PE | strike=57300 | option_type=PE | expiry=2025-11-25
2025-11-19 04:11:09 | DEBUG    | Found option contract: BANKNIFTY25NOV2555300PE | strike=55300 | option_type=PE | expiry=2025-11-25
2025-11-19 04:11:09 | DEBUG    | Found option contract: BANKNIFTY25NOV2557300CE | strike=57300 | option_type=CE | expiry=2025-11-25
2025-11-19 04:11:09 | DEBUG    | Found option contract: BANKNIFTY25NOV2557300PE | strike=57300 | option_type=PE | expiry=2025-11-25
2025-11-19 04:11:09 | DEBUG    | Found option contract: BANKNIFTY25NOV2555300PE | strike=55300 | option_type=PE | expiry=2025-11-25
2025-11-19 04:14:20 | INFO     | Refreshing option chain from Zerodha...
2025-11-19 04:14:20 | INFO     | Found 102 BankNifty option contracts
2025-11-19 04:14:20 | INFO     | Current expiry: 2025-11-25 | expiry_date=2025-11-25 | days_until_expiry=6
2025-11-19 04:14:20 | INFO     | Found 102 options for current expiry
2025-11-19 04:14:20 | INFO     | Option chain cached | total_contracts=102 | expiry=2025-11-25
2025-11-19 04:14:21 | INFO     | Refreshing option chain from Zerodha...
2025-11-19 04:14:21 | ERROR    | Error refreshing option chain: 'MockKiteForOrders' object has no attribute 'instruments'
Traceback (most recent call last):
  File "/Users/rohan/Downloads/Vridhi_Capital_Trading_System/src/trading_system/oms/option_chain_manager.py", line 67, in refresh_option_chain
    instruments = self.kite.instruments("NFO")
AttributeError: 'MockKiteForOrders' object has no attribute 'instruments'
2025-11-19 04:14:21 | INFO     | Refreshing option chain from Zerodha...
2025-11-19 04:14:21 | INFO     | Found 102 BankNifty option contracts
2025-11-19 04:14:21 | INFO     | Current expiry: 2025-11-25 | expiry_date=2025-11-25 | days_until_expiry=6
2025-11-19 04:14:21 | INFO     | Found 102 options for current expiry
2025-11-19 04:14:21 | INFO     | Option chain cached | total_contracts=102 | expiry=2025-11-25
2025-11-19 04:14:21 | INFO     | Refreshing option chain from Zerodha...
2025-11-19 04:14:21 | ERROR    | Error refreshing option chain: 'MockKiteForOrders' object has no attribute 'instruments'
Traceback (most recent call last):
  File "/Users/rohan/Downloads/Vridhi_Capital_Trading_System/src/trading_system/oms/option_chain_manager.py", line 67, in refresh_option_chain
    instruments = self.kite.instruments("NFO")
AttributeError: 'MockKiteForOrders' object has no attribute 'instruments'
2025-11-19 04:14:21 | WARNING  | No expiry available, refreshing option chain...
2025-11-19 04:14:21 | INFO     | Refreshing option chain from Zerodha...
2025-11-19 04:14:21 | ERROR    | Error refreshing option chain: 'MockKiteForOrders' object has no attribute 'instruments'
Traceback (most recent call last):
  File "/Users/rohan/Downloads/Vridhi_Capital_Trading_System/src/trading_system/oms/option_chain_manager.py", line 67, in refresh_option_chain
    instruments = self.kite.instruments("NFO")
AttributeError: 'MockKiteForOrders' object has no attribute 'instruments'
2025-11-19 04:14:21 | INFO     | Refreshing option chain from Zerodha...
2025-11-19 04:14:21 | ERROR    | Error refreshing option chain: 'MockKiteForOrders' object has no attribute 'instruments'
Traceback (most recent call last):
  File "/Users/rohan/Downloads/Vridhi_Capital_Trading_System/src/trading_system/oms/option_chain_manager.py", line 67, in refresh_option_chain
    instruments = self.kite.instruments("NFO")
AttributeError: 'MockKiteForOrders' object has no attribute 'instruments'
2025-11-19 04:14:21 | WARNING  | No expiry available, refreshing option chain...
2025-11-19 04:14:21 | INFO     | Refreshing option chain from Zerodha...
2025-11-19 04:14:21 | ERROR    | Error refreshing option chain: 'MockKiteForOrders' object has no attribute 'instruments'
Traceback (most recent call last):
  File "/Users/rohan/Downloads/Vridhi_Capital_Trading_System/src/trading_system/oms/option_chain_manager.py", line 67, in refresh_option_chain
    instruments = self.kite.instruments("NFO")
AttributeError: 'MockKiteForOrders' object has no attribute 'instruments'
2025-11-19 04:14:21 | INFO     | Refreshing option chain from Zerodha...
2025-11-19 04:14:21 | ERROR    | Error refreshing option chain: 'MockKiteForOrders' object has no attribute 'instruments'
Traceback (most recent call last):
  File "/Users/rohan/Downloads/Vridhi_Capital_Trading_System/src/trading_system/oms/option_chain_manager.py", line 67, in refresh_option_chain
    instruments = self.kite.instruments("NFO")
AttributeError: 'MockKiteForOrders' object has no attribute 'instruments'
2025-11-19 04:14:25 | WARNING  | No expiry available, refreshing option chain...
2025-11-19 04:14:25 | INFO     | Refreshing option chain from Zerodha...
2025-11-19 04:14:25 | ERROR    | Error refreshing option chain: 'MockKiteForOrders' object has no attribute 'instruments'
Traceback (most recent call last):
  File "/Users/rohan/Downloads/Vridhi_Capital_Trading_System/src/trading_system/oms/option_chain_manager.py", line 67, in refresh_option_chain
    instruments = self.kite.instruments("NFO")
AttributeError: 'MockKiteForOrders' object has no attribute 'instruments'
2025-11-19 04:14:25 | INFO     | Refreshing option chain from Zerodha...
2025-11-19 04:14:25 | ERROR    | Error refreshing option chain: 'MockKiteForOrders' object has no attribute 'instruments'
Traceback (most recent call last):
  File "/Users/rohan/Downloads/Vridhi_Capital_Trading_System/src/trading_system/oms/option_chain_manager.py", line 67, in refresh_option_chain
    instruments = self.kite.instruments("NFO")
AttributeError: 'MockKiteForOrders' object has no attribute 'instruments'
2025-11-19 04:14:27 | INFO     | Refreshing option chain from Zerodha...
2025-11-19 04:14:27 | INFO     | Found 102 BankNifty option contracts
2025-11-19 04:14:27 | INFO     | Current expiry: 2025-11-25 | expiry_date=2025-11-25 | days_until_expiry=6
2025-11-19 04:14:27 | INFO     | Found 102 options for current expiry
2025-11-19 04:14:27 | INFO     | Option chain cached | total_contracts=102 | expiry=2025-11-25
2025-11-19 04:14:27 | INFO     | Refreshing option chain from Zerodha...
2025-11-19 04:14:27 | ERROR    | Error refreshing option chain: 'MockKiteForOrders' object has no attribute 'instruments'
Traceback (most recent call last):
  File "/Users/rohan/Downloads/Vridhi_Capital_Trading_System/src/trading_system/oms/option_chain_manager.py", line 67, in refresh_option_chain
    instruments = self.kite.instruments("NFO")
AttributeError: 'MockKiteForOrders' object has no attribute 'instruments'
2025-11-19 04:14:27 | WARNING  | No expiry available, refreshing option chain...
2025-11-19 04:14:27 | INFO     | Refreshing option chain from Zerodha...
2025-11-19 04:14:27 | ERROR    | Error refreshing option chain: 'MockKiteForOrders' object has no attribute 'instruments'
Traceback (most recent call last):
  File "/Users/rohan/Downloads/Vridhi_Capital_Trading_System/src/trading_system/oms/option_chain_manager.py", line 67, in refresh_option_chain
    instruments = self.kite.instruments("NFO")
AttributeError: 'MockKiteForOrders' object has no attribute 'instruments'
2025-11-19 04:14:27 | INFO     | Refreshing option chain from Zerodha...
2025-11-19 04:14:27 | ERROR    | Error refreshing option chain: 'MockKiteForOrders' object has no attribute 'instruments'
Traceback (most recent call last):
  File "/Users/rohan/Downloads/Vridhi_Capital_Trading_System/src/trading_system/oms/option_chain_manager.py", line 67, in refresh_option_chain
    instruments = self.kite.instruments("NFO")
AttributeError: 'MockKiteForOrders' object has no attribute 'instruments'
2025-11-19 04:14:27 | WARNING  | No expiry available, refreshing option chain...
2025-11-19 04:14:27 | INFO     | Refreshing option chain from Zerodha...
2025-11-19 04:14:27 | ERROR    | Error refreshing option chain: 'MockKiteForOrders' object has no attribute 'instruments'
Traceback (most recent call last):
  File "/Users/rohan/Downloads/Vridhi_Capital_Trading_System/src/trading_system/oms/option_chain_manager.py", line 67, in refresh_option_chain
    instruments = self.kite.instruments("NFO")
AttributeError: 'MockKiteForOrders' object has no attribute 'instruments'
2025-11-19 04:14:27 | INFO     | Refreshing option chain from Zerodha...
2025-11-19 04:14:27 | ERROR    | Error refreshing option chain: 'MockKiteForOrders' object has no attribute 'instruments'
Traceback (most recent call last):
  File "/Users/rohan/Downloads/Vridhi_Capital_Trading_System/src/trading_system/oms/option_chain_manager.py", line 67, in refresh_option_chain
    instruments = self.kite.instruments("NFO")
AttributeError: 'MockKiteForOrders' object has no attribute 'instruments'
2025-11-19 04:14:31 | WARNING  | No expiry available, refreshing option chain...
2025-11-19 04:14:31 | INFO     | Refreshing option chain from Zerodha...
2025-11-19 04:14:31 | ERROR    | Error refreshing option chain: 'MockKiteForOrders' object has no attribute 'instruments'
Traceback (most recent call last):
  File "/Users/rohan/Downloads/Vridhi_Capital_Trading_System/src/trading_system/oms/option_chain_manager.py", line 67, in refresh_option_chain
    instruments = self.kite.instruments("NFO")
AttributeError: 'MockKiteForOrders' object has no attribute 'instruments'
2025-11-19 04:14:31 | INFO     | Refreshing option chain from Zerodha...
2025-11-19 04:14:31 | ERROR    | Error refreshing option chain: 'MockKiteForOrders' object has no attribute 'instruments'
Traceback (most recent call last):
  File "/Users/rohan/Downloads/Vridhi_Capital_Trading_System/src/trading_system/oms/option_chain_manager.py", line 67, in refresh_option_chain
    instruments = self.kite.instruments("NFO")
AttributeError: 'MockKiteForOrders' object has no attribute 'instruments'
2025-11-19 04:14:33 | INFO     | Refreshing option chain from Zerodha...
2025-11-19 04:14:33 | INFO     | Found 102 BankNifty option contracts
2025-11-19 04:14:33 | INFO     | Current expiry: 2025-11-25 | expiry_date=2025-11-25 | days_until_expiry=6
2025-11-19 04:14:33 | INFO     | Found 102 options for current expiry
2025-11-19 04:14:33 | INFO     | Option chain cached | total_contracts=102 | expiry=2025-11-25
2025-11-19 04:14:33 | INFO     | Refreshing option chain from Zerodha...
2025-11-19 04:14:33 | ERROR    | Error refreshing option chain: 'MockKiteForOrders' object has no attribute 'instruments'
Traceback (most recent call last):
  File "/Users/rohan/Downloads/Vridhi_Capital_Trading_System/src/trading_system/oms/option_chain_manager.py", line 67, in refresh_option_chain
    instruments = self.kite.instruments("NFO")
AttributeError: 'MockKiteForOrders' object has no attribute 'instruments'
2025-11-19 04:14:33 | WARNING  | No expiry available, refreshing option chain...
2025-11-19 04:14:33 | INFO     | Refreshing option chain from Zerodha...
2025-11-19 04:14:33 | ERROR    | Error refreshing option chain: 'MockKiteForOrders' object has no attribute 'instruments'
Traceback (most recent call last):
  File "/Users/rohan/Downloads/Vridhi_Capital_Trading_System/src/trading_system/oms/option_chain_manager.py", line 67, in refresh_option_chain
    instruments = self.kite.instruments("NFO")
AttributeError: 'MockKiteForOrders' object has no attribute 'instruments'
2025-11-19 04:14:33 | INFO     | Refreshing option chain from Zerodha...
2025-11-19 04:14:33 | ERROR    | Error refreshing option chain: 'MockKiteForOrders' object has no attribute 'instruments'
Traceback (most recent call last):
  File "/Users/rohan/Downloads/Vridhi_Capital_Trading_System/src/trading_system/oms/option_chain_manager.py", line 67, in refresh_option_chain
    instruments = self.kite.instruments("NFO")
AttributeError: 'MockKiteForOrders' object has no attribute 'instruments'
2025-11-19 04:14:33 | WARNING  | No expiry available, refreshing option chain...
2025-11-19 04:14:33 | INFO     | Refreshing option chain from Zerodha...
2025-11-19 04:14:33 | ERROR    | Error refreshing option chain: 'MockKiteForOrders' object has no attribute 'instruments'
Traceback (most recent call last):
  File "/Users/rohan/Downloads/Vridhi_Capital_Trading_System/src/trading_system/oms/option_chain_manager.py", line 67, in refresh_option_chain
    instruments = self.kite.instruments("NFO")
AttributeError: 'MockKiteForOrders' object has no attribute 'instruments'
2025-11-19 04:14:33 | INFO     | Refreshing option chain from Zerodha...
2025-11-19 04:14:33 | ERROR    | Error refreshing option chain: 'MockKiteForOrders' object has no attribute 'instruments'
Traceback (most recent call last):
  File "/Users/rohan/Downloads/Vridhi_Capital_Trading_System/src/trading_system/oms/option_chain_manager.py", line 67, in refresh_option_chain
    instruments = self.kite.instruments("NFO")
AttributeError: 'MockKiteForOrders' object has no attribute 'instruments'
2025-11-19 04:14:37 | WARNING  | No expiry available, refreshing option chain...
2025-11-19 04:14:37 | INFO     | Refreshing option chain from Zerodha...
2025-11-19 04:14:37 | ERROR    | Error refreshing option chain: 'MockKiteForOrders' object has no attribute 'instruments'
Traceback (most recent call last):
  File "/Users/rohan/Downloads/Vridhi_Capital_Trading_System/src/trading_system/oms/option_chain_manager.py", line 67, in refresh_option_chain
    instruments = self.kite.instruments("NFO")
AttributeError: 'MockKiteForOrders' object has no attribute 'instruments'
2025-11-19 04:14:37 | INFO     | Refreshing option chain from Zerodha...
2025-11-19 04:14:37 | ERROR    | Error refreshing option chain: 'MockKiteForOrders' object has no attribute 'instruments'
Traceback (most recent call last):
  File "/Users/rohan/Downloads/Vridhi_Capital_Trading_System/src/trading_system/oms/option_chain_manager.py", line 67, in refresh_option_chain
    instruments = self.kite.instruments("NFO")
AttributeError: 'MockKiteForOrders' object has no attribute 'instruments'
2025-11-19 04:14:39 | INFO     | Refreshing option chain from Zerodha...
2025-11-19 04:14:39 | INFO     | Found 102 BankNifty option contracts
2025-11-19 04:14:39 | INFO     | Current expiry: 2025-11-25 | expiry_date=2025-11-25 | days_until_expiry=6
2025-11-19 04:14:39 | INFO     | Found 102 options for current expiry
2025-11-19 04:14:39 | INFO     | Option chain cached | total_contracts=102 | expiry=2025-11-25
2025-11-19 04:14:39 | INFO     | Refreshing option chain from Zerodha...
2025-11-19 04:14:39 | ERROR    | Error refreshing option chain: 'MockKiteForOrders' object has no attribute 'instruments'
Traceback (most recent call last):
  File "/Users/rohan/Downloads/Vridhi_Capital_Trading_System/src/trading_system/oms/option_chain_manager.py", line 67, in refresh_option_chain
    instruments = self.kite.instruments("NFO")
AttributeError: 'MockKiteForOrders' object has no attribute 'instruments'
2025-11-19 04:14:39 | WARNING  | No expiry available, refreshing option chain...
2025-11-19 04:14:39 | INFO     | Refreshing option chain from Zerodha...
2025-11-19 04:14:39 | ERROR    | Error refreshing option chain: 'MockKiteForOrders' object has no attribute 'instruments'
Traceback (most recent call last):
  File "/Users/rohan/Downloads/Vridhi_Capital_Trading_System/src/trading_system/oms/option_chain_manager.py", line 67, in refresh_option_chain
    instruments = self.kite.instruments("NFO")
AttributeError: 'MockKiteForOrders' object has no attribute 'instruments'
2025-11-19 04:14:39 | INFO     | Refreshing option chain from Zerodha...
2025-11-19 04:14:39 | ERROR    | Error refreshing option chain: 'MockKiteForOrders' object has no attribute 'instruments'
Traceback (most recent call last):
  File "/Users/rohan/Downloads/Vridhi_Capital_Trading_System/src/trading_system/oms/option_chain_manager.py", line 67, in refresh_option_chain
    instruments = self.kite.instruments("NFO")
AttributeError: 'MockKiteForOrders' object has no attribute 'instruments'
2025-11-19 04:14:39 | WARNING  | No expiry available, refreshing option chain...
2025-11-19 04:14:39 | INFO     | Refreshing option chain from Zerodha...
2025-11-19 04:14:39 | ERROR    | Error refreshing option chain: 'MockKiteForOrders' object has no attribute 'instruments'
Traceback (most recent call last):
  File "/Users/rohan/Downloads/Vridhi_Capital_Trading_System/src/trading_system/oms/option_chain_manager.py", line 67, in refresh_option_chain
    instruments = self.kite.instruments("NFO")
AttributeError: 'MockKiteForOrders' object has no attribute 'instruments'
2025-11-19 04:14:39 | INFO     | Refreshing option chain from Zerodha...
2025-11-19 04:14:39 | ERROR    | Error refreshing option chain: 'MockKiteForOrders' object has no attribute 'instruments'
Traceback (most recent call last):
  File "/Users/rohan/Downloads/Vridhi_Capital_Trading_System/src/trading_system/oms/option_chain_manager.py", line 67, in refresh_option_chain
    instruments = self.kite.instruments("NFO")
AttributeError: 'MockKiteForOrders' object has no attribute 'instruments'
2025-11-19 04:14:43 | WARNING  | No expiry available, refreshing option chain...
2025-11-19 04:14:43 | INFO     | Refreshing option chain from Zerodha...
2025-11-19 04:14:43 | ERROR    | Error refreshing option chain: 'MockKiteForOrders' object has no attribute 'instruments'
Traceback (most recent call last):
  File "/Users/rohan/Downloads/Vridhi_Capital_Trading_System/src/trading_system/oms/option_chain_manager.py", line 67, in refresh_option_chain
    instruments = self.kite.instruments("NFO")
AttributeError: 'MockKiteForOrders' object has no attribute 'instruments'
2025-11-19 04:14:43 | INFO     | Refreshing option chain from Zerodha...
2025-11-19 04:14:43 | ERROR    | Error refreshing option chain: 'MockKiteForOrders' object has no attribute 'instruments'
Traceback (most recent call last):
  File "/Users/rohan/Downloads/Vridhi_Capital_Trading_System/src/trading_system/oms/option_chain_manager.py", line 67, in refresh_option_chain
    instruments = self.kite.instruments("NFO")
AttributeError: 'MockKiteForOrders' object has no attribute 'instruments'
2025-11-19 04:14:45 | INFO     | Refreshing option chain from Zerodha...
2025-11-19 04:14:45 | INFO     | Found 102 BankNifty option contracts
2025-11-19 04:14:45 | INFO     | Current expiry: 2025-11-25 | expiry_date=2025-11-25 | days_until_expiry=6
2025-11-19 04:14:45 | INFO     | Found 102 options for current expiry
2025-11-19 04:14:45 | INFO     | Option chain cached | total_contracts=102 | expiry=2025-11-25
2025-11-19 04:14:45 | INFO     | Refreshing option chain from Zerodha...
2025-11-19 04:14:45 | ERROR    | Error refreshing option chain: 'MockKiteForOrders' object has no attribute 'instruments'
Traceback (most recent call last):
  File "/Users/rohan/Downloads/Vridhi_Capital_Trading_System/src/trading_system/oms/option_chain_manager.py", line 67, in refresh_option_chain
    instruments = self.kite.instruments("NFO")
AttributeError: 'MockKiteForOrders' object has no attribute 'instruments'
2025-11-19 04:14:45 | WARNING  | No expiry available, refreshing option chain...
2025-11-19 04:14:45 | INFO     | Refreshing option chain from Zerodha...
2025-11-19 04:14:45 | ERROR    | Error refreshing option chain: 'MockKiteForOrders' object has no attribute 'instruments'
Traceback (most recent call last):
  File "/Users/rohan/Downloads/Vridhi_Capital_Trading_System/src/trading_system/oms/option_chain_manager.py", line 67, in refresh_option_chain
    instruments = self.kite.instruments("NFO")
AttributeError: 'MockKiteForOrders' object has no attribute 'instruments'
2025-11-19 04:14:45 | INFO     | Refreshing option chain from Zerodha...
2025-11-19 04:14:45 | ERROR    | Error refreshing option chain: 'MockKiteForOrders' object has no attribute 'instruments'
Traceback (most recent call last):
  File "/Users/rohan/Downloads/Vridhi_Capital_Trading_System/src/trading_system/oms/option_chain_manager.py", line 67, in refresh_option_chain
    instruments = self.kite.instruments("NFO")
AttributeError: 'MockKiteForOrders' object has no attribute 'instruments'
2025-11-19 04:14:45 | WARNING  | No expiry available, refreshing option chain...
2025-11-19 04:14:45 | INFO     | Refreshing option chain from Zerodha...
2025-11-19 04:14:45 | ERROR    | Error refreshing option chain: 'MockKiteForOrders' object has no attribute 'instruments'
Traceback (most recent call last):
  File "/Users/rohan/Downloads/Vridhi_Capital_Trading_System/src/trading_system/oms/option_chain_manager.py", line 67, in refresh_option_chain
    instruments = self.kite.instruments("NFO")
AttributeError: 'MockKiteForOrders' object has no attribute 'instruments'
2025-11-19 04:14:45 | INFO     | Refreshing option chain from Zerodha...
2025-11-19 04:14:45 | ERROR    | Error refreshing option chain: 'MockKiteForOrders' object has no attribute 'instruments'
Traceback (most recent call last):
  File "/Users/rohan/Downloads/Vridhi_Capital_Trading_System/src/trading_system/oms/option_chain_manager.py", line 67, in refresh_option_chain
    instruments = self.kite.instruments("NFO")
AttributeError: 'MockKiteForOrders' object has no attribute 'instruments'
2025-11-19 04:14:49 | WARNING  | No expiry available, refreshing option chain...
2025-11-19 04:14:49 | INFO     | Refreshing option chain from Zerodha...
2025-11-19 04:14:49 | ERROR    | Error refreshing option chain: 'MockKiteForOrders' object has no attribute 'instruments'
Traceback (most recent call last):
  File "/Users/rohan/Downloads/Vridhi_Capital_Trading_System/src/trading_system/oms/option_chain_manager.py", line 67, in refresh_option_chain
    instruments = self.kite.instruments("NFO")
AttributeError: 'MockKiteForOrders' object has no attribute 'instruments'
2025-11-19 04:14:49 | INFO     | Refreshing option chain from Zerodha...
2025-11-19 04:14:49 | ERROR    | Error refreshing option chain: 'MockKiteForOrders' object has no attribute 'instruments'
Traceback (most recent call last):
  File "/Users/rohan/Downloads/Vridhi_Capital_Trading_System/src/trading_system/oms/option_chain_manager.py", line 67, in refresh_option_chain
    instruments = self.kite.instruments("NFO")
AttributeError: 'MockKiteForOrders' object has no attribute 'instruments'
2025-11-19 04:14:51 | INFO     | Refreshing option chain from Zerodha...
2025-11-19 04:14:51 | INFO     | Found 102 BankNifty option contracts
2025-11-19 04:14:51 | INFO     | Current expiry: 2025-11-25 | expiry_date=2025-11-25 | days_until_expiry=6
2025-11-19 04:14:51 | INFO     | Found 102 options for current expiry
2025-11-19 04:14:51 | INFO     | Option chain cached | total_contracts=102 | expiry=2025-11-25
2025-11-19 04:14:51 | INFO     | Refreshing option chain from Zerodha...
2025-11-19 04:14:51 | ERROR    | Error refreshing option chain: 'MockKiteForOrders' object has no attribute 'instruments'
Traceback (most recent call last):
  File "/Users/rohan/Downloads/Vridhi_Capital_Trading_System/src/trading_system/oms/option_chain_manager.py", line 67, in refresh_option_chain
    instruments = self.kite.instruments("NFO")
AttributeError: 'MockKiteForOrders' object has no attribute 'instruments'
2025-11-19 04:14:51 | WARNING  | No expiry available, refreshing option chain...
2025-11-19 04:14:51 | INFO     | Refreshing option chain from Zerodha...
2025-11-19 04:14:51 | ERROR    | Error refreshing option chain: 'MockKiteForOrders' object has no attribute 'instruments'
Traceback (most recent call last):
  File "/Users/rohan/Downloads/Vridhi_Capital_Trading_System/src/trading_system/oms/option_chain_manager.py", line 67, in refresh_option_chain
    instruments = self.kite.instruments("NFO")
AttributeError: 'MockKiteForOrders' object has no attribute 'instruments'
2025-11-19 04:14:51 | INFO     | Refreshing option chain from Zerodha...
2025-11-19 04:14:51 | ERROR    | Error refreshing option chain: 'MockKiteForOrders' object has no attribute 'instruments'
Traceback (most recent call last):
  File "/Users/rohan/Downloads/Vridhi_Capital_Trading_System/src/trading_system/oms/option_chain_manager.py", line 67, in refresh_option_chain
    instruments = self.kite.instruments("NFO")
AttributeError: 'MockKiteForOrders' object has no attribute 'instruments'
2025-11-19 04:14:51 | WARNING  | No expiry available, refreshing option chain...
2025-11-19 04:14:51 | INFO     | Refreshing option chain from Zerodha...
2025-11-19 04:14:51 | ERROR    | Error refreshing option chain: 'MockKiteForOrders' object has no attribute 'instruments'
Traceback (most recent call last):
  File "/Users/rohan/Downloads/Vridhi_Capital_Trading_System/src/trading_system/oms/option_chain_manager.py", line 67, in refresh_option_chain
    instruments = self.kite.instruments("NFO")
AttributeError: 'MockKiteForOrders' object has no attribute 'instruments'
2025-11-19 04:14:51 | INFO     | Refreshing option chain from Zerodha...
2025-11-19 04:14:51 | ERROR    | Error refreshing option chain: 'MockKiteForOrders' object has no attribute 'instruments'
Traceback (most recent call last):
  File "/Users/rohan/Downloads/Vridhi_Capital_Trading_System/src/trading_system/oms/option_chain_manager.py", line 67, in refresh_option_chain
    instruments = self.kite.instruments("NFO")
AttributeError: 'MockKiteForOrders' object has no attribute 'instruments'
2025-11-19 04:14:55 | WARNING  | No expiry available, refreshing option chain...
2025-11-19 04:14:55 | INFO     | Refreshing option chain from Zerodha...
2025-11-19 04:14:55 | ERROR    | Error refreshing option chain: 'MockKiteForOrders' object has no attribute 'instruments'
Traceback (most recent call last):
  File "/Users/rohan/Downloads/Vridhi_Capital_Trading_System/src/trading_system/oms/option_chain_manager.py", line 67, in refresh_option_chain
    instruments = self.kite.instruments("NFO")
AttributeError: 'MockKiteForOrders' object has no attribute 'instruments'
2025-11-19 04:14:55 | INFO     | Refreshing option chain from Zerodha...
2025-11-19 04:14:55 | ERROR    | Error refreshing option chain: 'MockKiteForOrders' object has no attribute 'instruments'
Traceback (most recent call last):
  File "/Users/rohan/Downloads/Vridhi_Capital_Trading_System/src/trading_system/oms/option_chain_manager.py", line 67, in refresh_option_chain
    instruments = self.kite.instruments("NFO")
AttributeError: 'MockKiteForOrders' object has no attribute 'instruments'
2025-11-19 04:14:57 | INFO     | Refreshing option chain from Zerodha...
2025-11-19 04:14:57 | INFO     | Found 102 BankNifty option contracts
2025-11-19 04:14:57 | INFO     | Current expiry: 2025-11-25 | expiry_date=2025-11-25 | days_until_expiry=6
2025-11-19 04:14:57 | INFO     | Found 102 options for current expiry
2025-11-19 04:14:57 | INFO     | Option chain cached | total_contracts=102 | expiry=2025-11-25
2025-11-19 04:14:57 | INFO     | Refreshing option chain from Zerodha...
2025-11-19 04:14:57 | ERROR    | Error refreshing option chain: 'MockKiteForOrders' object has no attribute 'instruments'
Traceback (most recent call last):
  File "/Users/rohan/Downloads/Vridhi_Capital_Trading_System/src/trading_system/oms/option_chain_manager.py", line 67, in refresh_option_chain
    instruments = self.kite.instruments("NFO")
AttributeError: 'MockKiteForOrders' object has no attribute 'instruments'
2025-11-19 04:14:57 | WARNING  | No expiry available, refreshing option chain...
2025-11-19 04:14:57 | INFO     | Refreshing option chain from Zerodha...
2025-11-19 04:14:57 | ERROR    | Error refreshing option chain: 'MockKiteForOrders' object has no attribute 'instruments'
Traceback (most recent call last):
  File "/Users/rohan/Downloads/Vridhi_Capital_Trading_System/src/trading_system/oms/option_chain_manager.py", line 67, in refresh_option_chain
    instruments = self.kite.instruments("NFO")
AttributeError: 'MockKiteForOrders' object has no attribute 'instruments'
2025-11-19 04:14:57 | INFO     | Refreshing option chain from Zerodha...
2025-11-19 04:14:57 | ERROR    | Error refreshing option chain: 'MockKiteForOrders' object has no attribute 'instruments'
Traceback (most recent call last):
  File "/Users/rohan/Downloads/Vridhi_Capital_Trading_System/src/trading_system/oms/option_chain_manager.py", line 67, in refresh_option_chain
    instruments = self.kite.instruments("NFO")
AttributeError: 'MockKiteForOrders' object has no attribute 'instruments'
2025-11-19 04:14:57 | WARNING  | No expiry available, refreshing option chain...
2025-11-19 04:14:57 | INFO     | Refreshing option chain from Zerodha...
2025-11-19 04:14:57 | ERROR    | Error refreshing option chain: 'MockKiteForOrders' object has no attribute 'instruments'
Traceback (most recent call last):
  File "/Users/rohan/Downloads/Vridhi_Capital_Trading_System/src/trading_system/oms/option_chain_manager.py", line 67, in refresh_option_chain
    instruments = self.kite.instruments("NFO")
AttributeError: 'MockKiteForOrders' object has no attribute 'instruments'
2025-11-19 04:14:57 | INFO     | Refreshing option chain from Zerodha...
2025-11-19 04:14:57 | ERROR    | Error refreshing option chain: 'MockKiteForOrders' object has no attribute 'instruments'
Traceback (most recent call last):
  File "/Users/rohan/Downloads/Vridhi_Capital_Trading_System/src/trading_system/oms/option_chain_manager.py", line 67, in refresh_option_chain
    instruments = self.kite.instruments("NFO")
AttributeError: 'MockKiteForOrders' object has no attribute 'instruments'
2025-11-19 04:15:01 | WARNING  | No expiry available, refreshing option chain...
2025-11-19 04:15:01 | INFO     | Refreshing option chain from Zerodha...
2025-11-19 04:15:01 | ERROR    | Error refreshing option chain: 'MockKiteForOrders' object has no attribute 'instruments'
Traceback (most recent call last):
  File "/Users/rohan/Downloads/Vridhi_Capital_Trading_System/src/trading_system/oms/option_chain_manager.py", line 67, in refresh_option_chain
    instruments = self.kite.instruments("NFO")
AttributeError: 'MockKiteForOrders' object has no attribute 'instruments'
2025-11-19 04:15:01 | INFO     | Refreshing option chain from Zerodha...
2025-11-19 04:15:01 | ERROR    | Error refreshing option chain: 'MockKiteForOrders' object has no attribute 'instruments'
Traceback (most recent call last):
  File "/Users/rohan/Downloads/Vridhi_Capital_Trading_System/src/trading_system/oms/option_chain_manager.py", line 67, in refresh_option_chain
    instruments = self.kite.instruments("NFO")
AttributeError: 'MockKiteForOrders' object has no attribute 'instruments'
2025-11-19 04:15:03 | INFO     | Refreshing option chain from Zerodha...
2025-11-19 04:15:03 | INFO     | Found 102 BankNifty option contracts
2025-11-19 04:15:03 | INFO     | Current expiry: 2025-11-25 | expiry_date=2025-11-25 | days_until_expiry=6
2025-11-19 04:15:03 | INFO     | Found 102 options for current expiry
2025-11-19 04:15:03 | INFO     | Option chain cached | total_contracts=102 | expiry=2025-11-25
2025-11-19 04:15:03 | INFO     | Refreshing option chain from Zerodha...
2025-11-19 04:15:03 | ERROR    | Error refreshing option chain: 'MockKiteForOrders' object has no attribute 'instruments'
Traceback (most recent call last):
  File "/Users/rohan/Downloads/Vridhi_Capital_Trading_System/src/trading_system/oms/option_chain_manager.py", line 67, in refresh_option_chain
    instruments = self.kite.instruments("NFO")
AttributeError: 'MockKiteForOrders' object has no attribute 'instruments'
2025-11-19 04:15:03 | WARNING  | No expiry available, refreshing option chain...
2025-11-19 04:15:03 | INFO     | Refreshing option chain from Zerodha...
2025-11-19 04:15:03 | ERROR    | Error refreshing option chain: 'MockKiteForOrders' object has no attribute 'instruments'
Traceback (most recent call last):
  File "/Users/rohan/Downloads/Vridhi_Capital_Trading_System/src/trading_system/oms/option_chain_manager.py", line 67, in refresh_option_chain
    instruments = self.kite.instruments("NFO")
AttributeError: 'MockKiteForOrders' object has no attribute 'instruments'
2025-11-19 04:15:03 | INFO     | Refreshing option chain from Zerodha...
2025-11-19 04:15:03 | ERROR    | Error refreshing option chain: 'MockKiteForOrders' object has no attribute 'instruments'
Traceback (most recent call last):
  File "/Users/rohan/Downloads/Vridhi_Capital_Trading_System/src/trading_system/oms/option_chain_manager.py", line 67, in refresh_option_chain
    instruments = self.kite.instruments("NFO")
AttributeError: 'MockKiteForOrders' object has no attribute 'instruments'
2025-11-19 04:15:03 | WARNING  | No expiry available, refreshing option chain...
2025-11-19 04:15:03 | INFO     | Refreshing option chain from Zerodha...
2025-11-19 04:15:03 | ERROR    | Error refreshing option chain: 'MockKiteForOrders' object has no attribute 'instruments'
Traceback (most recent call last):
  File "/Users/rohan/Downloads/Vridhi_Capital_Trading_System/src/trading_system/oms/option_chain_manager.py", line 67, in refresh_option_chain
    instruments = self.kite.instruments("NFO")
AttributeError: 'MockKiteForOrders' object has no attribute 'instruments'
2025-11-19 04:15:03 | INFO     | Refreshing option chain from Zerodha...
2025-11-19 04:15:03 | ERROR    | Error refreshing option chain: 'MockKiteForOrders' object has no attribute 'instruments'
Traceback (most recent call last):
  File "/Users/rohan/Downloads/Vridhi_Capital_Trading_System/src/trading_system/oms/option_chain_manager.py", line 67, in refresh_option_chain
    instruments = self.kite.instruments("NFO")
AttributeError: 'MockKiteForOrders' object has no attribute 'instruments'
2025-11-19 04:15:07 | WARNING  | No expiry available, refreshing option chain...
2025-11-19 04:15:07 | INFO     | Refreshing option chain from Zerodha...
2025-11-19 04:15:07 | ERROR    | Error refreshing option chain: 'MockKiteForOrders' object has no attribute 'instruments'
Traceback (most recent call last):
  File "/Users/rohan/Downloads/Vridhi_Capital_Trading_System/src/trading_system/oms/option_chain_manager.py", line 67, in refresh_option_chain
    instruments = self.kite.instruments("NFO")
AttributeError: 'MockKiteForOrders' object has no attribute 'instruments'
2025-11-19 04:15:07 | INFO     | Refreshing option chain from Zerodha...
2025-11-19 04:15:07 | ERROR    | Error refreshing option chain: 'MockKiteForOrders' object has no attribute 'instruments'
Traceback (most recent call last):
  File "/Users/rohan/Downloads/Vridhi_Capital_Trading_System/src/trading_system/oms/option_chain_manager.py", line 67, in refresh_option_chain
    instruments = self.kite.instruments("NFO")
AttributeError: 'MockKiteForOrders' object has no attribute 'instruments'
2025-11-19 04:15:09 | INFO     | Refreshing option chain from Zerodha...
2025-11-19 04:15:09 | INFO     | Found 102 BankNifty option contracts
2025-11-19 04:15:09 | INFO     | Current expiry: 2025-11-25 | expiry_date=2025-11-25 | days_until_expiry=6
2025-11-19 04:15:09 | INFO     | Found 102 options for current expiry
2025-11-19 04:15:09 | INFO     | Option chain cached | total_contracts=102 | expiry=2025-11-25
2025-11-19 04:15:09 | INFO     | Refreshing option chain from Zerodha...
2025-11-19 04:15:09 | ERROR    | Error refreshing option chain: 'MockKiteForOrders' object has no attribute 'instruments'
Traceback (most recent call last):
  File "/Users/rohan/Downloads/Vridhi_Capital_Trading_System/src/trading_system/oms/option_chain_manager.py", line 67, in refresh_option_chain
    instruments = self.kite.instruments("NFO")
AttributeError: 'MockKiteForOrders' object has no attribute 'instruments'
2025-11-19 04:15:09 | INFO     | Refreshing option chain from Zerodha...
2025-11-19 04:15:09 | INFO     | Found 102 BankNifty option contracts
2025-11-19 04:15:09 | INFO     | Current expiry: 2025-11-25 | expiry_date=2025-11-25 | days_until_expiry=6
2025-11-19 04:15:09 | INFO     | Found 102 options for current expiry
2025-11-19 04:15:09 | INFO     | Option chain cached | total_contracts=102 | expiry=2025-11-25
2025-11-19 04:15:09 | INFO     | Refreshing option chain from Zerodha...
2025-11-19 04:15:09 | ERROR    | Error refreshing option chain: 'MockKiteForOrders' object has no attribute 'instruments'
Traceback (most recent call last):
  File "/Users/rohan/Downloads/Vridhi_Capital_Trading_System/src/trading_system/oms/option_chain_manager.py", line 67, in refresh_option_chain
    instruments = self.kite.instruments("NFO")
AttributeError: 'MockKiteForOrders' object has no attribute 'instruments'
2025-11-19 04:18:11 | INFO     | Refreshing option chain from Zerodha...
2025-11-19 04:18:11 | INFO     | Found 102 BankNifty option contracts
2025-11-19 04:18:11 | INFO     | Current expiry: 2025-11-25 | expiry_date=2025-11-25 | days_until_expiry=6
2025-11-19 04:18:11 | INFO     | Found 102 options for current expiry
2025-11-19 04:18:11 | INFO     | Option chain cached | total_contracts=102 | expiry=2025-11-25
2025-11-19 04:18:11 | INFO     | Refreshing option chain from Zerodha...
2025-11-19 04:18:11 | INFO     | Found 102 BankNifty option contracts
2025-11-19 04:18:11 | INFO     | Current expiry: 2025-11-25 | expiry_date=2025-11-25 | days_until_expiry=6
2025-11-19 04:18:11 | INFO     | Found 102 options for current expiry
2025-11-19 04:18:11 | INFO     | Option chain cached | total_contracts=102 | expiry=2025-11-25
2025-11-19 04:18:11 | DEBUG    | Found option contract: BANKNIFTY25NOV2557300CE | strike=57300 | option_type=CE | expiry=2025-11-25
2025-11-19 04:18:11 | DEBUG    | Found option contract: BANKNIFTY25NOV2555300PE | strike=55300 | option_type=PE | expiry=2025-11-25
2025-11-19 04:18:15 | DEBUG    | Found option contract: BANKNIFTY25NOV2557300PE | strike=57300 | option_type=PE | expiry=2025-11-25
2025-11-19 04:18:17 | INFO     | Refreshing option chain from Zerodha...
2025-11-19 04:18:17 | INFO     | Found 102 BankNifty option contracts
2025-11-19 04:18:17 | INFO     | Current expiry: 2025-11-25 | expiry_date=2025-11-25 | days_until_expiry=6
2025-11-19 04:18:17 | INFO     | Found 102 options for current expiry
2025-11-19 04:18:17 | INFO     | Option chain cached | total_contracts=102 | expiry=2025-11-25
2025-11-19 04:18:17 | DEBUG    | Found option contract: BANKNIFTY25NOV2557300PE | strike=57300 | option_type=PE | expiry=2025-11-25
2025-11-19 04:18:17 | DEBUG    | Found option contract: BANKNIFTY25NOV2559300CE | strike=59300 | option_type=CE | expiry=2025-11-25
2025-11-19 04:18:21 | DEBUG    | Found option contract: BANKNIFTY25NOV2557300CE | strike=57300 | option_type=CE | expiry=2025-11-25
2025-11-19 04:18:23 | INFO     | Refreshing option chain from Zerodha...
2025-11-19 04:18:23 | INFO     | Found 102 BankNifty option contracts
2025-11-19 04:18:23 | INFO     | Current expiry: 2025-11-25 | expiry_date=2025-11-25 | days_until_expiry=6
2025-11-19 04:18:23 | INFO     | Found 102 options for current expiry
2025-11-19 04:18:23 | INFO     | Option chain cached | total_contracts=102 | expiry=2025-11-25
2025-11-19 04:18:23 | DEBUG    | Found option contract: BANKNIFTY25NOV2557300CE | strike=57300 | option_type=CE | expiry=2025-11-25
2025-11-19 04:18:23 | DEBUG    | Found option contract: BANKNIFTY25NOV2555300PE | strike=55300 | option_type=PE | expiry=2025-11-25
2025-11-19 04:18:27 | DEBUG    | Found option contract: BANKNIFTY25NOV2557300PE | strike=57300 | option_type=PE | expiry=2025-11-25
2025-11-19 04:18:29 | INFO     | Refreshing option chain from Zerodha...
2025-11-19 04:18:29 | INFO     | Found 102 BankNifty option contracts
2025-11-19 04:18:29 | INFO     | Current expiry: 2025-11-25 | expiry_date=2025-11-25 | days_until_expiry=6
2025-11-19 04:18:29 | INFO     | Found 102 options for current expiry
2025-11-19 04:18:29 | INFO     | Option chain cached | total_contracts=102 | expiry=2025-11-25
2025-11-19 04:18:29 | DEBUG    | Found option contract: BANKNIFTY25NOV2557300CE | strike=57300 | option_type=CE | expiry=2025-11-25
2025-11-19 04:18:29 | DEBUG    | Found option contract: BANKNIFTY25NOV2555300PE | strike=55300 | option_type=PE | expiry=2025-11-25
2025-11-19 04:18:33 | DEBUG    | Found option contract: BANKNIFTY25NOV2557300PE | strike=57300 | option_type=PE | expiry=2025-11-25
2025-11-19 04:18:35 | INFO     | Refreshing option chain from Zerodha...
2025-11-19 04:18:35 | INFO     | Found 102 BankNifty option contracts
2025-11-19 04:18:35 | INFO     | Current expiry: 2025-11-25 | expiry_date=2025-11-25 | days_until_expiry=6
2025-11-19 04:18:35 | INFO     | Found 102 options for current expiry
2025-11-19 04:18:35 | INFO     | Option chain cached | total_contracts=102 | expiry=2025-11-25
2025-11-19 04:18:35 | DEBUG    | Found option contract: BANKNIFTY25NOV2557300CE | strike=57300 | option_type=CE | expiry=2025-11-25
2025-11-19 04:18:35 | DEBUG    | Found option contract: BANKNIFTY25NOV2555300PE | strike=55300 | option_type=PE | expiry=2025-11-25
2025-11-19 04:18:39 | DEBUG    | Found option contract: BANKNIFTY25NOV2557300PE | strike=57300 | option_type=PE | expiry=2025-11-25
2025-11-19 04:18:41 | INFO     | Refreshing option chain from Zerodha...
2025-11-19 04:18:41 | INFO     | Found 102 BankNifty option contracts
2025-11-19 04:18:41 | INFO     | Current expiry: 2025-11-25 | expiry_date=2025-11-25 | days_until_expiry=6
2025-11-19 04:18:41 | INFO     | Found 102 options for current expiry
2025-11-19 04:18:41 | INFO     | Option chain cached | total_contracts=102 | expiry=2025-11-25
2025-11-19 04:18:41 | DEBUG    | Found option contract: BANKNIFTY25NOV2557300CE | strike=57300 | option_type=CE | expiry=2025-11-25
2025-11-19 04:18:41 | DEBUG    | Found option contract: BANKNIFTY25NOV2555300PE | strike=55300 | option_type=PE | expiry=2025-11-25
2025-11-19 04:18:45 | DEBUG    | Found option contract: BANKNIFTY25NOV2557300PE | strike=57300 | option_type=PE | expiry=2025-11-25
2025-11-19 04:18:47 | INFO     | Refreshing option chain from Zerodha...
2025-11-19 04:18:47 | INFO     | Found 102 BankNifty option contracts
2025-11-19 04:18:47 | INFO     | Current expiry: 2025-11-25 | expiry_date=2025-11-25 | days_until_expiry=6
2025-11-19 04:18:47 | INFO     | Found 102 options for current expiry
2025-11-19 04:18:47 | INFO     | Option chain cached | total_contracts=102 | expiry=2025-11-25
2025-11-19 04:18:47 | DEBUG    | Found option contract: BANKNIFTY25NOV2557300CE | strike=57300 | option_type=CE | expiry=2025-11-25
2025-11-19 04:18:47 | DEBUG    | Found option contract: BANKNIFTY25NOV2555300PE | strike=55300 | option_type=PE | expiry=2025-11-25
2025-11-19 04:18:51 | DEBUG    | Found option contract: BANKNIFTY25NOV2557300PE | strike=57300 | option_type=PE | expiry=2025-11-25
2025-11-19 04:18:53 | INFO     | Refreshing option chain from Zerodha...
2025-11-19 04:18:53 | INFO     | Found 102 BankNifty option contracts
2025-11-19 04:18:53 | INFO     | Current expiry: 2025-11-25 | expiry_date=2025-11-25 | days_until_expiry=6
2025-11-19 04:18:53 | INFO     | Found 102 options for current expiry
2025-11-19 04:18:53 | INFO     | Option chain cached | total_contracts=102 | expiry=2025-11-25
2025-11-19 04:18:53 | DEBUG    | Found option contract: BANKNIFTY25NOV2557300CE | strike=57300 | option_type=CE | expiry=2025-11-25
2025-11-19 04:18:53 | DEBUG    | Found option contract: BANKNIFTY25NOV2555300PE | strike=55300 | option_type=PE | expiry=2025-11-25
2025-11-19 04:18:57 | DEBUG    | Found option contract: BANKNIFTY25NOV2557300PE | strike=57300 | option_type=PE | expiry=2025-11-25
2025-11-19 04:18:59 | INFO     | Refreshing option chain from Zerodha...
2025-11-19 04:18:59 | INFO     | Found 102 BankNifty option contracts
2025-11-19 04:18:59 | INFO     | Current expiry: 2025-11-25 | expiry_date=2025-11-25 | days_until_expiry=6
2025-11-19 04:18:59 | INFO     | Found 102 options for current expiry
2025-11-19 04:18:59 | INFO     | Option chain cached | total_contracts=102 | expiry=2025-11-25
2025-11-19 04:18:59 | INFO     | Refreshing option chain from Zerodha...
2025-11-19 04:18:59 | INFO     | Found 102 BankNifty option contracts
2025-11-19 04:18:59 | INFO     | Current expiry: 2025-11-25 | expiry_date=2025-11-25 | days_until_expiry=6
2025-11-19 04:18:59 | INFO     | Found 102 options for current expiry
2025-11-19 04:18:59 | INFO     | Option chain cached | total_contracts=102 | expiry=2025-11-25
2025-11-19 04:21:33 | INFO     | Refreshing option chain from Zerodha...
2025-11-19 04:21:33 | INFO     | Found 102 BankNifty option contracts
2025-11-19 04:21:33 | INFO     | Current expiry: 2025-11-25 | expiry_date=2025-11-25 | days_until_expiry=6
2025-11-19 04:21:33 | INFO     | Found 102 options for current expiry
2025-11-19 04:21:33 | INFO     | Option chain cached | total_contracts=102 | expiry=2025-11-25
2025-11-19 04:21:33 | INFO     | Refreshing option chain from Zerodha...
2025-11-19 04:21:33 | INFO     | Found 102 BankNifty option contracts
2025-11-19 04:21:33 | INFO     | Current expiry: 2025-11-25 | expiry_date=2025-11-25 | days_until_expiry=6
2025-11-19 04:21:33 | INFO     | Found 102 options for current expiry
2025-11-19 04:21:33 | INFO     | Option chain cached | total_contracts=102 | expiry=2025-11-25
2025-11-19 04:21:33 | DEBUG    | Found option contract: BANKNIFTY25NOV2557300CE | strike=57300 | option_type=CE | expiry=2025-11-25
2025-11-19 04:21:33 | DEBUG    | Found option contract: BANKNIFTY25NOV2555300PE | strike=55300 | option_type=PE | expiry=2025-11-25
2025-11-19 04:21:37 | DEBUG    | Found option contract: BANKNIFTY25NOV2557300PE | strike=57300 | option_type=PE | expiry=2025-11-25
2025-11-19 04:21:39 | INFO     | Refreshing option chain from Zerodha...
2025-11-19 04:21:39 | INFO     | Found 102 BankNifty option contracts
2025-11-19 04:21:39 | INFO     | Current expiry: 2025-11-25 | expiry_date=2025-11-25 | days_until_expiry=6
2025-11-19 04:21:39 | INFO     | Found 102 options for current expiry
2025-11-19 04:21:39 | INFO     | Option chain cached | total_contracts=102 | expiry=2025-11-25
2025-11-19 04:21:39 | DEBUG    | Found option contract: BANKNIFTY25NOV2557300PE | strike=57300 | option_type=PE | expiry=2025-11-25
2025-11-19 04:21:39 | DEBUG    | Found option contract: BANKNIFTY25NOV2559300CE | strike=59300 | option_type=CE | expiry=2025-11-25
2025-11-19 04:21:43 | DEBUG    | Found option contract: BANKNIFTY25NOV2557300CE | strike=57300 | option_type=CE | expiry=2025-11-25
2025-11-19 04:21:45 | INFO     | Refreshing option chain from Zerodha...
2025-11-19 04:21:45 | INFO     | Found 102 BankNifty option contracts
2025-11-19 04:21:45 | INFO     | Current expiry: 2025-11-25 | expiry_date=2025-11-25 | days_until_expiry=6
2025-11-19 04:21:45 | INFO     | Found 102 options for current expiry
2025-11-19 04:21:45 | INFO     | Option chain cached | total_contracts=102 | expiry=2025-11-25
2025-11-19 04:21:45 | DEBUG    | Found option contract: BANKNIFTY25NOV2557300CE | strike=57300 | option_type=CE | expiry=2025-11-25
2025-11-19 04:21:45 | DEBUG    | Found option contract: BANKNIFTY25NOV2555300PE | strike=55300 | option_type=PE | expiry=2025-11-25
2025-11-19 04:21:49 | DEBUG    | Found option contract: BANKNIFTY25NOV2557300PE | strike=57300 | option_type=PE | expiry=2025-11-25
2025-11-19 04:21:51 | INFO     | Refreshing option chain from Zerodha...
2025-11-19 04:21:51 | INFO     | Found 102 BankNifty option contracts
2025-11-19 04:21:51 | INFO     | Current expiry: 2025-11-25 | expiry_date=2025-11-25 | days_until_expiry=6
2025-11-19 04:21:51 | INFO     | Found 102 options for current expiry
2025-11-19 04:21:51 | INFO     | Option chain cached | total_contracts=102 | expiry=2025-11-25
2025-11-19 04:21:51 | DEBUG    | Found option contract: BANKNIFTY25NOV2557300CE | strike=57300 | option_type=CE | expiry=2025-11-25
2025-11-19 04:21:51 | DEBUG    | Found option contract: BANKNIFTY25NOV2555300PE | strike=55300 | option_type=PE | expiry=2025-11-25
2025-11-19 04:21:55 | DEBUG    | Found option contract: BANKNIFTY25NOV2557300PE | strike=57300 | option_type=PE | expiry=2025-11-25
2025-11-19 04:21:57 | INFO     | Refreshing option chain from Zerodha...
2025-11-19 04:21:57 | INFO     | Found 102 BankNifty option contracts
2025-11-19 04:21:57 | INFO     | Current expiry: 2025-11-25 | expiry_date=2025-11-25 | days_until_expiry=6
2025-11-19 04:21:57 | INFO     | Found 102 options for current expiry
2025-11-19 04:21:57 | INFO     | Option chain cached | total_contracts=102 | expiry=2025-11-25
2025-11-19 04:21:57 | DEBUG    | Found option contract: BANKNIFTY25NOV2557300CE | strike=57300 | option_type=CE | expiry=2025-11-25
2025-11-19 04:21:57 | DEBUG    | Found option contract: BANKNIFTY25NOV2555300PE | strike=55300 | option_type=PE | expiry=2025-11-25
2025-11-19 04:22:01 | DEBUG    | Found option contract: BANKNIFTY25NOV2557300PE | strike=57300 | option_type=PE | expiry=2025-11-25
2025-11-19 04:22:03 | INFO     | Refreshing option chain from Zerodha...
2025-11-19 04:22:03 | INFO     | Found 102 BankNifty option contracts
2025-11-19 04:22:03 | INFO     | Current expiry: 2025-11-25 | expiry_date=2025-11-25 | days_until_expiry=6
2025-11-19 04:22:03 | INFO     | Found 102 options for current expiry
2025-11-19 04:22:03 | INFO     | Option chain cached | total_contracts=102 | expiry=2025-11-25
2025-11-19 04:22:03 | DEBUG    | Found option contract: BANKNIFTY25NOV2557300CE | strike=57300 | option_type=CE | expiry=2025-11-25
2025-11-19 04:22:03 | DEBUG    | Found option contract: BANKNIFTY25NOV2555300PE | strike=55300 | option_type=PE | expiry=2025-11-25
2025-11-19 04:22:07 | DEBUG    | Found option contract: BANKNIFTY25NOV2557300PE | strike=57300 | option_type=PE | expiry=2025-11-25
2025-11-19 04:22:09 | INFO     | Refreshing option chain from Zerodha...
2025-11-19 04:22:09 | INFO     | Found 102 BankNifty option contracts
2025-11-19 04:22:09 | INFO     | Current expiry: 2025-11-25 | expiry_date=2025-11-25 | days_until_expiry=6
2025-11-19 04:22:09 | INFO     | Found 102 options for current expiry
2025-11-19 04:22:09 | INFO     | Option chain cached | total_contracts=102 | expiry=2025-11-25
2025-11-19 04:22:09 | DEBUG    | Found option contract: BANKNIFTY25NOV2557300CE | strike=57300 | option_type=CE | expiry=2025-11-25
2025-11-19 04:22:09 | DEBUG    | Found option contract: BANKNIFTY25NOV2555300PE | strike=55300 | option_type=PE | expiry=2025-11-25
2025-11-19 04:24:41 | INFO     | Refreshing option chain from Zerodha...
2025-11-19 04:24:41 | INFO     | Found 102 BankNifty option contracts
2025-11-19 04:24:41 | INFO     | Current expiry: 2025-11-25 | expiry_date=2025-11-25 | days_until_expiry=6
2025-11-19 04:24:41 | INFO     | Found 102 options for current expiry
2025-11-19 04:24:41 | INFO     | Option chain cached | total_contracts=102 | expiry=2025-11-25
2025-11-19 04:24:41 | DEBUG    | Found option contract: BANKNIFTY25NOV2557300CE | strike=57300 | option_type=CE | expiry=2025-11-25
2025-11-19 04:24:41 | DEBUG    | Found option contract: BANKNIFTY25NOV2555300PE | strike=55300 | option_type=PE | expiry=2025-11-25
2025-11-19 04:24:45 | DEBUG    | Found option contract: BANKNIFTY25NOV2557300PE | strike=57300 | option_type=PE | expiry=2025-11-25
2025-11-19 04:24:47 | INFO     | Refreshing option chain from Zerodha...
2025-11-19 04:24:47 | INFO     | Found 102 BankNifty option contracts
2025-11-19 04:24:47 | INFO     | Current expiry: 2025-11-25 | expiry_date=2025-11-25 | days_until_expiry=6
2025-11-19 04:24:47 | INFO     | Found 102 options for current expiry
2025-11-19 04:24:47 | INFO     | Option chain cached | total_contracts=102 | expiry=2025-11-25
2025-11-19 04:24:47 | DEBUG    | Found option contract: BANKNIFTY25NOV2557300CE | strike=57300 | option_type=CE | expiry=2025-11-25
2025-11-19 04:24:47 | DEBUG    | Found option contract: BANKNIFTY25NOV2555300PE | strike=55300 | option_type=PE | expiry=2025-11-25
2025-11-19 04:24:51 | DEBUG    | Found option contract: BANKNIFTY25NOV2557300PE | strike=57300 | option_type=PE | expiry=2025-11-25
2025-11-19 04:24:53 | INFO     | Refreshing option chain from Zerodha...
2025-11-19 04:24:53 | INFO     | Found 102 BankNifty option contracts
2025-11-19 04:24:53 | INFO     | Current expiry: 2025-11-25 | expiry_date=2025-11-25 | days_until_expiry=6
2025-11-19 04:24:53 | INFO     | Found 102 options for current expiry
2025-11-19 04:24:53 | INFO     | Option chain cached | total_contracts=102 | expiry=2025-11-25
2025-11-19 04:24:53 | DEBUG    | Found option contract: BANKNIFTY25NOV2557300CE | strike=57300 | option_type=CE | expiry=2025-11-25
2025-11-19 04:24:53 | DEBUG    | Found option contract: BANKNIFTY25NOV2555300PE | strike=55300 | option_type=PE | expiry=2025-11-25
2025-11-19 04:24:57 | DEBUG    | Found option contract: BANKNIFTY25NOV2557300PE | strike=57300 | option_type=PE | expiry=2025-11-25
2025-11-19 04:24:59 | DEBUG    | Found option contract: BANKNIFTY25NOV2557300PE | strike=57300 | option_type=PE | expiry=2025-11-25
2025-11-19 04:24:59 | DEBUG    | Found option contract: BANKNIFTY25NOV2559300CE | strike=59300 | option_type=CE | expiry=2025-11-25
2025-11-19 04:25:03 | DEBUG    | Found option contract: BANKNIFTY25NOV2557300CE | strike=57300 | option_type=CE | expiry=2025-11-25
2025-11-19 04:25:05 | INFO     | Refreshing option chain from Zerodha...
2025-11-19 04:25:05 | INFO     | Found 102 BankNifty option contracts
2025-11-19 04:25:05 | INFO     | Current expiry: 2025-11-25 | expiry_date=2025-11-25 | days_until_expiry=6
2025-11-19 04:25:05 | INFO     | Found 102 options for current expiry
2025-11-19 04:25:05 | INFO     | Option chain cached | total_contracts=102 | expiry=2025-11-25
2025-11-19 04:25:05 | DEBUG    | Found option contract: BANKNIFTY25NOV2557300CE | strike=57300 | option_type=CE | expiry=2025-11-25
2025-11-19 04:25:05 | DEBUG    | Found option contract: BANKNIFTY25NOV2555300PE | strike=55300 | option_type=PE | expiry=2025-11-25
2025-11-19 04:25:09 | DEBUG    | Found option contract: BANKNIFTY25NOV2557300PE | strike=57300 | option_type=PE | expiry=2025-11-25
2025-11-19 04:25:11 | INFO     | Refreshing option chain from Zerodha...
2025-11-19 04:25:11 | INFO     | Found 102 BankNifty option contracts
2025-11-19 04:25:11 | INFO     | Current expiry: 2025-11-25 | expiry_date=2025-11-25 | days_until_expiry=6
2025-11-19 04:25:11 | INFO     | Found 102 options for current expiry
2025-11-19 04:25:11 | INFO     | Option chain cached | total_contracts=102 | expiry=2025-11-25
2025-11-19 04:25:11 | DEBUG    | Found option contract: BANKNIFTY25NOV2557300CE | strike=57300 | option_type=CE | expiry=2025-11-25
2025-11-19 04:25:11 | DEBUG    | Found option contract: BANKNIFTY25NOV2555300PE | strike=55300 | option_type=PE | expiry=2025-11-25
2025-11-19 04:25:15 | DEBUG    | Found option contract: BANKNIFTY25NOV2557300PE | strike=57300 | option_type=PE | expiry=2025-11-25
2025-11-19 04:25:17 | INFO     | Refreshing option chain from Zerodha...
2025-11-19 04:25:17 | INFO     | Found 102 BankNifty option contracts
2025-11-19 04:25:17 | INFO     | Current expiry: 2025-11-25 | expiry_date=2025-11-25 | days_until_expiry=6
2025-11-19 04:25:17 | INFO     | Found 102 options for current expiry
2025-11-19 04:25:17 | INFO     | Option chain cached | total_contracts=102 | expiry=2025-11-25
2025-11-19 04:25:17 | DEBUG    | Found option contract: BANKNIFTY25NOV2557300PE | strike=57300 | option_type=PE | expiry=2025-11-25
2025-11-19 04:25:17 | DEBUG    | Found option contract: BANKNIFTY25NOV2559300CE | strike=59300 | option_type=CE | expiry=2025-11-25
2025-11-19 04:25:21 | DEBUG    | Found option contract: BANKNIFTY25NOV2557300CE | strike=57300 | option_type=CE | expiry=2025-11-25
2025-11-19 04:25:23 | INFO     | Refreshing option chain from Zerodha...
2025-11-19 04:25:23 | INFO     | Found 102 BankNifty option contracts
2025-11-19 04:25:23 | INFO     | Current expiry: 2025-11-25 | expiry_date=2025-11-25 | days_until_expiry=6
2025-11-19 04:25:23 | INFO     | Found 102 options for current expiry
2025-11-19 04:25:23 | INFO     | Option chain cached | total_contracts=102 | expiry=2025-11-25
2025-11-19 04:25:23 | DEBUG    | Found option contract: BANKNIFTY25NOV2557300CE | strike=57300 | option_type=CE | expiry=2025-11-25
2025-11-19 04:25:23 | DEBUG    | Found option contract: BANKNIFTY25NOV2555300PE | strike=55300 | option_type=PE | expiry=2025-11-25
2025-11-19 04:25:28 | DEBUG    | Found option contract: BANKNIFTY25NOV2557300PE | strike=57300 | option_type=PE | expiry=2025-11-25
2025-11-19 04:25:30 | DEBUG    | Found option contract: BANKNIFTY25NOV2557300PE | strike=57300 | option_type=PE | expiry=2025-11-25
2025-11-19 04:25:30 | DEBUG    | Found option contract: BANKNIFTY25NOV2559300CE | strike=59300 | option_type=CE | expiry=2025-11-25
2025-11-19 04:25:34 | DEBUG    | Found option contract: BANKNIFTY25NOV2557300CE | strike=57300 | option_type=CE | expiry=2025-11-25
2025-11-19 04:25:36 | INFO     | Refreshing option chain from Zerodha...
2025-11-19 04:25:36 | INFO     | Found 102 BankNifty option contracts
2025-11-19 04:25:36 | INFO     | Current expiry: 2025-11-25 | expiry_date=2025-11-25 | days_until_expiry=6
2025-11-19 04:25:36 | INFO     | Found 102 options for current expiry
2025-11-19 04:25:36 | INFO     | Option chain cached | total_contracts=102 | expiry=2025-11-25
2025-11-19 04:25:36 | INFO     | Refreshing option chain from Zerodha...
2025-11-19 04:25:36 | INFO     | Found 102 BankNifty option contracts
2025-11-19 04:25:36 | INFO     | Current expiry: 2025-11-25 | expiry_date=2025-11-25 | days_until_expiry=6
2025-11-19 04:25:36 | INFO     | Found 102 options for current expiry
2025-11-19 04:25:36 | INFO     | Option chain cached | total_contracts=102 | expiry=2025-11-25
2025-11-19 04:25:36 | DEBUG    | Found option contract: BANKNIFTY25NOV2557300CE | strike=57300 | option_type=CE | expiry=2025-11-25
2025-11-19 04:25:36 | DEBUG    | Found option contract: BANKNIFTY25NOV2555300PE | strike=55300 | option_type=PE | expiry=2025-11-25
2025-11-19 04:25:40 | DEBUG    | Found option contract: BANKNIFTY25NOV2557300PE | strike=57300 | option_type=PE | expiry=2025-11-25
2025-11-19 04:25:42 | INFO     | Refreshing option chain from Zerodha...
2025-11-19 04:25:42 | INFO     | Found 102 BankNifty option contracts
2025-11-19 04:25:42 | INFO     | Current expiry: 2025-11-25 | expiry_date=2025-11-25 | days_until_expiry=6
2025-11-19 04:25:42 | INFO     | Found 102 options for current expiry
2025-11-19 04:25:42 | INFO     | Option chain cached | total_contracts=102 | expiry=2025-11-25
2025-11-19 04:25:42 | INFO     | Refreshing option chain from Zerodha...
2025-11-19 04:25:42 | INFO     | Found 102 BankNifty option contracts
2025-11-19 04:25:42 | INFO     | Current expiry: 2025-11-25 | expiry_date=2025-11-25 | days_until_expiry=6
2025-11-19 04:25:42 | INFO     | Found 102 options for current expiry
2025-11-19 04:25:42 | INFO     | Option chain cached | total_contracts=102 | expiry=2025-11-25
2025-11-19 04:25:42 | DEBUG    | Found option contract: BANKNIFTY25NOV2557300CE | strike=57300 | option_type=CE | expiry=2025-11-25
2025-11-19 04:25:42 | DEBUG    | Found option contract: BANKNIFTY25NOV2555300PE | strike=55300 | option_type=PE | expiry=2025-11-25
2025-11-19 04:25:46 | DEBUG    | Found option contract: BANKNIFTY25NOV2557300PE | strike=57300 | option_type=PE | expiry=2025-11-25
2025-11-19 04:33:36 | INFO     | Refreshing option chain from Zerodha...
2025-11-19 04:33:36 | INFO     | Found 102 BankNifty option contracts
2025-11-19 04:33:36 | INFO     | Current expiry: 2025-11-25 | expiry_date=2025-11-25 | days_until_expiry=6
2025-11-19 04:33:36 | INFO     | Found 102 options for current expiry
2025-11-19 04:33:36 | INFO     | Option chain cached | total_contracts=102 | expiry=2025-11-25
2025-11-19 04:33:36 | INFO     | Refreshing option chain from Zerodha...
2025-11-19 04:33:36 | INFO     | Found 102 BankNifty option contracts
2025-11-19 04:33:36 | INFO     | Current expiry: 2025-11-25 | expiry_date=2025-11-25 | days_until_expiry=6
2025-11-19 04:33:36 | INFO     | Found 102 options for current expiry
2025-11-19 04:33:36 | INFO     | Option chain cached | total_contracts=102 | expiry=2025-11-25
2025-11-19 04:33:37 | INFO     | Refreshing option chain from Zerodha...
2025-11-19 04:33:37 | INFO     | Found 102 BankNifty option contracts
2025-11-19 04:33:37 | INFO     | Current expiry: 2025-11-25 | expiry_date=2025-11-25 | days_until_expiry=6
2025-11-19 04:33:38 | INFO     | Found 102 options for current expiry
2025-11-19 04:33:38 | INFO     | Option chain cached | total_contracts=102 | expiry=2025-11-25
2025-11-19 04:33:39 | INFO     | Refreshing option chain from Zerodha...
2025-11-19 04:33:39 | INFO     | Found 102 BankNifty option contracts
2025-11-19 04:33:39 | INFO     | Current expiry: 2025-11-25 | expiry_date=2025-11-25 | days_until_expiry=6
2025-11-19 04:33:39 | INFO     | Found 102 options for current expiry
2025-11-19 04:33:39 | INFO     | Option chain cached | total_contracts=102 | expiry=2025-11-25
2025-11-19 04:33:40 | INFO     | Refreshing option chain from Zerodha...
2025-11-19 04:33:40 | INFO     | Found 102 BankNifty option contracts
2025-11-19 04:33:40 | INFO     | Current expiry: 2025-11-25 | expiry_date=2025-11-25 | days_until_expiry=6
2025-11-19 04:33:40 | INFO     | Found 102 options for current expiry
2025-11-19 04:33:40 | INFO     | Option chain cached | total_contracts=102 | expiry=2025-11-25
2025-11-19 04:33:41 | INFO     | Refreshing option chain from Zerodha...
2025-11-19 04:33:41 | INFO     | Found 102 BankNifty option contracts
2025-11-19 04:33:41 | INFO     | Current expiry: 2025-11-25 | expiry_date=2025-11-25 | days_until_expiry=6
2025-11-19 04:33:41 | INFO     | Found 102 options for current expiry
2025-11-19 04:33:41 | INFO     | Option chain cached | total_contracts=102 | expiry=2025-11-25
2025-11-19 04:33:42 | INFO     | Refreshing option chain from Zerodha...
2025-11-19 04:33:42 | INFO     | Found 102 BankNifty option contracts
2025-11-19 04:33:42 | INFO     | Current expiry: 2025-11-25 | expiry_date=2025-11-25 | days_until_expiry=6
2025-11-19 04:33:42 | INFO     | Found 102 options for current expiry
2025-11-19 04:33:42 | INFO     | Option chain cached | total_contracts=102 | expiry=2025-11-25
2025-11-19 04:33:42 | INFO     | Refreshing option chain from Zerodha...
2025-11-19 04:33:42 | INFO     | Found 102 BankNifty option contracts
2025-11-19 04:33:42 | INFO     | Current expiry: 2025-11-25 | expiry_date=2025-11-25 | days_until_expiry=6
2025-11-19 04:33:42 | INFO     | Found 102 options for current expiry
2025-11-19 04:33:42 | INFO     | Option chain cached | total_contracts=102 | expiry=2025-11-25
2025-11-19 04:33:43 | INFO     | Refreshing option chain from Zerodha...
2025-11-19 04:33:43 | INFO     | Found 102 BankNifty option contracts
2025-11-19 04:33:43 | INFO     | Current expiry: 2025-11-25 | expiry_date=2025-11-25 | days_until_expiry=6
2025-11-19 04:33:43 | INFO     | Found 102 options for current expiry
2025-11-19 04:33:43 | INFO     | Option chain cached | total_contracts=102 | expiry=2025-11-25
2025-11-19 04:33:44 | INFO     | Refreshing option chain from Zerodha...
2025-11-19 04:33:44 | INFO     | Found 102 BankNifty option contracts
2025-11-19 04:33:44 | INFO     | Current expiry: 2025-11-25 | expiry_date=2025-11-25 | days_until_expiry=6
2025-11-19 04:33:44 | INFO     | Found 102 options for current expiry
2025-11-19 04:33:44 | INFO     | Option chain cached | total_contracts=102 | expiry=2025-11-25
2025-11-19 04:33:45 | INFO     | Refreshing option chain from Zerodha...
2025-11-19 04:33:45 | INFO     | Found 102 BankNifty option contracts
2025-11-19 04:33:45 | INFO     | Current expiry: 2025-11-25 | expiry_date=2025-11-25 | days_until_expiry=6
2025-11-19 04:33:45 | INFO     | Found 102 options for current expiry
2025-11-19 04:33:45 | INFO     | Option chain cached | total_contracts=102 | expiry=2025-11-25
2025-11-19 04:34:58 | INFO     | Refreshing option chain from Zerodha...
2025-11-19 04:34:58 | INFO     | Found 102 BankNifty option contracts
2025-11-19 04:34:58 | INFO     | Current expiry: 2025-11-25 | expiry_date=2025-11-25 | days_until_expiry=6
2025-11-19 04:34:58 | INFO     | Found 102 options for current expiry
2025-11-19 04:34:58 | INFO     | Option chain cached | total_contracts=102 | expiry=2025-11-25
2025-11-19 04:34:58 | INFO     | Refreshing option chain from Zerodha...
2025-11-19 04:34:58 | INFO     | Found 102 BankNifty option contracts
2025-11-19 04:34:58 | INFO     | Current expiry: 2025-11-25 | expiry_date=2025-11-25 | days_until_expiry=6
2025-11-19 04:34:58 | INFO     | Found 102 options for current expiry
2025-11-19 04:34:58 | INFO     | Option chain cached | total_contracts=102 | expiry=2025-11-25
2025-11-19 04:34:59 | INFO     | Refreshing option chain from Zerodha...
2025-11-19 04:34:59 | INFO     | Found 102 BankNifty option contracts
2025-11-19 04:34:59 | INFO     | Current expiry: 2025-11-25 | expiry_date=2025-11-25 | days_until_expiry=6
2025-11-19 04:34:59 | INFO     | Found 102 options for current expiry
2025-11-19 04:34:59 | INFO     | Option chain cached | total_contracts=102 | expiry=2025-11-25
2025-11-19 04:35:01 | INFO     | Refreshing option chain from Zerodha...
2025-11-19 04:35:01 | INFO     | Found 102 BankNifty option contracts
2025-11-19 04:35:01 | INFO     | Current expiry: 2025-11-25 | expiry_date=2025-11-25 | days_until_expiry=6
2025-11-19 04:35:01 | INFO     | Found 102 options for current expiry
2025-11-19 04:35:01 | INFO     | Option chain cached | total_contracts=102 | expiry=2025-11-25
2025-11-19 04:35:02 | INFO     | Refreshing option chain from Zerodha...
2025-11-19 04:35:02 | INFO     | Found 102 BankNifty option contracts
2025-11-19 04:35:02 | INFO     | Current expiry: 2025-11-25 | expiry_date=2025-11-25 | days_until_expiry=6
2025-11-19 04:35:02 | INFO     | Found 102 options for current expiry
2025-11-19 04:35:02 | INFO     | Option chain cached | total_contracts=102 | expiry=2025-11-25
2025-11-19 04:35:03 | INFO     | Refreshing option chain from Zerodha...
2025-11-19 04:35:03 | INFO     | Found 102 BankNifty option contracts
2025-11-19 04:35:03 | INFO     | Current expiry: 2025-11-25 | expiry_date=2025-11-25 | days_until_expiry=6
2025-11-19 04:35:03 | INFO     | Found 102 options for current expiry
2025-11-19 04:35:03 | INFO     | Option chain cached | total_contracts=102 | expiry=2025-11-25
2025-11-19 04:35:04 | INFO     | Refreshing option chain from Zerodha...
2025-11-19 04:35:04 | INFO     | Found 102 BankNifty option contracts
2025-11-19 04:35:04 | INFO     | Current expiry: 2025-11-25 | expiry_date=2025-11-25 | days_until_expiry=6
2025-11-19 04:35:04 | INFO     | Found 102 options for current expiry
2025-11-19 04:35:04 | INFO     | Option chain cached | total_contracts=102 | expiry=2025-11-25
2025-11-19 04:35:04 | INFO     | Refreshing option chain from Zerodha...
2025-11-19 04:35:04 | INFO     | Found 102 BankNifty option contracts
2025-11-19 04:35:04 | INFO     | Current expiry: 2025-11-25 | expiry_date=2025-11-25 | days_until_expiry=6
2025-11-19 04:35:04 | INFO     | Found 102 options for current expiry
2025-11-19 04:35:04 | INFO     | Option chain cached | total_contracts=102 | expiry=2025-11-25
2025-11-19 04:35:05 | INFO     | Refreshing option chain from Zerodha...
2025-11-19 04:35:05 | INFO     | Found 102 BankNifty option contracts
2025-11-19 04:35:05 | INFO     | Current expiry: 2025-11-25 | expiry_date=2025-11-25 | days_until_expiry=6
2025-11-19 04:35:05 | INFO     | Found 102 options for current expiry
2025-11-19 04:35:05 | INFO     | Option chain cached | total_contracts=102 | expiry=2025-11-25
2025-11-19 04:35:06 | INFO     | Refreshing option chain from Zerodha...
2025-11-19 04:35:06 | INFO     | Found 102 BankNifty option contracts
2025-11-19 04:35:06 | INFO     | Current expiry: 2025-11-25 | expiry_date=2025-11-25 | days_until_expiry=6
2025-11-19 04:35:06 | INFO     | Found 102 options for current expiry
2025-11-19 04:35:06 | INFO     | Option chain cached | total_contracts=102 | expiry=2025-11-25
2025-11-19 04:35:07 | INFO     | Refreshing option chain from Zerodha...
2025-11-19 04:35:07 | INFO     | Found 102 BankNifty option contracts
2025-11-19 04:35:07 | INFO     | Current expiry: 2025-11-25 | expiry_date=2025-11-25 | days_until_expiry=6
2025-11-19 04:35:07 | INFO     | Found 102 options for current expiry
2025-11-19 04:35:07 | INFO     | Option chain cached | total_contracts=102 | expiry=2025-11-25
2025-11-19 04:35:49 | INFO     | Refreshing option chain from Zerodha...
2025-11-19 04:35:49 | INFO     | Found 102 BankNifty option contracts
2025-11-19 04:35:49 | INFO     | Current expiry: 2025-11-25 | expiry_date=2025-11-25 | days_until_expiry=6
2025-11-19 04:35:49 | INFO     | Found 102 options for current expiry
2025-11-19 04:35:49 | INFO     | Option chain cached | total_contracts=102 | expiry=2025-11-25
2025-11-19 04:35:49 | INFO     | Refreshing option chain from Zerodha...
2025-11-19 04:35:49 | INFO     | Found 102 BankNifty option contracts
2025-11-19 04:35:49 | INFO     | Current expiry: 2025-11-25 | expiry_date=2025-11-25 | days_until_expiry=6
2025-11-19 04:35:49 | INFO     | Found 102 options for current expiry
2025-11-19 04:35:49 | INFO     | Option chain cached | total_contracts=102 | expiry=2025-11-25
2025-11-19 04:35:50 | INFO     | Refreshing option chain from Zerodha...
2025-11-19 04:35:50 | INFO     | Found 102 BankNifty option contracts
2025-11-19 04:35:50 | INFO     | Current expiry: 2025-11-25 | expiry_date=2025-11-25 | days_until_expiry=6
2025-11-19 04:35:50 | INFO     | Found 102 options for current expiry
2025-11-19 04:35:50 | INFO     | Option chain cached | total_contracts=102 | expiry=2025-11-25
2025-11-19 04:35:52 | INFO     | Refreshing option chain from Zerodha...
2025-11-19 04:35:52 | INFO     | Found 102 BankNifty option contracts
2025-11-19 04:35:52 | INFO     | Current expiry: 2025-11-25 | expiry_date=2025-11-25 | days_until_expiry=6
2025-11-19 04:35:52 | INFO     | Found 102 options for current expiry
2025-11-19 04:35:52 | INFO     | Option chain cached | total_contracts=102 | expiry=2025-11-25
2025-11-19 04:35:53 | INFO     | Refreshing option chain from Zerodha...
2025-11-19 04:35:53 | INFO     | Found 102 BankNifty option contracts
2025-11-19 04:35:53 | INFO     | Current expiry: 2025-11-25 | expiry_date=2025-11-25 | days_until_expiry=6
2025-11-19 04:35:53 | INFO     | Found 102 options for current expiry
2025-11-19 04:35:53 | INFO     | Option chain cached | total_contracts=102 | expiry=2025-11-25
2025-11-19 04:35:55 | INFO     | Refreshing option chain from Zerodha...
2025-11-19 04:35:55 | INFO     | Found 102 BankNifty option contracts
2025-11-19 04:35:55 | INFO     | Current expiry: 2025-11-25 | expiry_date=2025-11-25 | days_until_expiry=6
2025-11-19 04:35:55 | INFO     | Found 102 options for current expiry
2025-11-19 04:35:55 | INFO     | Option chain cached | total_contracts=102 | expiry=2025-11-25
2025-11-19 04:35:56 | INFO     | Refreshing option chain from Zerodha...
2025-11-19 04:35:56 | INFO     | Found 102 BankNifty option contracts
2025-11-19 04:35:56 | INFO     | Current expiry: 2025-11-25 | expiry_date=2025-11-25 | days_until_expiry=6
2025-11-19 04:35:56 | INFO     | Found 102 options for current expiry
2025-11-19 04:35:56 | INFO     | Option chain cached | total_contracts=102 | expiry=2025-11-25
2025-11-19 04:35:56 | INFO     | Refreshing option chain from Zerodha...
2025-11-19 04:35:56 | INFO     | Found 102 BankNifty option contracts
2025-11-19 04:35:56 | INFO     | Current expiry: 2025-11-25 | expiry_date=2025-11-25 | days_until_expiry=6
2025-11-19 04:35:56 | INFO     | Found 102 options for current expiry
2025-11-19 04:35:56 | INFO     | Option chain cached | total_contracts=102 | expiry=2025-11-25
2025-11-19 04:35:57 | INFO     | Refreshing option chain from Zerodha...
2025-11-19 04:35:57 | INFO     | Found 102 BankNifty option contracts
2025-11-19 04:35:57 | INFO     | Current expiry: 2025-11-25 | expiry_date=2025-11-25 | days_until_expiry=6
2025-11-19 04:35:57 | INFO     | Found 102 options for current expiry
2025-11-19 04:35:57 | INFO     | Option chain cached | total_contracts=102 | expiry=2025-11-25
2025-11-19 04:35:58 | INFO     | Refreshing option chain from Zerodha...
2025-11-19 04:35:58 | INFO     | Found 102 BankNifty option contracts
2025-11-19 04:35:58 | INFO     | Current expiry: 2025-11-25 | expiry_date=2025-11-25 | days_until_expiry=6
2025-11-19 04:35:58 | INFO     | Found 102 options for current expiry
2025-11-19 04:35:58 | INFO     | Option chain cached | total_contracts=102 | expiry=2025-11-25
2025-11-19 04:35:59 | INFO     | Refreshing option chain from Zerodha...
2025-11-19 04:35:59 | INFO     | Found 102 BankNifty option contracts
2025-11-19 04:35:59 | INFO     | Current expiry: 2025-11-25 | expiry_date=2025-11-25 | days_until_expiry=6
2025-11-19 04:35:59 | INFO     | Found 102 options for current expiry
2025-11-19 04:35:59 | INFO     | Option chain cached | total_contracts=102 | expiry=2025-11-25
2025-11-19 04:39:24 | INFO     | Refreshing option chain from Zerodha...
2025-11-19 04:39:24 | INFO     | Found 102 BankNifty option contracts
2025-11-19 04:39:24 | INFO     | Current expiry: 2025-11-25 | expiry_date=2025-11-25 | days_until_expiry=6
2025-11-19 04:39:24 | INFO     | Found 102 options for current expiry
2025-11-19 04:39:24 | INFO     | Option chain cached | total_contracts=102 | expiry=2025-11-25
2025-11-19 04:39:24 | INFO     | Refreshing option chain from Zerodha...
2025-11-19 04:39:24 | INFO     | Found 102 BankNifty option contracts
2025-11-19 04:39:24 | INFO     | Current expiry: 2025-11-25 | expiry_date=2025-11-25 | days_until_expiry=6
2025-11-19 04:39:24 | INFO     | Found 102 options for current expiry
2025-11-19 04:39:24 | INFO     | Option chain cached | total_contracts=102 | expiry=2025-11-25
2025-11-19 04:39:24 | INFO     | Refreshing option chain from Zerodha...
2025-11-19 04:39:24 | INFO     | Found 102 BankNifty option contracts
2025-11-19 04:39:24 | INFO     | Current expiry: 2025-11-25 | expiry_date=2025-11-25 | days_until_expiry=6
2025-11-19 04:39:24 | INFO     | Found 102 options for current expiry
2025-11-19 04:39:24 | INFO     | Option chain cached | total_contracts=102 | expiry=2025-11-25
2025-11-19 04:39:24 | DEBUG    | Found option contract: BANKNIFTY25NOV2557300CE | strike=57300 | option_type=CE | expiry=2025-11-25
2025-11-19 04:39:24 | DEBUG    | Found option contract: BANKNIFTY25NOV2557300PE | strike=57300 | option_type=PE | expiry=2025-11-25
2025-11-19 04:39:24 | DEBUG    | Found option contract: BANKNIFTY25NOV2555300PE | strike=55300 | option_type=PE | expiry=2025-11-25
2025-11-19 04:39:24 | DEBUG    | Found option contract: BANKNIFTY25NOV2557300CE | strike=57300 | option_type=CE | expiry=2025-11-25
2025-11-19 04:39:24 | DEBUG    | Found option contract: BANKNIFTY25NOV2555300PE | strike=55300 | option_type=PE | expiry=2025-11-25
2025-11-19 04:39:28 | DEBUG    | Found option contract: BANKNIFTY25NOV2557300PE | strike=57300 | option_type=PE | expiry=2025-11-25
2025-11-19 04:39:30 | INFO     | Refreshing option chain from Zerodha...
2025-11-19 04:39:30 | INFO     | Found 102 BankNifty option contracts
2025-11-19 04:39:30 | INFO     | Current expiry: 2025-11-25 | expiry_date=2025-11-25 | days_until_expiry=6
2025-11-19 04:39:30 | INFO     | Found 102 options for current expiry
2025-11-19 04:39:30 | INFO     | Option chain cached | total_contracts=102 | expiry=2025-11-25
2025-11-19 04:39:30 | DEBUG    | Found option contract: BANKNIFTY25NOV2557300CE | strike=57300 | option_type=CE | expiry=2025-11-25
2025-11-19 04:39:30 | DEBUG    | Found option contract: BANKNIFTY25NOV2557300PE | strike=57300 | option_type=PE | expiry=2025-11-25
2025-11-19 04:39:30 | DEBUG    | Found option contract: BANKNIFTY25NOV2555300PE | strike=55300 | option_type=PE | expiry=2025-11-25
2025-11-19 04:39:30 | DEBUG    | Found option contract: BANKNIFTY25NOV2557300CE | strike=57300 | option_type=CE | expiry=2025-11-25
2025-11-19 04:39:30 | DEBUG    | Found option contract: BANKNIFTY25NOV2555300PE | strike=55300 | option_type=PE | expiry=2025-11-25
2025-11-19 04:39:34 | DEBUG    | Found option contract: BANKNIFTY25NOV2557300PE | strike=57300 | option_type=PE | expiry=2025-11-25
2025-11-19 04:39:36 | INFO     | Refreshing option chain from Zerodha...
2025-11-19 04:39:36 | INFO     | Found 102 BankNifty option contracts
2025-11-19 04:39:36 | INFO     | Current expiry: 2025-11-25 | expiry_date=2025-11-25 | days_until_expiry=6
2025-11-19 04:39:36 | INFO     | Found 102 options for current expiry
2025-11-19 04:39:36 | INFO     | Option chain cached | total_contracts=102 | expiry=2025-11-25
2025-11-19 04:39:36 | DEBUG    | Found option contract: BANKNIFTY25NOV2557300CE | strike=57300 | option_type=CE | expiry=2025-11-25
2025-11-19 04:39:36 | DEBUG    | Found option contract: BANKNIFTY25NOV2557300PE | strike=57300 | option_type=PE | expiry=2025-11-25
2025-11-19 04:39:36 | DEBUG    | Found option contract: BANKNIFTY25NOV2555300PE | strike=55300 | option_type=PE | expiry=2025-11-25
2025-11-19 04:39:36 | DEBUG    | Found option contract: BANKNIFTY25NOV2557300CE | strike=57300 | option_type=CE | expiry=2025-11-25
2025-11-19 04:39:36 | DEBUG    | Found option contract: BANKNIFTY25NOV2555300PE | strike=55300 | option_type=PE | expiry=2025-11-25
2025-11-19 04:39:40 | DEBUG    | Found option contract: BANKNIFTY25NOV2557300PE | strike=57300 | option_type=PE | expiry=2025-11-25
2025-11-19 04:39:42 | INFO     | Refreshing option chain from Zerodha...
2025-11-19 04:39:42 | INFO     | Found 102 BankNifty option contracts
2025-11-19 04:39:42 | INFO     | Current expiry: 2025-11-25 | expiry_date=2025-11-25 | days_until_expiry=6
2025-11-19 04:39:42 | INFO     | Found 102 options for current expiry
2025-11-19 04:39:42 | INFO     | Option chain cached | total_contracts=102 | expiry=2025-11-25
2025-11-19 04:39:42 | DEBUG    | Found option contract: BANKNIFTY25NOV2557300CE | strike=57300 | option_type=CE | expiry=2025-11-25
2025-11-19 04:39:42 | DEBUG    | Found option contract: BANKNIFTY25NOV2557300PE | strike=57300 | option_type=PE | expiry=2025-11-25
2025-11-19 04:39:42 | DEBUG    | Found option contract: BANKNIFTY25NOV2555300PE | strike=55300 | option_type=PE | expiry=2025-11-25
2025-11-19 04:39:42 | DEBUG    | Found option contract: BANKNIFTY25NOV2557300CE | strike=57300 | option_type=CE | expiry=2025-11-25
2025-11-19 04:39:42 | DEBUG    | Found option contract: BANKNIFTY25NOV2555300PE | strike=55300 | option_type=PE | expiry=2025-11-25
2025-11-19 04:39:46 | DEBUG    | Found option contract: BANKNIFTY25NOV2557300PE | strike=57300 | option_type=PE | expiry=2025-11-25
2025-11-19 04:39:48 | INFO     | Refreshing option chain from Zerodha...
2025-11-19 04:39:48 | INFO     | Found 102 BankNifty option contracts
2025-11-19 04:39:48 | INFO     | Current expiry: 2025-11-25 | expiry_date=2025-11-25 | days_until_expiry=6
2025-11-19 04:39:48 | INFO     | Found 102 options for current expiry
2025-11-19 04:39:48 | INFO     | Option chain cached | total_contracts=102 | expiry=2025-11-25
2025-11-19 04:39:48 | DEBUG    | Found option contract: BANKNIFTY25NOV2557300CE | strike=57300 | option_type=CE | expiry=2025-11-25
2025-11-19 04:39:48 | DEBUG    | Found option contract: BANKNIFTY25NOV2557300PE | strike=57300 | option_type=PE | expiry=2025-11-25
2025-11-19 04:39:48 | DEBUG    | Found option contract: BANKNIFTY25NOV2555300PE | strike=55300 | option_type=PE | expiry=2025-11-25
2025-11-19 04:39:48 | DEBUG    | Found option contract: BANKNIFTY25NOV2557300CE | strike=57300 | option_type=CE | expiry=2025-11-25
2025-11-19 04:39:48 | DEBUG    | Found option contract: BANKNIFTY25NOV2555300PE | strike=55300 | option_type=PE | expiry=2025-11-25
2025-11-19 04:39:52 | DEBUG    | Found option contract: BANKNIFTY25NOV2557300PE | strike=57300 | option_type=PE | expiry=2025-11-25
2025-11-19 04:39:54 | DEBUG    | Found option contract: BANKNIFTY25NOV2557300PE | strike=57300 | option_type=PE | expiry=2025-11-25
2025-11-19 04:39:54 | DEBUG    | Found option contract: BANKNIFTY25NOV2559300CE | strike=59300 | option_type=CE | expiry=2025-11-25
2025-11-19 04:39:58 | DEBUG    | Found option contract: BANKNIFTY25NOV2557300CE | strike=57300 | option_type=CE | expiry=2025-11-25
2025-11-19 04:40:00 | INFO     | Refreshing option chain from Zerodha...
2025-11-19 04:40:00 | INFO     | Found 102 BankNifty option contracts
2025-11-19 04:40:00 | INFO     | Current expiry: 2025-11-25 | expiry_date=2025-11-25 | days_until_expiry=6
2025-11-19 04:40:00 | INFO     | Found 102 options for current expiry
2025-11-19 04:40:00 | INFO     | Option chain cached | total_contracts=102 | expiry=2025-11-25
2025-11-19 04:40:00 | DEBUG    | Found option contract: BANKNIFTY25NOV2557300CE | strike=57300 | option_type=CE | expiry=2025-11-25
2025-11-19 04:40:00 | DEBUG    | Found option contract: BANKNIFTY25NOV2557300PE | strike=57300 | option_type=PE | expiry=2025-11-25
2025-11-19 04:40:00 | DEBUG    | Found option contract: BANKNIFTY25NOV2555300PE | strike=55300 | option_type=PE | expiry=2025-11-25
2025-11-19 04:40:00 | DEBUG    | Found option contract: BANKNIFTY25NOV2557300CE | strike=57300 | option_type=CE | expiry=2025-11-25
2025-11-19 04:40:00 | DEBUG    | Found option contract: BANKNIFTY25NOV2555300PE | strike=55300 | option_type=PE | expiry=2025-11-25
2025-11-19 04:40:04 | DEBUG    | Found option contract: BANKNIFTY25NOV2557300PE | strike=57300 | option_type=PE | expiry=2025-11-25
2025-11-19 04:40:06 | INFO     | Refreshing option chain from Zerodha...
2025-11-19 04:40:06 | INFO     | Found 102 BankNifty option contracts
2025-11-19 04:40:06 | INFO     | Current expiry: 2025-11-25 | expiry_date=2025-11-25 | days_until_expiry=6
2025-11-19 04:40:06 | INFO     | Found 102 options for current expiry
2025-11-19 04:40:06 | INFO     | Option chain cached | total_contracts=102 | expiry=2025-11-25
2025-11-19 04:40:06 | DEBUG    | Found option contract: BANKNIFTY25NOV2557300CE | strike=57300 | option_type=CE | expiry=2025-11-25
2025-11-19 04:40:06 | DEBUG    | Found option contract: BANKNIFTY25NOV2557300PE | strike=57300 | option_type=PE | expiry=2025-11-25
2025-11-19 04:40:06 | DEBUG    | Found option contract: BANKNIFTY25NOV2555300PE | strike=55300 | option_type=PE | expiry=2025-11-25
2025-11-19 04:40:06 | DEBUG    | Found option contract: BANKNIFTY25NOV2557300CE | strike=57300 | option_type=CE | expiry=2025-11-25
2025-11-19 04:40:06 | DEBUG    | Found option contract: BANKNIFTY25NOV2555300PE | strike=55300 | option_type=PE | expiry=2025-11-25
2025-11-19 04:40:10 | DEBUG    | Found option contract: BANKNIFTY25NOV2557300PE | strike=57300 | option_type=PE | expiry=2025-11-25
2025-11-19 04:40:12 | DEBUG    | Found option contract: BANKNIFTY25NOV2557300PE | strike=57300 | option_type=PE | expiry=2025-11-25
2025-11-19 04:40:12 | DEBUG    | Found option contract: BANKNIFTY25NOV2559300CE | strike=59300 | option_type=CE | expiry=2025-11-25
2025-11-19 04:40:16 | DEBUG    | Found option contract: BANKNIFTY25NOV2557300CE | strike=57300 | option_type=CE | expiry=2025-11-25
2025-11-19 04:40:18 | INFO     | Refreshing option chain from Zerodha...
2025-11-19 04:40:18 | INFO     | Found 102 BankNifty option contracts
2025-11-19 04:40:18 | INFO     | Current expiry: 2025-11-25 | expiry_date=2025-11-25 | days_until_expiry=6
2025-11-19 04:40:18 | INFO     | Found 102 options for current expiry
2025-11-19 04:40:18 | INFO     | Option chain cached | total_contracts=102 | expiry=2025-11-25
2025-11-19 04:40:18 | DEBUG    | Found option contract: BANKNIFTY25NOV2557300CE | strike=57300 | option_type=CE | expiry=2025-11-25
2025-11-19 04:40:18 | DEBUG    | Found option contract: BANKNIFTY25NOV2557300PE | strike=57300 | option_type=PE | expiry=2025-11-25
2025-11-19 04:40:18 | DEBUG    | Found option contract: BANKNIFTY25NOV2555300PE | strike=55300 | option_type=PE | expiry=2025-11-25
2025-11-19 04:40:18 | DEBUG    | Found option contract: BANKNIFTY25NOV2557300CE | strike=57300 | option_type=CE | expiry=2025-11-25
2025-11-19 04:40:18 | DEBUG    | Found option contract: BANKNIFTY25NOV2555300PE | strike=55300 | option_type=PE | expiry=2025-11-25
2025-11-19 04:40:22 | DEBUG    | Found option contract: BANKNIFTY25NOV2557300PE | strike=57300 | option_type=PE | expiry=2025-11-25
2025-11-19 04:41:31 | INFO     | Refreshing option chain from Zerodha...
2025-11-19 04:41:31 | INFO     | Found 102 BankNifty option contracts
2025-11-19 04:41:31 | INFO     | Current expiry: 2025-11-25 | expiry_date=2025-11-25 | days_until_expiry=6
2025-11-19 04:41:31 | INFO     | Found 102 options for current expiry
2025-11-19 04:41:31 | INFO     | Option chain cached | total_contracts=102 | expiry=2025-11-25
2025-11-19 04:41:31 | INFO     | Refreshing option chain from Zerodha...
2025-11-19 04:41:31 | INFO     | Found 102 BankNifty option contracts
2025-11-19 04:41:31 | INFO     | Current expiry: 2025-11-25 | expiry_date=2025-11-25 | days_until_expiry=6
2025-11-19 04:41:31 | INFO     | Found 102 options for current expiry
2025-11-19 04:41:31 | INFO     | Option chain cached | total_contracts=102 | expiry=2025-11-25
2025-11-19 04:41:31 | INFO     | Refreshing option chain from Zerodha...
2025-11-19 04:41:31 | INFO     | Found 102 BankNifty option contracts
2025-11-19 04:41:31 | INFO     | Current expiry: 2025-11-25 | expiry_date=2025-11-25 | days_until_expiry=6
2025-11-19 04:41:31 | INFO     | Found 102 options for current expiry
2025-11-19 04:41:31 | INFO     | Option chain cached | total_contracts=102 | expiry=2025-11-25
2025-11-19 04:41:31 | DEBUG    | Found option contract: BANKNIFTY25NOV2557300CE | strike=57300 | option_type=CE | expiry=2025-11-25
2025-11-19 04:41:31 | DEBUG    | Found option contract: BANKNIFTY25NOV2557300PE | strike=57300 | option_type=PE | expiry=2025-11-25
2025-11-19 04:41:31 | DEBUG    | Found option contract: BANKNIFTY25NOV2555300PE | strike=55300 | option_type=PE | expiry=2025-11-25
2025-11-19 04:41:31 | DEBUG    | Found option contract: BANKNIFTY25NOV2557300CE | strike=57300 | option_type=CE | expiry=2025-11-25
2025-11-19 04:41:31 | DEBUG    | Found option contract: BANKNIFTY25NOV2555300PE | strike=55300 | option_type=PE | expiry=2025-11-25
2025-11-19 04:41:35 | DEBUG    | Found option contract: BANKNIFTY25NOV2557300PE | strike=57300 | option_type=PE | expiry=2025-11-25
2025-11-19 04:41:37 | INFO     | Refreshing option chain from Zerodha...
2025-11-19 04:41:37 | INFO     | Found 102 BankNifty option contracts
2025-11-19 04:41:37 | INFO     | Current expiry: 2025-11-25 | expiry_date=2025-11-25 | days_until_expiry=6
2025-11-19 04:41:37 | INFO     | Found 102 options for current expiry
2025-11-19 04:41:37 | INFO     | Option chain cached | total_contracts=102 | expiry=2025-11-25
2025-11-19 04:41:37 | DEBUG    | Found option contract: BANKNIFTY25NOV2557300CE | strike=57300 | option_type=CE | expiry=2025-11-25
2025-11-19 04:41:37 | DEBUG    | Found option contract: BANKNIFTY25NOV2557300PE | strike=57300 | option_type=PE | expiry=2025-11-25
2025-11-19 04:41:37 | DEBUG    | Found option contract: BANKNIFTY25NOV2555300PE | strike=55300 | option_type=PE | expiry=2025-11-25
2025-11-19 04:41:37 | DEBUG    | Found option contract: BANKNIFTY25NOV2557300CE | strike=57300 | option_type=CE | expiry=2025-11-25
2025-11-19 04:41:37 | DEBUG    | Found option contract: BANKNIFTY25NOV2555300PE | strike=55300 | option_type=PE | expiry=2025-11-25
2025-11-19 04:41:41 | DEBUG    | Found option contract: BANKNIFTY25NOV2557300PE | strike=57300 | option_type=PE | expiry=2025-11-25
2025-11-19 04:41:44 | INFO     | Refreshing option chain from Zerodha...
2025-11-19 04:41:44 | INFO     | Found 102 BankNifty option contracts
2025-11-19 04:41:44 | INFO     | Current expiry: 2025-11-25 | expiry_date=2025-11-25 | days_until_expiry=6
2025-11-19 04:41:44 | INFO     | Found 102 options for current expiry
2025-11-19 04:41:44 | INFO     | Option chain cached | total_contracts=102 | expiry=2025-11-25
2025-11-19 04:41:44 | DEBUG    | Found option contract: BANKNIFTY25NOV2557300CE | strike=57300 | option_type=CE | expiry=2025-11-25
2025-11-19 04:41:44 | DEBUG    | Found option contract: BANKNIFTY25NOV2557300PE | strike=57300 | option_type=PE | expiry=2025-11-25
2025-11-19 04:41:44 | DEBUG    | Found option contract: BANKNIFTY25NOV2555300PE | strike=55300 | option_type=PE | expiry=2025-11-25
2025-11-19 04:41:44 | DEBUG    | Found option contract: BANKNIFTY25NOV2557300CE | strike=57300 | option_type=CE | expiry=2025-11-25
2025-11-19 04:41:44 | DEBUG    | Found option contract: BANKNIFTY25NOV2555300PE | strike=55300 | option_type=PE | expiry=2025-11-25
2025-11-19 04:41:48 | DEBUG    | Found option contract: BANKNIFTY25NOV2557300PE | strike=57300 | option_type=PE | expiry=2025-11-25
2025-11-19 04:41:50 | INFO     | Refreshing option chain from Zerodha...
2025-11-19 04:41:50 | INFO     | Found 102 BankNifty option contracts
2025-11-19 04:41:50 | INFO     | Current expiry: 2025-11-25 | expiry_date=2025-11-25 | days_until_expiry=6
2025-11-19 04:41:50 | INFO     | Found 102 options for current expiry
2025-11-19 04:41:50 | INFO     | Option chain cached | total_contracts=102 | expiry=2025-11-25
2025-11-19 04:41:50 | DEBUG    | Found option contract: BANKNIFTY25NOV2557300CE | strike=57300 | option_type=CE | expiry=2025-11-25
2025-11-19 04:41:50 | DEBUG    | Found option contract: BANKNIFTY25NOV2557300PE | strike=57300 | option_type=PE | expiry=2025-11-25
2025-11-19 04:41:50 | DEBUG    | Found option contract: BANKNIFTY25NOV2555300PE | strike=55300 | option_type=PE | expiry=2025-11-25
2025-11-19 04:41:50 | DEBUG    | Found option contract: BANKNIFTY25NOV2557300CE | strike=57300 | option_type=CE | expiry=2025-11-25
2025-11-19 04:41:50 | DEBUG    | Found option contract: BANKNIFTY25NOV2555300PE | strike=55300 | option_type=PE | expiry=2025-11-25
2025-11-19 04:41:54 | DEBUG    | Found option contract: BANKNIFTY25NOV2557300PE | strike=57300 | option_type=PE | expiry=2025-11-25
2025-11-19 04:41:56 | INFO     | Refreshing option chain from Zerodha...
2025-11-19 04:41:56 | INFO     | Found 102 BankNifty option contracts
2025-11-19 04:41:56 | INFO     | Current expiry: 2025-11-25 | expiry_date=2025-11-25 | days_until_expiry=6
2025-11-19 04:41:56 | INFO     | Found 102 options for current expiry
2025-11-19 04:41:56 | INFO     | Option chain cached | total_contracts=102 | expiry=2025-11-25
2025-11-19 04:41:56 | DEBUG    | Found option contract: BANKNIFTY25NOV2557300CE | strike=57300 | option_type=CE | expiry=2025-11-25
2025-11-19 04:41:56 | DEBUG    | Found option contract: BANKNIFTY25NOV2557300PE | strike=57300 | option_type=PE | expiry=2025-11-25
2025-11-19 04:41:56 | DEBUG    | Found option contract: BANKNIFTY25NOV2555300PE | strike=55300 | option_type=PE | expiry=2025-11-25
2025-11-19 04:41:56 | DEBUG    | Found option contract: BANKNIFTY25NOV2557300CE | strike=57300 | option_type=CE | expiry=2025-11-25
2025-11-19 04:41:56 | DEBUG    | Found option contract: BANKNIFTY25NOV2555300PE | strike=55300 | option_type=PE | expiry=2025-11-25
2025-11-19 04:42:00 | DEBUG    | Found option contract: BANKNIFTY25NOV2557300PE | strike=57300 | option_type=PE | expiry=2025-11-25
2025-11-19 04:42:02 | DEBUG    | Found option contract: BANKNIFTY25NOV2557300PE | strike=57300 | option_type=PE | expiry=2025-11-25
2025-11-19 04:42:02 | DEBUG    | Found option contract: BANKNIFTY25NOV2559300CE | strike=59300 | option_type=CE | expiry=2025-11-25
2025-11-19 04:42:06 | DEBUG    | Found option contract: BANKNIFTY25NOV2557300CE | strike=57300 | option_type=CE | expiry=2025-11-25
2025-11-19 04:42:08 | INFO     | Refreshing option chain from Zerodha...
2025-11-19 04:42:08 | INFO     | Found 102 BankNifty option contracts
2025-11-19 04:42:08 | INFO     | Current expiry: 2025-11-25 | expiry_date=2025-11-25 | days_until_expiry=6
2025-11-19 04:42:08 | INFO     | Found 102 options for current expiry
2025-11-19 04:42:08 | INFO     | Option chain cached | total_contracts=102 | expiry=2025-11-25
2025-11-19 04:42:08 | DEBUG    | Found option contract: BANKNIFTY25NOV2557300CE | strike=57300 | option_type=CE | expiry=2025-11-25
2025-11-19 04:42:08 | DEBUG    | Found option contract: BANKNIFTY25NOV2557300PE | strike=57300 | option_type=PE | expiry=2025-11-25
2025-11-19 04:42:08 | DEBUG    | Found option contract: BANKNIFTY25NOV2555300PE | strike=55300 | option_type=PE | expiry=2025-11-25
2025-11-19 04:42:08 | DEBUG    | Found option contract: BANKNIFTY25NOV2557300CE | strike=57300 | option_type=CE | expiry=2025-11-25
2025-11-19 04:42:08 | DEBUG    | Found option contract: BANKNIFTY25NOV2555300PE | strike=55300 | option_type=PE | expiry=2025-11-25
2025-11-19 04:42:12 | DEBUG    | Found option contract: BANKNIFTY25NOV2557300PE | strike=57300 | option_type=PE | expiry=2025-11-25
2025-11-19 04:42:14 | INFO     | Refreshing option chain from Zerodha...
2025-11-19 04:42:14 | INFO     | Found 102 BankNifty option contracts
2025-11-19 04:42:14 | INFO     | Current expiry: 2025-11-25 | expiry_date=2025-11-25 | days_until_expiry=6
2025-11-19 04:42:14 | INFO     | Found 102 options for current expiry
2025-11-19 04:42:14 | INFO     | Option chain cached | total_contracts=102 | expiry=2025-11-25
2025-11-19 04:42:14 | DEBUG    | Found option contract: BANKNIFTY25NOV2557300CE | strike=57300 | option_type=CE | expiry=2025-11-25
2025-11-19 04:42:14 | DEBUG    | Found option contract: BANKNIFTY25NOV2557300PE | strike=57300 | option_type=PE | expiry=2025-11-25
2025-11-19 04:42:14 | DEBUG    | Found option contract: BANKNIFTY25NOV2555300PE | strike=55300 | option_type=PE | expiry=2025-11-25
2025-11-19 04:42:14 | DEBUG    | Found option contract: BANKNIFTY25NOV2557300CE | strike=57300 | option_type=CE | expiry=2025-11-25
2025-11-19 04:42:14 | DEBUG    | Found option contract: BANKNIFTY25NOV2555300PE | strike=55300 | option_type=PE | expiry=2025-11-25
2025-11-19 04:42:18 | DEBUG    | Found option contract: BANKNIFTY25NOV2557300PE | strike=57300 | option_type=PE | expiry=2025-11-25
2025-11-19 04:42:20 | DEBUG    | Found option contract: BANKNIFTY25NOV2557300PE | strike=57300 | option_type=PE | expiry=2025-11-25
2025-11-19 04:42:20 | DEBUG    | Found option contract: BANKNIFTY25NOV2559300CE | strike=59300 | option_type=CE | expiry=2025-11-25
2025-11-19 04:42:24 | DEBUG    | Found option contract: BANKNIFTY25NOV2557300CE | strike=57300 | option_type=CE | expiry=2025-11-25
2025-11-19 04:42:26 | INFO     | Refreshing option chain from Zerodha...
2025-11-19 04:42:26 | INFO     | Found 102 BankNifty option contracts
2025-11-19 04:42:26 | INFO     | Current expiry: 2025-11-25 | expiry_date=2025-11-25 | days_until_expiry=6
2025-11-19 04:42:26 | INFO     | Found 102 options for current expiry
2025-11-19 04:42:26 | INFO     | Option chain cached | total_contracts=102 | expiry=2025-11-25
2025-11-19 04:42:26 | DEBUG    | Found option contract: BANKNIFTY25NOV2557300CE | strike=57300 | option_type=CE | expiry=2025-11-25
2025-11-19 04:42:26 | DEBUG    | Found option contract: BANKNIFTY25NOV2557300PE | strike=57300 | option_type=PE | expiry=2025-11-25
2025-11-19 04:42:26 | DEBUG    | Found option contract: BANKNIFTY25NOV2555300PE | strike=55300 | option_type=PE | expiry=2025-11-25
2025-11-19 04:42:26 | DEBUG    | Found option contract: BANKNIFTY25NOV2557300CE | strike=57300 | option_type=CE | expiry=2025-11-25
2025-11-19 04:42:26 | DEBUG    | Found option contract: BANKNIFTY25NOV2555300PE | strike=55300 | option_type=PE | expiry=2025-11-25
2025-11-19 04:42:30 | DEBUG    | Found option contract: BANKNIFTY25NOV2557300PE | strike=57300 | option_type=PE | expiry=2025-11-25
2025-11-19 04:43:27 | INFO     | Refreshing option chain from Zerodha...
2025-11-19 04:43:27 | INFO     | Found 102 BankNifty option contracts
2025-11-19 04:43:27 | INFO     | Current expiry: 2025-11-25 | expiry_date=2025-11-25 | days_until_expiry=6
2025-11-19 04:43:27 | INFO     | Found 102 options for current expiry
2025-11-19 04:43:27 | INFO     | Option chain cached | total_contracts=102 | expiry=2025-11-25
2025-11-19 04:43:27 | INFO     | Refreshing option chain from Zerodha...
2025-11-19 04:43:27 | INFO     | Found 102 BankNifty option contracts
2025-11-19 04:43:27 | INFO     | Current expiry: 2025-11-25 | expiry_date=2025-11-25 | days_until_expiry=6
2025-11-19 04:43:27 | INFO     | Found 102 options for current expiry
2025-11-19 04:43:27 | INFO     | Option chain cached | total_contracts=102 | expiry=2025-11-25
2025-11-19 04:43:27 | INFO     | Refreshing option chain from Zerodha...
2025-11-19 04:43:27 | INFO     | Found 102 BankNifty option contracts
2025-11-19 04:43:27 | INFO     | Current expiry: 2025-11-25 | expiry_date=2025-11-25 | days_until_expiry=6
2025-11-19 04:43:27 | INFO     | Found 102 options for current expiry
2025-11-19 04:43:27 | INFO     | Option chain cached | total_contracts=102 | expiry=2025-11-25
2025-11-19 04:43:27 | DEBUG    | Found option contract: BANKNIFTY25NOV2557300CE | strike=57300 | option_type=CE | expiry=2025-11-25
2025-11-19 04:43:27 | DEBUG    | Found option contract: BANKNIFTY25NOV2557300PE | strike=57300 | option_type=PE | expiry=2025-11-25
2025-11-19 04:43:27 | DEBUG    | Found option contract: BANKNIFTY25NOV2555300PE | strike=55300 | option_type=PE | expiry=2025-11-25
2025-11-19 04:43:27 | DEBUG    | Found option contract: BANKNIFTY25NOV2557300CE | strike=57300 | option_type=CE | expiry=2025-11-25
2025-11-19 04:43:27 | DEBUG    | Found option contract: BANKNIFTY25NOV2555300PE | strike=55300 | option_type=PE | expiry=2025-11-25
2025-11-19 04:43:31 | DEBUG    | Found option contract: BANKNIFTY25NOV2557300PE | strike=57300 | option_type=PE | expiry=2025-11-25
2025-11-19 04:43:33 | INFO     | Refreshing option chain from Zerodha...
2025-11-19 04:43:33 | INFO     | Found 102 BankNifty option contracts
2025-11-19 04:43:33 | INFO     | Current expiry: 2025-11-25 | expiry_date=2025-11-25 | days_until_expiry=6
2025-11-19 04:43:33 | INFO     | Found 102 options for current expiry
2025-11-19 04:43:33 | INFO     | Option chain cached | total_contracts=102 | expiry=2025-11-25
2025-11-19 04:43:33 | DEBUG    | Found option contract: BANKNIFTY25NOV2557300CE | strike=57300 | option_type=CE | expiry=2025-11-25
2025-11-19 04:43:33 | DEBUG    | Found option contract: BANKNIFTY25NOV2557300PE | strike=57300 | option_type=PE | expiry=2025-11-25
2025-11-19 04:43:33 | DEBUG    | Found option contract: BANKNIFTY25NOV2555300PE | strike=55300 | option_type=PE | expiry=2025-11-25
2025-11-19 04:43:33 | DEBUG    | Found option contract: BANKNIFTY25NOV2557300CE | strike=57300 | option_type=CE | expiry=2025-11-25
2025-11-19 04:43:33 | DEBUG    | Found option contract: BANKNIFTY25NOV2555300PE | strike=55300 | option_type=PE | expiry=2025-11-25
2025-11-19 04:43:38 | DEBUG    | Found option contract: BANKNIFTY25NOV2557300PE | strike=57300 | option_type=PE | expiry=2025-11-25
2025-11-19 04:43:40 | INFO     | Refreshing option chain from Zerodha...
2025-11-19 04:43:40 | INFO     | Found 102 BankNifty option contracts
2025-11-19 04:43:40 | INFO     | Current expiry: 2025-11-25 | expiry_date=2025-11-25 | days_until_expiry=6
2025-11-19 04:43:40 | INFO     | Found 102 options for current expiry
2025-11-19 04:43:40 | INFO     | Option chain cached | total_contracts=102 | expiry=2025-11-25
2025-11-19 04:43:40 | DEBUG    | Found option contract: BANKNIFTY25NOV2557300CE | strike=57300 | option_type=CE | expiry=2025-11-25
2025-11-19 04:43:40 | DEBUG    | Found option contract: BANKNIFTY25NOV2557300PE | strike=57300 | option_type=PE | expiry=2025-11-25
2025-11-19 04:43:40 | DEBUG    | Found option contract: BANKNIFTY25NOV2555300PE | strike=55300 | option_type=PE | expiry=2025-11-25
2025-11-19 04:43:40 | DEBUG    | Found option contract: BANKNIFTY25NOV2557300CE | strike=57300 | option_type=CE | expiry=2025-11-25
2025-11-19 04:43:40 | DEBUG    | Found option contract: BANKNIFTY25NOV2555300PE | strike=55300 | option_type=PE | expiry=2025-11-25
2025-11-19 04:43:44 | DEBUG    | Found option contract: BANKNIFTY25NOV2557300PE | strike=57300 | option_type=PE | expiry=2025-11-25
2025-11-19 04:43:46 | INFO     | Refreshing option chain from Zerodha...
2025-11-19 04:43:46 | INFO     | Found 102 BankNifty option contracts
2025-11-19 04:43:46 | INFO     | Current expiry: 2025-11-25 | expiry_date=2025-11-25 | days_until_expiry=6
2025-11-19 04:43:46 | INFO     | Found 102 options for current expiry
2025-11-19 04:43:46 | INFO     | Option chain cached | total_contracts=102 | expiry=2025-11-25
2025-11-19 04:43:46 | DEBUG    | Found option contract: BANKNIFTY25NOV2557300CE | strike=57300 | option_type=CE | expiry=2025-11-25
2025-11-19 04:43:46 | DEBUG    | Found option contract: BANKNIFTY25NOV2557300PE | strike=57300 | option_type=PE | expiry=2025-11-25
2025-11-19 04:43:46 | DEBUG    | Found option contract: BANKNIFTY25NOV2555300PE | strike=55300 | option_type=PE | expiry=2025-11-25
2025-11-19 04:43:46 | DEBUG    | Found option contract: BANKNIFTY25NOV2557300CE | strike=57300 | option_type=CE | expiry=2025-11-25
2025-11-19 04:43:46 | DEBUG    | Found option contract: BANKNIFTY25NOV2555300PE | strike=55300 | option_type=PE | expiry=2025-11-25
2025-11-19 04:43:50 | DEBUG    | Found option contract: BANKNIFTY25NOV2557300PE | strike=57300 | option_type=PE | expiry=2025-11-25
2025-11-19 04:43:52 | INFO     | Refreshing option chain from Zerodha...
2025-11-19 04:43:52 | INFO     | Found 102 BankNifty option contracts
2025-11-19 04:43:52 | INFO     | Current expiry: 2025-11-25 | expiry_date=2025-11-25 | days_until_expiry=6
2025-11-19 04:43:52 | INFO     | Found 102 options for current expiry
2025-11-19 04:43:52 | INFO     | Option chain cached | total_contracts=102 | expiry=2025-11-25
2025-11-19 04:43:52 | DEBUG    | Found option contract: BANKNIFTY25NOV2557300CE | strike=57300 | option_type=CE | expiry=2025-11-25
2025-11-19 04:43:52 | DEBUG    | Found option contract: BANKNIFTY25NOV2557300PE | strike=57300 | option_type=PE | expiry=2025-11-25
2025-11-19 04:43:52 | DEBUG    | Found option contract: BANKNIFTY25NOV2555300PE | strike=55300 | option_type=PE | expiry=2025-11-25
2025-11-19 04:43:52 | DEBUG    | Found option contract: BANKNIFTY25NOV2557300CE | strike=57300 | option_type=CE | expiry=2025-11-25
2025-11-19 04:43:52 | DEBUG    | Found option contract: BANKNIFTY25NOV2555300PE | strike=55300 | option_type=PE | expiry=2025-11-25
2025-11-19 04:43:56 | DEBUG    | Found option contract: BANKNIFTY25NOV2557300PE | strike=57300 | option_type=PE | expiry=2025-11-25
2025-11-19 04:43:58 | DEBUG    | Found option contract: BANKNIFTY25NOV2557300PE | strike=57300 | option_type=PE | expiry=2025-11-25
2025-11-19 04:43:58 | DEBUG    | Found option contract: BANKNIFTY25NOV2559300CE | strike=59300 | option_type=CE | expiry=2025-11-25
2025-11-19 04:44:02 | DEBUG    | Found option contract: BANKNIFTY25NOV2557300CE | strike=57300 | option_type=CE | expiry=2025-11-25
2025-11-19 04:44:04 | INFO     | Refreshing option chain from Zerodha...
2025-11-19 04:44:04 | INFO     | Found 102 BankNifty option contracts
2025-11-19 04:44:04 | INFO     | Current expiry: 2025-11-25 | expiry_date=2025-11-25 | days_until_expiry=6
2025-11-19 04:44:04 | INFO     | Found 102 options for current expiry
2025-11-19 04:44:04 | INFO     | Option chain cached | total_contracts=102 | expiry=2025-11-25
2025-11-19 04:44:04 | DEBUG    | Found option contract: BANKNIFTY25NOV2557300CE | strike=57300 | option_type=CE | expiry=2025-11-25
2025-11-19 04:44:04 | DEBUG    | Found option contract: BANKNIFTY25NOV2557300PE | strike=57300 | option_type=PE | expiry=2025-11-25
2025-11-19 04:44:04 | DEBUG    | Found option contract: BANKNIFTY25NOV2555300PE | strike=55300 | option_type=PE | expiry=2025-11-25
2025-11-19 04:44:04 | DEBUG    | Found option contract: BANKNIFTY25NOV2557300CE | strike=57300 | option_type=CE | expiry=2025-11-25
2025-11-19 04:44:04 | DEBUG    | Found option contract: BANKNIFTY25NOV2555300PE | strike=55300 | option_type=PE | expiry=2025-11-25
2025-11-19 04:44:08 | DEBUG    | Found option contract: BANKNIFTY25NOV2557300PE | strike=57300 | option_type=PE | expiry=2025-11-25
2025-11-19 04:44:10 | INFO     | Refreshing option chain from Zerodha...
2025-11-19 04:44:10 | INFO     | Found 102 BankNifty option contracts
2025-11-19 04:44:10 | INFO     | Current expiry: 2025-11-25 | expiry_date=2025-11-25 | days_until_expiry=6
2025-11-19 04:44:10 | INFO     | Found 102 options for current expiry
2025-11-19 04:44:10 | INFO     | Option chain cached | total_contracts=102 | expiry=2025-11-25
2025-11-19 04:44:10 | DEBUG    | Found option contract: BANKNIFTY25NOV2557300CE | strike=57300 | option_type=CE | expiry=2025-11-25
2025-11-19 04:44:10 | DEBUG    | Found option contract: BANKNIFTY25NOV2557300PE | strike=57300 | option_type=PE | expiry=2025-11-25
2025-11-19 04:44:10 | DEBUG    | Found option contract: BANKNIFTY25NOV2555300PE | strike=55300 | option_type=PE | expiry=2025-11-25
2025-11-19 04:44:10 | DEBUG    | Found option contract: BANKNIFTY25NOV2557300CE | strike=57300 | option_type=CE | expiry=2025-11-25
2025-11-19 04:44:10 | DEBUG    | Found option contract: BANKNIFTY25NOV2555300PE | strike=55300 | option_type=PE | expiry=2025-11-25
2025-11-19 04:44:14 | DEBUG    | Found option contract: BANKNIFTY25NOV2557300PE | strike=57300 | option_type=PE | expiry=2025-11-25
2025-11-19 04:44:16 | DEBUG    | Found option contract: BANKNIFTY25NOV2557300PE | strike=57300 | option_type=PE | expiry=2025-11-25
2025-11-19 04:44:16 | DEBUG    | Found option contract: BANKNIFTY25NOV2559300CE | strike=59300 | option_type=CE | expiry=2025-11-25
2025-11-19 04:44:20 | DEBUG    | Found option contract: BANKNIFTY25NOV2557300CE | strike=57300 | option_type=CE | expiry=2025-11-25
2025-11-19 04:44:23 | INFO     | Refreshing option chain from Zerodha...
2025-11-19 04:44:23 | INFO     | Found 102 BankNifty option contracts
2025-11-19 04:44:23 | INFO     | Current expiry: 2025-11-25 | expiry_date=2025-11-25 | days_until_expiry=6
2025-11-19 04:44:23 | INFO     | Found 102 options for current expiry
2025-11-19 04:44:23 | INFO     | Option chain cached | total_contracts=102 | expiry=2025-11-25
2025-11-19 04:44:23 | DEBUG    | Found option contract: BANKNIFTY25NOV2557300CE | strike=57300 | option_type=CE | expiry=2025-11-25
2025-11-19 04:44:23 | DEBUG    | Found option contract: BANKNIFTY25NOV2557300PE | strike=57300 | option_type=PE | expiry=2025-11-25
2025-11-19 04:44:23 | DEBUG    | Found option contract: BANKNIFTY25NOV2555300PE | strike=55300 | option_type=PE | expiry=2025-11-25
2025-11-19 04:44:23 | DEBUG    | Found option contract: BANKNIFTY25NOV2557300CE | strike=57300 | option_type=CE | expiry=2025-11-25
2025-11-19 04:44:23 | DEBUG    | Found option contract: BANKNIFTY25NOV2555300PE | strike=55300 | option_type=PE | expiry=2025-11-25
2025-11-19 04:44:27 | DEBUG    | Found option contract: BANKNIFTY25NOV2557300PE | strike=57300 | option_type=PE | expiry=2025-11-25
2025-11-19 09:14:34 | INFO     | Refreshing option chain from Zerodha...
2025-11-19 09:14:34 | INFO     | Found 102 BankNifty option contracts
2025-11-19 09:14:34 | INFO     | Current expiry: 2025-11-25 | expiry_date=2025-11-25 | days_until_expiry=6
2025-11-19 09:14:34 | INFO     | Found 102 options for current expiry
2025-11-19 09:14:34 | INFO     | Option chain cached | total_contracts=102 | expiry=2025-11-25
2025-11-19 09:14:34 | DEBUG    | Found option contract: BANKNIFTY25NOV2557300CE | strike=57300 | option_type=CE | expiry=2025-11-25
2025-11-19 09:14:34 | DEBUG    | Found option contract: BANKNIFTY25NOV2557300PE | strike=57300 | option_type=PE | expiry=2025-11-25
2025-11-19 09:14:34 | DEBUG    | Found option contract: BANKNIFTY25NOV2555300PE | strike=55300 | option_type=PE | expiry=2025-11-25
2025-11-19 09:14:34 | DEBUG    | Found option contract: BANKNIFTY25NOV2557300CE | strike=57300 | option_type=CE | expiry=2025-11-25
2025-11-19 09:14:34 | DEBUG    | Found option contract: BANKNIFTY25NOV2555300PE | strike=55300 | option_type=PE | expiry=2025-11-25
2025-11-19 09:14:38 | DEBUG    | Found option contract: BANKNIFTY25NOV2557300PE | strike=57300 | option_type=PE | expiry=2025-11-25
2025-11-19 09:14:40 | INFO     | Refreshing option chain from Zerodha...
2025-11-19 09:14:40 | INFO     | Found 102 BankNifty option contracts
2025-11-19 09:14:40 | INFO     | Current expiry: 2025-11-25 | expiry_date=2025-11-25 | days_until_expiry=6
2025-11-19 09:14:40 | INFO     | Found 102 options for current expiry
2025-11-19 09:14:40 | INFO     | Option chain cached | total_contracts=102 | expiry=2025-11-25
2025-11-19 09:14:57 | INFO     | Refreshing option chain from Zerodha...
2025-11-19 09:14:57 | INFO     | Found 102 BankNifty option contracts
2025-11-19 09:14:58 | INFO     | Current expiry: 2025-11-25 | expiry_date=2025-11-25 | days_until_expiry=6
2025-11-19 09:14:58 | INFO     | Found 102 options for current expiry
2025-11-19 09:14:58 | INFO     | Option chain cached | total_contracts=102 | expiry=2025-11-25
2025-11-19 09:14:58 | DEBUG    | Found option contract: BANKNIFTY25NOV2557300CE | strike=57300 | option_type=CE | expiry=2025-11-25
2025-11-19 09:14:58 | DEBUG    | Found option contract: BANKNIFTY25NOV2557300PE | strike=57300 | option_type=PE | expiry=2025-11-25
2025-11-19 09:14:58 | DEBUG    | Found option contract: BANKNIFTY25NOV2555300PE | strike=55300 | option_type=PE | expiry=2025-11-25
2025-11-19 09:14:58 | DEBUG    | Found option contract: BANKNIFTY25NOV2557300CE | strike=57300 | option_type=CE | expiry=2025-11-25
2025-11-19 09:14:58 | DEBUG    | Found option contract: BANKNIFTY25NOV2555300PE | strike=55300 | option_type=PE | expiry=2025-11-25
2025-11-19 09:15:02 | DEBUG    | Found option contract: BANKNIFTY25NOV2557300PE | strike=57300 | option_type=PE | expiry=2025-11-25
2025-11-19 09:15:04 | INFO     | Refreshing option chain from Zerodha...
2025-11-19 09:15:04 | INFO     | Found 102 BankNifty option contracts
2025-11-19 09:15:04 | INFO     | Current expiry: 2025-11-25 | expiry_date=2025-11-25 | days_until_expiry=6
2025-11-19 09:15:04 | INFO     | Found 102 options for current expiry
2025-11-19 09:15:04 | INFO     | Option chain cached | total_contracts=102 | expiry=2025-11-25
2025-11-19 09:18:50 | INFO     | Refreshing option chain from Zerodha...
2025-11-19 09:18:50 | INFO     | Found 102 BankNifty option contracts
2025-11-19 09:18:50 | INFO     | Current expiry: 2025-11-25 | expiry_date=2025-11-25 | days_until_expiry=6
2025-11-19 09:18:50 | INFO     | Found 102 options for current expiry
2025-11-19 09:18:50 | INFO     | Option chain cached | total_contracts=102 | expiry=2025-11-25
2025-11-19 09:19:44 | INFO     | Refreshing option chain from Zerodha...
2025-11-19 09:19:44 | INFO     | Found 102 BankNifty option contracts
2025-11-19 09:19:44 | INFO     | Current expiry: 2025-11-25 | expiry_date=2025-11-25 | days_until_expiry=6
2025-11-19 09:19:44 | INFO     | Found 102 options for current expiry
2025-11-19 09:19:44 | INFO     | Option chain cached | total_contracts=102 | expiry=2025-11-25
2025-11-19 09:20:05 | INFO     | Refreshing option chain from Zerodha...
2025-11-19 09:20:05 | INFO     | Found 102 BankNifty option contracts
2025-11-19 09:20:05 | INFO     | Current expiry: 2025-11-25 | expiry_date=2025-11-25 | days_until_expiry=6
2025-11-19 09:20:05 | INFO     | Found 102 options for current expiry
2025-11-19 09:20:05 | INFO     | Option chain cached | total_contracts=102 | expiry=2025-11-25
2025-11-19 09:33:42 | INFO     | Refreshing option chain from Zerodha...
2025-11-19 09:33:42 | INFO     | Found 102 BankNifty option contracts
2025-11-19 09:33:42 | INFO     | Current expiry: 2025-11-25 | expiry_date=2025-11-25 | days_until_expiry=6
2025-11-19 09:33:42 | INFO     | Found 102 options for current expiry
2025-11-19 09:33:42 | INFO     | Option chain cached | total_contracts=102 | expiry=2025-11-25
2025-11-19 09:33:42 | INFO     | Refreshing option chain from Zerodha...
2025-11-19 09:33:42 | INFO     | Found 102 BankNifty option contracts
2025-11-19 09:33:42 | INFO     | Current expiry: 2025-11-25 | expiry_date=2025-11-25 | days_until_expiry=6
2025-11-19 09:33:42 | INFO     | Found 102 options for current expiry
2025-11-19 09:33:42 | INFO     | Option chain cached | total_contracts=102 | expiry=2025-11-25
2025-11-19 09:33:42 | INFO     | Refreshing option chain from Zerodha...
2025-11-19 09:33:42 | INFO     | Found 102 BankNifty option contracts
2025-11-19 09:33:42 | INFO     | Current expiry: 2025-11-25 | expiry_date=2025-11-25 | days_until_expiry=6
2025-11-19 09:33:42 | INFO     | Found 102 options for current expiry
2025-11-19 09:33:42 | INFO     | Option chain cached | total_contracts=102 | expiry=2025-11-25
2025-11-19 09:33:42 | INFO     | Refreshing option chain from Zerodha...
2025-11-19 09:33:42 | INFO     | Found 102 BankNifty option contracts
2025-11-19 09:33:42 | INFO     | Current expiry: 2025-11-25 | expiry_date=2025-11-25 | days_until_expiry=6
2025-11-19 09:33:42 | INFO     | Found 102 options for current expiry
2025-11-19 09:33:42 | INFO     | Option chain cached | total_contracts=102 | expiry=2025-11-25
2025-11-19 09:33:42 | INFO     | Refreshing option chain from Zerodha...
2025-11-19 09:33:42 | INFO     | Found 102 BankNifty option contracts
2025-11-19 09:33:42 | INFO     | Current expiry: 2025-11-25 | expiry_date=2025-11-25 | days_until_expiry=6
2025-11-19 09:33:42 | INFO     | Found 102 options for current expiry
2025-11-19 09:33:42 | INFO     | Option chain cached | total_contracts=102 | expiry=2025-11-25
2025-11-19 09:40:46 | INFO     | Refreshing option chain from Zerodha...
2025-11-19 09:40:46 | INFO     | Found 102 BankNifty option contracts
2025-11-19 09:40:46 | INFO     | Current expiry: 2025-11-25 | expiry_date=2025-11-25 | days_until_expiry=6
2025-11-19 09:40:46 | INFO     | Found 102 options for current expiry
2025-11-19 09:40:46 | INFO     | Option chain cached | total_contracts=102 | expiry=2025-11-25
2025-11-19 09:40:46 | INFO     | Refreshing option chain from Zerodha...
2025-11-19 09:40:46 | INFO     | Found 102 BankNifty option contracts
2025-11-19 09:40:46 | INFO     | Current expiry: 2025-11-25 | expiry_date=2025-11-25 | days_until_expiry=6
2025-11-19 09:40:46 | INFO     | Found 102 options for current expiry
2025-11-19 09:40:46 | INFO     | Option chain cached | total_contracts=102 | expiry=2025-11-25
2025-11-19 09:40:46 | DEBUG    | Found option contract: BANKNIFTY25NOV2557300CE | strike=57300 | option_type=CE | expiry=2025-11-25
2025-11-19 09:40:46 | DEBUG    | Found option contract: BANKNIFTY25NOV2557300PE | strike=57300 | option_type=PE | expiry=2025-11-25
2025-11-19 09:40:46 | DEBUG    | Found option contract: BANKNIFTY25NOV2555300PE | strike=55300 | option_type=PE | expiry=2025-11-25
2025-11-19 09:40:46 | DEBUG    | Found option contract: BANKNIFTY25NOV2557300CE | strike=57300 | option_type=CE | expiry=2025-11-25
2025-11-19 09:40:46 | DEBUG    | Found option contract: BANKNIFTY25NOV2555300PE | strike=55300 | option_type=PE | expiry=2025-11-25
2025-11-19 09:40:50 | DEBUG    | Found option contract: BANKNIFTY25NOV2557300PE | strike=57300 | option_type=PE | expiry=2025-11-25
2025-11-19 09:40:52 | INFO     | Refreshing option chain from Zerodha...
2025-11-19 09:40:52 | INFO     | Found 102 BankNifty option contracts
2025-11-19 09:40:52 | INFO     | Current expiry: 2025-11-25 | expiry_date=2025-11-25 | days_until_expiry=6
2025-11-19 09:40:52 | INFO     | Found 102 options for current expiry
2025-11-19 09:40:52 | INFO     | Option chain cached | total_contracts=102 | expiry=2025-11-25
2025-11-19 09:40:52 | INFO     | Refreshing option chain from Zerodha...
2025-11-19 09:40:52 | INFO     | Found 102 BankNifty option contracts
2025-11-19 09:40:52 | INFO     | Current expiry: 2025-11-25 | expiry_date=2025-11-25 | days_until_expiry=6
2025-11-19 09:40:52 | INFO     | Found 102 options for current expiry
2025-11-19 09:40:52 | INFO     | Option chain cached | total_contracts=102 | expiry=2025-11-25
2025-11-19 09:40:52 | DEBUG    | Found option contract: BANKNIFTY25NOV2557300CE | strike=57300 | option_type=CE | expiry=2025-11-25
2025-11-19 09:40:52 | DEBUG    | Found option contract: BANKNIFTY25NOV2557300PE | strike=57300 | option_type=PE | expiry=2025-11-25
2025-11-19 09:40:52 | DEBUG    | Found option contract: BANKNIFTY25NOV2555300PE | strike=55300 | option_type=PE | expiry=2025-11-25
2025-11-19 09:40:52 | DEBUG    | Found option contract: BANKNIFTY25NOV2557300CE | strike=57300 | option_type=CE | expiry=2025-11-25
2025-11-19 09:40:52 | DEBUG    | Found option contract: BANKNIFTY25NOV2555300PE | strike=55300 | option_type=PE | expiry=2025-11-25
2025-11-19 09:40:56 | DEBUG    | Found option contract: BANKNIFTY25NOV2557300PE | strike=57300 | option_type=PE | expiry=2025-11-25
2025-11-19 09:40:58 | DEBUG    | Found option contract: BANKNIFTY25NOV2557300CE | strike=57300 | option_type=CE | expiry=2025-11-25
2025-11-19 09:40:58 | DEBUG    | Found option contract: BANKNIFTY25NOV2557300PE | strike=57300 | option_type=PE | expiry=2025-11-25
2025-11-19 09:40:58 | DEBUG    | Found option contract: BANKNIFTY25NOV2555300PE | strike=55300 | option_type=PE | expiry=2025-11-25
2025-11-19 09:40:58 | DEBUG    | Found option contract: BANKNIFTY25NOV2557300CE | strike=57300 | option_type=CE | expiry=2025-11-25
2025-11-19 09:40:58 | DEBUG    | Found option contract: BANKNIFTY25NOV2555300PE | strike=55300 | option_type=PE | expiry=2025-11-25
2025-11-19 09:41:02 | DEBUG    | Found option contract: BANKNIFTY25NOV2557300PE | strike=57300 | option_type=PE | expiry=2025-11-25
2025-11-19 09:41:04 | DEBUG    | Found option contract: BANKNIFTY25NOV2557300PE | strike=57300 | option_type=PE | expiry=2025-11-25
2025-11-19 09:41:04 | DEBUG    | Found option contract: BANKNIFTY25NOV2559300CE | strike=59300 | option_type=CE | expiry=2025-11-25
2025-11-19 09:41:08 | DEBUG    | Found option contract: BANKNIFTY25NOV2557300CE | strike=57300 | option_type=CE | expiry=2025-11-25
2025-11-19 09:41:11 | INFO     | Refreshing option chain from Zerodha...
2025-11-19 09:41:11 | INFO     | Found 102 BankNifty option contracts
2025-11-19 09:41:11 | INFO     | Current expiry: 2025-11-25 | expiry_date=2025-11-25 | days_until_expiry=6
2025-11-19 09:41:11 | INFO     | Found 102 options for current expiry
2025-11-19 09:41:11 | INFO     | Option chain cached | total_contracts=102 | expiry=2025-11-25
2025-11-19 09:41:11 | INFO     | Refreshing option chain from Zerodha...
2025-11-19 09:41:11 | INFO     | Found 102 BankNifty option contracts
2025-11-19 09:41:11 | INFO     | Current expiry: 2025-11-25 | expiry_date=2025-11-25 | days_until_expiry=6
2025-11-19 09:41:11 | INFO     | Found 102 options for current expiry
2025-11-19 09:41:11 | INFO     | Option chain cached | total_contracts=102 | expiry=2025-11-25
2025-11-19 09:41:11 | INFO     | Refreshing option chain from Zerodha...
2025-11-19 09:41:11 | INFO     | Found 102 BankNifty option contracts
2025-11-19 09:41:11 | INFO     | Current expiry: 2025-11-25 | expiry_date=2025-11-25 | days_until_expiry=6
2025-11-19 09:41:11 | INFO     | Found 102 options for current expiry
2025-11-19 09:41:11 | INFO     | Option chain cached | total_contracts=102 | expiry=2025-11-25
2025-11-19 09:41:11 | DEBUG    | Found option contract: BANKNIFTY25NOV2557300CE | strike=57300 | option_type=CE | expiry=2025-11-25
2025-11-19 09:41:11 | DEBUG    | Found option contract: BANKNIFTY25NOV2557300PE | strike=57300 | option_type=PE | expiry=2025-11-25
2025-11-19 09:41:11 | DEBUG    | Found option contract: BANKNIFTY25NOV2555300PE | strike=55300 | option_type=PE | expiry=2025-11-25
2025-11-19 09:41:11 | DEBUG    | Found option contract: BANKNIFTY25NOV2557300CE | strike=57300 | option_type=CE | expiry=2025-11-25
2025-11-19 09:41:11 | DEBUG    | Found option contract: BANKNIFTY25NOV2555300PE | strike=55300 | option_type=PE | expiry=2025-11-25
2025-11-19 09:41:15 | DEBUG    | Found option contract: BANKNIFTY25NOV2557300PE | strike=57300 | option_type=PE | expiry=2025-11-25
2025-11-19 09:41:17 | INFO     | Refreshing option chain from Zerodha...
2025-11-19 09:41:17 | INFO     | Found 102 BankNifty option contracts
2025-11-19 09:41:17 | INFO     | Current expiry: 2025-11-25 | expiry_date=2025-11-25 | days_until_expiry=6
2025-11-19 09:41:17 | INFO     | Found 102 options for current expiry
2025-11-19 09:41:17 | INFO     | Option chain cached | total_contracts=102 | expiry=2025-11-25
2025-11-19 09:41:17 | DEBUG    | Found option contract: BANKNIFTY25NOV2557300CE | strike=57300 | option_type=CE | expiry=2025-11-25
2025-11-19 09:41:17 | DEBUG    | Found option contract: BANKNIFTY25NOV2557300PE | strike=57300 | option_type=PE | expiry=2025-11-25
2025-11-19 09:41:17 | DEBUG    | Found option contract: BANKNIFTY25NOV2555300PE | strike=55300 | option_type=PE | expiry=2025-11-25
2025-11-19 09:41:17 | DEBUG    | Found option contract: BANKNIFTY25NOV2557300CE | strike=57300 | option_type=CE | expiry=2025-11-25
2025-11-19 09:41:17 | DEBUG    | Found option contract: BANKNIFTY25NOV2555300PE | strike=55300 | option_type=PE | expiry=2025-11-25
2025-11-19 09:41:21 | DEBUG    | Found option contract: BANKNIFTY25NOV2557300PE | strike=57300 | option_type=PE | expiry=2025-11-25
2025-11-19 09:45:11 | INFO     | Refreshing option chain from Zerodha...
2025-11-19 09:45:11 | INFO     | Found 102 BankNifty option contracts
2025-11-19 09:45:11 | INFO     | Current expiry: 2025-11-25 | expiry_date=2025-11-25 | days_until_expiry=6
2025-11-19 09:45:11 | INFO     | Found 102 options for current expiry
2025-11-19 09:45:11 | INFO     | Option chain cached | total_contracts=102 | expiry=2025-11-25
2025-11-19 09:45:11 | INFO     | Refreshing option chain from Zerodha...
2025-11-19 09:45:11 | INFO     | Found 102 BankNifty option contracts
2025-11-19 09:45:11 | INFO     | Current expiry: 2025-11-25 | expiry_date=2025-11-25 | days_until_expiry=6
2025-11-19 09:45:11 | INFO     | Found 102 options for current expiry
2025-11-19 09:45:11 | INFO     | Option chain cached | total_contracts=102 | expiry=2025-11-25
2025-11-19 09:45:11 | DEBUG    | Found option contract: BANKNIFTY25NOV2557300CE | strike=57300 | option_type=CE | expiry=2025-11-25
2025-11-19 09:45:11 | DEBUG    | Found option contract: BANKNIFTY25NOV2557300PE | strike=57300 | option_type=PE | expiry=2025-11-25
2025-11-19 09:45:11 | DEBUG    | Found option contract: BANKNIFTY25NOV2555300PE | strike=55300 | option_type=PE | expiry=2025-11-25
2025-11-19 09:45:11 | DEBUG    | Found option contract: BANKNIFTY25NOV2557300CE | strike=57300 | option_type=CE | expiry=2025-11-25
2025-11-19 09:45:11 | DEBUG    | Found option contract: BANKNIFTY25NOV2555300PE | strike=55300 | option_type=PE | expiry=2025-11-25
2025-11-19 09:45:15 | DEBUG    | Found option contract: BANKNIFTY25NOV2557300PE | strike=57300 | option_type=PE | expiry=2025-11-25
2025-11-19 09:45:17 | INFO     | Refreshing option chain from Zerodha...
2025-11-19 09:45:17 | INFO     | Found 102 BankNifty option contracts
2025-11-19 09:45:17 | INFO     | Current expiry: 2025-11-25 | expiry_date=2025-11-25 | days_until_expiry=6
2025-11-19 09:45:17 | INFO     | Found 102 options for current expiry
2025-11-19 09:45:17 | INFO     | Option chain cached | total_contracts=102 | expiry=2025-11-25
2025-11-19 09:45:17 | INFO     | Refreshing option chain from Zerodha...
2025-11-19 09:45:17 | INFO     | Found 102 BankNifty option contracts
2025-11-19 09:45:17 | INFO     | Current expiry: 2025-11-25 | expiry_date=2025-11-25 | days_until_expiry=6
2025-11-19 09:45:17 | INFO     | Found 102 options for current expiry
2025-11-19 09:45:17 | INFO     | Option chain cached | total_contracts=102 | expiry=2025-11-25
2025-11-19 09:45:17 | DEBUG    | Found option contract: BANKNIFTY25NOV2557300CE | strike=57300 | option_type=CE | expiry=2025-11-25
2025-11-19 09:45:17 | DEBUG    | Found option contract: BANKNIFTY25NOV2557300PE | strike=57300 | option_type=PE | expiry=2025-11-25
2025-11-19 09:45:17 | DEBUG    | Found option contract: BANKNIFTY25NOV2555300PE | strike=55300 | option_type=PE | expiry=2025-11-25
2025-11-19 09:45:17 | DEBUG    | Found option contract: BANKNIFTY25NOV2557300CE | strike=57300 | option_type=CE | expiry=2025-11-25
2025-11-19 09:45:17 | DEBUG    | Found option contract: BANKNIFTY25NOV2555300PE | strike=55300 | option_type=PE | expiry=2025-11-25
2025-11-19 09:45:21 | DEBUG    | Found option contract: BANKNIFTY25NOV2557300PE | strike=57300 | option_type=PE | expiry=2025-11-25
2025-11-19 09:45:24 | DEBUG    | Found option contract: BANKNIFTY25NOV2557300CE | strike=57300 | option_type=CE | expiry=2025-11-25
2025-11-19 09:45:24 | DEBUG    | Found option contract: BANKNIFTY25NOV2557300PE | strike=57300 | option_type=PE | expiry=2025-11-25
2025-11-19 09:45:24 | DEBUG    | Found option contract: BANKNIFTY25NOV2555300PE | strike=55300 | option_type=PE | expiry=2025-11-25
2025-11-19 09:45:24 | DEBUG    | Found option contract: BANKNIFTY25NOV2557300CE | strike=57300 | option_type=CE | expiry=2025-11-25
2025-11-19 09:45:24 | DEBUG    | Found option contract: BANKNIFTY25NOV2555300PE | strike=55300 | option_type=PE | expiry=2025-11-25
2025-11-19 09:45:28 | DEBUG    | Found option contract: BANKNIFTY25NOV2557300PE | strike=57300 | option_type=PE | expiry=2025-11-25
2025-11-19 09:45:30 | DEBUG    | Found option contract: BANKNIFTY25NOV2557300PE | strike=57300 | option_type=PE | expiry=2025-11-25
2025-11-19 09:45:30 | DEBUG    | Found option contract: BANKNIFTY25NOV2559300CE | strike=59300 | option_type=CE | expiry=2025-11-25
2025-11-19 09:45:34 | DEBUG    | Found option contract: BANKNIFTY25NOV2557300CE | strike=57300 | option_type=CE | expiry=2025-11-25
2025-11-19 09:45:36 | INFO     | Refreshing option chain from Zerodha...
2025-11-19 09:45:36 | INFO     | Found 102 BankNifty option contracts
2025-11-19 09:45:36 | INFO     | Current expiry: 2025-11-25 | expiry_date=2025-11-25 | days_until_expiry=6
2025-11-19 09:45:36 | INFO     | Found 102 options for current expiry
2025-11-19 09:45:36 | INFO     | Option chain cached | total_contracts=102 | expiry=2025-11-25
2025-11-19 09:45:36 | INFO     | Refreshing option chain from Zerodha...
2025-11-19 09:45:36 | INFO     | Found 102 BankNifty option contracts
2025-11-19 09:45:36 | INFO     | Current expiry: 2025-11-25 | expiry_date=2025-11-25 | days_until_expiry=6
2025-11-19 09:45:36 | INFO     | Found 102 options for current expiry
2025-11-19 09:45:36 | INFO     | Option chain cached | total_contracts=102 | expiry=2025-11-25
2025-11-19 09:45:36 | INFO     | Refreshing option chain from Zerodha...
2025-11-19 09:45:36 | INFO     | Found 102 BankNifty option contracts
2025-11-19 09:45:36 | INFO     | Current expiry: 2025-11-25 | expiry_date=2025-11-25 | days_until_expiry=6
2025-11-19 09:45:36 | INFO     | Found 102 options for current expiry
2025-11-19 09:45:36 | INFO     | Option chain cached | total_contracts=102 | expiry=2025-11-25
2025-11-19 09:45:36 | DEBUG    | Found option contract: BANKNIFTY25NOV2557300CE | strike=57300 | option_type=CE | expiry=2025-11-25
2025-11-19 09:45:36 | DEBUG    | Found option contract: BANKNIFTY25NOV2557300PE | strike=57300 | option_type=PE | expiry=2025-11-25
2025-11-19 09:45:36 | DEBUG    | Found option contract: BANKNIFTY25NOV2555300PE | strike=55300 | option_type=PE | expiry=2025-11-25
2025-11-19 09:45:36 | DEBUG    | Found option contract: BANKNIFTY25NOV2557300CE | strike=57300 | option_type=CE | expiry=2025-11-25
2025-11-19 09:45:36 | DEBUG    | Found option contract: BANKNIFTY25NOV2555300PE | strike=55300 | option_type=PE | expiry=2025-11-25
2025-11-19 09:45:40 | DEBUG    | Found option contract: BANKNIFTY25NOV2557300PE | strike=57300 | option_type=PE | expiry=2025-11-25
2025-11-19 09:45:42 | INFO     | Refreshing option chain from Zerodha...
2025-11-19 09:45:42 | INFO     | Found 102 BankNifty option contracts
2025-11-19 09:45:42 | INFO     | Current expiry: 2025-11-25 | expiry_date=2025-11-25 | days_until_expiry=6
2025-11-19 09:45:42 | INFO     | Found 102 options for current expiry
2025-11-19 09:45:42 | INFO     | Option chain cached | total_contracts=102 | expiry=2025-11-25
2025-11-19 09:45:42 | DEBUG    | Found option contract: BANKNIFTY25NOV2557300CE | strike=57300 | option_type=CE | expiry=2025-11-25
2025-11-19 09:45:42 | DEBUG    | Found option contract: BANKNIFTY25NOV2557300PE | strike=57300 | option_type=PE | expiry=2025-11-25
2025-11-19 09:45:42 | DEBUG    | Found option contract: BANKNIFTY25NOV2555300PE | strike=55300 | option_type=PE | expiry=2025-11-25
2025-11-19 09:45:42 | DEBUG    | Found option contract: BANKNIFTY25NOV2557300CE | strike=57300 | option_type=CE | expiry=2025-11-25
2025-11-19 09:45:42 | DEBUG    | Found option contract: BANKNIFTY25NOV2555300PE | strike=55300 | option_type=PE | expiry=2025-11-25
2025-11-19 09:45:46 | DEBUG    | Found option contract: BANKNIFTY25NOV2557300PE | strike=57300 | option_type=PE | expiry=2025-11-25
2025-11-19 10:34:33 | INFO     | Refreshing option chain from Zerodha...
2025-11-19 10:34:36 | INFO     | Found 981 BankNifty option contracts
2025-11-19 10:34:36 | INFO     | Current expiry: 2025-11-25 | expiry_date=2025-11-25 | days_until_expiry=6
2025-11-19 10:34:36 | INFO     | Found 330 options for current expiry
2025-11-19 10:34:36 | INFO     | Option chain cached | total_contracts=330 | expiry=2025-11-25
2025-11-19 10:34:40 | INFO     | Refreshing option chain from Zerodha...
2025-11-19 10:34:42 | INFO     | Found 981 BankNifty option contracts
2025-11-19 10:34:42 | INFO     | Current expiry: 2025-11-25 | expiry_date=2025-11-25 | days_until_expiry=6
2025-11-19 10:34:42 | INFO     | Found 330 options for current expiry
2025-11-19 10:34:42 | INFO     | Option chain cached | total_contracts=330 | expiry=2025-11-25
2025-11-19 10:34:42 | DEBUG    | Found option contract: BANKNIFTY25NOV57300CE | strike=57300 | option_type=CE | expiry=2025-11-25
2025-11-19 10:34:42 | DEBUG    | Found option contract: BANKNIFTY25NOV57300PE | strike=57300 | option_type=PE | expiry=2025-11-25
2025-11-19 10:34:42 | DEBUG    | Found option contract: BANKNIFTY25NOV55300PE | strike=55300 | option_type=PE | expiry=2025-11-25
2025-11-19 10:34:43 | DEBUG    | Found option contract: BANKNIFTY25NOV57300CE | strike=57300 | option_type=CE | expiry=2025-11-25
2025-11-19 10:34:43 | DEBUG    | Found option contract: BANKNIFTY25NOV55300PE | strike=55300 | option_type=PE | expiry=2025-11-25
2025-11-19 10:34:47 | DEBUG    | Found option contract: BANKNIFTY25NOV57300PE | strike=57300 | option_type=PE | expiry=2025-11-25
2025-11-19 10:36:32 | INFO     | Refreshing option chain from Zerodha...
2025-11-19 10:36:35 | INFO     | Found 981 BankNifty option contracts
2025-11-19 10:36:35 | INFO     | Current expiry: 2025-11-25 | expiry_date=2025-11-25 | days_until_expiry=6
2025-11-19 10:36:35 | INFO     | Found 330 options for current expiry
2025-11-19 10:36:35 | INFO     | Option chain cached | total_contracts=330 | expiry=2025-11-25
2025-11-19 10:36:38 | DEBUG    | Found option contract: BANKNIFTY25NOV59200CE | strike=59200 | option_type=CE | expiry=2025-11-25
2025-11-19 10:36:38 | DEBUG    | Found option contract: BANKNIFTY25NOV59200PE | strike=59200 | option_type=PE | expiry=2025-11-25
2025-11-19 10:36:38 | DEBUG    | Found option contract: BANKNIFTY25NOV57200PE | strike=57200 | option_type=PE | expiry=2025-11-25
2025-11-19 10:36:39 | DEBUG    | Found option contract: BANKNIFTY25NOV59200CE | strike=59200 | option_type=CE | expiry=2025-11-25
2025-11-19 10:36:39 | DEBUG    | Found option contract: BANKNIFTY25NOV57200PE | strike=57200 | option_type=PE | expiry=2025-11-25
2025-11-19 10:36:43 | DEBUG    | Found option contract: BANKNIFTY25NOV59200PE | strike=59200 | option_type=PE | expiry=2025-11-25
2025-11-19 10:36:47 | DEBUG    | Found option contract: BANKNIFTY25NOV59200CE | strike=59200 | option_type=CE | expiry=2025-11-25
2025-11-19 10:36:47 | DEBUG    | Found option contract: BANKNIFTY25NOV59200PE | strike=59200 | option_type=PE | expiry=2025-11-25
2025-11-19 10:36:47 | DEBUG    | Found option contract: BANKNIFTY25NOV57200PE | strike=57200 | option_type=PE | expiry=2025-11-25
2025-11-19 10:36:48 | DEBUG    | Found option contract: BANKNIFTY25NOV59200PE | strike=59200 | option_type=PE | expiry=2025-11-25
2025-11-19 10:36:48 | DEBUG    | Found option contract: BANKNIFTY25NOV61200CE | strike=61200 | option_type=CE | expiry=2025-11-25
2025-11-19 10:36:52 | DEBUG    | Found option contract: BANKNIFTY25NOV59200CE | strike=59200 | option_type=CE | expiry=2025-11-25
2025-11-19 10:37:30 | INFO     | Refreshing option chain from Zerodha...
2025-11-19 10:37:33 | INFO     | Found 981 BankNifty option contracts
2025-11-19 10:37:33 | INFO     | Current expiry: 2025-11-25 | expiry_date=2025-11-25 | days_until_expiry=6
2025-11-19 10:37:33 | INFO     | Found 330 options for current expiry
2025-11-19 10:37:33 | INFO     | Option chain cached | total_contracts=330 | expiry=2025-11-25
2025-11-19 10:37:33 | DEBUG    | Found option contract: BANKNIFTY25NOV57300CE | strike=57300 | option_type=CE | expiry=2025-11-25
2025-11-19 10:37:33 | DEBUG    | Found option contract: BANKNIFTY25NOV57300PE | strike=57300 | option_type=PE | expiry=2025-11-25
2025-11-19 10:37:33 | DEBUG    | Found option contract: BANKNIFTY25NOV55300PE | strike=55300 | option_type=PE | expiry=2025-11-25
2025-11-19 10:37:34 | DEBUG    | Found option contract: BANKNIFTY25NOV57300CE | strike=57300 | option_type=CE | expiry=2025-11-25
2025-11-19 10:37:34 | DEBUG    | Found option contract: BANKNIFTY25NOV55300PE | strike=55300 | option_type=PE | expiry=2025-11-25
2025-11-19 10:37:38 | DEBUG    | Found option contract: BANKNIFTY25NOV57300PE | strike=57300 | option_type=PE | expiry=2025-11-25
2025-11-19 10:49:58 | INFO     | Refreshing option chain from Zerodha...
2025-11-19 10:49:58 | INFO     | Found 12 BankNifty option contracts
2025-11-19 10:49:58 | INFO     | Current expiry: 2025-11-25 | expiry_date=2025-11-25 | days_until_expiry=6
2025-11-19 10:49:58 | INFO     | Found 12 options for current expiry
2025-11-19 10:49:58 | INFO     | Option chain cached | total_contracts=12 | expiry=2025-11-25
2025-11-19 10:49:58 | INFO     | Refreshing option chain from Zerodha...
2025-11-19 10:49:58 | INFO     | Found 12 BankNifty option contracts
2025-11-19 10:49:58 | INFO     | Current expiry: 2025-11-25 | expiry_date=2025-11-25 | days_until_expiry=6
2025-11-19 10:49:58 | INFO     | Found 12 options for current expiry
2025-11-19 10:49:58 | INFO     | Option chain cached | total_contracts=12 | expiry=2025-11-25
2025-11-19 10:49:58 | DEBUG    | Found option contract: BANKNIFTY25NOV2557300CE | strike=57300 | option_type=CE | expiry=2025-11-25
2025-11-19 10:49:58 | DEBUG    | Found option contract: BANKNIFTY25NOV2557300PE | strike=57300 | option_type=PE | expiry=2025-11-25
2025-11-19 10:49:58 | WARNING  | Option contract not found | strike=99999 | option_type=CE | expiry=2025-11-25
2025-11-19 10:49:58 | INFO     | Refreshing option chain from Zerodha...
2025-11-19 10:49:58 | INFO     | Found 12 BankNifty option contracts
2025-11-19 10:49:58 | INFO     | Current expiry: 2025-11-25 | expiry_date=2025-11-25 | days_until_expiry=6
2025-11-19 10:49:58 | INFO     | Found 12 options for current expiry
2025-11-19 10:49:58 | INFO     | Option chain cached | total_contracts=12 | expiry=2025-11-25
2025-11-19 10:49:58 | DEBUG    | Found option contract: BANKNIFTY25NOV2557300CE | strike=57300 | option_type=CE | expiry=2025-11-25
2025-11-19 10:49:58 | DEBUG    | Found option contract: BANKNIFTY25NOV2557300PE | strike=57300 | option_type=PE | expiry=2025-11-25
2025-11-19 10:49:58 | WARNING  | Option contract not found | strike=99999 | option_type=CE | expiry=2025-11-25
2025-11-19 10:49:58 | INFO     | Refreshing option chain from Zerodha...
2025-11-19 10:49:58 | INFO     | Found 12 BankNifty option contracts
2025-11-19 10:49:58 | INFO     | Current expiry: 2025-11-25 | expiry_date=2025-11-25 | days_until_expiry=6
2025-11-19 10:49:58 | INFO     | Found 12 options for current expiry
2025-11-19 10:49:58 | INFO     | Option chain cached | total_contracts=12 | expiry=2025-11-25
2025-11-19 10:49:58 | DEBUG    | Found option contract: BANKNIFTY25NOV2557300CE | strike=57300 | option_type=CE | expiry=2025-11-25
2025-11-19 10:49:58 | DEBUG    | Found option contract: BANKNIFTY25NOV2557300CE | strike=57300 | option_type=CE | expiry=2025-11-25
2025-11-19 10:49:58 | WARNING  | Option contract not found | strike=99999 | option_type=CE | expiry=2025-11-25
2025-11-19 10:49:58 | INFO     | Refreshing option chain from Zerodha...
2025-11-19 10:49:58 | INFO     | Found 12 BankNifty option contracts
2025-11-19 10:49:58 | INFO     | Current expiry: 2025-11-25 | expiry_date=2025-11-25 | days_until_expiry=6
2025-11-19 10:49:58 | INFO     | Found 12 options for current expiry
2025-11-19 10:49:58 | INFO     | Option chain cached | total_contracts=12 | expiry=2025-11-25
2025-11-19 10:49:58 | INFO     | Refreshing option chain from Zerodha...
2025-11-19 10:49:58 | INFO     | Found 12 BankNifty option contracts
2025-11-19 10:49:58 | INFO     | Current expiry: 2025-11-25 | expiry_date=2025-11-25 | days_until_expiry=6
2025-11-19 10:49:58 | INFO     | Found 12 options for current expiry
2025-11-19 10:49:58 | INFO     | Option chain cached | total_contracts=12 | expiry=2025-11-25
2025-11-19 10:49:58 | INFO     | Refreshing option chain from Zerodha...
2025-11-19 10:49:58 | INFO     | Found 14 BankNifty option contracts
2025-11-19 10:49:58 | INFO     | Current expiry: 2025-11-25 | expiry_date=2025-11-25 | days_until_expiry=6
2025-11-19 10:49:58 | INFO     | Found 14 options for current expiry
2025-11-19 10:49:58 | INFO     | Option chain cached | total_contracts=14 | expiry=2025-11-25
2025-11-19 10:49:58 | INFO     | Refreshing option chain from Zerodha...
2025-11-19 10:49:58 | INFO     | Found 102 BankNifty option contracts
2025-11-19 10:49:58 | INFO     | Current expiry: 2025-11-25 | expiry_date=2025-11-25 | days_until_expiry=6
2025-11-19 10:49:58 | INFO     | Found 102 options for current expiry
2025-11-19 10:49:58 | INFO     | Option chain cached | total_contracts=102 | expiry=2025-11-25
2025-11-19 10:49:58 | INFO     | Refreshing option chain from Zerodha...
2025-11-19 10:49:58 | INFO     | Found 12 BankNifty option contracts
2025-11-19 10:49:58 | INFO     | Current expiry: 2025-11-25 | expiry_date=2025-11-25 | days_until_expiry=6
2025-11-19 10:49:58 | INFO     | Found 12 options for current expiry
2025-11-19 10:49:58 | INFO     | Option chain cached | total_contracts=12 | expiry=2025-11-25
2025-11-19 10:49:58 | DEBUG    | Found option contract: BANKNIFTY25NOV2557300CE | strike=57300 | option_type=CE | expiry=2025-11-25
2025-11-19 10:49:58 | DEBUG    | Found option contract: BANKNIFTY25NOV2557300CE | strike=57300 | option_type=CE | expiry=2025-11-25
2025-11-19 10:49:58 | DEBUG    | Found option contract: BANKNIFTY25NOV2557300CE | strike=57300 | option_type=CE | expiry=2025-11-25
2025-11-19 10:49:58 | DEBUG    | Found option contract: BANKNIFTY25NOV2557300CE | strike=57300 | option_type=CE | expiry=2025-11-25
2025-11-19 10:49:58 | DEBUG    | Found option contract: BANKNIFTY25NOV2557300CE | strike=57300 | option_type=CE | expiry=2025-11-25
2025-11-19 10:50:00 | INFO     | Refreshing option chain from Zerodha...
2025-11-19 10:50:00 | INFO     | Found 102 BankNifty option contracts
2025-11-19 10:50:00 | INFO     | Current expiry: 2025-11-25 | expiry_date=2025-11-25 | days_until_expiry=6
2025-11-19 10:50:00 | INFO     | Found 102 options for current expiry
2025-11-19 10:50:00 | INFO     | Option chain cached | total_contracts=102 | expiry=2025-11-25
2025-11-19 10:50:00 | INFO     | Refreshing option chain from Zerodha...
2025-11-19 10:50:00 | INFO     | Found 102 BankNifty option contracts
2025-11-19 10:50:00 | INFO     | Current expiry: 2025-11-25 | expiry_date=2025-11-25 | days_until_expiry=6
2025-11-19 10:50:00 | INFO     | Found 102 options for current expiry
2025-11-19 10:50:00 | INFO     | Option chain cached | total_contracts=102 | expiry=2025-11-25
2025-11-19 10:50:00 | DEBUG    | Found option contract: BANKNIFTY25NOV2557300CE | strike=57300 | option_type=CE | expiry=2025-11-25
2025-11-19 10:50:00 | DEBUG    | Found option contract: BANKNIFTY25NOV2557300PE | strike=57300 | option_type=PE | expiry=2025-11-25
2025-11-19 10:50:00 | DEBUG    | Found option contract: BANKNIFTY25NOV2555300PE | strike=55300 | option_type=PE | expiry=2025-11-25
2025-11-19 10:50:00 | INFO     | Refreshing option chain from Zerodha...
2025-11-19 10:50:00 | INFO     | Found 102 BankNifty option contracts
2025-11-19 10:50:00 | INFO     | Current expiry: 2025-11-25 | expiry_date=2025-11-25 | days_until_expiry=6
2025-11-19 10:50:00 | INFO     | Found 102 options for current expiry
2025-11-19 10:50:00 | INFO     | Option chain cached | total_contracts=102 | expiry=2025-11-25
2025-11-19 10:50:00 | DEBUG    | Found option contract: BANKNIFTY25NOV2557300CE | strike=57300 | option_type=CE | expiry=2025-11-25
2025-11-19 10:50:00 | DEBUG    | Found option contract: BANKNIFTY25NOV2557300PE | strike=57300 | option_type=PE | expiry=2025-11-25
2025-11-19 10:50:00 | DEBUG    | Found option contract: BANKNIFTY25NOV2555300PE | strike=55300 | option_type=PE | expiry=2025-11-25
2025-11-19 10:50:00 | INFO     | Refreshing option chain from Zerodha...
2025-11-19 10:50:00 | INFO     | Found 102 BankNifty option contracts
2025-11-19 10:50:00 | INFO     | Current expiry: 2025-11-25 | expiry_date=2025-11-25 | days_until_expiry=6
2025-11-19 10:50:00 | INFO     | Found 102 options for current expiry
2025-11-19 10:50:00 | INFO     | Option chain cached | total_contracts=102 | expiry=2025-11-25
2025-11-19 10:50:00 | DEBUG    | Found option contract: BANKNIFTY25NOV2557300CE | strike=57300 | option_type=CE | expiry=2025-11-25
2025-11-19 10:50:00 | DEBUG    | Found option contract: BANKNIFTY25NOV2557300PE | strike=57300 | option_type=PE | expiry=2025-11-25
2025-11-19 10:50:00 | DEBUG    | Found option contract: BANKNIFTY25NOV2555300PE | strike=55300 | option_type=PE | expiry=2025-11-25
2025-11-19 10:50:00 | INFO     | Refreshing option chain from Zerodha...
2025-11-19 10:50:00 | INFO     | Found 102 BankNifty option contracts
2025-11-19 10:50:00 | INFO     | Current expiry: 2025-11-25 | expiry_date=2025-11-25 | days_until_expiry=6
2025-11-19 10:50:00 | INFO     | Found 102 options for current expiry
2025-11-19 10:50:00 | INFO     | Option chain cached | total_contracts=102 | expiry=2025-11-25
2025-11-19 10:50:00 | DEBUG    | Found option contract: BANKNIFTY25NOV2557300CE | strike=57300 | option_type=CE | expiry=2025-11-25
2025-11-19 10:50:00 | DEBUG    | Found option contract: BANKNIFTY25NOV2557300PE | strike=57300 | option_type=PE | expiry=2025-11-25
2025-11-19 10:50:00 | DEBUG    | Found option contract: BANKNIFTY25NOV2555300PE | strike=55300 | option_type=PE | expiry=2025-11-25
2025-11-19 10:50:00 | INFO     | Refreshing option chain from Zerodha...
2025-11-19 10:50:00 | INFO     | Found 102 BankNifty option contracts
2025-11-19 10:50:00 | INFO     | Current expiry: 2025-11-25 | expiry_date=2025-11-25 | days_until_expiry=6
2025-11-19 10:50:00 | INFO     | Found 102 options for current expiry
2025-11-19 10:50:00 | INFO     | Option chain cached | total_contracts=102 | expiry=2025-11-25
2025-11-19 10:50:00 | DEBUG    | Found option contract: BANKNIFTY25NOV2557300CE | strike=57300 | option_type=CE | expiry=2025-11-25
2025-11-19 10:50:00 | DEBUG    | Found option contract: BANKNIFTY25NOV2557300PE | strike=57300 | option_type=PE | expiry=2025-11-25
2025-11-19 10:50:00 | DEBUG    | Found option contract: BANKNIFTY25NOV2555300PE | strike=55300 | option_type=PE | expiry=2025-11-25
2025-11-19 10:50:00 | DEBUG    | Found option contract: BANKNIFTY25NOV2557300CE | strike=57300 | option_type=CE | expiry=2025-11-25
2025-11-19 10:50:00 | DEBUG    | Found option contract: BANKNIFTY25NOV2557300PE | strike=57300 | option_type=PE | expiry=2025-11-25
2025-11-19 10:50:00 | DEBUG    | Found option contract: BANKNIFTY25NOV2555300PE | strike=55300 | option_type=PE | expiry=2025-11-25
2025-11-19 10:50:00 | DEBUG    | Found option contract: BANKNIFTY25NOV2557300CE | strike=57300 | option_type=CE | expiry=2025-11-25
2025-11-19 10:50:00 | DEBUG    | Found option contract: BANKNIFTY25NOV2557300PE | strike=57300 | option_type=PE | expiry=2025-11-25
2025-11-19 10:50:00 | DEBUG    | Found option contract: BANKNIFTY25NOV2555300PE | strike=55300 | option_type=PE | expiry=2025-11-25
2025-11-19 10:50:00 | DEBUG    | Found option contract: BANKNIFTY25NOV2557300CE | strike=57300 | option_type=CE | expiry=2025-11-25
2025-11-19 10:50:00 | DEBUG    | Found option contract: BANKNIFTY25NOV2557300PE | strike=57300 | option_type=PE | expiry=2025-11-25
2025-11-19 10:50:00 | DEBUG    | Found option contract: BANKNIFTY25NOV2555300PE | strike=55300 | option_type=PE | expiry=2025-11-25
2025-11-19 10:50:01 | INFO     | Refreshing option chain from Zerodha...
2025-11-19 10:50:01 | INFO     | Found 102 BankNifty option contracts
2025-11-19 10:50:01 | INFO     | Current expiry: 2025-11-25 | expiry_date=2025-11-25 | days_until_expiry=6
2025-11-19 10:50:01 | INFO     | Found 102 options for current expiry
2025-11-19 10:50:01 | INFO     | Option chain cached | total_contracts=102 | expiry=2025-11-25
2025-11-19 10:50:01 | INFO     | Refreshing option chain from Zerodha...
2025-11-19 10:50:01 | INFO     | Found 102 BankNifty option contracts
2025-11-19 10:50:01 | INFO     | Current expiry: 2025-11-25 | expiry_date=2025-11-25 | days_until_expiry=6
2025-11-19 10:50:01 | INFO     | Found 102 options for current expiry
2025-11-19 10:50:01 | INFO     | Option chain cached | total_contracts=102 | expiry=2025-11-25
2025-11-19 10:50:01 | DEBUG    | Found option contract: BANKNIFTY25NOV2557300CE | strike=57300 | option_type=CE | expiry=2025-11-25
2025-11-19 10:50:01 | DEBUG    | Found option contract: BANKNIFTY25NOV2555300PE | strike=55300 | option_type=PE | expiry=2025-11-25
2025-11-19 10:50:05 | DEBUG    | Found option contract: BANKNIFTY25NOV2557300PE | strike=57300 | option_type=PE | expiry=2025-11-25
2025-11-19 10:50:08 | INFO     | Refreshing option chain from Zerodha...
2025-11-19 10:50:08 | INFO     | Found 102 BankNifty option contracts
2025-11-19 10:50:08 | INFO     | Current expiry: 2025-11-25 | expiry_date=2025-11-25 | days_until_expiry=6
2025-11-19 10:50:08 | INFO     | Found 102 options for current expiry
2025-11-19 10:50:08 | INFO     | Option chain cached | total_contracts=102 | expiry=2025-11-25
2025-11-19 10:50:08 | DEBUG    | Found option contract: BANKNIFTY25NOV2557300PE | strike=57300 | option_type=PE | expiry=2025-11-25
2025-11-19 10:50:08 | DEBUG    | Found option contract: BANKNIFTY25NOV2559300CE | strike=59300 | option_type=CE | expiry=2025-11-25
2025-11-19 10:50:12 | DEBUG    | Found option contract: BANKNIFTY25NOV2557300CE | strike=57300 | option_type=CE | expiry=2025-11-25
2025-11-19 10:50:14 | INFO     | Refreshing option chain from Zerodha...
2025-11-19 10:50:14 | INFO     | Found 102 BankNifty option contracts
2025-11-19 10:50:14 | INFO     | Current expiry: 2025-11-25 | expiry_date=2025-11-25 | days_until_expiry=6
2025-11-19 10:50:14 | INFO     | Found 102 options for current expiry
2025-11-19 10:50:14 | INFO     | Option chain cached | total_contracts=102 | expiry=2025-11-25
2025-11-19 10:50:14 | DEBUG    | Found option contract: BANKNIFTY25NOV2557300CE | strike=57300 | option_type=CE | expiry=2025-11-25
2025-11-19 10:50:14 | DEBUG    | Found option contract: BANKNIFTY25NOV2555300PE | strike=55300 | option_type=PE | expiry=2025-11-25
2025-11-19 10:50:18 | DEBUG    | Found option contract: BANKNIFTY25NOV2557300PE | strike=57300 | option_type=PE | expiry=2025-11-25
2025-11-19 10:50:20 | INFO     | Refreshing option chain from Zerodha...
2025-11-19 10:50:20 | INFO     | Found 102 BankNifty option contracts
2025-11-19 10:50:20 | INFO     | Current expiry: 2025-11-25 | expiry_date=2025-11-25 | days_until_expiry=6
2025-11-19 10:50:20 | INFO     | Found 102 options for current expiry
2025-11-19 10:50:20 | INFO     | Option chain cached | total_contracts=102 | expiry=2025-11-25
2025-11-19 10:50:20 | DEBUG    | Found option contract: BANKNIFTY25NOV2557300CE | strike=57300 | option_type=CE | expiry=2025-11-25
2025-11-19 10:50:20 | DEBUG    | Found option contract: BANKNIFTY25NOV2555300PE | strike=55300 | option_type=PE | expiry=2025-11-25
2025-11-19 10:50:24 | DEBUG    | Found option contract: BANKNIFTY25NOV2557300PE | strike=57300 | option_type=PE | expiry=2025-11-25
2025-11-19 10:50:26 | INFO     | Refreshing option chain from Zerodha...
2025-11-19 10:50:26 | INFO     | Found 102 BankNifty option contracts
2025-11-19 10:50:26 | INFO     | Current expiry: 2025-11-25 | expiry_date=2025-11-25 | days_until_expiry=6
2025-11-19 10:50:26 | INFO     | Found 102 options for current expiry
2025-11-19 10:50:26 | INFO     | Option chain cached | total_contracts=102 | expiry=2025-11-25
2025-11-19 10:50:26 | DEBUG    | Found option contract: BANKNIFTY25NOV2557300CE | strike=57300 | option_type=CE | expiry=2025-11-25
2025-11-19 10:50:26 | DEBUG    | Found option contract: BANKNIFTY25NOV2555300PE | strike=55300 | option_type=PE | expiry=2025-11-25
2025-11-19 10:50:30 | DEBUG    | Found option contract: BANKNIFTY25NOV2557300PE | strike=57300 | option_type=PE | expiry=2025-11-25
2025-11-19 10:50:32 | INFO     | Refreshing option chain from Zerodha...
2025-11-19 10:50:32 | INFO     | Found 102 BankNifty option contracts
2025-11-19 10:50:32 | INFO     | Current expiry: 2025-11-25 | expiry_date=2025-11-25 | days_until_expiry=6
2025-11-19 10:50:32 | INFO     | Found 102 options for current expiry
2025-11-19 10:50:32 | INFO     | Option chain cached | total_contracts=102 | expiry=2025-11-25
2025-11-19 10:50:32 | DEBUG    | Found option contract: BANKNIFTY25NOV2557300CE | strike=57300 | option_type=CE | expiry=2025-11-25
2025-11-19 10:50:32 | DEBUG    | Found option contract: BANKNIFTY25NOV2555300PE | strike=55300 | option_type=PE | expiry=2025-11-25
2025-11-19 10:50:36 | DEBUG    | Found option contract: BANKNIFTY25NOV2557300PE | strike=57300 | option_type=PE | expiry=2025-11-25
2025-11-19 10:50:38 | INFO     | Refreshing option chain from Zerodha...
2025-11-19 10:50:38 | INFO     | Found 102 BankNifty option contracts
2025-11-19 10:50:38 | INFO     | Current expiry: 2025-11-25 | expiry_date=2025-11-25 | days_until_expiry=6
2025-11-19 10:50:38 | INFO     | Found 102 options for current expiry
2025-11-19 10:50:38 | INFO     | Option chain cached | total_contracts=102 | expiry=2025-11-25
2025-11-19 10:50:38 | DEBUG    | Found option contract: BANKNIFTY25NOV2557300CE | strike=57300 | option_type=CE | expiry=2025-11-25
2025-11-19 10:50:38 | DEBUG    | Found option contract: BANKNIFTY25NOV2555300PE | strike=55300 | option_type=PE | expiry=2025-11-25
2025-11-19 10:50:42 | DEBUG    | Found option contract: BANKNIFTY25NOV2557300PE | strike=57300 | option_type=PE | expiry=2025-11-25
2025-11-19 10:50:44 | INFO     | Refreshing option chain from Zerodha...
2025-11-19 10:50:44 | INFO     | Found 102 BankNifty option contracts
2025-11-19 10:50:44 | INFO     | Current expiry: 2025-11-25 | expiry_date=2025-11-25 | days_until_expiry=6
2025-11-19 10:50:44 | INFO     | Found 102 options for current expiry
2025-11-19 10:50:44 | INFO     | Option chain cached | total_contracts=102 | expiry=2025-11-25
2025-11-19 10:50:44 | DEBUG    | Found option contract: BANKNIFTY25NOV2557300CE | strike=57300 | option_type=CE | expiry=2025-11-25
2025-11-19 10:50:44 | DEBUG    | Found option contract: BANKNIFTY25NOV2555300PE | strike=55300 | option_type=PE | expiry=2025-11-25
2025-11-19 10:50:49 | DEBUG    | Found option contract: BANKNIFTY25NOV2557300PE | strike=57300 | option_type=PE | expiry=2025-11-25
2025-11-19 10:50:51 | INFO     | Refreshing option chain from Zerodha...
2025-11-19 10:50:51 | INFO     | Found 102 BankNifty option contracts
2025-11-19 10:50:51 | INFO     | Current expiry: 2025-11-25 | expiry_date=2025-11-25 | days_until_expiry=6
2025-11-19 10:50:51 | INFO     | Found 102 options for current expiry
2025-11-19 10:50:51 | INFO     | Option chain cached | total_contracts=102 | expiry=2025-11-25
2025-11-19 10:50:51 | INFO     | Refreshing option chain from Zerodha...
2025-11-19 10:50:51 | INFO     | Found 102 BankNifty option contracts
2025-11-19 10:50:51 | INFO     | Current expiry: 2025-11-25 | expiry_date=2025-11-25 | days_until_expiry=6
2025-11-19 10:50:51 | INFO     | Found 102 options for current expiry
2025-11-19 10:50:51 | INFO     | Option chain cached | total_contracts=102 | expiry=2025-11-25
2025-11-19 10:50:53 | INFO     | Refreshing option chain from Zerodha...
2025-11-19 10:50:53 | INFO     | Found 102 BankNifty option contracts
2025-11-19 10:50:53 | INFO     | Current expiry: 2025-11-25 | expiry_date=2025-11-25 | days_until_expiry=6
2025-11-19 10:50:53 | INFO     | Found 102 options for current expiry
2025-11-19 10:50:53 | INFO     | Option chain cached | total_contracts=102 | expiry=2025-11-25
2025-11-19 10:50:53 | DEBUG    | Found option contract: BANKNIFTY25NOV2557300CE | strike=57300 | option_type=CE | expiry=2025-11-25
2025-11-19 10:50:53 | DEBUG    | Found option contract: BANKNIFTY25NOV2555300PE | strike=55300 | option_type=PE | expiry=2025-11-25
2025-11-19 10:50:57 | DEBUG    | Found option contract: BANKNIFTY25NOV2557300PE | strike=57300 | option_type=PE | expiry=2025-11-25
2025-11-19 10:50:59 | INFO     | Refreshing option chain from Zerodha...
2025-11-19 10:50:59 | INFO     | Found 102 BankNifty option contracts
2025-11-19 10:50:59 | INFO     | Current expiry: 2025-11-25 | expiry_date=2025-11-25 | days_until_expiry=6
2025-11-19 10:50:59 | INFO     | Found 102 options for current expiry
2025-11-19 10:50:59 | INFO     | Option chain cached | total_contracts=102 | expiry=2025-11-25
2025-11-19 10:50:59 | DEBUG    | Found option contract: BANKNIFTY25NOV2557300CE | strike=57300 | option_type=CE | expiry=2025-11-25
2025-11-19 10:50:59 | DEBUG    | Found option contract: BANKNIFTY25NOV2555300PE | strike=55300 | option_type=PE | expiry=2025-11-25
2025-11-19 10:51:03 | DEBUG    | Found option contract: BANKNIFTY25NOV2557300PE | strike=57300 | option_type=PE | expiry=2025-11-25
2025-11-19 10:51:05 | INFO     | Refreshing option chain from Zerodha...
2025-11-19 10:51:05 | INFO     | Found 102 BankNifty option contracts
2025-11-19 10:51:05 | INFO     | Current expiry: 2025-11-25 | expiry_date=2025-11-25 | days_until_expiry=6
2025-11-19 10:51:05 | INFO     | Found 102 options for current expiry
2025-11-19 10:51:05 | INFO     | Option chain cached | total_contracts=102 | expiry=2025-11-25
2025-11-19 10:51:05 | DEBUG    | Found option contract: BANKNIFTY25NOV2557300CE | strike=57300 | option_type=CE | expiry=2025-11-25
2025-11-19 10:51:05 | DEBUG    | Found option contract: BANKNIFTY25NOV2555300PE | strike=55300 | option_type=PE | expiry=2025-11-25
2025-11-19 10:51:09 | DEBUG    | Found option contract: BANKNIFTY25NOV2557300PE | strike=57300 | option_type=PE | expiry=2025-11-25
2025-11-19 10:51:11 | DEBUG    | Found option contract: BANKNIFTY25NOV2557300PE | strike=57300 | option_type=PE | expiry=2025-11-25
2025-11-19 10:51:11 | DEBUG    | Found option contract: BANKNIFTY25NOV2559300CE | strike=59300 | option_type=CE | expiry=2025-11-25
2025-11-19 10:51:15 | DEBUG    | Found option contract: BANKNIFTY25NOV2557300CE | strike=57300 | option_type=CE | expiry=2025-11-25
2025-11-19 10:51:17 | INFO     | Refreshing option chain from Zerodha...
2025-11-19 10:51:17 | INFO     | Found 102 BankNifty option contracts
2025-11-19 10:51:17 | INFO     | Current expiry: 2025-11-25 | expiry_date=2025-11-25 | days_until_expiry=6
2025-11-19 10:51:17 | INFO     | Found 102 options for current expiry
2025-11-19 10:51:17 | INFO     | Option chain cached | total_contracts=102 | expiry=2025-11-25
2025-11-19 10:51:17 | DEBUG    | Found option contract: BANKNIFTY25NOV2557300CE | strike=57300 | option_type=CE | expiry=2025-11-25
2025-11-19 10:51:17 | DEBUG    | Found option contract: BANKNIFTY25NOV2555300PE | strike=55300 | option_type=PE | expiry=2025-11-25
2025-11-19 10:51:21 | DEBUG    | Found option contract: BANKNIFTY25NOV2557300PE | strike=57300 | option_type=PE | expiry=2025-11-25
2025-11-19 10:51:23 | INFO     | Refreshing option chain from Zerodha...
2025-11-19 10:51:23 | INFO     | Found 102 BankNifty option contracts
2025-11-19 10:51:23 | INFO     | Current expiry: 2025-11-25 | expiry_date=2025-11-25 | days_until_expiry=6
2025-11-19 10:51:23 | INFO     | Found 102 options for current expiry
2025-11-19 10:51:24 | INFO     | Option chain cached | total_contracts=102 | expiry=2025-11-25
2025-11-19 10:51:24 | DEBUG    | Found option contract: BANKNIFTY25NOV2557300CE | strike=57300 | option_type=CE | expiry=2025-11-25
2025-11-19 10:51:24 | DEBUG    | Found option contract: BANKNIFTY25NOV2555300PE | strike=55300 | option_type=PE | expiry=2025-11-25
2025-11-19 10:51:28 | DEBUG    | Found option contract: BANKNIFTY25NOV2557300PE | strike=57300 | option_type=PE | expiry=2025-11-25
2025-11-19 10:51:30 | INFO     | Refreshing option chain from Zerodha...
2025-11-19 10:51:30 | INFO     | Found 102 BankNifty option contracts
2025-11-19 10:51:30 | INFO     | Current expiry: 2025-11-25 | expiry_date=2025-11-25 | days_until_expiry=6
2025-11-19 10:51:30 | INFO     | Found 102 options for current expiry
2025-11-19 10:51:30 | INFO     | Option chain cached | total_contracts=102 | expiry=2025-11-25
2025-11-19 10:51:30 | DEBUG    | Found option contract: BANKNIFTY25NOV2557300PE | strike=57300 | option_type=PE | expiry=2025-11-25
2025-11-19 10:51:30 | DEBUG    | Found option contract: BANKNIFTY25NOV2559300CE | strike=59300 | option_type=CE | expiry=2025-11-25
2025-11-19 10:51:34 | DEBUG    | Found option contract: BANKNIFTY25NOV2557300CE | strike=57300 | option_type=CE | expiry=2025-11-25
2025-11-19 10:51:36 | INFO     | Refreshing option chain from Zerodha...
2025-11-19 10:51:36 | INFO     | Found 102 BankNifty option contracts
2025-11-19 10:51:36 | INFO     | Current expiry: 2025-11-25 | expiry_date=2025-11-25 | days_until_expiry=6
2025-11-19 10:51:36 | INFO     | Found 102 options for current expiry
2025-11-19 10:51:36 | INFO     | Option chain cached | total_contracts=102 | expiry=2025-11-25
2025-11-19 10:51:36 | DEBUG    | Found option contract: BANKNIFTY25NOV2557300CE | strike=57300 | option_type=CE | expiry=2025-11-25
2025-11-19 10:51:36 | DEBUG    | Found option contract: BANKNIFTY25NOV2555300PE | strike=55300 | option_type=PE | expiry=2025-11-25
2025-11-19 10:51:40 | DEBUG    | Found option contract: BANKNIFTY25NOV2557300PE | strike=57300 | option_type=PE | expiry=2025-11-25
2025-11-19 10:51:42 | DEBUG    | Found option contract: BANKNIFTY25NOV2557300PE | strike=57300 | option_type=PE | expiry=2025-11-25
2025-11-19 10:51:42 | DEBUG    | Found option contract: BANKNIFTY25NOV2559300CE | strike=59300 | option_type=CE | expiry=2025-11-25
2025-11-19 10:51:46 | DEBUG    | Found option contract: BANKNIFTY25NOV2557300CE | strike=57300 | option_type=CE | expiry=2025-11-25
2025-11-19 10:51:48 | INFO     | Refreshing option chain from Zerodha...
2025-11-19 10:51:48 | INFO     | Found 102 BankNifty option contracts
2025-11-19 10:51:48 | INFO     | Current expiry: 2025-11-25 | expiry_date=2025-11-25 | days_until_expiry=6
2025-11-19 10:51:48 | INFO     | Found 102 options for current expiry
2025-11-19 10:51:48 | INFO     | Option chain cached | total_contracts=102 | expiry=2025-11-25
2025-11-19 10:51:48 | INFO     | Refreshing option chain from Zerodha...
2025-11-19 10:51:48 | INFO     | Found 102 BankNifty option contracts
2025-11-19 10:51:48 | INFO     | Current expiry: 2025-11-25 | expiry_date=2025-11-25 | days_until_expiry=6
2025-11-19 10:51:48 | INFO     | Found 102 options for current expiry
2025-11-19 10:51:48 | INFO     | Option chain cached | total_contracts=102 | expiry=2025-11-25
2025-11-19 10:51:48 | DEBUG    | Found option contract: BANKNIFTY25NOV2557300CE | strike=57300 | option_type=CE | expiry=2025-11-25
2025-11-19 10:51:48 | DEBUG    | Found option contract: BANKNIFTY25NOV2555300PE | strike=55300 | option_type=PE | expiry=2025-11-25
2025-11-19 10:51:52 | DEBUG    | Found option contract: BANKNIFTY25NOV2557300PE | strike=57300 | option_type=PE | expiry=2025-11-25
2025-11-19 10:51:54 | INFO     | Refreshing option chain from Zerodha...
2025-11-19 10:51:54 | INFO     | Found 102 BankNifty option contracts
2025-11-19 10:51:54 | INFO     | Current expiry: 2025-11-25 | expiry_date=2025-11-25 | days_until_expiry=6
2025-11-19 10:51:54 | INFO     | Found 102 options for current expiry
2025-11-19 10:51:54 | INFO     | Option chain cached | total_contracts=102 | expiry=2025-11-25
2025-11-19 10:51:54 | INFO     | Refreshing option chain from Zerodha...
2025-11-19 10:51:54 | INFO     | Found 102 BankNifty option contracts
2025-11-19 10:51:54 | INFO     | Current expiry: 2025-11-25 | expiry_date=2025-11-25 | days_until_expiry=6
2025-11-19 10:51:54 | INFO     | Found 102 options for current expiry
2025-11-19 10:51:54 | INFO     | Option chain cached | total_contracts=102 | expiry=2025-11-25
2025-11-19 10:51:54 | DEBUG    | Found option contract: BANKNIFTY25NOV2557300CE | strike=57300 | option_type=CE | expiry=2025-11-25
2025-11-19 10:51:54 | DEBUG    | Found option contract: BANKNIFTY25NOV2555300PE | strike=55300 | option_type=PE | expiry=2025-11-25
2025-11-19 10:51:58 | DEBUG    | Found option contract: BANKNIFTY25NOV2557300PE | strike=57300 | option_type=PE | expiry=2025-11-25
2025-11-19 10:52:03 | INFO     | Refreshing option chain from Zerodha...
2025-11-19 10:52:03 | INFO     | Found 102 BankNifty option contracts
2025-11-19 10:52:03 | INFO     | Current expiry: 2025-11-25 | expiry_date=2025-11-25 | days_until_expiry=6
2025-11-19 10:52:03 | INFO     | Found 102 options for current expiry
2025-11-19 10:52:03 | INFO     | Option chain cached | total_contracts=102 | expiry=2025-11-25
2025-11-19 10:52:03 | INFO     | Refreshing option chain from Zerodha...
2025-11-19 10:52:03 | INFO     | Found 102 BankNifty option contracts
2025-11-19 10:52:03 | INFO     | Current expiry: 2025-11-25 | expiry_date=2025-11-25 | days_until_expiry=6
2025-11-19 10:52:03 | INFO     | Found 102 options for current expiry
2025-11-19 10:52:03 | INFO     | Option chain cached | total_contracts=102 | expiry=2025-11-25
2025-11-19 10:52:04 | INFO     | Refreshing option chain from Zerodha...
2025-11-19 10:52:04 | INFO     | Found 102 BankNifty option contracts
2025-11-19 10:52:04 | INFO     | Current expiry: 2025-11-25 | expiry_date=2025-11-25 | days_until_expiry=6
2025-11-19 10:52:04 | INFO     | Found 102 options for current expiry
2025-11-19 10:52:04 | INFO     | Option chain cached | total_contracts=102 | expiry=2025-11-25
2025-11-19 10:52:06 | INFO     | Refreshing option chain from Zerodha...
2025-11-19 10:52:06 | INFO     | Found 102 BankNifty option contracts
2025-11-19 10:52:06 | INFO     | Current expiry: 2025-11-25 | expiry_date=2025-11-25 | days_until_expiry=6
2025-11-19 10:52:06 | INFO     | Found 102 options for current expiry
2025-11-19 10:52:06 | INFO     | Option chain cached | total_contracts=102 | expiry=2025-11-25
2025-11-19 10:52:07 | INFO     | Refreshing option chain from Zerodha...
2025-11-19 10:52:07 | INFO     | Found 102 BankNifty option contracts
2025-11-19 10:52:07 | INFO     | Current expiry: 2025-11-25 | expiry_date=2025-11-25 | days_until_expiry=6
2025-11-19 10:52:07 | INFO     | Found 102 options for current expiry
2025-11-19 10:52:07 | INFO     | Option chain cached | total_contracts=102 | expiry=2025-11-25
2025-11-19 10:52:08 | INFO     | Refreshing option chain from Zerodha...
2025-11-19 10:52:08 | INFO     | Found 102 BankNifty option contracts
2025-11-19 10:52:08 | INFO     | Current expiry: 2025-11-25 | expiry_date=2025-11-25 | days_until_expiry=6
2025-11-19 10:52:08 | INFO     | Found 102 options for current expiry
2025-11-19 10:52:08 | INFO     | Option chain cached | total_contracts=102 | expiry=2025-11-25
2025-11-19 10:52:09 | INFO     | Refreshing option chain from Zerodha...
2025-11-19 10:52:09 | INFO     | Found 102 BankNifty option contracts
2025-11-19 10:52:09 | INFO     | Current expiry: 2025-11-25 | expiry_date=2025-11-25 | days_until_expiry=6
2025-11-19 10:52:09 | INFO     | Found 102 options for current expiry
2025-11-19 10:52:09 | INFO     | Option chain cached | total_contracts=102 | expiry=2025-11-25
2025-11-19 10:52:09 | INFO     | Refreshing option chain from Zerodha...
2025-11-19 10:52:09 | INFO     | Found 102 BankNifty option contracts
2025-11-19 10:52:09 | INFO     | Current expiry: 2025-11-25 | expiry_date=2025-11-25 | days_until_expiry=6
2025-11-19 10:52:09 | INFO     | Found 102 options for current expiry
2025-11-19 10:52:09 | INFO     | Option chain cached | total_contracts=102 | expiry=2025-11-25
2025-11-19 10:52:10 | INFO     | Refreshing option chain from Zerodha...
2025-11-19 10:52:10 | INFO     | Found 102 BankNifty option contracts
2025-11-19 10:52:10 | INFO     | Current expiry: 2025-11-25 | expiry_date=2025-11-25 | days_until_expiry=6
2025-11-19 10:52:10 | INFO     | Found 102 options for current expiry
2025-11-19 10:52:10 | INFO     | Option chain cached | total_contracts=102 | expiry=2025-11-25
2025-11-19 10:52:11 | INFO     | Refreshing option chain from Zerodha...
2025-11-19 10:52:11 | INFO     | Found 102 BankNifty option contracts
2025-11-19 10:52:11 | INFO     | Current expiry: 2025-11-25 | expiry_date=2025-11-25 | days_until_expiry=6
2025-11-19 10:52:11 | INFO     | Found 102 options for current expiry
2025-11-19 10:52:11 | INFO     | Option chain cached | total_contracts=102 | expiry=2025-11-25
2025-11-19 10:52:12 | INFO     | Refreshing option chain from Zerodha...
2025-11-19 10:52:12 | INFO     | Found 102 BankNifty option contracts
2025-11-19 10:52:12 | INFO     | Current expiry: 2025-11-25 | expiry_date=2025-11-25 | days_until_expiry=6
2025-11-19 10:52:12 | INFO     | Found 102 options for current expiry
2025-11-19 10:52:12 | INFO     | Option chain cached | total_contracts=102 | expiry=2025-11-25
2025-11-19 10:52:17 | INFO     | Refreshing option chain from Zerodha...
2025-11-19 10:52:17 | INFO     | Found 102 BankNifty option contracts
2025-11-19 10:52:17 | INFO     | Current expiry: 2025-11-25 | expiry_date=2025-11-25 | days_until_expiry=6
2025-11-19 10:52:17 | INFO     | Found 102 options for current expiry
2025-11-19 10:52:17 | INFO     | Option chain cached | total_contracts=102 | expiry=2025-11-25
2025-11-19 10:52:17 | INFO     | Refreshing option chain from Zerodha...
2025-11-19 10:52:17 | INFO     | Found 102 BankNifty option contracts
2025-11-19 10:52:17 | INFO     | Current expiry: 2025-11-25 | expiry_date=2025-11-25 | days_until_expiry=6
2025-11-19 10:52:17 | INFO     | Found 102 options for current expiry
2025-11-19 10:52:17 | INFO     | Option chain cached | total_contracts=102 | expiry=2025-11-25
2025-11-19 10:52:17 | INFO     | Refreshing option chain from Zerodha...
2025-11-19 10:52:17 | INFO     | Found 102 BankNifty option contracts
2025-11-19 10:52:17 | INFO     | Current expiry: 2025-11-25 | expiry_date=2025-11-25 | days_until_expiry=6
2025-11-19 10:52:17 | INFO     | Found 102 options for current expiry
2025-11-19 10:52:17 | INFO     | Option chain cached | total_contracts=102 | expiry=2025-11-25
2025-11-19 10:52:17 | DEBUG    | Found option contract: BANKNIFTY25NOV2557300CE | strike=57300 | option_type=CE | expiry=2025-11-25
2025-11-19 10:52:17 | DEBUG    | Found option contract: BANKNIFTY25NOV2557300PE | strike=57300 | option_type=PE | expiry=2025-11-25
2025-11-19 10:52:17 | DEBUG    | Found option contract: BANKNIFTY25NOV2555300PE | strike=55300 | option_type=PE | expiry=2025-11-25
2025-11-19 10:52:17 | DEBUG    | Found option contract: BANKNIFTY25NOV2557300CE | strike=57300 | option_type=CE | expiry=2025-11-25
2025-11-19 10:52:17 | DEBUG    | Found option contract: BANKNIFTY25NOV2555300PE | strike=55300 | option_type=PE | expiry=2025-11-25
2025-11-19 10:52:21 | DEBUG    | Found option contract: BANKNIFTY25NOV2557300PE | strike=57300 | option_type=PE | expiry=2025-11-25
2025-11-19 10:52:23 | INFO     | Refreshing option chain from Zerodha...
2025-11-19 10:52:23 | INFO     | Found 102 BankNifty option contracts
2025-11-19 10:52:23 | INFO     | Current expiry: 2025-11-25 | expiry_date=2025-11-25 | days_until_expiry=6
2025-11-19 10:52:23 | INFO     | Found 102 options for current expiry
2025-11-19 10:52:23 | INFO     | Option chain cached | total_contracts=102 | expiry=2025-11-25
2025-11-19 10:52:23 | DEBUG    | Found option contract: BANKNIFTY25NOV2557300CE | strike=57300 | option_type=CE | expiry=2025-11-25
2025-11-19 10:52:23 | DEBUG    | Found option contract: BANKNIFTY25NOV2557300PE | strike=57300 | option_type=PE | expiry=2025-11-25
2025-11-19 10:52:23 | DEBUG    | Found option contract: BANKNIFTY25NOV2555300PE | strike=55300 | option_type=PE | expiry=2025-11-25
2025-11-19 10:52:23 | DEBUG    | Found option contract: BANKNIFTY25NOV2557300CE | strike=57300 | option_type=CE | expiry=2025-11-25
2025-11-19 10:52:23 | DEBUG    | Found option contract: BANKNIFTY25NOV2555300PE | strike=55300 | option_type=PE | expiry=2025-11-25
2025-11-19 10:52:27 | DEBUG    | Found option contract: BANKNIFTY25NOV2557300PE | strike=57300 | option_type=PE | expiry=2025-11-25
2025-11-19 10:52:29 | INFO     | Refreshing option chain from Zerodha...
2025-11-19 10:52:29 | INFO     | Found 102 BankNifty option contracts
2025-11-19 10:52:29 | INFO     | Current expiry: 2025-11-25 | expiry_date=2025-11-25 | days_until_expiry=6
2025-11-19 10:52:29 | INFO     | Found 102 options for current expiry
2025-11-19 10:52:29 | INFO     | Option chain cached | total_contracts=102 | expiry=2025-11-25
2025-11-19 10:52:29 | DEBUG    | Found option contract: BANKNIFTY25NOV2557300CE | strike=57300 | option_type=CE | expiry=2025-11-25
2025-11-19 10:52:29 | DEBUG    | Found option contract: BANKNIFTY25NOV2557300PE | strike=57300 | option_type=PE | expiry=2025-11-25
2025-11-19 10:52:29 | DEBUG    | Found option contract: BANKNIFTY25NOV2555300PE | strike=55300 | option_type=PE | expiry=2025-11-25
2025-11-19 10:52:29 | DEBUG    | Found option contract: BANKNIFTY25NOV2557300CE | strike=57300 | option_type=CE | expiry=2025-11-25
2025-11-19 10:52:29 | DEBUG    | Found option contract: BANKNIFTY25NOV2555300PE | strike=55300 | option_type=PE | expiry=2025-11-25
2025-11-19 10:52:34 | DEBUG    | Found option contract: BANKNIFTY25NOV2557300PE | strike=57300 | option_type=PE | expiry=2025-11-25
2025-11-19 10:52:36 | INFO     | Refreshing option chain from Zerodha...
2025-11-19 10:52:36 | INFO     | Found 102 BankNifty option contracts
2025-11-19 10:52:36 | INFO     | Current expiry: 2025-11-25 | expiry_date=2025-11-25 | days_until_expiry=6
2025-11-19 10:52:36 | INFO     | Found 102 options for current expiry
2025-11-19 10:52:36 | INFO     | Option chain cached | total_contracts=102 | expiry=2025-11-25
2025-11-19 10:52:36 | DEBUG    | Found option contract: BANKNIFTY25NOV2557300CE | strike=57300 | option_type=CE | expiry=2025-11-25
2025-11-19 10:52:36 | DEBUG    | Found option contract: BANKNIFTY25NOV2557300PE | strike=57300 | option_type=PE | expiry=2025-11-25
2025-11-19 10:52:36 | DEBUG    | Found option contract: BANKNIFTY25NOV2555300PE | strike=55300 | option_type=PE | expiry=2025-11-25
2025-11-19 10:52:36 | DEBUG    | Found option contract: BANKNIFTY25NOV2557300CE | strike=57300 | option_type=CE | expiry=2025-11-25
2025-11-19 10:52:36 | DEBUG    | Found option contract: BANKNIFTY25NOV2555300PE | strike=55300 | option_type=PE | expiry=2025-11-25
2025-11-19 10:52:40 | DEBUG    | Found option contract: BANKNIFTY25NOV2557300PE | strike=57300 | option_type=PE | expiry=2025-11-25
2025-11-19 10:52:42 | INFO     | Refreshing option chain from Zerodha...
2025-11-19 10:52:42 | INFO     | Found 102 BankNifty option contracts
2025-11-19 10:52:42 | INFO     | Current expiry: 2025-11-25 | expiry_date=2025-11-25 | days_until_expiry=6
2025-11-19 10:52:42 | INFO     | Found 102 options for current expiry
2025-11-19 10:52:42 | INFO     | Option chain cached | total_contracts=102 | expiry=2025-11-25
2025-11-19 10:52:42 | DEBUG    | Found option contract: BANKNIFTY25NOV2557300CE | strike=57300 | option_type=CE | expiry=2025-11-25
2025-11-19 10:52:42 | DEBUG    | Found option contract: BANKNIFTY25NOV2557300PE | strike=57300 | option_type=PE | expiry=2025-11-25
2025-11-19 10:52:42 | DEBUG    | Found option contract: BANKNIFTY25NOV2555300PE | strike=55300 | option_type=PE | expiry=2025-11-25
2025-11-19 10:52:42 | DEBUG    | Found option contract: BANKNIFTY25NOV2557300CE | strike=57300 | option_type=CE | expiry=2025-11-25
2025-11-19 10:52:42 | DEBUG    | Found option contract: BANKNIFTY25NOV2555300PE | strike=55300 | option_type=PE | expiry=2025-11-25
2025-11-19 10:52:46 | DEBUG    | Found option contract: BANKNIFTY25NOV2557300PE | strike=57300 | option_type=PE | expiry=2025-11-25
2025-11-19 10:52:48 | DEBUG    | Found option contract: BANKNIFTY25NOV2557300PE | strike=57300 | option_type=PE | expiry=2025-11-25
2025-11-19 10:52:48 | DEBUG    | Found option contract: BANKNIFTY25NOV2559300CE | strike=59300 | option_type=CE | expiry=2025-11-25
2025-11-19 10:52:52 | DEBUG    | Found option contract: BANKNIFTY25NOV2557300CE | strike=57300 | option_type=CE | expiry=2025-11-25
2025-11-19 10:52:54 | INFO     | Refreshing option chain from Zerodha...
2025-11-19 10:52:54 | INFO     | Found 102 BankNifty option contracts
2025-11-19 10:52:54 | INFO     | Current expiry: 2025-11-25 | expiry_date=2025-11-25 | days_until_expiry=6
2025-11-19 10:52:54 | INFO     | Found 102 options for current expiry
2025-11-19 10:52:54 | INFO     | Option chain cached | total_contracts=102 | expiry=2025-11-25
2025-11-19 10:52:54 | DEBUG    | Found option contract: BANKNIFTY25NOV2557300CE | strike=57300 | option_type=CE | expiry=2025-11-25
2025-11-19 10:52:54 | DEBUG    | Found option contract: BANKNIFTY25NOV2557300PE | strike=57300 | option_type=PE | expiry=2025-11-25
2025-11-19 10:52:54 | DEBUG    | Found option contract: BANKNIFTY25NOV2555300PE | strike=55300 | option_type=PE | expiry=2025-11-25
2025-11-19 10:52:54 | DEBUG    | Found option contract: BANKNIFTY25NOV2557300CE | strike=57300 | option_type=CE | expiry=2025-11-25
2025-11-19 10:52:54 | DEBUG    | Found option contract: BANKNIFTY25NOV2555300PE | strike=55300 | option_type=PE | expiry=2025-11-25
2025-11-19 10:52:58 | DEBUG    | Found option contract: BANKNIFTY25NOV2557300PE | strike=57300 | option_type=PE | expiry=2025-11-25
2025-11-19 10:53:00 | INFO     | Refreshing option chain from Zerodha...
2025-11-19 10:53:00 | INFO     | Found 102 BankNifty option contracts
2025-11-19 10:53:00 | INFO     | Current expiry: 2025-11-25 | expiry_date=2025-11-25 | days_until_expiry=6
2025-11-19 10:53:00 | INFO     | Found 102 options for current expiry
2025-11-19 10:53:00 | INFO     | Option chain cached | total_contracts=102 | expiry=2025-11-25
2025-11-19 10:53:00 | DEBUG    | Found option contract: BANKNIFTY25NOV2557300CE | strike=57300 | option_type=CE | expiry=2025-11-25
2025-11-19 10:53:00 | DEBUG    | Found option contract: BANKNIFTY25NOV2557300PE | strike=57300 | option_type=PE | expiry=2025-11-25
2025-11-19 10:53:00 | DEBUG    | Found option contract: BANKNIFTY25NOV2555300PE | strike=55300 | option_type=PE | expiry=2025-11-25
2025-11-19 10:53:00 | DEBUG    | Found option contract: BANKNIFTY25NOV2557300CE | strike=57300 | option_type=CE | expiry=2025-11-25
2025-11-19 10:53:00 | DEBUG    | Found option contract: BANKNIFTY25NOV2555300PE | strike=55300 | option_type=PE | expiry=2025-11-25
2025-11-19 10:53:04 | DEBUG    | Found option contract: BANKNIFTY25NOV2557300PE | strike=57300 | option_type=PE | expiry=2025-11-25
2025-11-19 10:53:06 | DEBUG    | Found option contract: BANKNIFTY25NOV2557300PE | strike=57300 | option_type=PE | expiry=2025-11-25
2025-11-19 10:53:06 | DEBUG    | Found option contract: BANKNIFTY25NOV2559300CE | strike=59300 | option_type=CE | expiry=2025-11-25
2025-11-19 10:53:10 | DEBUG    | Found option contract: BANKNIFTY25NOV2557300CE | strike=57300 | option_type=CE | expiry=2025-11-25
2025-11-19 10:53:12 | INFO     | Refreshing option chain from Zerodha...
2025-11-19 10:53:12 | INFO     | Found 102 BankNifty option contracts
2025-11-19 10:53:12 | INFO     | Current expiry: 2025-11-25 | expiry_date=2025-11-25 | days_until_expiry=6
2025-11-19 10:53:12 | INFO     | Found 102 options for current expiry
2025-11-19 10:53:12 | INFO     | Option chain cached | total_contracts=102 | expiry=2025-11-25
2025-11-19 10:53:12 | DEBUG    | Found option contract: BANKNIFTY25NOV2557300CE | strike=57300 | option_type=CE | expiry=2025-11-25
2025-11-19 10:53:12 | DEBUG    | Found option contract: BANKNIFTY25NOV2557300PE | strike=57300 | option_type=PE | expiry=2025-11-25
2025-11-19 10:53:12 | DEBUG    | Found option contract: BANKNIFTY25NOV2555300PE | strike=55300 | option_type=PE | expiry=2025-11-25
2025-11-19 10:53:12 | DEBUG    | Found option contract: BANKNIFTY25NOV2557300CE | strike=57300 | option_type=CE | expiry=2025-11-25
2025-11-19 10:53:12 | DEBUG    | Found option contract: BANKNIFTY25NOV2555300PE | strike=55300 | option_type=PE | expiry=2025-11-25
2025-11-19 10:53:16 | DEBUG    | Found option contract: BANKNIFTY25NOV2557300PE | strike=57300 | option_type=PE | expiry=2025-11-25
2025-11-19 10:53:22 | INFO     | Refreshing option chain from Zerodha...
2025-11-19 10:53:22 | INFO     | Found 102 BankNifty option contracts
2025-11-19 10:53:22 | INFO     | Current expiry: 2025-11-25 | expiry_date=2025-11-25 | days_until_expiry=6
2025-11-19 10:53:22 | INFO     | Found 102 options for current expiry
2025-11-19 10:53:22 | INFO     | Option chain cached | total_contracts=102 | expiry=2025-11-25
2025-11-19 10:53:22 | DEBUG    | Found option contract: BANKNIFTY25NOV2557300CE | strike=57300 | option_type=CE | expiry=2025-11-25
2025-11-19 10:53:22 | DEBUG    | Found option contract: BANKNIFTY25NOV2557300PE | strike=57300 | option_type=PE | expiry=2025-11-25
2025-11-19 10:53:22 | DEBUG    | Found option contract: BANKNIFTY25NOV2555300PE | strike=55300 | option_type=PE | expiry=2025-11-25
2025-11-19 10:53:22 | DEBUG    | Found option contract: BANKNIFTY25NOV2557300CE | strike=57300 | option_type=CE | expiry=2025-11-25
2025-11-19 10:53:22 | DEBUG    | Found option contract: BANKNIFTY25NOV2555300PE | strike=55300 | option_type=PE | expiry=2025-11-25
2025-11-19 10:53:26 | DEBUG    | Found option contract: BANKNIFTY25NOV2557300PE | strike=57300 | option_type=PE | expiry=2025-11-25
2025-11-19 10:53:28 | INFO     | Refreshing option chain from Zerodha...
2025-11-19 10:53:28 | INFO     | Found 102 BankNifty option contracts
2025-11-19 10:53:28 | INFO     | Current expiry: 2025-11-25 | expiry_date=2025-11-25 | days_until_expiry=6
2025-11-19 10:53:28 | INFO     | Found 102 options for current expiry
2025-11-19 10:53:28 | INFO     | Option chain cached | total_contracts=102 | expiry=2025-11-25
2025-11-19 10:53:30 | INFO     | Refreshing option chain from Zerodha...
2025-11-19 10:53:30 | INFO     | Found 102 BankNifty option contracts
2025-11-19 10:53:30 | INFO     | Current expiry: 2025-11-25 | expiry_date=2025-11-25 | days_until_expiry=6
2025-11-19 10:53:30 | INFO     | Found 102 options for current expiry
2025-11-19 10:53:30 | INFO     | Option chain cached | total_contracts=102 | expiry=2025-11-25
2025-11-19 10:53:33 | INFO     | Refreshing option chain from Zerodha...
2025-11-19 10:53:33 | INFO     | Found 102 BankNifty option contracts
2025-11-19 10:53:33 | INFO     | Current expiry: 2025-11-25 | expiry_date=2025-11-25 | days_until_expiry=6
2025-11-19 10:53:33 | INFO     | Found 102 options for current expiry
2025-11-19 10:53:33 | INFO     | Option chain cached | total_contracts=102 | expiry=2025-11-25
2025-11-19 10:53:33 | INFO     | Refreshing option chain from Zerodha...
2025-11-19 10:53:33 | INFO     | Found 102 BankNifty option contracts
2025-11-19 10:53:33 | INFO     | Current expiry: 2025-11-25 | expiry_date=2025-11-25 | days_until_expiry=6
2025-11-19 10:53:33 | INFO     | Found 102 options for current expiry
2025-11-19 10:53:33 | INFO     | Option chain cached | total_contracts=102 | expiry=2025-11-25
2025-11-19 10:53:33 | INFO     | Refreshing option chain from Zerodha...
2025-11-19 10:53:33 | INFO     | Found 102 BankNifty option contracts
2025-11-19 10:53:33 | INFO     | Current expiry: 2025-11-25 | expiry_date=2025-11-25 | days_until_expiry=6
2025-11-19 10:53:33 | INFO     | Found 102 options for current expiry
2025-11-19 10:53:33 | INFO     | Option chain cached | total_contracts=102 | expiry=2025-11-25
2025-11-19 10:53:33 | INFO     | Refreshing option chain from Zerodha...
2025-11-19 10:53:33 | INFO     | Found 102 BankNifty option contracts
2025-11-19 10:53:33 | INFO     | Current expiry: 2025-11-25 | expiry_date=2025-11-25 | days_until_expiry=6
2025-11-19 10:53:33 | INFO     | Found 102 options for current expiry
2025-11-19 10:53:33 | INFO     | Option chain cached | total_contracts=102 | expiry=2025-11-25
2025-11-19 10:53:33 | INFO     | Refreshing option chain from Zerodha...
2025-11-19 10:53:33 | INFO     | Found 102 BankNifty option contracts
2025-11-19 10:53:33 | INFO     | Current expiry: 2025-11-25 | expiry_date=2025-11-25 | days_until_expiry=6
2025-11-19 10:53:33 | INFO     | Found 102 options for current expiry
2025-11-19 10:53:33 | INFO     | Option chain cached | total_contracts=102 | expiry=2025-11-25
2025-11-19 10:53:36 | INFO     | Refreshing option chain from Zerodha...
2025-11-19 10:53:36 | INFO     | Found 102 BankNifty option contracts
2025-11-19 10:53:36 | INFO     | Current expiry: 2025-11-25 | expiry_date=2025-11-25 | days_until_expiry=6
2025-11-19 10:53:36 | INFO     | Found 102 options for current expiry
2025-11-19 10:53:36 | INFO     | Option chain cached | total_contracts=102 | expiry=2025-11-25
2025-11-19 10:53:36 | INFO     | Refreshing option chain from Zerodha...
2025-11-19 10:53:36 | INFO     | Found 102 BankNifty option contracts
2025-11-19 10:53:36 | INFO     | Current expiry: 2025-11-25 | expiry_date=2025-11-25 | days_until_expiry=6
2025-11-19 10:53:36 | INFO     | Found 102 options for current expiry
2025-11-19 10:53:36 | INFO     | Option chain cached | total_contracts=102 | expiry=2025-11-25
2025-11-19 10:53:36 | DEBUG    | Found option contract: BANKNIFTY25NOV2557300CE | strike=57300 | option_type=CE | expiry=2025-11-25
2025-11-19 10:53:36 | DEBUG    | Found option contract: BANKNIFTY25NOV2557300PE | strike=57300 | option_type=PE | expiry=2025-11-25
2025-11-19 10:53:36 | DEBUG    | Found option contract: BANKNIFTY25NOV2555300PE | strike=55300 | option_type=PE | expiry=2025-11-25
2025-11-19 10:53:36 | DEBUG    | Found option contract: BANKNIFTY25NOV2557300CE | strike=57300 | option_type=CE | expiry=2025-11-25
2025-11-19 10:53:36 | DEBUG    | Found option contract: BANKNIFTY25NOV2555300PE | strike=55300 | option_type=PE | expiry=2025-11-25
2025-11-19 10:53:40 | DEBUG    | Found option contract: BANKNIFTY25NOV2557300PE | strike=57300 | option_type=PE | expiry=2025-11-25
2025-11-19 10:53:43 | INFO     | Refreshing option chain from Zerodha...
2025-11-19 10:53:43 | INFO     | Found 102 BankNifty option contracts
2025-11-19 10:53:43 | INFO     | Current expiry: 2025-11-25 | expiry_date=2025-11-25 | days_until_expiry=6
2025-11-19 10:53:43 | INFO     | Found 102 options for current expiry
2025-11-19 10:53:43 | INFO     | Option chain cached | total_contracts=102 | expiry=2025-11-25
2025-11-19 10:53:43 | INFO     | Refreshing option chain from Zerodha...
2025-11-19 10:53:43 | INFO     | Found 102 BankNifty option contracts
2025-11-19 10:53:43 | INFO     | Current expiry: 2025-11-25 | expiry_date=2025-11-25 | days_until_expiry=6
2025-11-19 10:53:43 | INFO     | Found 102 options for current expiry
2025-11-19 10:53:43 | INFO     | Option chain cached | total_contracts=102 | expiry=2025-11-25
2025-11-19 10:53:43 | DEBUG    | Found option contract: BANKNIFTY25NOV2557300CE | strike=57300 | option_type=CE | expiry=2025-11-25
2025-11-19 10:53:43 | DEBUG    | Found option contract: BANKNIFTY25NOV2557300PE | strike=57300 | option_type=PE | expiry=2025-11-25
2025-11-19 10:53:43 | DEBUG    | Found option contract: BANKNIFTY25NOV2555300PE | strike=55300 | option_type=PE | expiry=2025-11-25
2025-11-19 10:53:43 | DEBUG    | Found option contract: BANKNIFTY25NOV2557300CE | strike=57300 | option_type=CE | expiry=2025-11-25
2025-11-19 10:53:43 | DEBUG    | Found option contract: BANKNIFTY25NOV2555300PE | strike=55300 | option_type=PE | expiry=2025-11-25
2025-11-19 10:53:47 | DEBUG    | Found option contract: BANKNIFTY25NOV2557300PE | strike=57300 | option_type=PE | expiry=2025-11-25
2025-11-19 10:53:49 | DEBUG    | Found option contract: BANKNIFTY25NOV2557300CE | strike=57300 | option_type=CE | expiry=2025-11-25
2025-11-19 10:53:49 | DEBUG    | Found option contract: BANKNIFTY25NOV2557300PE | strike=57300 | option_type=PE | expiry=2025-11-25
2025-11-19 10:53:49 | DEBUG    | Found option contract: BANKNIFTY25NOV2555300PE | strike=55300 | option_type=PE | expiry=2025-11-25
2025-11-19 10:53:49 | DEBUG    | Found option contract: BANKNIFTY25NOV2557300CE | strike=57300 | option_type=CE | expiry=2025-11-25
2025-11-19 10:53:49 | DEBUG    | Found option contract: BANKNIFTY25NOV2555300PE | strike=55300 | option_type=PE | expiry=2025-11-25
2025-11-19 10:53:53 | DEBUG    | Found option contract: BANKNIFTY25NOV2557300PE | strike=57300 | option_type=PE | expiry=2025-11-25
2025-11-19 10:53:55 | DEBUG    | Found option contract: BANKNIFTY25NOV2557300PE | strike=57300 | option_type=PE | expiry=2025-11-25
2025-11-19 10:53:55 | DEBUG    | Found option contract: BANKNIFTY25NOV2559300CE | strike=59300 | option_type=CE | expiry=2025-11-25
2025-11-19 10:53:59 | DEBUG    | Found option contract: BANKNIFTY25NOV2557300CE | strike=57300 | option_type=CE | expiry=2025-11-25
2025-11-19 10:54:01 | INFO     | Refreshing option chain from Zerodha...
2025-11-19 10:54:01 | INFO     | Found 102 BankNifty option contracts
2025-11-19 10:54:01 | INFO     | Current expiry: 2025-11-25 | expiry_date=2025-11-25 | days_until_expiry=6
2025-11-19 10:54:01 | INFO     | Found 102 options for current expiry
2025-11-19 10:54:01 | INFO     | Option chain cached | total_contracts=102 | expiry=2025-11-25
2025-11-19 10:54:01 | INFO     | Refreshing option chain from Zerodha...
2025-11-19 10:54:01 | INFO     | Found 102 BankNifty option contracts
2025-11-19 10:54:01 | INFO     | Current expiry: 2025-11-25 | expiry_date=2025-11-25 | days_until_expiry=6
2025-11-19 10:54:01 | INFO     | Found 102 options for current expiry
2025-11-19 10:54:01 | INFO     | Option chain cached | total_contracts=102 | expiry=2025-11-25
2025-11-19 10:54:01 | INFO     | Refreshing option chain from Zerodha...
2025-11-19 10:54:01 | INFO     | Found 102 BankNifty option contracts
2025-11-19 10:54:01 | INFO     | Current expiry: 2025-11-25 | expiry_date=2025-11-25 | days_until_expiry=6
2025-11-19 10:54:01 | INFO     | Found 102 options for current expiry
2025-11-19 10:54:01 | INFO     | Option chain cached | total_contracts=102 | expiry=2025-11-25
2025-11-19 10:54:01 | DEBUG    | Found option contract: BANKNIFTY25NOV2557300CE | strike=57300 | option_type=CE | expiry=2025-11-25
2025-11-19 10:54:01 | DEBUG    | Found option contract: BANKNIFTY25NOV2557300PE | strike=57300 | option_type=PE | expiry=2025-11-25
2025-11-19 10:54:01 | DEBUG    | Found option contract: BANKNIFTY25NOV2555300PE | strike=55300 | option_type=PE | expiry=2025-11-25
2025-11-19 10:54:01 | DEBUG    | Found option contract: BANKNIFTY25NOV2557300CE | strike=57300 | option_type=CE | expiry=2025-11-25
2025-11-19 10:54:01 | DEBUG    | Found option contract: BANKNIFTY25NOV2555300PE | strike=55300 | option_type=PE | expiry=2025-11-25
2025-11-19 10:54:05 | DEBUG    | Found option contract: BANKNIFTY25NOV2557300PE | strike=57300 | option_type=PE | expiry=2025-11-25
2025-11-19 10:54:07 | INFO     | Refreshing option chain from Zerodha...
2025-11-19 10:54:07 | INFO     | Found 102 BankNifty option contracts
2025-11-19 10:54:07 | INFO     | Current expiry: 2025-11-25 | expiry_date=2025-11-25 | days_until_expiry=6
2025-11-19 10:54:07 | INFO     | Found 102 options for current expiry
2025-11-19 10:54:07 | INFO     | Option chain cached | total_contracts=102 | expiry=2025-11-25
2025-11-19 10:54:07 | DEBUG    | Found option contract: BANKNIFTY25NOV2557300CE | strike=57300 | option_type=CE | expiry=2025-11-25
2025-11-19 10:54:07 | DEBUG    | Found option contract: BANKNIFTY25NOV2557300PE | strike=57300 | option_type=PE | expiry=2025-11-25
2025-11-19 10:54:07 | DEBUG    | Found option contract: BANKNIFTY25NOV2555300PE | strike=55300 | option_type=PE | expiry=2025-11-25
2025-11-19 10:54:07 | DEBUG    | Found option contract: BANKNIFTY25NOV2557300CE | strike=57300 | option_type=CE | expiry=2025-11-25
2025-11-19 10:54:07 | DEBUG    | Found option contract: BANKNIFTY25NOV2555300PE | strike=55300 | option_type=PE | expiry=2025-11-25
2025-11-19 10:54:11 | DEBUG    | Found option contract: BANKNIFTY25NOV2557300PE | strike=57300 | option_type=PE | expiry=2025-11-25
2025-11-19 10:54:28 | INFO     | Refreshing option chain from Zerodha...
2025-11-19 10:54:30 | INFO     | Found 981 BankNifty option contracts
2025-11-19 10:54:30 | INFO     | Current expiry: 2025-11-25 | expiry_date=2025-11-25 | days_until_expiry=6
2025-11-19 10:54:30 | INFO     | Found 330 options for current expiry
2025-11-19 10:54:30 | INFO     | Option chain cached | total_contracts=330 | expiry=2025-11-25
2025-11-19 10:54:32 | DEBUG    | Found option contract: BANKNIFTY25NOV59200CE | strike=59200 | option_type=CE | expiry=2025-11-25
2025-11-19 10:54:32 | DEBUG    | Found option contract: BANKNIFTY25NOV59200PE | strike=59200 | option_type=PE | expiry=2025-11-25
2025-11-19 10:54:32 | DEBUG    | Found option contract: BANKNIFTY25NOV57200PE | strike=57200 | option_type=PE | expiry=2025-11-25
2025-11-19 10:54:33 | DEBUG    | Found option contract: BANKNIFTY25NOV59200CE | strike=59200 | option_type=CE | expiry=2025-11-25
2025-11-19 10:54:33 | DEBUG    | Found option contract: BANKNIFTY25NOV57200PE | strike=57200 | option_type=PE | expiry=2025-11-25
2025-11-19 10:54:37 | DEBUG    | Found option contract: BANKNIFTY25NOV59200PE | strike=59200 | option_type=PE | expiry=2025-11-25
2025-11-19 10:54:41 | DEBUG    | Found option contract: BANKNIFTY25NOV59200CE | strike=59200 | option_type=CE | expiry=2025-11-25
2025-11-19 10:54:41 | DEBUG    | Found option contract: BANKNIFTY25NOV59200PE | strike=59200 | option_type=PE | expiry=2025-11-25
2025-11-19 10:54:41 | DEBUG    | Found option contract: BANKNIFTY25NOV57200PE | strike=57200 | option_type=PE | expiry=2025-11-25
2025-11-19 10:54:42 | DEBUG    | Found option contract: BANKNIFTY25NOV59200PE | strike=59200 | option_type=PE | expiry=2025-11-25
2025-11-19 10:54:42 | DEBUG    | Found option contract: BANKNIFTY25NOV61200CE | strike=61200 | option_type=CE | expiry=2025-11-25
2025-11-19 10:54:46 | DEBUG    | Found option contract: BANKNIFTY25NOV59200CE | strike=59200 | option_type=CE | expiry=2025-11-25
2025-11-19 10:55:24 | INFO     | Refreshing option chain from Zerodha...
2025-11-19 10:55:26 | INFO     | Found 981 BankNifty option contracts
2025-11-19 10:55:26 | INFO     | Current expiry: 2025-11-25 | expiry_date=2025-11-25 | days_until_expiry=6
2025-11-19 10:55:26 | INFO     | Found 330 options for current expiry
2025-11-19 10:55:26 | INFO     | Option chain cached | total_contracts=330 | expiry=2025-11-25
2025-11-19 10:55:26 | DEBUG    | Found option contract: BANKNIFTY25NOV57300CE | strike=57300 | option_type=CE | expiry=2025-11-25
2025-11-19 10:55:26 | DEBUG    | Found option contract: BANKNIFTY25NOV57300PE | strike=57300 | option_type=PE | expiry=2025-11-25
2025-11-19 10:55:26 | DEBUG    | Found option contract: BANKNIFTY25NOV55300PE | strike=55300 | option_type=PE | expiry=2025-11-25
2025-11-19 10:55:27 | DEBUG    | Found option contract: BANKNIFTY25NOV57300CE | strike=57300 | option_type=CE | expiry=2025-11-25
2025-11-19 10:55:27 | DEBUG    | Found option contract: BANKNIFTY25NOV55300PE | strike=55300 | option_type=PE | expiry=2025-11-25
2025-11-19 10:55:31 | DEBUG    | Found option contract: BANKNIFTY25NOV57300PE | strike=57300 | option_type=PE | expiry=2025-11-25
2025-11-19 11:14:20 | INFO     | Refreshing option chain from Zerodha...
2025-11-19 11:14:22 | INFO     | Found 981 BankNifty option contracts
2025-11-19 11:14:22 | INFO     | Current expiry: 2025-11-25 | expiry_date=2025-11-25 | days_until_expiry=6
2025-11-19 11:14:22 | INFO     | Found 330 options for current expiry
2025-11-19 11:14:22 | INFO     | Option chain cached | total_contracts=330 | expiry=2025-11-25
2025-11-19 11:14:24 | DEBUG    | Found option contract: BANKNIFTY25NOV59200CE | strike=59200 | option_type=CE | expiry=2025-11-25
2025-11-19 11:14:24 | DEBUG    | Found option contract: BANKNIFTY25NOV59200PE | strike=59200 | option_type=PE | expiry=2025-11-25
2025-11-19 11:14:24 | DEBUG    | Found option contract: BANKNIFTY25NOV57200PE | strike=57200 | option_type=PE | expiry=2025-11-25
2025-11-19 11:14:25 | DEBUG    | Found option contract: BANKNIFTY25NOV59200CE | strike=59200 | option_type=CE | expiry=2025-11-25
2025-11-19 11:14:25 | DEBUG    | Found option contract: BANKNIFTY25NOV57200PE | strike=57200 | option_type=PE | expiry=2025-11-25
2025-11-19 11:14:29 | DEBUG    | Found option contract: BANKNIFTY25NOV59200PE | strike=59200 | option_type=PE | expiry=2025-11-25
2025-11-19 11:14:33 | DEBUG    | Found option contract: BANKNIFTY25NOV59200CE | strike=59200 | option_type=CE | expiry=2025-11-25
2025-11-19 11:14:33 | DEBUG    | Found option contract: BANKNIFTY25NOV59200PE | strike=59200 | option_type=PE | expiry=2025-11-25
2025-11-19 11:14:33 | DEBUG    | Found option contract: BANKNIFTY25NOV57200PE | strike=57200 | option_type=PE | expiry=2025-11-25
2025-11-19 11:14:33 | DEBUG    | Found option contract: BANKNIFTY25NOV59200CE | strike=59200 | option_type=CE | expiry=2025-11-25
2025-11-19 11:14:33 | DEBUG    | Found option contract: BANKNIFTY25NOV59200PE | strike=59200 | option_type=PE | expiry=2025-11-25
2025-11-19 11:14:33 | DEBUG    | Found option contract: BANKNIFTY25NOV61200CE | strike=61200 | option_type=CE | expiry=2025-11-25
2025-11-19 11:14:34 | DEBUG    | Found option contract: BANKNIFTY25NOV59200CE | strike=59200 | option_type=CE | expiry=2025-11-25
2025-11-19 11:14:34 | DEBUG    | Found option contract: BANKNIFTY25NOV59200PE | strike=59200 | option_type=PE | expiry=2025-11-25
2025-11-19 11:14:34 | DEBUG    | Found option contract: BANKNIFTY25NOV61200CE | strike=61200 | option_type=CE | expiry=2025-11-25
2025-11-19 11:14:34 | DEBUG    | Found option contract: BANKNIFTY25NOV59200CE | strike=59200 | option_type=CE | expiry=2025-11-25
2025-11-19 11:14:34 | DEBUG    | Found option contract: BANKNIFTY25NOV59200PE | strike=59200 | option_type=PE | expiry=2025-11-25
2025-11-19 11:14:34 | DEBUG    | Found option contract: BANKNIFTY25NOV61200CE | strike=61200 | option_type=CE | expiry=2025-11-25
2025-11-19 11:14:34 | DEBUG    | Found option contract: BANKNIFTY25NOV59200PE | strike=59200 | option_type=PE | expiry=2025-11-25
2025-11-19 11:14:34 | DEBUG    | Found option contract: BANKNIFTY25NOV61200CE | strike=61200 | option_type=CE | expiry=2025-11-25
2025-11-19 11:14:38 | DEBUG    | Found option contract: BANKNIFTY25NOV59200CE | strike=59200 | option_type=CE | expiry=2025-11-25
2025-11-19 11:15:16 | INFO     | Refreshing option chain from Zerodha...
2025-11-19 11:15:19 | INFO     | Found 981 BankNifty option contracts
2025-11-19 11:15:19 | INFO     | Current expiry: 2025-11-25 | expiry_date=2025-11-25 | days_until_expiry=6
2025-11-19 11:15:19 | INFO     | Found 330 options for current expiry
2025-11-19 11:15:19 | INFO     | Option chain cached | total_contracts=330 | expiry=2025-11-25
2025-11-19 11:15:19 | DEBUG    | Found option contract: BANKNIFTY25NOV57300CE | strike=57300 | option_type=CE | expiry=2025-11-25
2025-11-19 11:15:19 | DEBUG    | Found option contract: BANKNIFTY25NOV57300PE | strike=57300 | option_type=PE | expiry=2025-11-25
2025-11-19 11:15:19 | DEBUG    | Found option contract: BANKNIFTY25NOV55300PE | strike=55300 | option_type=PE | expiry=2025-11-25
2025-11-19 11:15:19 | DEBUG    | Found option contract: BANKNIFTY25NOV57300CE | strike=57300 | option_type=CE | expiry=2025-11-25
2025-11-19 11:15:19 | DEBUG    | Found option contract: BANKNIFTY25NOV55300PE | strike=55300 | option_type=PE | expiry=2025-11-25
2025-11-19 11:15:23 | DEBUG    | Found option contract: BANKNIFTY25NOV57300PE | strike=57300 | option_type=PE | expiry=2025-11-25
2025-11-19 11:17:24 | INFO     | Refreshing option chain from Zerodha...
2025-11-19 11:17:26 | INFO     | Found 981 BankNifty option contracts
2025-11-19 11:17:26 | INFO     | Current expiry: 2025-11-25 | expiry_date=2025-11-25 | days_until_expiry=6
2025-11-19 11:17:26 | INFO     | Found 330 options for current expiry
2025-11-19 11:17:26 | INFO     | Option chain cached | total_contracts=330 | expiry=2025-11-25
2025-11-19 11:17:28 | DEBUG    | Found option contract: BANKNIFTY25NOV59200CE | strike=59200 | option_type=CE | expiry=2025-11-25
2025-11-19 11:17:28 | DEBUG    | Found option contract: BANKNIFTY25NOV59200PE | strike=59200 | option_type=PE | expiry=2025-11-25
2025-11-19 11:17:28 | DEBUG    | Found option contract: BANKNIFTY25NOV57200PE | strike=57200 | option_type=PE | expiry=2025-11-25
2025-11-19 11:17:29 | DEBUG    | Found option contract: BANKNIFTY25NOV59200CE | strike=59200 | option_type=CE | expiry=2025-11-25
2025-11-19 11:17:29 | DEBUG    | Found option contract: BANKNIFTY25NOV57200PE | strike=57200 | option_type=PE | expiry=2025-11-25
2025-11-19 11:17:33 | DEBUG    | Found option contract: BANKNIFTY25NOV59200PE | strike=59200 | option_type=PE | expiry=2025-11-25
2025-11-19 11:17:37 | DEBUG    | Found option contract: BANKNIFTY25NOV59200CE | strike=59200 | option_type=CE | expiry=2025-11-25
2025-11-19 11:17:37 | DEBUG    | Found option contract: BANKNIFTY25NOV59200PE | strike=59200 | option_type=PE | expiry=2025-11-25
2025-11-19 11:17:37 | DEBUG    | Found option contract: BANKNIFTY25NOV57200PE | strike=57200 | option_type=PE | expiry=2025-11-25
2025-11-19 11:17:38 | DEBUG    | Found option contract: BANKNIFTY25NOV59200CE | strike=59200 | option_type=CE | expiry=2025-11-25
2025-11-19 11:17:38 | DEBUG    | Found option contract: BANKNIFTY25NOV59200PE | strike=59200 | option_type=PE | expiry=2025-11-25
2025-11-19 11:17:38 | DEBUG    | Found option contract: BANKNIFTY25NOV61200CE | strike=61200 | option_type=CE | expiry=2025-11-25
2025-11-19 11:17:38 | DEBUG    | Found option contract: BANKNIFTY25NOV59200CE | strike=59200 | option_type=CE | expiry=2025-11-25
2025-11-19 11:17:38 | DEBUG    | Found option contract: BANKNIFTY25NOV59200PE | strike=59200 | option_type=PE | expiry=2025-11-25
2025-11-19 11:17:38 | DEBUG    | Found option contract: BANKNIFTY25NOV61200CE | strike=61200 | option_type=CE | expiry=2025-11-25
2025-11-19 11:17:38 | DEBUG    | Found option contract: BANKNIFTY25NOV59200CE | strike=59200 | option_type=CE | expiry=2025-11-25
2025-11-19 11:17:38 | DEBUG    | Found option contract: BANKNIFTY25NOV59200PE | strike=59200 | option_type=PE | expiry=2025-11-25
2025-11-19 11:17:38 | DEBUG    | Found option contract: BANKNIFTY25NOV61200CE | strike=61200 | option_type=CE | expiry=2025-11-25
2025-11-19 11:17:39 | DEBUG    | Found option contract: BANKNIFTY25NOV59200PE | strike=59200 | option_type=PE | expiry=2025-11-25
2025-11-19 11:17:39 | DEBUG    | Found option contract: BANKNIFTY25NOV61200CE | strike=61200 | option_type=CE | expiry=2025-11-25
2025-11-19 11:17:43 | DEBUG    | Found option contract: BANKNIFTY25NOV59200CE | strike=59200 | option_type=CE | expiry=2025-11-25
2025-11-19 11:18:20 | INFO     | Refreshing option chain from Zerodha...
2025-11-19 11:18:22 | INFO     | Found 981 BankNifty option contracts
2025-11-19 11:18:22 | INFO     | Current expiry: 2025-11-25 | expiry_date=2025-11-25 | days_until_expiry=6
2025-11-19 11:18:22 | INFO     | Found 330 options for current expiry
2025-11-19 11:18:22 | INFO     | Option chain cached | total_contracts=330 | expiry=2025-11-25
2025-11-19 11:18:22 | DEBUG    | Found option contract: BANKNIFTY25NOV57300CE | strike=57300 | option_type=CE | expiry=2025-11-25
2025-11-19 11:18:22 | DEBUG    | Found option contract: BANKNIFTY25NOV57300PE | strike=57300 | option_type=PE | expiry=2025-11-25
2025-11-19 11:18:22 | DEBUG    | Found option contract: BANKNIFTY25NOV55300PE | strike=55300 | option_type=PE | expiry=2025-11-25
2025-11-19 11:18:23 | DEBUG    | Found option contract: BANKNIFTY25NOV57300CE | strike=57300 | option_type=CE | expiry=2025-11-25
2025-11-19 11:18:23 | DEBUG    | Found option contract: BANKNIFTY25NOV55300PE | strike=55300 | option_type=PE | expiry=2025-11-25
2025-11-19 11:18:27 | DEBUG    | Found option contract: BANKNIFTY25NOV57300PE | strike=57300 | option_type=PE | expiry=2025-11-25
2025-11-19 12:28:02 | INFO     | Refreshing option chain from Zerodha...
2025-11-19 12:28:05 | INFO     | Found 981 BankNifty option contracts
2025-11-19 12:28:05 | INFO     | Current expiry: 2025-11-25 | expiry_date=2025-11-25 | days_until_expiry=6
2025-11-19 12:28:05 | INFO     | Found 330 options for current expiry
2025-11-19 12:28:05 | INFO     | Option chain cached | total_contracts=330 | expiry=2025-11-25
2025-11-19 12:28:07 | DEBUG    | Found option contract: BANKNIFTY25NOV59200CE | strike=59200 | option_type=CE | expiry=2025-11-25
2025-11-19 12:28:07 | DEBUG    | Found option contract: BANKNIFTY25NOV59200PE | strike=59200 | option_type=PE | expiry=2025-11-25
2025-11-19 12:28:07 | DEBUG    | Found option contract: BANKNIFTY25NOV57200PE | strike=57200 | option_type=PE | expiry=2025-11-25
2025-11-19 12:28:07 | DEBUG    | Found option contract: BANKNIFTY25NOV59200CE | strike=59200 | option_type=CE | expiry=2025-11-25
2025-11-19 12:28:07 | DEBUG    | Found option contract: BANKNIFTY25NOV57200PE | strike=57200 | option_type=PE | expiry=2025-11-25
2025-11-19 12:28:11 | DEBUG    | Found option contract: BANKNIFTY25NOV59200PE | strike=59200 | option_type=PE | expiry=2025-11-25
2025-11-19 12:28:16 | DEBUG    | Found option contract: BANKNIFTY25NOV59200CE | strike=59200 | option_type=CE | expiry=2025-11-25
2025-11-19 12:28:16 | DEBUG    | Found option contract: BANKNIFTY25NOV59200PE | strike=59200 | option_type=PE | expiry=2025-11-25
2025-11-19 12:28:16 | DEBUG    | Found option contract: BANKNIFTY25NOV57200PE | strike=57200 | option_type=PE | expiry=2025-11-25
2025-11-19 12:28:16 | DEBUG    | Found option contract: BANKNIFTY25NOV59200CE | strike=59200 | option_type=CE | expiry=2025-11-25
2025-11-19 12:28:16 | DEBUG    | Found option contract: BANKNIFTY25NOV59200PE | strike=59200 | option_type=PE | expiry=2025-11-25
2025-11-19 12:28:16 | DEBUG    | Found option contract: BANKNIFTY25NOV61200CE | strike=61200 | option_type=CE | expiry=2025-11-25
2025-11-19 12:28:16 | DEBUG    | Found option contract: BANKNIFTY25NOV59200CE | strike=59200 | option_type=CE | expiry=2025-11-25
2025-11-19 12:28:16 | DEBUG    | Found option contract: BANKNIFTY25NOV59200PE | strike=59200 | option_type=PE | expiry=2025-11-25
2025-11-19 12:28:16 | DEBUG    | Found option contract: BANKNIFTY25NOV61200CE | strike=61200 | option_type=CE | expiry=2025-11-25
2025-11-19 12:28:17 | DEBUG    | Found option contract: BANKNIFTY25NOV59200CE | strike=59200 | option_type=CE | expiry=2025-11-25
2025-11-19 12:28:17 | DEBUG    | Found option contract: BANKNIFTY25NOV59200PE | strike=59200 | option_type=PE | expiry=2025-11-25
2025-11-19 12:28:17 | DEBUG    | Found option contract: BANKNIFTY25NOV61200CE | strike=61200 | option_type=CE | expiry=2025-11-25
2025-11-19 12:28:17 | DEBUG    | Found option contract: BANKNIFTY25NOV59200PE | strike=59200 | option_type=PE | expiry=2025-11-25
2025-11-19 12:28:17 | DEBUG    | Found option contract: BANKNIFTY25NOV61200CE | strike=61200 | option_type=CE | expiry=2025-11-25
2025-11-19 12:28:22 | DEBUG    | Found option contract: BANKNIFTY25NOV59200CE | strike=59200 | option_type=CE | expiry=2025-11-25
2025-11-19 12:28:59 | INFO     | Refreshing option chain from Zerodha...
2025-11-19 12:29:01 | INFO     | Found 981 BankNifty option contracts
2025-11-19 12:29:01 | INFO     | Current expiry: 2025-11-25 | expiry_date=2025-11-25 | days_until_expiry=6
2025-11-19 12:29:01 | INFO     | Found 330 options for current expiry
2025-11-19 12:29:01 | INFO     | Option chain cached | total_contracts=330 | expiry=2025-11-25
2025-11-19 12:29:01 | DEBUG    | Found option contract: BANKNIFTY25NOV57300CE | strike=57300 | option_type=CE | expiry=2025-11-25
2025-11-19 12:29:01 | DEBUG    | Found option contract: BANKNIFTY25NOV57300PE | strike=57300 | option_type=PE | expiry=2025-11-25
2025-11-19 12:29:01 | DEBUG    | Found option contract: BANKNIFTY25NOV55300PE | strike=55300 | option_type=PE | expiry=2025-11-25
2025-11-19 12:29:02 | DEBUG    | Found option contract: BANKNIFTY25NOV57300CE | strike=57300 | option_type=CE | expiry=2025-11-25
2025-11-19 12:29:02 | DEBUG    | Found option contract: BANKNIFTY25NOV55300PE | strike=55300 | option_type=PE | expiry=2025-11-25
2025-11-19 12:29:06 | DEBUG    | Found option contract: BANKNIFTY25NOV57300PE | strike=57300 | option_type=PE | expiry=2025-11-25
2025-11-19 12:29:42 | INFO     | Refreshing option chain from Zerodha...
2025-11-19 12:29:44 | INFO     | Found 981 BankNifty option contracts
2025-11-19 12:29:44 | INFO     | Current expiry: 2025-11-25 | expiry_date=2025-11-25 | days_until_expiry=6
2025-11-19 12:29:44 | INFO     | Found 330 options for current expiry
2025-11-19 12:29:44 | INFO     | Option chain cached | total_contracts=330 | expiry=2025-11-25
2025-11-19 12:29:47 | DEBUG    | Found option contract: BANKNIFTY25NOV59200CE | strike=59200 | option_type=CE | expiry=2025-11-25
2025-11-19 12:29:47 | DEBUG    | Found option contract: BANKNIFTY25NOV59200PE | strike=59200 | option_type=PE | expiry=2025-11-25
2025-11-19 12:29:47 | DEBUG    | Found option contract: BANKNIFTY25NOV57200PE | strike=57200 | option_type=PE | expiry=2025-11-25
2025-11-19 12:29:47 | DEBUG    | Found option contract: BANKNIFTY25NOV59200CE | strike=59200 | option_type=CE | expiry=2025-11-25
2025-11-19 12:29:47 | DEBUG    | Found option contract: BANKNIFTY25NOV57200PE | strike=57200 | option_type=PE | expiry=2025-11-25
2025-11-19 12:29:51 | DEBUG    | Found option contract: BANKNIFTY25NOV59200PE | strike=59200 | option_type=PE | expiry=2025-11-25
2025-11-19 12:29:55 | DEBUG    | Found option contract: BANKNIFTY25NOV59200CE | strike=59200 | option_type=CE | expiry=2025-11-25
2025-11-19 12:29:55 | DEBUG    | Found option contract: BANKNIFTY25NOV59200PE | strike=59200 | option_type=PE | expiry=2025-11-25
2025-11-19 12:29:55 | DEBUG    | Found option contract: BANKNIFTY25NOV57200PE | strike=57200 | option_type=PE | expiry=2025-11-25
2025-11-19 12:29:56 | DEBUG    | Found option contract: BANKNIFTY25NOV59200CE | strike=59200 | option_type=CE | expiry=2025-11-25
2025-11-19 12:29:56 | DEBUG    | Found option contract: BANKNIFTY25NOV59200PE | strike=59200 | option_type=PE | expiry=2025-11-25
2025-11-19 12:29:56 | DEBUG    | Found option contract: BANKNIFTY25NOV61200CE | strike=61200 | option_type=CE | expiry=2025-11-25
2025-11-19 12:29:56 | DEBUG    | Found option contract: BANKNIFTY25NOV59200CE | strike=59200 | option_type=CE | expiry=2025-11-25
2025-11-19 12:29:56 | DEBUG    | Found option contract: BANKNIFTY25NOV59200PE | strike=59200 | option_type=PE | expiry=2025-11-25
2025-11-19 12:29:56 | DEBUG    | Found option contract: BANKNIFTY25NOV61200CE | strike=61200 | option_type=CE | expiry=2025-11-25
2025-11-19 12:29:56 | DEBUG    | Found option contract: BANKNIFTY25NOV59200CE | strike=59200 | option_type=CE | expiry=2025-11-25
2025-11-19 12:29:56 | DEBUG    | Found option contract: BANKNIFTY25NOV59200PE | strike=59200 | option_type=PE | expiry=2025-11-25
2025-11-19 12:29:56 | DEBUG    | Found option contract: BANKNIFTY25NOV61200CE | strike=61200 | option_type=CE | expiry=2025-11-25
2025-11-19 12:29:57 | DEBUG    | Found option contract: BANKNIFTY25NOV59200PE | strike=59200 | option_type=PE | expiry=2025-11-25
2025-11-19 12:29:57 | DEBUG    | Found option contract: BANKNIFTY25NOV61200CE | strike=61200 | option_type=CE | expiry=2025-11-25
2025-11-19 12:30:01 | DEBUG    | Found option contract: BANKNIFTY25NOV59200CE | strike=59200 | option_type=CE | expiry=2025-11-25
2025-11-19 12:30:38 | INFO     | Refreshing option chain from Zerodha...
2025-11-19 12:30:40 | INFO     | Found 981 BankNifty option contracts
2025-11-19 12:30:40 | INFO     | Current expiry: 2025-11-25 | expiry_date=2025-11-25 | days_until_expiry=6
2025-11-19 12:30:40 | INFO     | Found 330 options for current expiry
2025-11-19 12:30:40 | INFO     | Option chain cached | total_contracts=330 | expiry=2025-11-25
2025-11-19 12:30:40 | DEBUG    | Found option contract: BANKNIFTY25NOV57300CE | strike=57300 | option_type=CE | expiry=2025-11-25
2025-11-19 12:30:40 | DEBUG    | Found option contract: BANKNIFTY25NOV57300PE | strike=57300 | option_type=PE | expiry=2025-11-25
2025-11-19 12:30:40 | DEBUG    | Found option contract: BANKNIFTY25NOV55300PE | strike=55300 | option_type=PE | expiry=2025-11-25
2025-11-19 12:30:41 | DEBUG    | Found option contract: BANKNIFTY25NOV57300CE | strike=57300 | option_type=CE | expiry=2025-11-25
2025-11-19 12:30:41 | DEBUG    | Found option contract: BANKNIFTY25NOV55300PE | strike=55300 | option_type=PE | expiry=2025-11-25
2025-11-19 12:30:45 | DEBUG    | Found option contract: BANKNIFTY25NOV57300PE | strike=57300 | option_type=PE | expiry=2025-11-25
2025-11-19 12:32:28 | INFO     | Refreshing option chain from Zerodha...
2025-11-19 12:32:31 | INFO     | Found 981 BankNifty option contracts
2025-11-19 12:32:31 | INFO     | Current expiry: 2025-11-25 | expiry_date=2025-11-25 | days_until_expiry=6
2025-11-19 12:32:31 | INFO     | Found 330 options for current expiry
2025-11-19 12:32:31 | INFO     | Option chain cached | total_contracts=330 | expiry=2025-11-25
2025-11-19 12:32:33 | DEBUG    | Found option contract: BANKNIFTY25NOV59200CE | strike=59200 | option_type=CE | expiry=2025-11-25
2025-11-19 12:32:33 | DEBUG    | Found option contract: BANKNIFTY25NOV59200PE | strike=59200 | option_type=PE | expiry=2025-11-25
2025-11-19 12:32:33 | DEBUG    | Found option contract: BANKNIFTY25NOV57200PE | strike=57200 | option_type=PE | expiry=2025-11-25
2025-11-19 12:32:33 | DEBUG    | Found option contract: BANKNIFTY25NOV59200CE | strike=59200 | option_type=CE | expiry=2025-11-25
2025-11-19 12:32:33 | DEBUG    | Found option contract: BANKNIFTY25NOV57200PE | strike=57200 | option_type=PE | expiry=2025-11-25
2025-11-19 12:32:37 | DEBUG    | Found option contract: BANKNIFTY25NOV59200PE | strike=59200 | option_type=PE | expiry=2025-11-25
2025-11-19 12:32:42 | DEBUG    | Found option contract: BANKNIFTY25NOV59200CE | strike=59200 | option_type=CE | expiry=2025-11-25
2025-11-19 12:32:42 | DEBUG    | Found option contract: BANKNIFTY25NOV59200PE | strike=59200 | option_type=PE | expiry=2025-11-25
2025-11-19 12:32:42 | DEBUG    | Found option contract: BANKNIFTY25NOV57200PE | strike=57200 | option_type=PE | expiry=2025-11-25
2025-11-19 12:32:42 | DEBUG    | Found option contract: BANKNIFTY25NOV59200CE | strike=59200 | option_type=CE | expiry=2025-11-25
2025-11-19 12:32:42 | DEBUG    | Found option contract: BANKNIFTY25NOV59200PE | strike=59200 | option_type=PE | expiry=2025-11-25
2025-11-19 12:32:42 | DEBUG    | Found option contract: BANKNIFTY25NOV61200CE | strike=61200 | option_type=CE | expiry=2025-11-25
2025-11-19 12:32:42 | DEBUG    | Found option contract: BANKNIFTY25NOV59200CE | strike=59200 | option_type=CE | expiry=2025-11-25
2025-11-19 12:32:42 | DEBUG    | Found option contract: BANKNIFTY25NOV59200PE | strike=59200 | option_type=PE | expiry=2025-11-25
2025-11-19 12:32:42 | DEBUG    | Found option contract: BANKNIFTY25NOV61200CE | strike=61200 | option_type=CE | expiry=2025-11-25
2025-11-19 12:32:43 | DEBUG    | Found option contract: BANKNIFTY25NOV59200CE | strike=59200 | option_type=CE | expiry=2025-11-25
2025-11-19 12:32:43 | DEBUG    | Found option contract: BANKNIFTY25NOV59200PE | strike=59200 | option_type=PE | expiry=2025-11-25
2025-11-19 12:32:43 | DEBUG    | Found option contract: BANKNIFTY25NOV61200CE | strike=61200 | option_type=CE | expiry=2025-11-25
2025-11-19 12:32:44 | DEBUG    | Found option contract: BANKNIFTY25NOV59200PE | strike=59200 | option_type=PE | expiry=2025-11-25
2025-11-19 12:32:44 | DEBUG    | Found option contract: BANKNIFTY25NOV61200CE | strike=61200 | option_type=CE | expiry=2025-11-25
2025-11-19 12:32:48 | DEBUG    | Found option contract: BANKNIFTY25NOV59200CE | strike=59200 | option_type=CE | expiry=2025-11-25
2025-11-19 12:33:26 | INFO     | Refreshing option chain from Zerodha...
2025-11-19 12:33:28 | INFO     | Found 981 BankNifty option contracts
2025-11-19 12:33:28 | INFO     | Current expiry: 2025-11-25 | expiry_date=2025-11-25 | days_until_expiry=6
2025-11-19 12:33:28 | INFO     | Found 330 options for current expiry
2025-11-19 12:33:28 | INFO     | Option chain cached | total_contracts=330 | expiry=2025-11-25
2025-11-19 12:33:28 | DEBUG    | Found option contract: BANKNIFTY25NOV57300CE | strike=57300 | option_type=CE | expiry=2025-11-25
2025-11-19 12:33:28 | DEBUG    | Found option contract: BANKNIFTY25NOV57300PE | strike=57300 | option_type=PE | expiry=2025-11-25
2025-11-19 12:33:28 | DEBUG    | Found option contract: BANKNIFTY25NOV55300PE | strike=55300 | option_type=PE | expiry=2025-11-25
2025-11-19 12:33:28 | DEBUG    | Found option contract: BANKNIFTY25NOV57300CE | strike=57300 | option_type=CE | expiry=2025-11-25
2025-11-19 12:33:28 | DEBUG    | Found option contract: BANKNIFTY25NOV55300PE | strike=55300 | option_type=PE | expiry=2025-11-25
2025-11-19 12:33:32 | DEBUG    | Found option contract: BANKNIFTY25NOV57300PE | strike=57300 | option_type=PE | expiry=2025-11-25
2025-11-19 12:34:46 | INFO     | Refreshing option chain from Zerodha...
2025-11-19 12:34:48 | INFO     | Found 981 BankNifty option contracts
2025-11-19 12:34:48 | INFO     | Current expiry: 2025-11-25 | expiry_date=2025-11-25 | days_until_expiry=6
2025-11-19 12:34:48 | INFO     | Found 330 options for current expiry
2025-11-19 12:34:48 | INFO     | Option chain cached | total_contracts=330 | expiry=2025-11-25
2025-11-19 12:34:51 | DEBUG    | Found option contract: BANKNIFTY25NOV59200CE | strike=59200 | option_type=CE | expiry=2025-11-25
2025-11-19 12:34:51 | DEBUG    | Found option contract: BANKNIFTY25NOV59200PE | strike=59200 | option_type=PE | expiry=2025-11-25
2025-11-19 12:34:51 | DEBUG    | Found option contract: BANKNIFTY25NOV57200PE | strike=57200 | option_type=PE | expiry=2025-11-25
2025-11-19 12:34:51 | DEBUG    | Found option contract: BANKNIFTY25NOV59200CE | strike=59200 | option_type=CE | expiry=2025-11-25
2025-11-19 12:34:51 | DEBUG    | Found option contract: BANKNIFTY25NOV57200PE | strike=57200 | option_type=PE | expiry=2025-11-25
2025-11-19 12:34:56 | DEBUG    | Found option contract: BANKNIFTY25NOV59200PE | strike=59200 | option_type=PE | expiry=2025-11-25
2025-11-19 12:35:00 | DEBUG    | Found option contract: BANKNIFTY25NOV59200CE | strike=59200 | option_type=CE | expiry=2025-11-25
2025-11-19 12:35:00 | DEBUG    | Found option contract: BANKNIFTY25NOV59200PE | strike=59200 | option_type=PE | expiry=2025-11-25
2025-11-19 12:35:00 | DEBUG    | Found option contract: BANKNIFTY25NOV57200PE | strike=57200 | option_type=PE | expiry=2025-11-25
2025-11-19 12:35:00 | DEBUG    | Found option contract: BANKNIFTY25NOV59200CE | strike=59200 | option_type=CE | expiry=2025-11-25
2025-11-19 12:35:00 | DEBUG    | Found option contract: BANKNIFTY25NOV59200PE | strike=59200 | option_type=PE | expiry=2025-11-25
2025-11-19 12:35:00 | DEBUG    | Found option contract: BANKNIFTY25NOV61200CE | strike=61200 | option_type=CE | expiry=2025-11-25
2025-11-19 12:35:01 | DEBUG    | Found option contract: BANKNIFTY25NOV59200CE | strike=59200 | option_type=CE | expiry=2025-11-25
2025-11-19 12:35:01 | DEBUG    | Found option contract: BANKNIFTY25NOV59200PE | strike=59200 | option_type=PE | expiry=2025-11-25
2025-11-19 12:35:01 | DEBUG    | Found option contract: BANKNIFTY25NOV61200CE | strike=61200 | option_type=CE | expiry=2025-11-25
2025-11-19 12:35:01 | DEBUG    | Found option contract: BANKNIFTY25NOV59200CE | strike=59200 | option_type=CE | expiry=2025-11-25
2025-11-19 12:35:01 | DEBUG    | Found option contract: BANKNIFTY25NOV59200PE | strike=59200 | option_type=PE | expiry=2025-11-25
2025-11-19 12:35:01 | DEBUG    | Found option contract: BANKNIFTY25NOV61200CE | strike=61200 | option_type=CE | expiry=2025-11-25
2025-11-19 12:35:02 | DEBUG    | Found option contract: BANKNIFTY25NOV59200PE | strike=59200 | option_type=PE | expiry=2025-11-25
2025-11-19 12:35:02 | DEBUG    | Found option contract: BANKNIFTY25NOV61200CE | strike=61200 | option_type=CE | expiry=2025-11-25
2025-11-19 12:35:06 | DEBUG    | Found option contract: BANKNIFTY25NOV59200CE | strike=59200 | option_type=CE | expiry=2025-11-25
2025-11-19 12:35:44 | INFO     | Refreshing option chain from Zerodha...
2025-11-19 12:35:46 | INFO     | Found 981 BankNifty option contracts
2025-11-19 12:35:46 | INFO     | Current expiry: 2025-11-25 | expiry_date=2025-11-25 | days_until_expiry=6
2025-11-19 12:35:46 | INFO     | Found 330 options for current expiry
2025-11-19 12:35:46 | INFO     | Option chain cached | total_contracts=330 | expiry=2025-11-25
2025-11-19 12:35:46 | DEBUG    | Found option contract: BANKNIFTY25NOV57300CE | strike=57300 | option_type=CE | expiry=2025-11-25
2025-11-19 12:35:46 | DEBUG    | Found option contract: BANKNIFTY25NOV57300PE | strike=57300 | option_type=PE | expiry=2025-11-25
2025-11-19 12:35:46 | DEBUG    | Found option contract: BANKNIFTY25NOV55300PE | strike=55300 | option_type=PE | expiry=2025-11-25
2025-11-19 12:35:46 | DEBUG    | Found option contract: BANKNIFTY25NOV57300CE | strike=57300 | option_type=CE | expiry=2025-11-25
2025-11-19 12:35:46 | DEBUG    | Found option contract: BANKNIFTY25NOV55300PE | strike=55300 | option_type=PE | expiry=2025-11-25
2025-11-19 12:35:50 | DEBUG    | Found option contract: BANKNIFTY25NOV57300PE | strike=57300 | option_type=PE | expiry=2025-11-25
2025-11-19 12:37:42 | INFO     | Refreshing option chain from Zerodha...
2025-11-19 12:37:44 | INFO     | Found 981 BankNifty option contracts
2025-11-19 12:37:44 | INFO     | Current expiry: 2025-11-25 | expiry_date=2025-11-25 | days_until_expiry=6
2025-11-19 12:37:44 | INFO     | Found 330 options for current expiry
2025-11-19 12:37:44 | INFO     | Option chain cached | total_contracts=330 | expiry=2025-11-25
2025-11-19 12:37:47 | DEBUG    | Found option contract: BANKNIFTY25NOV59200CE | strike=59200 | option_type=CE | expiry=2025-11-25
2025-11-19 12:37:47 | DEBUG    | Found option contract: BANKNIFTY25NOV59200PE | strike=59200 | option_type=PE | expiry=2025-11-25
2025-11-19 12:37:47 | DEBUG    | Found option contract: BANKNIFTY25NOV57200PE | strike=57200 | option_type=PE | expiry=2025-11-25
2025-11-19 12:37:47 | DEBUG    | Found option contract: BANKNIFTY25NOV59200CE | strike=59200 | option_type=CE | expiry=2025-11-25
2025-11-19 12:37:47 | DEBUG    | Found option contract: BANKNIFTY25NOV57200PE | strike=57200 | option_type=PE | expiry=2025-11-25
2025-11-19 12:37:51 | DEBUG    | Found option contract: BANKNIFTY25NOV59200PE | strike=59200 | option_type=PE | expiry=2025-11-25
2025-11-19 12:37:56 | DEBUG    | Found option contract: BANKNIFTY25NOV59200CE | strike=59200 | option_type=CE | expiry=2025-11-25
2025-11-19 12:37:56 | DEBUG    | Found option contract: BANKNIFTY25NOV59200PE | strike=59200 | option_type=PE | expiry=2025-11-25
2025-11-19 12:37:56 | DEBUG    | Found option contract: BANKNIFTY25NOV57200PE | strike=57200 | option_type=PE | expiry=2025-11-25
2025-11-19 12:37:56 | DEBUG    | Found option contract: BANKNIFTY25NOV59200CE | strike=59200 | option_type=CE | expiry=2025-11-25
2025-11-19 12:37:56 | DEBUG    | Found option contract: BANKNIFTY25NOV59200PE | strike=59200 | option_type=PE | expiry=2025-11-25
2025-11-19 12:37:56 | DEBUG    | Found option contract: BANKNIFTY25NOV61200CE | strike=61200 | option_type=CE | expiry=2025-11-25
2025-11-19 12:37:57 | DEBUG    | Found option contract: BANKNIFTY25NOV59200CE | strike=59200 | option_type=CE | expiry=2025-11-25
2025-11-19 12:37:57 | DEBUG    | Found option contract: BANKNIFTY25NOV59200PE | strike=59200 | option_type=PE | expiry=2025-11-25
2025-11-19 12:37:57 | DEBUG    | Found option contract: BANKNIFTY25NOV61200CE | strike=61200 | option_type=CE | expiry=2025-11-25
2025-11-19 12:37:57 | DEBUG    | Found option contract: BANKNIFTY25NOV59200CE | strike=59200 | option_type=CE | expiry=2025-11-25
2025-11-19 12:37:57 | DEBUG    | Found option contract: BANKNIFTY25NOV59200PE | strike=59200 | option_type=PE | expiry=2025-11-25
2025-11-19 12:37:57 | DEBUG    | Found option contract: BANKNIFTY25NOV61200CE | strike=61200 | option_type=CE | expiry=2025-11-25
2025-11-19 12:37:58 | DEBUG    | Found option contract: BANKNIFTY25NOV59200PE | strike=59200 | option_type=PE | expiry=2025-11-25
2025-11-19 12:37:58 | DEBUG    | Found option contract: BANKNIFTY25NOV61200CE | strike=61200 | option_type=CE | expiry=2025-11-25
2025-11-19 12:38:02 | DEBUG    | Found option contract: BANKNIFTY25NOV59200CE | strike=59200 | option_type=CE | expiry=2025-11-25
2025-11-19 12:38:39 | INFO     | Refreshing option chain from Zerodha...
2025-11-19 12:38:41 | INFO     | Found 981 BankNifty option contracts
2025-11-19 12:38:41 | INFO     | Current expiry: 2025-11-25 | expiry_date=2025-11-25 | days_until_expiry=6
2025-11-19 12:38:41 | INFO     | Found 330 options for current expiry
2025-11-19 12:38:41 | INFO     | Option chain cached | total_contracts=330 | expiry=2025-11-25
2025-11-19 12:38:41 | DEBUG    | Found option contract: BANKNIFTY25NOV57300CE | strike=57300 | option_type=CE | expiry=2025-11-25
2025-11-19 12:38:41 | DEBUG    | Found option contract: BANKNIFTY25NOV57300PE | strike=57300 | option_type=PE | expiry=2025-11-25
2025-11-19 12:38:41 | DEBUG    | Found option contract: BANKNIFTY25NOV55300PE | strike=55300 | option_type=PE | expiry=2025-11-25
2025-11-19 12:38:42 | DEBUG    | Found option contract: BANKNIFTY25NOV57300CE | strike=57300 | option_type=CE | expiry=2025-11-25
2025-11-19 12:38:42 | DEBUG    | Found option contract: BANKNIFTY25NOV55300PE | strike=55300 | option_type=PE | expiry=2025-11-25
2025-11-19 12:38:46 | DEBUG    | Found option contract: BANKNIFTY25NOV57300PE | strike=57300 | option_type=PE | expiry=2025-11-25
2025-11-19 12:40:06 | INFO     | Refreshing option chain from Zerodha...
2025-11-19 12:40:08 | INFO     | Found 981 BankNifty option contracts
2025-11-19 12:40:08 | INFO     | Current expiry: 2025-11-25 | expiry_date=2025-11-25 | days_until_expiry=6
2025-11-19 12:40:08 | INFO     | Found 330 options for current expiry
2025-11-19 12:40:08 | INFO     | Option chain cached | total_contracts=330 | expiry=2025-11-25
2025-11-19 12:40:11 | DEBUG    | Found option contract: BANKNIFTY25NOV59200CE | strike=59200 | option_type=CE | expiry=2025-11-25
2025-11-19 12:40:11 | DEBUG    | Found option contract: BANKNIFTY25NOV59200PE | strike=59200 | option_type=PE | expiry=2025-11-25
2025-11-19 12:40:11 | DEBUG    | Found option contract: BANKNIFTY25NOV57200PE | strike=57200 | option_type=PE | expiry=2025-11-25
2025-11-19 12:40:12 | DEBUG    | Found option contract: BANKNIFTY25NOV59200CE | strike=59200 | option_type=CE | expiry=2025-11-25
2025-11-19 12:40:12 | DEBUG    | Found option contract: BANKNIFTY25NOV57200PE | strike=57200 | option_type=PE | expiry=2025-11-25
2025-11-19 12:40:16 | DEBUG    | Found option contract: BANKNIFTY25NOV59200PE | strike=59200 | option_type=PE | expiry=2025-11-25
2025-11-19 12:40:20 | DEBUG    | Found option contract: BANKNIFTY25NOV59200CE | strike=59200 | option_type=CE | expiry=2025-11-25
2025-11-19 12:40:20 | DEBUG    | Found option contract: BANKNIFTY25NOV59200PE | strike=59200 | option_type=PE | expiry=2025-11-25
2025-11-19 12:40:20 | DEBUG    | Found option contract: BANKNIFTY25NOV57200PE | strike=57200 | option_type=PE | expiry=2025-11-25
2025-11-19 12:40:20 | DEBUG    | Found option contract: BANKNIFTY25NOV59200CE | strike=59200 | option_type=CE | expiry=2025-11-25
2025-11-19 12:40:20 | DEBUG    | Found option contract: BANKNIFTY25NOV59200PE | strike=59200 | option_type=PE | expiry=2025-11-25
2025-11-19 12:40:20 | DEBUG    | Found option contract: BANKNIFTY25NOV61200CE | strike=61200 | option_type=CE | expiry=2025-11-25
2025-11-19 12:40:21 | DEBUG    | Found option contract: BANKNIFTY25NOV59200CE | strike=59200 | option_type=CE | expiry=2025-11-25
2025-11-19 12:40:21 | DEBUG    | Found option contract: BANKNIFTY25NOV59200PE | strike=59200 | option_type=PE | expiry=2025-11-25
2025-11-19 12:40:21 | DEBUG    | Found option contract: BANKNIFTY25NOV61200CE | strike=61200 | option_type=CE | expiry=2025-11-25
2025-11-19 12:40:21 | DEBUG    | Found option contract: BANKNIFTY25NOV59200CE | strike=59200 | option_type=CE | expiry=2025-11-25
2025-11-19 12:40:21 | DEBUG    | Found option contract: BANKNIFTY25NOV59200PE | strike=59200 | option_type=PE | expiry=2025-11-25
2025-11-19 12:40:21 | DEBUG    | Found option contract: BANKNIFTY25NOV61200CE | strike=61200 | option_type=CE | expiry=2025-11-25
2025-11-19 12:40:22 | DEBUG    | Found option contract: BANKNIFTY25NOV59200PE | strike=59200 | option_type=PE | expiry=2025-11-25
2025-11-19 12:40:22 | DEBUG    | Found option contract: BANKNIFTY25NOV61200CE | strike=61200 | option_type=CE | expiry=2025-11-25
2025-11-19 12:40:26 | DEBUG    | Found option contract: BANKNIFTY25NOV59200CE | strike=59200 | option_type=CE | expiry=2025-11-25
2025-11-19 12:41:03 | INFO     | Refreshing option chain from Zerodha...
2025-11-19 12:41:05 | INFO     | Found 981 BankNifty option contracts
2025-11-19 12:41:05 | INFO     | Current expiry: 2025-11-25 | expiry_date=2025-11-25 | days_until_expiry=6
2025-11-19 12:41:05 | INFO     | Found 330 options for current expiry
2025-11-19 12:41:05 | INFO     | Option chain cached | total_contracts=330 | expiry=2025-11-25
2025-11-19 12:41:05 | DEBUG    | Found option contract: BANKNIFTY25NOV57300CE | strike=57300 | option_type=CE | expiry=2025-11-25
2025-11-19 12:41:05 | DEBUG    | Found option contract: BANKNIFTY25NOV57300PE | strike=57300 | option_type=PE | expiry=2025-11-25
2025-11-19 12:41:05 | DEBUG    | Found option contract: BANKNIFTY25NOV55300PE | strike=55300 | option_type=PE | expiry=2025-11-25
2025-11-19 12:41:06 | DEBUG    | Found option contract: BANKNIFTY25NOV57300CE | strike=57300 | option_type=CE | expiry=2025-11-25
2025-11-19 12:41:06 | DEBUG    | Found option contract: BANKNIFTY25NOV55300PE | strike=55300 | option_type=PE | expiry=2025-11-25
2025-11-19 12:41:10 | DEBUG    | Found option contract: BANKNIFTY25NOV57300PE | strike=57300 | option_type=PE | expiry=2025-11-25
2025-11-19 12:42:12 | INFO     | Refreshing option chain from Zerodha...
2025-11-19 12:42:14 | INFO     | Found 981 BankNifty option contracts
2025-11-19 12:42:14 | INFO     | Current expiry: 2025-11-25 | expiry_date=2025-11-25 | days_until_expiry=6
2025-11-19 12:42:14 | INFO     | Found 330 options for current expiry
2025-11-19 12:42:14 | INFO     | Option chain cached | total_contracts=330 | expiry=2025-11-25
2025-11-19 12:42:17 | DEBUG    | Found option contract: BANKNIFTY25NOV59200CE | strike=59200 | option_type=CE | expiry=2025-11-25
2025-11-19 12:42:17 | DEBUG    | Found option contract: BANKNIFTY25NOV59200PE | strike=59200 | option_type=PE | expiry=2025-11-25
2025-11-19 12:42:17 | DEBUG    | Found option contract: BANKNIFTY25NOV57200PE | strike=57200 | option_type=PE | expiry=2025-11-25
2025-11-19 12:42:18 | DEBUG    | Found option contract: BANKNIFTY25NOV59200CE | strike=59200 | option_type=CE | expiry=2025-11-25
2025-11-19 12:42:18 | DEBUG    | Found option contract: BANKNIFTY25NOV57200PE | strike=57200 | option_type=PE | expiry=2025-11-25
2025-11-19 12:42:22 | DEBUG    | Found option contract: BANKNIFTY25NOV59200PE | strike=59200 | option_type=PE | expiry=2025-11-25
2025-11-19 12:42:26 | DEBUG    | Found option contract: BANKNIFTY25NOV59200CE | strike=59200 | option_type=CE | expiry=2025-11-25
2025-11-19 12:42:26 | DEBUG    | Found option contract: BANKNIFTY25NOV59200PE | strike=59200 | option_type=PE | expiry=2025-11-25
2025-11-19 12:42:26 | DEBUG    | Found option contract: BANKNIFTY25NOV57200PE | strike=57200 | option_type=PE | expiry=2025-11-25
2025-11-19 12:42:26 | DEBUG    | Found option contract: BANKNIFTY25NOV59200CE | strike=59200 | option_type=CE | expiry=2025-11-25
2025-11-19 12:42:26 | DEBUG    | Found option contract: BANKNIFTY25NOV59200PE | strike=59200 | option_type=PE | expiry=2025-11-25
2025-11-19 12:42:26 | DEBUG    | Found option contract: BANKNIFTY25NOV61200CE | strike=61200 | option_type=CE | expiry=2025-11-25
2025-11-19 12:42:27 | DEBUG    | Found option contract: BANKNIFTY25NOV59200CE | strike=59200 | option_type=CE | expiry=2025-11-25
2025-11-19 12:42:27 | DEBUG    | Found option contract: BANKNIFTY25NOV59200PE | strike=59200 | option_type=PE | expiry=2025-11-25
2025-11-19 12:42:27 | DEBUG    | Found option contract: BANKNIFTY25NOV61200CE | strike=61200 | option_type=CE | expiry=2025-11-25
2025-11-19 12:42:27 | DEBUG    | Found option contract: BANKNIFTY25NOV59200CE | strike=59200 | option_type=CE | expiry=2025-11-25
2025-11-19 12:42:27 | DEBUG    | Found option contract: BANKNIFTY25NOV59200PE | strike=59200 | option_type=PE | expiry=2025-11-25
2025-11-19 12:42:27 | DEBUG    | Found option contract: BANKNIFTY25NOV61200CE | strike=61200 | option_type=CE | expiry=2025-11-25
2025-11-19 12:42:28 | DEBUG    | Found option contract: BANKNIFTY25NOV59200PE | strike=59200 | option_type=PE | expiry=2025-11-25
2025-11-19 12:42:28 | DEBUG    | Found option contract: BANKNIFTY25NOV61200CE | strike=61200 | option_type=CE | expiry=2025-11-25
2025-11-19 12:42:32 | DEBUG    | Found option contract: BANKNIFTY25NOV59200CE | strike=59200 | option_type=CE | expiry=2025-11-25
2025-11-19 12:43:10 | INFO     | Refreshing option chain from Zerodha...
2025-11-19 12:43:12 | INFO     | Found 981 BankNifty option contracts
2025-11-19 12:43:12 | INFO     | Current expiry: 2025-11-25 | expiry_date=2025-11-25 | days_until_expiry=6
2025-11-19 12:43:12 | INFO     | Found 330 options for current expiry
2025-11-19 12:43:12 | INFO     | Option chain cached | total_contracts=330 | expiry=2025-11-25
2025-11-19 12:43:12 | DEBUG    | Found option contract: BANKNIFTY25NOV57300CE | strike=57300 | option_type=CE | expiry=2025-11-25
2025-11-19 12:43:12 | DEBUG    | Found option contract: BANKNIFTY25NOV57300PE | strike=57300 | option_type=PE | expiry=2025-11-25
2025-11-19 12:43:12 | DEBUG    | Found option contract: BANKNIFTY25NOV55300PE | strike=55300 | option_type=PE | expiry=2025-11-25
2025-11-19 12:43:12 | DEBUG    | Found option contract: BANKNIFTY25NOV57300CE | strike=57300 | option_type=CE | expiry=2025-11-25
2025-11-19 12:43:12 | DEBUG    | Found option contract: BANKNIFTY25NOV55300PE | strike=55300 | option_type=PE | expiry=2025-11-25
2025-11-19 12:43:16 | DEBUG    | Found option contract: BANKNIFTY25NOV57300PE | strike=57300 | option_type=PE | expiry=2025-11-25
2025-11-19 18:55:27 | INFO     | Refreshing option chain from Zerodha...
2025-11-19 18:55:31 | INFO     | Found 981 BankNifty option contracts
2025-11-19 18:55:31 | INFO     | Current expiry: 2025-11-25 | expiry_date=2025-11-25 | days_until_expiry=6
2025-11-19 18:55:31 | INFO     | Found 330 options for current expiry
2025-11-19 18:55:31 | INFO     | Option chain cached | total_contracts=330 | expiry=2025-11-25
2025-11-19 18:56:13 | INFO     | Refreshing option chain from Zerodha...
2025-11-19 18:56:16 | INFO     | Found 981 BankNifty option contracts
2025-11-19 18:56:16 | INFO     | Current expiry: 2025-11-25 | expiry_date=2025-11-25 | days_until_expiry=6
2025-11-19 18:56:16 | INFO     | Found 330 options for current expiry
2025-11-19 18:56:16 | INFO     | Option chain cached | total_contracts=330 | expiry=2025-11-25
2025-11-19 19:00:55 | INFO     | Refreshing option chain from Zerodha...
2025-11-19 19:00:58 | INFO     | Found 981 BankNifty option contracts
2025-11-19 19:00:58 | INFO     | Current expiry: 2025-11-25 | expiry_date=2025-11-25 | days_until_expiry=6
2025-11-19 19:00:58 | INFO     | Found 330 options for current expiry
2025-11-19 19:00:58 | INFO     | Option chain cached | total_contracts=330 | expiry=2025-11-25
2025-11-19 19:01:45 | INFO     | Refreshing option chain from Zerodha...
2025-11-19 19:01:49 | INFO     | Found 981 BankNifty option contracts
2025-11-19 19:01:49 | INFO     | Current expiry: 2025-11-25 | expiry_date=2025-11-25 | days_until_expiry=6
2025-11-19 19:01:49 | INFO     | Found 330 options for current expiry
2025-11-19 19:01:49 | INFO     | Option chain cached | total_contracts=330 | expiry=2025-11-25
2025-11-19 19:14:24 | INFO     | Refreshing option chain from Zerodha...
2025-11-19 19:14:26 | INFO     | Found 981 BankNifty option contracts
2025-11-19 19:14:26 | INFO     | Current expiry: 2025-11-25 | expiry_date=2025-11-25 | days_until_expiry=6
2025-11-19 19:14:26 | INFO     | Found 330 options for current expiry
2025-11-19 19:14:26 | INFO     | Option chain cached | total_contracts=330 | expiry=2025-11-25
2025-11-19 19:15:21 | INFO     | Refreshing option chain from Zerodha...
2025-11-19 19:15:23 | INFO     | Found 981 BankNifty option contracts
2025-11-19 19:15:23 | INFO     | Current expiry: 2025-11-25 | expiry_date=2025-11-25 | days_until_expiry=6
2025-11-19 19:15:23 | INFO     | Found 330 options for current expiry
2025-11-19 19:15:23 | INFO     | Option chain cached | total_contracts=330 | expiry=2025-11-25
2025-11-19 19:16:04 | INFO     | Refreshing option chain from Zerodha...
2025-11-19 19:16:06 | INFO     | Found 981 BankNifty option contracts
2025-11-19 19:16:06 | INFO     | Current expiry: 2025-11-25 | expiry_date=2025-11-25 | days_until_expiry=6
2025-11-19 19:16:06 | INFO     | Found 330 options for current expiry
2025-11-19 19:16:06 | INFO     | Option chain cached | total_contracts=330 | expiry=2025-11-25
2025-11-19 19:16:57 | INFO     | Refreshing option chain from Zerodha...
2025-11-19 19:16:59 | INFO     | Found 981 BankNifty option contracts
2025-11-19 19:16:59 | INFO     | Current expiry: 2025-11-25 | expiry_date=2025-11-25 | days_until_expiry=6
2025-11-19 19:16:59 | INFO     | Found 330 options for current expiry
2025-11-19 19:16:59 | INFO     | Option chain cached | total_contracts=330 | expiry=2025-11-25
2025-11-19 19:17:49 | INFO     | Refreshing option chain from Zerodha...
2025-11-19 19:17:51 | INFO     | Found 981 BankNifty option contracts
2025-11-19 19:17:51 | INFO     | Current expiry: 2025-11-25 | expiry_date=2025-11-25 | days_until_expiry=6
2025-11-19 19:17:51 | INFO     | Found 330 options for current expiry
2025-11-19 19:17:51 | INFO     | Option chain cached | total_contracts=330 | expiry=2025-11-25
2025-11-19 19:20:35 | INFO     | Refreshing option chain from Zerodha...
2025-11-19 19:20:37 | INFO     | Found 981 BankNifty option contracts
2025-11-19 19:20:37 | INFO     | Current expiry: 2025-11-25 | expiry_date=2025-11-25 | days_until_expiry=6
2025-11-19 19:20:37 | INFO     | Found 330 options for current expiry
2025-11-19 19:20:37 | INFO     | Option chain cached | total_contracts=330 | expiry=2025-11-25
