2025-11-17 00:00:26 | DEBUG    | ATM strike calculated: 51400 from futures price: 51429.1
2025-11-17 00:00:26 | INFO     | 🔵 LONG Entry initiated | futures_price=51429.1 | atm_strike=51400 | hedge_strike=49400 | lot_size=8
2025-11-17 00:00:26 | DEBUG    | Executing BUY legs: 2 orders
2025-11-17 00:00:26 | ERROR    | Failed to place order: BANKNIFTY51400CE | error=Incorrect `api_key` or `access_token`.
Traceback (most recent call last):
  File "/Users/rohan/Downloads/Vridhi_Capital_Trading_System/src/trading_system/oms/order_manager.py", line 743, in _place_market_order
    order_id=fake_id,
           ^^^^^^^^^^
  File "/opt/anaconda3/lib/python3.12/site-packages/kiteconnect/connect.py", line 361, in place_order
    return self._post("order.place",
           ^^^^^^^^^^^^^^^^^^^^^^^^^
  File "/opt/anaconda3/lib/python3.12/site-packages/kiteconnect/connect.py", line 865, in _post
    return self._request(route, "POST", url_args=url_args, params=params, is_json=is_json, query_params=query_params)
           ^^^^^^^^^^^^^^^^^^^^^^^^^^^^^^^^^^^^^^^^^^^^^^^^^^^^^^^^^^^^^^^^^^^^^^^^^^^^^^^^^^^^^^^^^^^^^^^^^^^^^^^^^^
  File "/opt/anaconda3/lib/python3.12/site-packages/kiteconnect/connect.py", line 937, in _request
    raise exp(data["message"], code=r.status_code)
kiteconnect.exceptions.TokenException: Incorrect `api_key` or `access_token`.
2025-11-17 00:00:26 | ERROR    | Failed to place order for BANKNIFTY51400CE
2025-11-17 00:00:26 | WARNING  | BUY legs failed for lot_size=8
2025-11-17 00:00:26 | ERROR    | Error exiting partial positions: Incorrect `api_key` or `access_token`.
Traceback (most recent call last):
  File "/Users/rohan/Downloads/Vridhi_Capital_Trading_System/src/trading_system/oms/order_manager.py", line 822, in _exit_partial_positions
    return 0, 0.0
                  
  File "/opt/anaconda3/lib/python3.12/site-packages/kiteconnect/connect.py", line 445, in positions
    return self._get("portfolio.positions")
           ^^^^^^^^^^^^^^^^^^^^^^^^^^^^^^^^
  File "/opt/anaconda3/lib/python3.12/site-packages/kiteconnect/connect.py", line 861, in _get
    return self._request(route, "GET", url_args=url_args, params=params, is_json=is_json)
           ^^^^^^^^^^^^^^^^^^^^^^^^^^^^^^^^^^^^^^^^^^^^^^^^^^^^^^^^^^^^^^^^^^^^^^^^^^^^^^
  File "/opt/anaconda3/lib/python3.12/site-packages/kiteconnect/connect.py", line 937, in _request
    raise exp(data["message"], code=r.status_code)
kiteconnect.exceptions.TokenException: Incorrect `api_key` or `access_token`.
2025-11-17 00:00:26 | DEBUG    | Executing BUY legs: 2 orders
2025-11-17 00:00:27 | ERROR    | Failed to place order: BANKNIFTY51400CE | error=Incorrect `api_key` or `access_token`.
Traceback (most recent call last):
  File "/Users/rohan/Downloads/Vridhi_Capital_Trading_System/src/trading_system/oms/order_manager.py", line 743, in _place_market_order
    order_id=fake_id,
           ^^^^^^^^^^
  File "/opt/anaconda3/lib/python3.12/site-packages/kiteconnect/connect.py", line 361, in place_order
    return self._post("order.place",
           ^^^^^^^^^^^^^^^^^^^^^^^^^
  File "/opt/anaconda3/lib/python3.12/site-packages/kiteconnect/connect.py", line 865, in _post
    return self._request(route, "POST", url_args=url_args, params=params, is_json=is_json, query_params=query_params)
           ^^^^^^^^^^^^^^^^^^^^^^^^^^^^^^^^^^^^^^^^^^^^^^^^^^^^^^^^^^^^^^^^^^^^^^^^^^^^^^^^^^^^^^^^^^^^^^^^^^^^^^^^^^
  File "/opt/anaconda3/lib/python3.12/site-packages/kiteconnect/connect.py", line 937, in _request
    raise exp(data["message"], code=r.status_code)
kiteconnect.exceptions.TokenException: Incorrect `api_key` or `access_token`.
2025-11-17 00:00:27 | ERROR    | Failed to place order for BANKNIFTY51400CE
2025-11-17 00:00:27 | WARNING  | BUY legs failed for lot_size=4
2025-11-17 00:00:27 | ERROR    | Error exiting partial positions: Incorrect `api_key` or `access_token`.
Traceback (most recent call last):
  File "/Users/rohan/Downloads/Vridhi_Capital_Trading_System/src/trading_system/oms/order_manager.py", line 822, in _exit_partial_positions
    return 0, 0.0
                  
  File "/opt/anaconda3/lib/python3.12/site-packages/kiteconnect/connect.py", line 445, in positions
    return self._get("portfolio.positions")
           ^^^^^^^^^^^^^^^^^^^^^^^^^^^^^^^^
  File "/opt/anaconda3/lib/python3.12/site-packages/kiteconnect/connect.py", line 861, in _get
    return self._request(route, "GET", url_args=url_args, params=params, is_json=is_json)
           ^^^^^^^^^^^^^^^^^^^^^^^^^^^^^^^^^^^^^^^^^^^^^^^^^^^^^^^^^^^^^^^^^^^^^^^^^^^^^^
  File "/opt/anaconda3/lib/python3.12/site-packages/kiteconnect/connect.py", line 937, in _request
    raise exp(data["message"], code=r.status_code)
kiteconnect.exceptions.TokenException: Incorrect `api_key` or `access_token`.
2025-11-17 00:00:27 | DEBUG    | Executing BUY legs: 2 orders
2025-11-17 00:00:27 | ERROR    | Failed to place order: BANKNIFTY51400CE | error=Incorrect `api_key` or `access_token`.
Traceback (most recent call last):
  File "/Users/rohan/Downloads/Vridhi_Capital_Trading_System/src/trading_system/oms/order_manager.py", line 743, in _place_market_order
    order_id=fake_id,
           ^^^^^^^^^^
  File "/opt/anaconda3/lib/python3.12/site-packages/kiteconnect/connect.py", line 361, in place_order
    return self._post("order.place",
           ^^^^^^^^^^^^^^^^^^^^^^^^^
  File "/opt/anaconda3/lib/python3.12/site-packages/kiteconnect/connect.py", line 865, in _post
    return self._request(route, "POST", url_args=url_args, params=params, is_json=is_json, query_params=query_params)
           ^^^^^^^^^^^^^^^^^^^^^^^^^^^^^^^^^^^^^^^^^^^^^^^^^^^^^^^^^^^^^^^^^^^^^^^^^^^^^^^^^^^^^^^^^^^^^^^^^^^^^^^^^^
  File "/opt/anaconda3/lib/python3.12/site-packages/kiteconnect/connect.py", line 937, in _request
    raise exp(data["message"], code=r.status_code)
kiteconnect.exceptions.TokenException: Incorrect `api_key` or `access_token`.
2025-11-17 00:00:27 | ERROR    | Failed to place order for BANKNIFTY51400CE
2025-11-17 00:00:27 | WARNING  | BUY legs failed for lot_size=2
2025-11-17 00:00:27 | ERROR    | Error exiting partial positions: Incorrect `api_key` or `access_token`.
Traceback (most recent call last):
  File "/Users/rohan/Downloads/Vridhi_Capital_Trading_System/src/trading_system/oms/order_manager.py", line 822, in _exit_partial_positions
    return 0, 0.0
                  
  File "/opt/anaconda3/lib/python3.12/site-packages/kiteconnect/connect.py", line 445, in positions
    return self._get("portfolio.positions")
           ^^^^^^^^^^^^^^^^^^^^^^^^^^^^^^^^
  File "/opt/anaconda3/lib/python3.12/site-packages/kiteconnect/connect.py", line 861, in _get
    return self._request(route, "GET", url_args=url_args, params=params, is_json=is_json)
           ^^^^^^^^^^^^^^^^^^^^^^^^^^^^^^^^^^^^^^^^^^^^^^^^^^^^^^^^^^^^^^^^^^^^^^^^^^^^^^
  File "/opt/anaconda3/lib/python3.12/site-packages/kiteconnect/connect.py", line 937, in _request
    raise exp(data["message"], code=r.status_code)
kiteconnect.exceptions.TokenException: Incorrect `api_key` or `access_token`.
2025-11-17 00:00:27 | DEBUG    | Executing BUY legs: 2 orders
2025-11-17 00:00:27 | ERROR    | Failed to place order: BANKNIFTY51400CE | error=Incorrect `api_key` or `access_token`.
Traceback (most recent call last):
  File "/Users/rohan/Downloads/Vridhi_Capital_Trading_System/src/trading_system/oms/order_manager.py", line 743, in _place_market_order
    order_id=fake_id,
           ^^^^^^^^^^
  File "/opt/anaconda3/lib/python3.12/site-packages/kiteconnect/connect.py", line 361, in place_order
    return self._post("order.place",
           ^^^^^^^^^^^^^^^^^^^^^^^^^
  File "/opt/anaconda3/lib/python3.12/site-packages/kiteconnect/connect.py", line 865, in _post
    return self._request(route, "POST", url_args=url_args, params=params, is_json=is_json, query_params=query_params)
           ^^^^^^^^^^^^^^^^^^^^^^^^^^^^^^^^^^^^^^^^^^^^^^^^^^^^^^^^^^^^^^^^^^^^^^^^^^^^^^^^^^^^^^^^^^^^^^^^^^^^^^^^^^
  File "/opt/anaconda3/lib/python3.12/site-packages/kiteconnect/connect.py", line 937, in _request
    raise exp(data["message"], code=r.status_code)
kiteconnect.exceptions.TokenException: Incorrect `api_key` or `access_token`.
2025-11-17 00:00:27 | ERROR    | Failed to place order for BANKNIFTY51400CE
2025-11-17 00:00:27 | WARNING  | BUY legs failed for lot_size=1
2025-11-17 00:00:27 | ERROR    | Error exiting partial positions: Incorrect `api_key` or `access_token`.
Traceback (most recent call last):
  File "/Users/rohan/Downloads/Vridhi_Capital_Trading_System/src/trading_system/oms/order_manager.py", line 822, in _exit_partial_positions
    return 0, 0.0
                  
  File "/opt/anaconda3/lib/python3.12/site-packages/kiteconnect/connect.py", line 445, in positions
    return self._get("portfolio.positions")
           ^^^^^^^^^^^^^^^^^^^^^^^^^^^^^^^^
  File "/opt/anaconda3/lib/python3.12/site-packages/kiteconnect/connect.py", line 861, in _get
    return self._request(route, "GET", url_args=url_args, params=params, is_json=is_json)
           ^^^^^^^^^^^^^^^^^^^^^^^^^^^^^^^^^^^^^^^^^^^^^^^^^^^^^^^^^^^^^^^^^^^^^^^^^^^^^^
  File "/opt/anaconda3/lib/python3.12/site-packages/kiteconnect/connect.py", line 937, in _request
    raise exp(data["message"], code=r.status_code)
kiteconnect.exceptions.TokenException: Incorrect `api_key` or `access_token`.
2025-11-17 00:00:27 | DEBUG    | ATM strike calculated: 51400 from futures price: 51429.1
2025-11-17 00:00:27 | INFO     | 🔵 LONG Entry initiated | futures_price=51429.1 | atm_strike=51400 | hedge_strike=49400 | lot_size=8
2025-11-17 00:00:27 | DEBUG    | Executing BUY legs: 2 orders
2025-11-17 00:00:28 | ERROR    | Failed to place order: BANKNIFTY51400CE | error=Incorrect `api_key` or `access_token`.
Traceback (most recent call last):
  File "/Users/rohan/Downloads/Vridhi_Capital_Trading_System/src/trading_system/oms/order_manager.py", line 743, in _place_market_order
    order_id=fake_id,
           ^^^^^^^^^^
  File "/opt/anaconda3/lib/python3.12/site-packages/kiteconnect/connect.py", line 361, in place_order
    return self._post("order.place",
           ^^^^^^^^^^^^^^^^^^^^^^^^^
  File "/opt/anaconda3/lib/python3.12/site-packages/kiteconnect/connect.py", line 865, in _post
    return self._request(route, "POST", url_args=url_args, params=params, is_json=is_json, query_params=query_params)
           ^^^^^^^^^^^^^^^^^^^^^^^^^^^^^^^^^^^^^^^^^^^^^^^^^^^^^^^^^^^^^^^^^^^^^^^^^^^^^^^^^^^^^^^^^^^^^^^^^^^^^^^^^^
  File "/opt/anaconda3/lib/python3.12/site-packages/kiteconnect/connect.py", line 937, in _request
    raise exp(data["message"], code=r.status_code)
kiteconnect.exceptions.TokenException: Incorrect `api_key` or `access_token`.
2025-11-17 00:00:28 | ERROR    | Failed to place order for BANKNIFTY51400CE
2025-11-17 00:00:28 | WARNING  | BUY legs failed for lot_size=8
2025-11-17 00:00:28 | ERROR    | Error exiting partial positions: Incorrect `api_key` or `access_token`.
Traceback (most recent call last):
  File "/Users/rohan/Downloads/Vridhi_Capital_Trading_System/src/trading_system/oms/order_manager.py", line 822, in _exit_partial_positions
    return 0, 0.0
                  
  File "/opt/anaconda3/lib/python3.12/site-packages/kiteconnect/connect.py", line 445, in positions
    return self._get("portfolio.positions")
           ^^^^^^^^^^^^^^^^^^^^^^^^^^^^^^^^
  File "/opt/anaconda3/lib/python3.12/site-packages/kiteconnect/connect.py", line 861, in _get
    return self._request(route, "GET", url_args=url_args, params=params, is_json=is_json)
           ^^^^^^^^^^^^^^^^^^^^^^^^^^^^^^^^^^^^^^^^^^^^^^^^^^^^^^^^^^^^^^^^^^^^^^^^^^^^^^
  File "/opt/anaconda3/lib/python3.12/site-packages/kiteconnect/connect.py", line 937, in _request
    raise exp(data["message"], code=r.status_code)
kiteconnect.exceptions.TokenException: Incorrect `api_key` or `access_token`.
2025-11-17 00:00:28 | DEBUG    | Executing BUY legs: 2 orders
2025-11-17 00:00:28 | ERROR    | Failed to place order: BANKNIFTY51400CE | error=Incorrect `api_key` or `access_token`.
Traceback (most recent call last):
  File "/Users/rohan/Downloads/Vridhi_Capital_Trading_System/src/trading_system/oms/order_manager.py", line 743, in _place_market_order
    order_id=fake_id,
           ^^^^^^^^^^
  File "/opt/anaconda3/lib/python3.12/site-packages/kiteconnect/connect.py", line 361, in place_order
    return self._post("order.place",
           ^^^^^^^^^^^^^^^^^^^^^^^^^
  File "/opt/anaconda3/lib/python3.12/site-packages/kiteconnect/connect.py", line 865, in _post
    return self._request(route, "POST", url_args=url_args, params=params, is_json=is_json, query_params=query_params)
           ^^^^^^^^^^^^^^^^^^^^^^^^^^^^^^^^^^^^^^^^^^^^^^^^^^^^^^^^^^^^^^^^^^^^^^^^^^^^^^^^^^^^^^^^^^^^^^^^^^^^^^^^^^
  File "/opt/anaconda3/lib/python3.12/site-packages/kiteconnect/connect.py", line 937, in _request
    raise exp(data["message"], code=r.status_code)
kiteconnect.exceptions.TokenException: Incorrect `api_key` or `access_token`.
2025-11-17 00:00:28 | ERROR    | Failed to place order for BANKNIFTY51400CE
2025-11-17 00:00:28 | WARNING  | BUY legs failed for lot_size=4
2025-11-17 00:00:28 | ERROR    | Error exiting partial positions: Incorrect `api_key` or `access_token`.
Traceback (most recent call last):
  File "/Users/rohan/Downloads/Vridhi_Capital_Trading_System/src/trading_system/oms/order_manager.py", line 822, in _exit_partial_positions
    return 0, 0.0
                  
  File "/opt/anaconda3/lib/python3.12/site-packages/kiteconnect/connect.py", line 445, in positions
    return self._get("portfolio.positions")
           ^^^^^^^^^^^^^^^^^^^^^^^^^^^^^^^^
  File "/opt/anaconda3/lib/python3.12/site-packages/kiteconnect/connect.py", line 861, in _get
    return self._request(route, "GET", url_args=url_args, params=params, is_json=is_json)
           ^^^^^^^^^^^^^^^^^^^^^^^^^^^^^^^^^^^^^^^^^^^^^^^^^^^^^^^^^^^^^^^^^^^^^^^^^^^^^^
  File "/opt/anaconda3/lib/python3.12/site-packages/kiteconnect/connect.py", line 937, in _request
    raise exp(data["message"], code=r.status_code)
kiteconnect.exceptions.TokenException: Incorrect `api_key` or `access_token`.
2025-11-17 00:00:28 | DEBUG    | Executing BUY legs: 2 orders
2025-11-17 00:00:28 | ERROR    | Failed to place order: BANKNIFTY51400CE | error=Incorrect `api_key` or `access_token`.
Traceback (most recent call last):
  File "/Users/rohan/Downloads/Vridhi_Capital_Trading_System/src/trading_system/oms/order_manager.py", line 743, in _place_market_order
    order_id=fake_id,
           ^^^^^^^^^^
  File "/opt/anaconda3/lib/python3.12/site-packages/kiteconnect/connect.py", line 361, in place_order
    return self._post("order.place",
           ^^^^^^^^^^^^^^^^^^^^^^^^^
  File "/opt/anaconda3/lib/python3.12/site-packages/kiteconnect/connect.py", line 865, in _post
    return self._request(route, "POST", url_args=url_args, params=params, is_json=is_json, query_params=query_params)
           ^^^^^^^^^^^^^^^^^^^^^^^^^^^^^^^^^^^^^^^^^^^^^^^^^^^^^^^^^^^^^^^^^^^^^^^^^^^^^^^^^^^^^^^^^^^^^^^^^^^^^^^^^^
  File "/opt/anaconda3/lib/python3.12/site-packages/kiteconnect/connect.py", line 937, in _request
    raise exp(data["message"], code=r.status_code)
kiteconnect.exceptions.TokenException: Incorrect `api_key` or `access_token`.
2025-11-17 00:00:28 | ERROR    | Failed to place order for BANKNIFTY51400CE
2025-11-17 00:00:28 | WARNING  | BUY legs failed for lot_size=2
2025-11-17 00:00:28 | ERROR    | Error exiting partial positions: Incorrect `api_key` or `access_token`.
Traceback (most recent call last):
  File "/Users/rohan/Downloads/Vridhi_Capital_Trading_System/src/trading_system/oms/order_manager.py", line 822, in _exit_partial_positions
    return 0, 0.0
                  
  File "/opt/anaconda3/lib/python3.12/site-packages/kiteconnect/connect.py", line 445, in positions
    return self._get("portfolio.positions")
           ^^^^^^^^^^^^^^^^^^^^^^^^^^^^^^^^
  File "/opt/anaconda3/lib/python3.12/site-packages/kiteconnect/connect.py", line 861, in _get
    return self._request(route, "GET", url_args=url_args, params=params, is_json=is_json)
           ^^^^^^^^^^^^^^^^^^^^^^^^^^^^^^^^^^^^^^^^^^^^^^^^^^^^^^^^^^^^^^^^^^^^^^^^^^^^^^
  File "/opt/anaconda3/lib/python3.12/site-packages/kiteconnect/connect.py", line 937, in _request
    raise exp(data["message"], code=r.status_code)
kiteconnect.exceptions.TokenException: Incorrect `api_key` or `access_token`.
2025-11-17 00:00:28 | DEBUG    | Executing BUY legs: 2 orders
2025-11-17 00:00:28 | ERROR    | Failed to place order: BANKNIFTY51400CE | error=Incorrect `api_key` or `access_token`.
Traceback (most recent call last):
  File "/Users/rohan/Downloads/Vridhi_Capital_Trading_System/src/trading_system/oms/order_manager.py", line 743, in _place_market_order
    order_id=fake_id,
           ^^^^^^^^^^
  File "/opt/anaconda3/lib/python3.12/site-packages/kiteconnect/connect.py", line 361, in place_order
    return self._post("order.place",
           ^^^^^^^^^^^^^^^^^^^^^^^^^
  File "/opt/anaconda3/lib/python3.12/site-packages/kiteconnect/connect.py", line 865, in _post
    return self._request(route, "POST", url_args=url_args, params=params, is_json=is_json, query_params=query_params)
           ^^^^^^^^^^^^^^^^^^^^^^^^^^^^^^^^^^^^^^^^^^^^^^^^^^^^^^^^^^^^^^^^^^^^^^^^^^^^^^^^^^^^^^^^^^^^^^^^^^^^^^^^^^
  File "/opt/anaconda3/lib/python3.12/site-packages/kiteconnect/connect.py", line 937, in _request
    raise exp(data["message"], code=r.status_code)
kiteconnect.exceptions.TokenException: Incorrect `api_key` or `access_token`.
2025-11-17 00:00:28 | ERROR    | Failed to place order for BANKNIFTY51400CE
2025-11-17 00:00:28 | WARNING  | BUY legs failed for lot_size=1
2025-11-17 00:00:29 | ERROR    | Error exiting partial positions: Incorrect `api_key` or `access_token`.
Traceback (most recent call last):
  File "/Users/rohan/Downloads/Vridhi_Capital_Trading_System/src/trading_system/oms/order_manager.py", line 822, in _exit_partial_positions
    return 0, 0.0
                  
  File "/opt/anaconda3/lib/python3.12/site-packages/kiteconnect/connect.py", line 445, in positions
    return self._get("portfolio.positions")
           ^^^^^^^^^^^^^^^^^^^^^^^^^^^^^^^^
  File "/opt/anaconda3/lib/python3.12/site-packages/kiteconnect/connect.py", line 861, in _get
    return self._request(route, "GET", url_args=url_args, params=params, is_json=is_json)
           ^^^^^^^^^^^^^^^^^^^^^^^^^^^^^^^^^^^^^^^^^^^^^^^^^^^^^^^^^^^^^^^^^^^^^^^^^^^^^^
  File "/opt/anaconda3/lib/python3.12/site-packages/kiteconnect/connect.py", line 937, in _request
    raise exp(data["message"], code=r.status_code)
kiteconnect.exceptions.TokenException: Incorrect `api_key` or `access_token`.
2025-11-17 00:02:29 | DEBUG    | ATM strike calculated: 51500 from futures price: 51480.0
2025-11-17 00:02:29 | INFO     | 🔵 LONG Entry initiated | futures_price=51480.0 | atm_strike=51500 | hedge_strike=49500 | lot_size=8
2025-11-17 00:02:29 | DEBUG    | Executing BUY legs: 2 orders
2025-11-17 00:02:29 | ERROR    | Failed to place order: BANKNIFTY51500CE | error=Incorrect `api_key` or `access_token`.
Traceback (most recent call last):
  File "/Users/rohan/Downloads/Vridhi_Capital_Trading_System/src/trading_system/oms/order_manager.py", line 743, in _place_market_order
    order_id=fake_id,
           ^^^^^^^^^^
  File "/opt/anaconda3/lib/python3.12/site-packages/kiteconnect/connect.py", line 361, in place_order
    return self._post("order.place",
           ^^^^^^^^^^^^^^^^^^^^^^^^^
  File "/opt/anaconda3/lib/python3.12/site-packages/kiteconnect/connect.py", line 865, in _post
    return self._request(route, "POST", url_args=url_args, params=params, is_json=is_json, query_params=query_params)
           ^^^^^^^^^^^^^^^^^^^^^^^^^^^^^^^^^^^^^^^^^^^^^^^^^^^^^^^^^^^^^^^^^^^^^^^^^^^^^^^^^^^^^^^^^^^^^^^^^^^^^^^^^^
  File "/opt/anaconda3/lib/python3.12/site-packages/kiteconnect/connect.py", line 937, in _request
    raise exp(data["message"], code=r.status_code)
kiteconnect.exceptions.TokenException: Incorrect `api_key` or `access_token`.
2025-11-17 00:02:29 | ERROR    | Failed to place order for BANKNIFTY51500CE
2025-11-17 00:02:29 | WARNING  | BUY legs failed for lot_size=8
2025-11-17 00:02:29 | ERROR    | Error exiting partial positions: Incorrect `api_key` or `access_token`.
Traceback (most recent call last):
  File "/Users/rohan/Downloads/Vridhi_Capital_Trading_System/src/trading_system/oms/order_manager.py", line 822, in _exit_partial_positions
    return 0, 0.0
                  
  File "/opt/anaconda3/lib/python3.12/site-packages/kiteconnect/connect.py", line 445, in positions
    return self._get("portfolio.positions")
           ^^^^^^^^^^^^^^^^^^^^^^^^^^^^^^^^
  File "/opt/anaconda3/lib/python3.12/site-packages/kiteconnect/connect.py", line 861, in _get
    return self._request(route, "GET", url_args=url_args, params=params, is_json=is_json)
           ^^^^^^^^^^^^^^^^^^^^^^^^^^^^^^^^^^^^^^^^^^^^^^^^^^^^^^^^^^^^^^^^^^^^^^^^^^^^^^
  File "/opt/anaconda3/lib/python3.12/site-packages/kiteconnect/connect.py", line 937, in _request
    raise exp(data["message"], code=r.status_code)
kiteconnect.exceptions.TokenException: Incorrect `api_key` or `access_token`.
2025-11-17 00:02:29 | DEBUG    | Executing BUY legs: 2 orders
2025-11-17 00:02:29 | ERROR    | Failed to place order: BANKNIFTY51500CE | error=Incorrect `api_key` or `access_token`.
Traceback (most recent call last):
  File "/Users/rohan/Downloads/Vridhi_Capital_Trading_System/src/trading_system/oms/order_manager.py", line 743, in _place_market_order
    order_id=fake_id,
           ^^^^^^^^^^
  File "/opt/anaconda3/lib/python3.12/site-packages/kiteconnect/connect.py", line 361, in place_order
    return self._post("order.place",
           ^^^^^^^^^^^^^^^^^^^^^^^^^
  File "/opt/anaconda3/lib/python3.12/site-packages/kiteconnect/connect.py", line 865, in _post
    return self._request(route, "POST", url_args=url_args, params=params, is_json=is_json, query_params=query_params)
           ^^^^^^^^^^^^^^^^^^^^^^^^^^^^^^^^^^^^^^^^^^^^^^^^^^^^^^^^^^^^^^^^^^^^^^^^^^^^^^^^^^^^^^^^^^^^^^^^^^^^^^^^^^
  File "/opt/anaconda3/lib/python3.12/site-packages/kiteconnect/connect.py", line 937, in _request
    raise exp(data["message"], code=r.status_code)
kiteconnect.exceptions.TokenException: Incorrect `api_key` or `access_token`.
2025-11-17 00:02:29 | ERROR    | Failed to place order for BANKNIFTY51500CE
2025-11-17 00:02:29 | WARNING  | BUY legs failed for lot_size=4
2025-11-17 00:02:30 | ERROR    | Error exiting partial positions: Incorrect `api_key` or `access_token`.
Traceback (most recent call last):
  File "/Users/rohan/Downloads/Vridhi_Capital_Trading_System/src/trading_system/oms/order_manager.py", line 822, in _exit_partial_positions
    return 0, 0.0
                  
  File "/opt/anaconda3/lib/python3.12/site-packages/kiteconnect/connect.py", line 445, in positions
    return self._get("portfolio.positions")
           ^^^^^^^^^^^^^^^^^^^^^^^^^^^^^^^^
  File "/opt/anaconda3/lib/python3.12/site-packages/kiteconnect/connect.py", line 861, in _get
    return self._request(route, "GET", url_args=url_args, params=params, is_json=is_json)
           ^^^^^^^^^^^^^^^^^^^^^^^^^^^^^^^^^^^^^^^^^^^^^^^^^^^^^^^^^^^^^^^^^^^^^^^^^^^^^^
  File "/opt/anaconda3/lib/python3.12/site-packages/kiteconnect/connect.py", line 937, in _request
    raise exp(data["message"], code=r.status_code)
kiteconnect.exceptions.TokenException: Incorrect `api_key` or `access_token`.
2025-11-17 00:02:30 | DEBUG    | Executing BUY legs: 2 orders
2025-11-17 00:02:30 | ERROR    | Failed to place order: BANKNIFTY51500CE | error=Incorrect `api_key` or `access_token`.
Traceback (most recent call last):
  File "/Users/rohan/Downloads/Vridhi_Capital_Trading_System/src/trading_system/oms/order_manager.py", line 743, in _place_market_order
    order_id=fake_id,
           ^^^^^^^^^^
  File "/opt/anaconda3/lib/python3.12/site-packages/kiteconnect/connect.py", line 361, in place_order
    return self._post("order.place",
           ^^^^^^^^^^^^^^^^^^^^^^^^^
  File "/opt/anaconda3/lib/python3.12/site-packages/kiteconnect/connect.py", line 865, in _post
    return self._request(route, "POST", url_args=url_args, params=params, is_json=is_json, query_params=query_params)
           ^^^^^^^^^^^^^^^^^^^^^^^^^^^^^^^^^^^^^^^^^^^^^^^^^^^^^^^^^^^^^^^^^^^^^^^^^^^^^^^^^^^^^^^^^^^^^^^^^^^^^^^^^^
  File "/opt/anaconda3/lib/python3.12/site-packages/kiteconnect/connect.py", line 937, in _request
    raise exp(data["message"], code=r.status_code)
kiteconnect.exceptions.TokenException: Incorrect `api_key` or `access_token`.
2025-11-17 00:02:30 | ERROR    | Failed to place order for BANKNIFTY51500CE
2025-11-17 00:02:30 | WARNING  | BUY legs failed for lot_size=2
2025-11-17 00:02:30 | ERROR    | Error exiting partial positions: Incorrect `api_key` or `access_token`.
Traceback (most recent call last):
  File "/Users/rohan/Downloads/Vridhi_Capital_Trading_System/src/trading_system/oms/order_manager.py", line 822, in _exit_partial_positions
    return 0, 0.0
                  
  File "/opt/anaconda3/lib/python3.12/site-packages/kiteconnect/connect.py", line 445, in positions
    return self._get("portfolio.positions")
           ^^^^^^^^^^^^^^^^^^^^^^^^^^^^^^^^
  File "/opt/anaconda3/lib/python3.12/site-packages/kiteconnect/connect.py", line 861, in _get
    return self._request(route, "GET", url_args=url_args, params=params, is_json=is_json)
           ^^^^^^^^^^^^^^^^^^^^^^^^^^^^^^^^^^^^^^^^^^^^^^^^^^^^^^^^^^^^^^^^^^^^^^^^^^^^^^
  File "/opt/anaconda3/lib/python3.12/site-packages/kiteconnect/connect.py", line 937, in _request
    raise exp(data["message"], code=r.status_code)
kiteconnect.exceptions.TokenException: Incorrect `api_key` or `access_token`.
2025-11-17 00:02:30 | DEBUG    | Executing BUY legs: 2 orders
2025-11-17 00:02:30 | ERROR    | Failed to place order: BANKNIFTY51500CE | error=Incorrect `api_key` or `access_token`.
Traceback (most recent call last):
  File "/Users/rohan/Downloads/Vridhi_Capital_Trading_System/src/trading_system/oms/order_manager.py", line 743, in _place_market_order
    order_id=fake_id,
           ^^^^^^^^^^
  File "/opt/anaconda3/lib/python3.12/site-packages/kiteconnect/connect.py", line 361, in place_order
    return self._post("order.place",
           ^^^^^^^^^^^^^^^^^^^^^^^^^
  File "/opt/anaconda3/lib/python3.12/site-packages/kiteconnect/connect.py", line 865, in _post
    return self._request(route, "POST", url_args=url_args, params=params, is_json=is_json, query_params=query_params)
           ^^^^^^^^^^^^^^^^^^^^^^^^^^^^^^^^^^^^^^^^^^^^^^^^^^^^^^^^^^^^^^^^^^^^^^^^^^^^^^^^^^^^^^^^^^^^^^^^^^^^^^^^^^
  File "/opt/anaconda3/lib/python3.12/site-packages/kiteconnect/connect.py", line 937, in _request
    raise exp(data["message"], code=r.status_code)
kiteconnect.exceptions.TokenException: Incorrect `api_key` or `access_token`.
2025-11-17 00:02:30 | ERROR    | Failed to place order for BANKNIFTY51500CE
2025-11-17 00:02:30 | WARNING  | BUY legs failed for lot_size=1
2025-11-17 00:02:30 | ERROR    | Error exiting partial positions: Incorrect `api_key` or `access_token`.
Traceback (most recent call last):
  File "/Users/rohan/Downloads/Vridhi_Capital_Trading_System/src/trading_system/oms/order_manager.py", line 822, in _exit_partial_positions
    return 0, 0.0
                  
  File "/opt/anaconda3/lib/python3.12/site-packages/kiteconnect/connect.py", line 445, in positions
    return self._get("portfolio.positions")
           ^^^^^^^^^^^^^^^^^^^^^^^^^^^^^^^^
  File "/opt/anaconda3/lib/python3.12/site-packages/kiteconnect/connect.py", line 861, in _get
    return self._request(route, "GET", url_args=url_args, params=params, is_json=is_json)
           ^^^^^^^^^^^^^^^^^^^^^^^^^^^^^^^^^^^^^^^^^^^^^^^^^^^^^^^^^^^^^^^^^^^^^^^^^^^^^^
  File "/opt/anaconda3/lib/python3.12/site-packages/kiteconnect/connect.py", line 937, in _request
    raise exp(data["message"], code=r.status_code)
kiteconnect.exceptions.TokenException: Incorrect `api_key` or `access_token`.
2025-11-17 00:02:30 | DEBUG    | ATM strike calculated: 51500 from futures price: 51480.0
2025-11-17 00:02:30 | INFO     | 🔵 LONG Entry initiated | futures_price=51480.0 | atm_strike=51500 | hedge_strike=49500 | lot_size=8
2025-11-17 00:02:30 | DEBUG    | Executing BUY legs: 2 orders
2025-11-17 00:02:30 | ERROR    | Failed to place order: BANKNIFTY51500CE | error=Incorrect `api_key` or `access_token`.
Traceback (most recent call last):
  File "/Users/rohan/Downloads/Vridhi_Capital_Trading_System/src/trading_system/oms/order_manager.py", line 743, in _place_market_order
    order_id=fake_id,
           ^^^^^^^^^^
  File "/opt/anaconda3/lib/python3.12/site-packages/kiteconnect/connect.py", line 361, in place_order
    return self._post("order.place",
           ^^^^^^^^^^^^^^^^^^^^^^^^^
  File "/opt/anaconda3/lib/python3.12/site-packages/kiteconnect/connect.py", line 865, in _post
    return self._request(route, "POST", url_args=url_args, params=params, is_json=is_json, query_params=query_params)
           ^^^^^^^^^^^^^^^^^^^^^^^^^^^^^^^^^^^^^^^^^^^^^^^^^^^^^^^^^^^^^^^^^^^^^^^^^^^^^^^^^^^^^^^^^^^^^^^^^^^^^^^^^^
  File "/opt/anaconda3/lib/python3.12/site-packages/kiteconnect/connect.py", line 937, in _request
    raise exp(data["message"], code=r.status_code)
kiteconnect.exceptions.TokenException: Incorrect `api_key` or `access_token`.
2025-11-17 00:02:30 | ERROR    | Failed to place order for BANKNIFTY51500CE
2025-11-17 00:02:30 | WARNING  | BUY legs failed for lot_size=8
2025-11-17 00:02:30 | ERROR    | Error exiting partial positions: Incorrect `api_key` or `access_token`.
Traceback (most recent call last):
  File "/Users/rohan/Downloads/Vridhi_Capital_Trading_System/src/trading_system/oms/order_manager.py", line 822, in _exit_partial_positions
    return 0, 0.0
                  
  File "/opt/anaconda3/lib/python3.12/site-packages/kiteconnect/connect.py", line 445, in positions
    return self._get("portfolio.positions")
           ^^^^^^^^^^^^^^^^^^^^^^^^^^^^^^^^
  File "/opt/anaconda3/lib/python3.12/site-packages/kiteconnect/connect.py", line 861, in _get
    return self._request(route, "GET", url_args=url_args, params=params, is_json=is_json)
           ^^^^^^^^^^^^^^^^^^^^^^^^^^^^^^^^^^^^^^^^^^^^^^^^^^^^^^^^^^^^^^^^^^^^^^^^^^^^^^
  File "/opt/anaconda3/lib/python3.12/site-packages/kiteconnect/connect.py", line 937, in _request
    raise exp(data["message"], code=r.status_code)
kiteconnect.exceptions.TokenException: Incorrect `api_key` or `access_token`.
2025-11-17 00:02:30 | DEBUG    | Executing BUY legs: 2 orders
2025-11-17 00:02:31 | ERROR    | Failed to place order: BANKNIFTY51500CE | error=Incorrect `api_key` or `access_token`.
Traceback (most recent call last):
  File "/Users/rohan/Downloads/Vridhi_Capital_Trading_System/src/trading_system/oms/order_manager.py", line 743, in _place_market_order
    order_id=fake_id,
           ^^^^^^^^^^
  File "/opt/anaconda3/lib/python3.12/site-packages/kiteconnect/connect.py", line 361, in place_order
    return self._post("order.place",
           ^^^^^^^^^^^^^^^^^^^^^^^^^
  File "/opt/anaconda3/lib/python3.12/site-packages/kiteconnect/connect.py", line 865, in _post
    return self._request(route, "POST", url_args=url_args, params=params, is_json=is_json, query_params=query_params)
           ^^^^^^^^^^^^^^^^^^^^^^^^^^^^^^^^^^^^^^^^^^^^^^^^^^^^^^^^^^^^^^^^^^^^^^^^^^^^^^^^^^^^^^^^^^^^^^^^^^^^^^^^^^
  File "/opt/anaconda3/lib/python3.12/site-packages/kiteconnect/connect.py", line 937, in _request
    raise exp(data["message"], code=r.status_code)
kiteconnect.exceptions.TokenException: Incorrect `api_key` or `access_token`.
2025-11-17 00:02:31 | ERROR    | Failed to place order for BANKNIFTY51500CE
2025-11-17 00:02:31 | WARNING  | BUY legs failed for lot_size=4
2025-11-17 00:02:31 | ERROR    | Error exiting partial positions: Incorrect `api_key` or `access_token`.
Traceback (most recent call last):
  File "/Users/rohan/Downloads/Vridhi_Capital_Trading_System/src/trading_system/oms/order_manager.py", line 822, in _exit_partial_positions
    return 0, 0.0
                  
  File "/opt/anaconda3/lib/python3.12/site-packages/kiteconnect/connect.py", line 445, in positions
    return self._get("portfolio.positions")
           ^^^^^^^^^^^^^^^^^^^^^^^^^^^^^^^^
  File "/opt/anaconda3/lib/python3.12/site-packages/kiteconnect/connect.py", line 861, in _get
    return self._request(route, "GET", url_args=url_args, params=params, is_json=is_json)
           ^^^^^^^^^^^^^^^^^^^^^^^^^^^^^^^^^^^^^^^^^^^^^^^^^^^^^^^^^^^^^^^^^^^^^^^^^^^^^^
  File "/opt/anaconda3/lib/python3.12/site-packages/kiteconnect/connect.py", line 937, in _request
    raise exp(data["message"], code=r.status_code)
kiteconnect.exceptions.TokenException: Incorrect `api_key` or `access_token`.
2025-11-17 00:02:31 | DEBUG    | Executing BUY legs: 2 orders
2025-11-17 00:02:31 | ERROR    | Failed to place order: BANKNIFTY51500CE | error=Incorrect `api_key` or `access_token`.
Traceback (most recent call last):
  File "/Users/rohan/Downloads/Vridhi_Capital_Trading_System/src/trading_system/oms/order_manager.py", line 743, in _place_market_order
    order_id=fake_id,
           ^^^^^^^^^^
  File "/opt/anaconda3/lib/python3.12/site-packages/kiteconnect/connect.py", line 361, in place_order
    return self._post("order.place",
           ^^^^^^^^^^^^^^^^^^^^^^^^^
  File "/opt/anaconda3/lib/python3.12/site-packages/kiteconnect/connect.py", line 865, in _post
    return self._request(route, "POST", url_args=url_args, params=params, is_json=is_json, query_params=query_params)
           ^^^^^^^^^^^^^^^^^^^^^^^^^^^^^^^^^^^^^^^^^^^^^^^^^^^^^^^^^^^^^^^^^^^^^^^^^^^^^^^^^^^^^^^^^^^^^^^^^^^^^^^^^^
  File "/opt/anaconda3/lib/python3.12/site-packages/kiteconnect/connect.py", line 937, in _request
    raise exp(data["message"], code=r.status_code)
kiteconnect.exceptions.TokenException: Incorrect `api_key` or `access_token`.
2025-11-17 00:02:31 | ERROR    | Failed to place order for BANKNIFTY51500CE
2025-11-17 00:02:31 | WARNING  | BUY legs failed for lot_size=2
2025-11-17 00:02:31 | ERROR    | Error exiting partial positions: Incorrect `api_key` or `access_token`.
Traceback (most recent call last):
  File "/Users/rohan/Downloads/Vridhi_Capital_Trading_System/src/trading_system/oms/order_manager.py", line 822, in _exit_partial_positions
    return 0, 0.0
                  
  File "/opt/anaconda3/lib/python3.12/site-packages/kiteconnect/connect.py", line 445, in positions
    return self._get("portfolio.positions")
           ^^^^^^^^^^^^^^^^^^^^^^^^^^^^^^^^
  File "/opt/anaconda3/lib/python3.12/site-packages/kiteconnect/connect.py", line 861, in _get
    return self._request(route, "GET", url_args=url_args, params=params, is_json=is_json)
           ^^^^^^^^^^^^^^^^^^^^^^^^^^^^^^^^^^^^^^^^^^^^^^^^^^^^^^^^^^^^^^^^^^^^^^^^^^^^^^
  File "/opt/anaconda3/lib/python3.12/site-packages/kiteconnect/connect.py", line 937, in _request
    raise exp(data["message"], code=r.status_code)
kiteconnect.exceptions.TokenException: Incorrect `api_key` or `access_token`.
2025-11-17 00:02:31 | DEBUG    | Executing BUY legs: 2 orders
2025-11-17 00:02:31 | ERROR    | Failed to place order: BANKNIFTY51500CE | error=Incorrect `api_key` or `access_token`.
Traceback (most recent call last):
  File "/Users/rohan/Downloads/Vridhi_Capital_Trading_System/src/trading_system/oms/order_manager.py", line 743, in _place_market_order
    order_id=fake_id,
           ^^^^^^^^^^
  File "/opt/anaconda3/lib/python3.12/site-packages/kiteconnect/connect.py", line 361, in place_order
    return self._post("order.place",
           ^^^^^^^^^^^^^^^^^^^^^^^^^
  File "/opt/anaconda3/lib/python3.12/site-packages/kiteconnect/connect.py", line 865, in _post
    return self._request(route, "POST", url_args=url_args, params=params, is_json=is_json, query_params=query_params)
           ^^^^^^^^^^^^^^^^^^^^^^^^^^^^^^^^^^^^^^^^^^^^^^^^^^^^^^^^^^^^^^^^^^^^^^^^^^^^^^^^^^^^^^^^^^^^^^^^^^^^^^^^^^
  File "/opt/anaconda3/lib/python3.12/site-packages/kiteconnect/connect.py", line 937, in _request
    raise exp(data["message"], code=r.status_code)
kiteconnect.exceptions.TokenException: Incorrect `api_key` or `access_token`.
2025-11-17 00:02:31 | ERROR    | Failed to place order for BANKNIFTY51500CE
2025-11-17 00:02:31 | WARNING  | BUY legs failed for lot_size=1
2025-11-17 00:02:31 | ERROR    | Error exiting partial positions: Incorrect `api_key` or `access_token`.
Traceback (most recent call last):
  File "/Users/rohan/Downloads/Vridhi_Capital_Trading_System/src/trading_system/oms/order_manager.py", line 822, in _exit_partial_positions
    return 0, 0.0
                  
  File "/opt/anaconda3/lib/python3.12/site-packages/kiteconnect/connect.py", line 445, in positions
    return self._get("portfolio.positions")
           ^^^^^^^^^^^^^^^^^^^^^^^^^^^^^^^^
  File "/opt/anaconda3/lib/python3.12/site-packages/kiteconnect/connect.py", line 861, in _get
    return self._request(route, "GET", url_args=url_args, params=params, is_json=is_json)
           ^^^^^^^^^^^^^^^^^^^^^^^^^^^^^^^^^^^^^^^^^^^^^^^^^^^^^^^^^^^^^^^^^^^^^^^^^^^^^^
  File "/opt/anaconda3/lib/python3.12/site-packages/kiteconnect/connect.py", line 937, in _request
    raise exp(data["message"], code=r.status_code)
kiteconnect.exceptions.TokenException: Incorrect `api_key` or `access_token`.
2025-11-17 00:04:31 | DEBUG    | ATM strike calculated: 51400 from futures price: 51360.0
2025-11-17 00:04:31 | INFO     | 🔴 SHORT Entry initiated | futures_price=51360.0 | atm_strike=51400 | hedge_strike=53400 | lot_size=8
2025-11-17 00:04:31 | DEBUG    | Executing BUY legs: 2 orders
2025-11-17 00:04:32 | ERROR    | Failed to place order: BANKNIFTY51400PE | error=Incorrect `api_key` or `access_token`.
Traceback (most recent call last):
  File "/Users/rohan/Downloads/Vridhi_Capital_Trading_System/src/trading_system/oms/order_manager.py", line 743, in _place_market_order
    order_id=fake_id,
           ^^^^^^^^^^
  File "/opt/anaconda3/lib/python3.12/site-packages/kiteconnect/connect.py", line 361, in place_order
    return self._post("order.place",
           ^^^^^^^^^^^^^^^^^^^^^^^^^
  File "/opt/anaconda3/lib/python3.12/site-packages/kiteconnect/connect.py", line 865, in _post
    return self._request(route, "POST", url_args=url_args, params=params, is_json=is_json, query_params=query_params)
           ^^^^^^^^^^^^^^^^^^^^^^^^^^^^^^^^^^^^^^^^^^^^^^^^^^^^^^^^^^^^^^^^^^^^^^^^^^^^^^^^^^^^^^^^^^^^^^^^^^^^^^^^^^
  File "/opt/anaconda3/lib/python3.12/site-packages/kiteconnect/connect.py", line 937, in _request
    raise exp(data["message"], code=r.status_code)
kiteconnect.exceptions.TokenException: Incorrect `api_key` or `access_token`.
2025-11-17 00:04:32 | ERROR    | Failed to place order for BANKNIFTY51400PE
2025-11-17 00:04:32 | WARNING  | BUY legs failed for lot_size=8
2025-11-17 00:04:32 | ERROR    | Error exiting partial positions: Incorrect `api_key` or `access_token`.
Traceback (most recent call last):
  File "/Users/rohan/Downloads/Vridhi_Capital_Trading_System/src/trading_system/oms/order_manager.py", line 822, in _exit_partial_positions
    return 0, 0.0
                  
  File "/opt/anaconda3/lib/python3.12/site-packages/kiteconnect/connect.py", line 445, in positions
    return self._get("portfolio.positions")
           ^^^^^^^^^^^^^^^^^^^^^^^^^^^^^^^^
  File "/opt/anaconda3/lib/python3.12/site-packages/kiteconnect/connect.py", line 861, in _get
    return self._request(route, "GET", url_args=url_args, params=params, is_json=is_json)
           ^^^^^^^^^^^^^^^^^^^^^^^^^^^^^^^^^^^^^^^^^^^^^^^^^^^^^^^^^^^^^^^^^^^^^^^^^^^^^^
  File "/opt/anaconda3/lib/python3.12/site-packages/kiteconnect/connect.py", line 937, in _request
    raise exp(data["message"], code=r.status_code)
kiteconnect.exceptions.TokenException: Incorrect `api_key` or `access_token`.
2025-11-17 00:04:32 | DEBUG    | Executing BUY legs: 2 orders
2025-11-17 00:04:32 | ERROR    | Failed to place order: BANKNIFTY51400PE | error=Incorrect `api_key` or `access_token`.
Traceback (most recent call last):
  File "/Users/rohan/Downloads/Vridhi_Capital_Trading_System/src/trading_system/oms/order_manager.py", line 743, in _place_market_order
    order_id=fake_id,
           ^^^^^^^^^^
  File "/opt/anaconda3/lib/python3.12/site-packages/kiteconnect/connect.py", line 361, in place_order
    return self._post("order.place",
           ^^^^^^^^^^^^^^^^^^^^^^^^^
  File "/opt/anaconda3/lib/python3.12/site-packages/kiteconnect/connect.py", line 865, in _post
    return self._request(route, "POST", url_args=url_args, params=params, is_json=is_json, query_params=query_params)
           ^^^^^^^^^^^^^^^^^^^^^^^^^^^^^^^^^^^^^^^^^^^^^^^^^^^^^^^^^^^^^^^^^^^^^^^^^^^^^^^^^^^^^^^^^^^^^^^^^^^^^^^^^^
  File "/opt/anaconda3/lib/python3.12/site-packages/kiteconnect/connect.py", line 937, in _request
    raise exp(data["message"], code=r.status_code)
kiteconnect.exceptions.TokenException: Incorrect `api_key` or `access_token`.
2025-11-17 00:04:32 | ERROR    | Failed to place order for BANKNIFTY51400PE
2025-11-17 00:04:32 | WARNING  | BUY legs failed for lot_size=4
2025-11-17 00:04:32 | ERROR    | Error exiting partial positions: Incorrect `api_key` or `access_token`.
Traceback (most recent call last):
  File "/Users/rohan/Downloads/Vridhi_Capital_Trading_System/src/trading_system/oms/order_manager.py", line 822, in _exit_partial_positions
    return 0, 0.0
                  
  File "/opt/anaconda3/lib/python3.12/site-packages/kiteconnect/connect.py", line 445, in positions
    return self._get("portfolio.positions")
           ^^^^^^^^^^^^^^^^^^^^^^^^^^^^^^^^
  File "/opt/anaconda3/lib/python3.12/site-packages/kiteconnect/connect.py", line 861, in _get
    return self._request(route, "GET", url_args=url_args, params=params, is_json=is_json)
           ^^^^^^^^^^^^^^^^^^^^^^^^^^^^^^^^^^^^^^^^^^^^^^^^^^^^^^^^^^^^^^^^^^^^^^^^^^^^^^
  File "/opt/anaconda3/lib/python3.12/site-packages/kiteconnect/connect.py", line 937, in _request
    raise exp(data["message"], code=r.status_code)
kiteconnect.exceptions.TokenException: Incorrect `api_key` or `access_token`.
2025-11-17 00:04:32 | DEBUG    | Executing BUY legs: 2 orders
2025-11-17 00:04:32 | ERROR    | Failed to place order: BANKNIFTY51400PE | error=Incorrect `api_key` or `access_token`.
Traceback (most recent call last):
  File "/Users/rohan/Downloads/Vridhi_Capital_Trading_System/src/trading_system/oms/order_manager.py", line 743, in _place_market_order
    order_id=fake_id,
           ^^^^^^^^^^
  File "/opt/anaconda3/lib/python3.12/site-packages/kiteconnect/connect.py", line 361, in place_order
    return self._post("order.place",
           ^^^^^^^^^^^^^^^^^^^^^^^^^
  File "/opt/anaconda3/lib/python3.12/site-packages/kiteconnect/connect.py", line 865, in _post
    return self._request(route, "POST", url_args=url_args, params=params, is_json=is_json, query_params=query_params)
           ^^^^^^^^^^^^^^^^^^^^^^^^^^^^^^^^^^^^^^^^^^^^^^^^^^^^^^^^^^^^^^^^^^^^^^^^^^^^^^^^^^^^^^^^^^^^^^^^^^^^^^^^^^
  File "/opt/anaconda3/lib/python3.12/site-packages/kiteconnect/connect.py", line 937, in _request
    raise exp(data["message"], code=r.status_code)
kiteconnect.exceptions.TokenException: Incorrect `api_key` or `access_token`.
2025-11-17 00:04:32 | ERROR    | Failed to place order for BANKNIFTY51400PE
2025-11-17 00:04:32 | WARNING  | BUY legs failed for lot_size=2
2025-11-17 00:04:33 | ERROR    | Error exiting partial positions: Incorrect `api_key` or `access_token`.
Traceback (most recent call last):
  File "/Users/rohan/Downloads/Vridhi_Capital_Trading_System/src/trading_system/oms/order_manager.py", line 822, in _exit_partial_positions
    return 0, 0.0
                  
  File "/opt/anaconda3/lib/python3.12/site-packages/kiteconnect/connect.py", line 445, in positions
    return self._get("portfolio.positions")
           ^^^^^^^^^^^^^^^^^^^^^^^^^^^^^^^^
  File "/opt/anaconda3/lib/python3.12/site-packages/kiteconnect/connect.py", line 861, in _get
    return self._request(route, "GET", url_args=url_args, params=params, is_json=is_json)
           ^^^^^^^^^^^^^^^^^^^^^^^^^^^^^^^^^^^^^^^^^^^^^^^^^^^^^^^^^^^^^^^^^^^^^^^^^^^^^^
  File "/opt/anaconda3/lib/python3.12/site-packages/kiteconnect/connect.py", line 937, in _request
    raise exp(data["message"], code=r.status_code)
kiteconnect.exceptions.TokenException: Incorrect `api_key` or `access_token`.
2025-11-17 00:04:33 | DEBUG    | Executing BUY legs: 2 orders
2025-11-17 00:04:33 | ERROR    | Failed to place order: BANKNIFTY51400PE | error=Incorrect `api_key` or `access_token`.
Traceback (most recent call last):
  File "/Users/rohan/Downloads/Vridhi_Capital_Trading_System/src/trading_system/oms/order_manager.py", line 743, in _place_market_order
    order_id=fake_id,
           ^^^^^^^^^^
  File "/opt/anaconda3/lib/python3.12/site-packages/kiteconnect/connect.py", line 361, in place_order
    return self._post("order.place",
           ^^^^^^^^^^^^^^^^^^^^^^^^^
  File "/opt/anaconda3/lib/python3.12/site-packages/kiteconnect/connect.py", line 865, in _post
    return self._request(route, "POST", url_args=url_args, params=params, is_json=is_json, query_params=query_params)
           ^^^^^^^^^^^^^^^^^^^^^^^^^^^^^^^^^^^^^^^^^^^^^^^^^^^^^^^^^^^^^^^^^^^^^^^^^^^^^^^^^^^^^^^^^^^^^^^^^^^^^^^^^^
  File "/opt/anaconda3/lib/python3.12/site-packages/kiteconnect/connect.py", line 937, in _request
    raise exp(data["message"], code=r.status_code)
kiteconnect.exceptions.TokenException: Incorrect `api_key` or `access_token`.
2025-11-17 00:04:33 | ERROR    | Failed to place order for BANKNIFTY51400PE
2025-11-17 00:04:33 | WARNING  | BUY legs failed for lot_size=1
2025-11-17 00:04:33 | ERROR    | Error exiting partial positions: Incorrect `api_key` or `access_token`.
Traceback (most recent call last):
  File "/Users/rohan/Downloads/Vridhi_Capital_Trading_System/src/trading_system/oms/order_manager.py", line 822, in _exit_partial_positions
    return 0, 0.0
                  
  File "/opt/anaconda3/lib/python3.12/site-packages/kiteconnect/connect.py", line 445, in positions
    return self._get("portfolio.positions")
           ^^^^^^^^^^^^^^^^^^^^^^^^^^^^^^^^
  File "/opt/anaconda3/lib/python3.12/site-packages/kiteconnect/connect.py", line 861, in _get
    return self._request(route, "GET", url_args=url_args, params=params, is_json=is_json)
           ^^^^^^^^^^^^^^^^^^^^^^^^^^^^^^^^^^^^^^^^^^^^^^^^^^^^^^^^^^^^^^^^^^^^^^^^^^^^^^
  File "/opt/anaconda3/lib/python3.12/site-packages/kiteconnect/connect.py", line 937, in _request
    raise exp(data["message"], code=r.status_code)
kiteconnect.exceptions.TokenException: Incorrect `api_key` or `access_token`.
2025-11-17 00:04:33 | DEBUG    | ATM strike calculated: 51400 from futures price: 51360.0
2025-11-17 00:04:33 | INFO     | 🔴 SHORT Entry initiated | futures_price=51360.0 | atm_strike=51400 | hedge_strike=53400 | lot_size=8
2025-11-17 00:04:33 | DEBUG    | Executing BUY legs: 2 orders
2025-11-17 00:04:33 | ERROR    | Failed to place order: BANKNIFTY51400PE | error=Incorrect `api_key` or `access_token`.
Traceback (most recent call last):
  File "/Users/rohan/Downloads/Vridhi_Capital_Trading_System/src/trading_system/oms/order_manager.py", line 743, in _place_market_order
    order_id=fake_id,
           ^^^^^^^^^^
  File "/opt/anaconda3/lib/python3.12/site-packages/kiteconnect/connect.py", line 361, in place_order
    return self._post("order.place",
           ^^^^^^^^^^^^^^^^^^^^^^^^^
  File "/opt/anaconda3/lib/python3.12/site-packages/kiteconnect/connect.py", line 865, in _post
    return self._request(route, "POST", url_args=url_args, params=params, is_json=is_json, query_params=query_params)
           ^^^^^^^^^^^^^^^^^^^^^^^^^^^^^^^^^^^^^^^^^^^^^^^^^^^^^^^^^^^^^^^^^^^^^^^^^^^^^^^^^^^^^^^^^^^^^^^^^^^^^^^^^^
  File "/opt/anaconda3/lib/python3.12/site-packages/kiteconnect/connect.py", line 937, in _request
    raise exp(data["message"], code=r.status_code)
kiteconnect.exceptions.TokenException: Incorrect `api_key` or `access_token`.
2025-11-17 00:04:33 | ERROR    | Failed to place order for BANKNIFTY51400PE
2025-11-17 00:04:33 | WARNING  | BUY legs failed for lot_size=8
2025-11-17 00:04:33 | ERROR    | Error exiting partial positions: Incorrect `api_key` or `access_token`.
Traceback (most recent call last):
  File "/Users/rohan/Downloads/Vridhi_Capital_Trading_System/src/trading_system/oms/order_manager.py", line 822, in _exit_partial_positions
    return 0, 0.0
                  
  File "/opt/anaconda3/lib/python3.12/site-packages/kiteconnect/connect.py", line 445, in positions
    return self._get("portfolio.positions")
           ^^^^^^^^^^^^^^^^^^^^^^^^^^^^^^^^
  File "/opt/anaconda3/lib/python3.12/site-packages/kiteconnect/connect.py", line 861, in _get
    return self._request(route, "GET", url_args=url_args, params=params, is_json=is_json)
           ^^^^^^^^^^^^^^^^^^^^^^^^^^^^^^^^^^^^^^^^^^^^^^^^^^^^^^^^^^^^^^^^^^^^^^^^^^^^^^
  File "/opt/anaconda3/lib/python3.12/site-packages/kiteconnect/connect.py", line 937, in _request
    raise exp(data["message"], code=r.status_code)
kiteconnect.exceptions.TokenException: Incorrect `api_key` or `access_token`.
2025-11-17 00:04:33 | DEBUG    | Executing BUY legs: 2 orders
2025-11-17 00:04:33 | ERROR    | Failed to place order: BANKNIFTY51400PE | error=Incorrect `api_key` or `access_token`.
Traceback (most recent call last):
  File "/Users/rohan/Downloads/Vridhi_Capital_Trading_System/src/trading_system/oms/order_manager.py", line 743, in _place_market_order
    order_id=fake_id,
           ^^^^^^^^^^
  File "/opt/anaconda3/lib/python3.12/site-packages/kiteconnect/connect.py", line 361, in place_order
    return self._post("order.place",
           ^^^^^^^^^^^^^^^^^^^^^^^^^
  File "/opt/anaconda3/lib/python3.12/site-packages/kiteconnect/connect.py", line 865, in _post
    return self._request(route, "POST", url_args=url_args, params=params, is_json=is_json, query_params=query_params)
           ^^^^^^^^^^^^^^^^^^^^^^^^^^^^^^^^^^^^^^^^^^^^^^^^^^^^^^^^^^^^^^^^^^^^^^^^^^^^^^^^^^^^^^^^^^^^^^^^^^^^^^^^^^
  File "/opt/anaconda3/lib/python3.12/site-packages/kiteconnect/connect.py", line 937, in _request
    raise exp(data["message"], code=r.status_code)
kiteconnect.exceptions.TokenException: Incorrect `api_key` or `access_token`.
2025-11-17 00:04:33 | ERROR    | Failed to place order for BANKNIFTY51400PE
2025-11-17 00:04:33 | WARNING  | BUY legs failed for lot_size=4
2025-11-17 00:04:33 | ERROR    | Error exiting partial positions: Incorrect `api_key` or `access_token`.
Traceback (most recent call last):
  File "/Users/rohan/Downloads/Vridhi_Capital_Trading_System/src/trading_system/oms/order_manager.py", line 822, in _exit_partial_positions
    return 0, 0.0
                  
  File "/opt/anaconda3/lib/python3.12/site-packages/kiteconnect/connect.py", line 445, in positions
    return self._get("portfolio.positions")
           ^^^^^^^^^^^^^^^^^^^^^^^^^^^^^^^^
  File "/opt/anaconda3/lib/python3.12/site-packages/kiteconnect/connect.py", line 861, in _get
    return self._request(route, "GET", url_args=url_args, params=params, is_json=is_json)
           ^^^^^^^^^^^^^^^^^^^^^^^^^^^^^^^^^^^^^^^^^^^^^^^^^^^^^^^^^^^^^^^^^^^^^^^^^^^^^^
  File "/opt/anaconda3/lib/python3.12/site-packages/kiteconnect/connect.py", line 937, in _request
    raise exp(data["message"], code=r.status_code)
kiteconnect.exceptions.TokenException: Incorrect `api_key` or `access_token`.
2025-11-17 00:04:33 | DEBUG    | Executing BUY legs: 2 orders
2025-11-17 00:04:34 | ERROR    | Failed to place order: BANKNIFTY51400PE | error=Incorrect `api_key` or `access_token`.
Traceback (most recent call last):
  File "/Users/rohan/Downloads/Vridhi_Capital_Trading_System/src/trading_system/oms/order_manager.py", line 743, in _place_market_order
    order_id=fake_id,
           ^^^^^^^^^^
  File "/opt/anaconda3/lib/python3.12/site-packages/kiteconnect/connect.py", line 361, in place_order
    return self._post("order.place",
           ^^^^^^^^^^^^^^^^^^^^^^^^^
  File "/opt/anaconda3/lib/python3.12/site-packages/kiteconnect/connect.py", line 865, in _post
    return self._request(route, "POST", url_args=url_args, params=params, is_json=is_json, query_params=query_params)
           ^^^^^^^^^^^^^^^^^^^^^^^^^^^^^^^^^^^^^^^^^^^^^^^^^^^^^^^^^^^^^^^^^^^^^^^^^^^^^^^^^^^^^^^^^^^^^^^^^^^^^^^^^^
  File "/opt/anaconda3/lib/python3.12/site-packages/kiteconnect/connect.py", line 937, in _request
    raise exp(data["message"], code=r.status_code)
kiteconnect.exceptions.TokenException: Incorrect `api_key` or `access_token`.
2025-11-17 00:04:34 | ERROR    | Failed to place order for BANKNIFTY51400PE
2025-11-17 00:04:34 | WARNING  | BUY legs failed for lot_size=2
2025-11-17 00:04:34 | ERROR    | Error exiting partial positions: Incorrect `api_key` or `access_token`.
Traceback (most recent call last):
  File "/Users/rohan/Downloads/Vridhi_Capital_Trading_System/src/trading_system/oms/order_manager.py", line 822, in _exit_partial_positions
    return 0, 0.0
                  
  File "/opt/anaconda3/lib/python3.12/site-packages/kiteconnect/connect.py", line 445, in positions
    return self._get("portfolio.positions")
           ^^^^^^^^^^^^^^^^^^^^^^^^^^^^^^^^
  File "/opt/anaconda3/lib/python3.12/site-packages/kiteconnect/connect.py", line 861, in _get
    return self._request(route, "GET", url_args=url_args, params=params, is_json=is_json)
           ^^^^^^^^^^^^^^^^^^^^^^^^^^^^^^^^^^^^^^^^^^^^^^^^^^^^^^^^^^^^^^^^^^^^^^^^^^^^^^
  File "/opt/anaconda3/lib/python3.12/site-packages/kiteconnect/connect.py", line 937, in _request
    raise exp(data["message"], code=r.status_code)
kiteconnect.exceptions.TokenException: Incorrect `api_key` or `access_token`.
2025-11-17 00:04:34 | DEBUG    | Executing BUY legs: 2 orders
2025-11-17 00:04:34 | ERROR    | Failed to place order: BANKNIFTY51400PE | error=Incorrect `api_key` or `access_token`.
Traceback (most recent call last):
  File "/Users/rohan/Downloads/Vridhi_Capital_Trading_System/src/trading_system/oms/order_manager.py", line 743, in _place_market_order
    order_id=fake_id,
           ^^^^^^^^^^
  File "/opt/anaconda3/lib/python3.12/site-packages/kiteconnect/connect.py", line 361, in place_order
    return self._post("order.place",
           ^^^^^^^^^^^^^^^^^^^^^^^^^
  File "/opt/anaconda3/lib/python3.12/site-packages/kiteconnect/connect.py", line 865, in _post
    return self._request(route, "POST", url_args=url_args, params=params, is_json=is_json, query_params=query_params)
           ^^^^^^^^^^^^^^^^^^^^^^^^^^^^^^^^^^^^^^^^^^^^^^^^^^^^^^^^^^^^^^^^^^^^^^^^^^^^^^^^^^^^^^^^^^^^^^^^^^^^^^^^^^
  File "/opt/anaconda3/lib/python3.12/site-packages/kiteconnect/connect.py", line 937, in _request
    raise exp(data["message"], code=r.status_code)
kiteconnect.exceptions.TokenException: Incorrect `api_key` or `access_token`.
2025-11-17 00:04:34 | ERROR    | Failed to place order for BANKNIFTY51400PE
2025-11-17 00:04:34 | WARNING  | BUY legs failed for lot_size=1
2025-11-17 00:04:34 | ERROR    | Error exiting partial positions: Incorrect `api_key` or `access_token`.
Traceback (most recent call last):
  File "/Users/rohan/Downloads/Vridhi_Capital_Trading_System/src/trading_system/oms/order_manager.py", line 822, in _exit_partial_positions
    return 0, 0.0
                  
  File "/opt/anaconda3/lib/python3.12/site-packages/kiteconnect/connect.py", line 445, in positions
    return self._get("portfolio.positions")
           ^^^^^^^^^^^^^^^^^^^^^^^^^^^^^^^^
  File "/opt/anaconda3/lib/python3.12/site-packages/kiteconnect/connect.py", line 861, in _get
    return self._request(route, "GET", url_args=url_args, params=params, is_json=is_json)
           ^^^^^^^^^^^^^^^^^^^^^^^^^^^^^^^^^^^^^^^^^^^^^^^^^^^^^^^^^^^^^^^^^^^^^^^^^^^^^^
  File "/opt/anaconda3/lib/python3.12/site-packages/kiteconnect/connect.py", line 937, in _request
    raise exp(data["message"], code=r.status_code)
kiteconnect.exceptions.TokenException: Incorrect `api_key` or `access_token`.
2025-11-17 00:06:34 | DEBUG    | ATM strike calculated: 51500 from futures price: 51490.65
2025-11-17 00:06:34 | INFO     | 🔵 LONG Entry initiated | futures_price=51490.65 | atm_strike=51500 | hedge_strike=49500 | lot_size=8
2025-11-17 00:06:34 | DEBUG    | Executing BUY legs: 2 orders
2025-11-17 00:06:34 | ERROR    | Failed to place order: BANKNIFTY51500CE | error=Incorrect `api_key` or `access_token`.
Traceback (most recent call last):
  File "/Users/rohan/Downloads/Vridhi_Capital_Trading_System/src/trading_system/oms/order_manager.py", line 743, in _place_market_order
    order_id=fake_id,
           ^^^^^^^^^^
  File "/opt/anaconda3/lib/python3.12/site-packages/kiteconnect/connect.py", line 361, in place_order
    return self._post("order.place",
           ^^^^^^^^^^^^^^^^^^^^^^^^^
  File "/opt/anaconda3/lib/python3.12/site-packages/kiteconnect/connect.py", line 865, in _post
    return self._request(route, "POST", url_args=url_args, params=params, is_json=is_json, query_params=query_params)
           ^^^^^^^^^^^^^^^^^^^^^^^^^^^^^^^^^^^^^^^^^^^^^^^^^^^^^^^^^^^^^^^^^^^^^^^^^^^^^^^^^^^^^^^^^^^^^^^^^^^^^^^^^^
  File "/opt/anaconda3/lib/python3.12/site-packages/kiteconnect/connect.py", line 937, in _request
    raise exp(data["message"], code=r.status_code)
kiteconnect.exceptions.TokenException: Incorrect `api_key` or `access_token`.
2025-11-17 00:06:34 | ERROR    | Failed to place order for BANKNIFTY51500CE
2025-11-17 00:06:34 | WARNING  | BUY legs failed for lot_size=8
2025-11-17 00:06:34 | ERROR    | Error exiting partial positions: Incorrect `api_key` or `access_token`.
Traceback (most recent call last):
  File "/Users/rohan/Downloads/Vridhi_Capital_Trading_System/src/trading_system/oms/order_manager.py", line 822, in _exit_partial_positions
    return 0, 0.0
                  
  File "/opt/anaconda3/lib/python3.12/site-packages/kiteconnect/connect.py", line 445, in positions
    return self._get("portfolio.positions")
           ^^^^^^^^^^^^^^^^^^^^^^^^^^^^^^^^
  File "/opt/anaconda3/lib/python3.12/site-packages/kiteconnect/connect.py", line 861, in _get
    return self._request(route, "GET", url_args=url_args, params=params, is_json=is_json)
           ^^^^^^^^^^^^^^^^^^^^^^^^^^^^^^^^^^^^^^^^^^^^^^^^^^^^^^^^^^^^^^^^^^^^^^^^^^^^^^
  File "/opt/anaconda3/lib/python3.12/site-packages/kiteconnect/connect.py", line 937, in _request
    raise exp(data["message"], code=r.status_code)
kiteconnect.exceptions.TokenException: Incorrect `api_key` or `access_token`.
2025-11-17 00:06:34 | DEBUG    | Executing BUY legs: 2 orders
2025-11-17 00:06:35 | ERROR    | Failed to place order: BANKNIFTY51500CE | error=Incorrect `api_key` or `access_token`.
Traceback (most recent call last):
  File "/Users/rohan/Downloads/Vridhi_Capital_Trading_System/src/trading_system/oms/order_manager.py", line 743, in _place_market_order
    order_id=fake_id,
           ^^^^^^^^^^
  File "/opt/anaconda3/lib/python3.12/site-packages/kiteconnect/connect.py", line 361, in place_order
    return self._post("order.place",
           ^^^^^^^^^^^^^^^^^^^^^^^^^
  File "/opt/anaconda3/lib/python3.12/site-packages/kiteconnect/connect.py", line 865, in _post
    return self._request(route, "POST", url_args=url_args, params=params, is_json=is_json, query_params=query_params)
           ^^^^^^^^^^^^^^^^^^^^^^^^^^^^^^^^^^^^^^^^^^^^^^^^^^^^^^^^^^^^^^^^^^^^^^^^^^^^^^^^^^^^^^^^^^^^^^^^^^^^^^^^^^
  File "/opt/anaconda3/lib/python3.12/site-packages/kiteconnect/connect.py", line 937, in _request
    raise exp(data["message"], code=r.status_code)
kiteconnect.exceptions.TokenException: Incorrect `api_key` or `access_token`.
2025-11-17 00:06:35 | ERROR    | Failed to place order for BANKNIFTY51500CE
2025-11-17 00:06:35 | WARNING  | BUY legs failed for lot_size=4
2025-11-17 00:06:35 | ERROR    | Error exiting partial positions: Incorrect `api_key` or `access_token`.
Traceback (most recent call last):
  File "/Users/rohan/Downloads/Vridhi_Capital_Trading_System/src/trading_system/oms/order_manager.py", line 822, in _exit_partial_positions
    return 0, 0.0
                  
  File "/opt/anaconda3/lib/python3.12/site-packages/kiteconnect/connect.py", line 445, in positions
    return self._get("portfolio.positions")
           ^^^^^^^^^^^^^^^^^^^^^^^^^^^^^^^^
  File "/opt/anaconda3/lib/python3.12/site-packages/kiteconnect/connect.py", line 861, in _get
    return self._request(route, "GET", url_args=url_args, params=params, is_json=is_json)
           ^^^^^^^^^^^^^^^^^^^^^^^^^^^^^^^^^^^^^^^^^^^^^^^^^^^^^^^^^^^^^^^^^^^^^^^^^^^^^^
  File "/opt/anaconda3/lib/python3.12/site-packages/kiteconnect/connect.py", line 937, in _request
    raise exp(data["message"], code=r.status_code)
kiteconnect.exceptions.TokenException: Incorrect `api_key` or `access_token`.
2025-11-17 00:06:35 | DEBUG    | Executing BUY legs: 2 orders
2025-11-17 00:06:35 | ERROR    | Failed to place order: BANKNIFTY51500CE | error=Incorrect `api_key` or `access_token`.
Traceback (most recent call last):
  File "/Users/rohan/Downloads/Vridhi_Capital_Trading_System/src/trading_system/oms/order_manager.py", line 743, in _place_market_order
    order_id=fake_id,
           ^^^^^^^^^^
  File "/opt/anaconda3/lib/python3.12/site-packages/kiteconnect/connect.py", line 361, in place_order
    return self._post("order.place",
           ^^^^^^^^^^^^^^^^^^^^^^^^^
  File "/opt/anaconda3/lib/python3.12/site-packages/kiteconnect/connect.py", line 865, in _post
    return self._request(route, "POST", url_args=url_args, params=params, is_json=is_json, query_params=query_params)
           ^^^^^^^^^^^^^^^^^^^^^^^^^^^^^^^^^^^^^^^^^^^^^^^^^^^^^^^^^^^^^^^^^^^^^^^^^^^^^^^^^^^^^^^^^^^^^^^^^^^^^^^^^^
  File "/opt/anaconda3/lib/python3.12/site-packages/kiteconnect/connect.py", line 937, in _request
    raise exp(data["message"], code=r.status_code)
kiteconnect.exceptions.TokenException: Incorrect `api_key` or `access_token`.
2025-11-17 00:06:35 | ERROR    | Failed to place order for BANKNIFTY51500CE
2025-11-17 00:06:35 | WARNING  | BUY legs failed for lot_size=2
2025-11-17 00:06:35 | ERROR    | Error exiting partial positions: Incorrect `api_key` or `access_token`.
Traceback (most recent call last):
  File "/Users/rohan/Downloads/Vridhi_Capital_Trading_System/src/trading_system/oms/order_manager.py", line 822, in _exit_partial_positions
    return 0, 0.0
                  
  File "/opt/anaconda3/lib/python3.12/site-packages/kiteconnect/connect.py", line 445, in positions
    return self._get("portfolio.positions")
           ^^^^^^^^^^^^^^^^^^^^^^^^^^^^^^^^
  File "/opt/anaconda3/lib/python3.12/site-packages/kiteconnect/connect.py", line 861, in _get
    return self._request(route, "GET", url_args=url_args, params=params, is_json=is_json)
           ^^^^^^^^^^^^^^^^^^^^^^^^^^^^^^^^^^^^^^^^^^^^^^^^^^^^^^^^^^^^^^^^^^^^^^^^^^^^^^
  File "/opt/anaconda3/lib/python3.12/site-packages/kiteconnect/connect.py", line 937, in _request
    raise exp(data["message"], code=r.status_code)
kiteconnect.exceptions.TokenException: Incorrect `api_key` or `access_token`.
2025-11-17 00:06:35 | DEBUG    | Executing BUY legs: 2 orders
2025-11-17 00:06:35 | ERROR    | Failed to place order: BANKNIFTY51500CE | error=Incorrect `api_key` or `access_token`.
Traceback (most recent call last):
  File "/Users/rohan/Downloads/Vridhi_Capital_Trading_System/src/trading_system/oms/order_manager.py", line 743, in _place_market_order
    order_id=fake_id,
           ^^^^^^^^^^
  File "/opt/anaconda3/lib/python3.12/site-packages/kiteconnect/connect.py", line 361, in place_order
    return self._post("order.place",
           ^^^^^^^^^^^^^^^^^^^^^^^^^
  File "/opt/anaconda3/lib/python3.12/site-packages/kiteconnect/connect.py", line 865, in _post
    return self._request(route, "POST", url_args=url_args, params=params, is_json=is_json, query_params=query_params)
           ^^^^^^^^^^^^^^^^^^^^^^^^^^^^^^^^^^^^^^^^^^^^^^^^^^^^^^^^^^^^^^^^^^^^^^^^^^^^^^^^^^^^^^^^^^^^^^^^^^^^^^^^^^
  File "/opt/anaconda3/lib/python3.12/site-packages/kiteconnect/connect.py", line 937, in _request
    raise exp(data["message"], code=r.status_code)
kiteconnect.exceptions.TokenException: Incorrect `api_key` or `access_token`.
2025-11-17 00:06:35 | ERROR    | Failed to place order for BANKNIFTY51500CE
2025-11-17 00:06:35 | WARNING  | BUY legs failed for lot_size=1
2025-11-17 00:06:36 | ERROR    | Error exiting partial positions: Incorrect `api_key` or `access_token`.
Traceback (most recent call last):
  File "/Users/rohan/Downloads/Vridhi_Capital_Trading_System/src/trading_system/oms/order_manager.py", line 822, in _exit_partial_positions
    return 0, 0.0
                  
  File "/opt/anaconda3/lib/python3.12/site-packages/kiteconnect/connect.py", line 445, in positions
    return self._get("portfolio.positions")
           ^^^^^^^^^^^^^^^^^^^^^^^^^^^^^^^^
  File "/opt/anaconda3/lib/python3.12/site-packages/kiteconnect/connect.py", line 861, in _get
    return self._request(route, "GET", url_args=url_args, params=params, is_json=is_json)
           ^^^^^^^^^^^^^^^^^^^^^^^^^^^^^^^^^^^^^^^^^^^^^^^^^^^^^^^^^^^^^^^^^^^^^^^^^^^^^^
  File "/opt/anaconda3/lib/python3.12/site-packages/kiteconnect/connect.py", line 937, in _request
    raise exp(data["message"], code=r.status_code)
kiteconnect.exceptions.TokenException: Incorrect `api_key` or `access_token`.
2025-11-17 00:06:36 | DEBUG    | ATM strike calculated: 51500 from futures price: 51490.65
2025-11-17 00:06:36 | INFO     | 🔵 LONG Entry initiated | futures_price=51490.65 | atm_strike=51500 | hedge_strike=49500 | lot_size=8
2025-11-17 00:06:36 | DEBUG    | Executing BUY legs: 2 orders
2025-11-17 00:06:36 | ERROR    | Failed to place order: BANKNIFTY51500CE | error=Incorrect `api_key` or `access_token`.
Traceback (most recent call last):
  File "/Users/rohan/Downloads/Vridhi_Capital_Trading_System/src/trading_system/oms/order_manager.py", line 743, in _place_market_order
    order_id=fake_id,
           ^^^^^^^^^^
  File "/opt/anaconda3/lib/python3.12/site-packages/kiteconnect/connect.py", line 361, in place_order
    return self._post("order.place",
           ^^^^^^^^^^^^^^^^^^^^^^^^^
  File "/opt/anaconda3/lib/python3.12/site-packages/kiteconnect/connect.py", line 865, in _post
    return self._request(route, "POST", url_args=url_args, params=params, is_json=is_json, query_params=query_params)
           ^^^^^^^^^^^^^^^^^^^^^^^^^^^^^^^^^^^^^^^^^^^^^^^^^^^^^^^^^^^^^^^^^^^^^^^^^^^^^^^^^^^^^^^^^^^^^^^^^^^^^^^^^^
  File "/opt/anaconda3/lib/python3.12/site-packages/kiteconnect/connect.py", line 937, in _request
    raise exp(data["message"], code=r.status_code)
kiteconnect.exceptions.TokenException: Incorrect `api_key` or `access_token`.
2025-11-17 00:06:36 | ERROR    | Failed to place order for BANKNIFTY51500CE
2025-11-17 00:06:36 | WARNING  | BUY legs failed for lot_size=8
2025-11-17 00:06:36 | ERROR    | Error exiting partial positions: Incorrect `api_key` or `access_token`.
Traceback (most recent call last):
  File "/Users/rohan/Downloads/Vridhi_Capital_Trading_System/src/trading_system/oms/order_manager.py", line 822, in _exit_partial_positions
    return 0, 0.0
                  
  File "/opt/anaconda3/lib/python3.12/site-packages/kiteconnect/connect.py", line 445, in positions
    return self._get("portfolio.positions")
           ^^^^^^^^^^^^^^^^^^^^^^^^^^^^^^^^
  File "/opt/anaconda3/lib/python3.12/site-packages/kiteconnect/connect.py", line 861, in _get
    return self._request(route, "GET", url_args=url_args, params=params, is_json=is_json)
           ^^^^^^^^^^^^^^^^^^^^^^^^^^^^^^^^^^^^^^^^^^^^^^^^^^^^^^^^^^^^^^^^^^^^^^^^^^^^^^
  File "/opt/anaconda3/lib/python3.12/site-packages/kiteconnect/connect.py", line 937, in _request
    raise exp(data["message"], code=r.status_code)
kiteconnect.exceptions.TokenException: Incorrect `api_key` or `access_token`.
2025-11-17 00:06:36 | DEBUG    | Executing BUY legs: 2 orders
2025-11-17 00:06:36 | ERROR    | Failed to place order: BANKNIFTY51500CE | error=Incorrect `api_key` or `access_token`.
Traceback (most recent call last):
  File "/Users/rohan/Downloads/Vridhi_Capital_Trading_System/src/trading_system/oms/order_manager.py", line 743, in _place_market_order
    order_id=fake_id,
           ^^^^^^^^^^
  File "/opt/anaconda3/lib/python3.12/site-packages/kiteconnect/connect.py", line 361, in place_order
    return self._post("order.place",
           ^^^^^^^^^^^^^^^^^^^^^^^^^
  File "/opt/anaconda3/lib/python3.12/site-packages/kiteconnect/connect.py", line 865, in _post
    return self._request(route, "POST", url_args=url_args, params=params, is_json=is_json, query_params=query_params)
           ^^^^^^^^^^^^^^^^^^^^^^^^^^^^^^^^^^^^^^^^^^^^^^^^^^^^^^^^^^^^^^^^^^^^^^^^^^^^^^^^^^^^^^^^^^^^^^^^^^^^^^^^^^
  File "/opt/anaconda3/lib/python3.12/site-packages/kiteconnect/connect.py", line 937, in _request
    raise exp(data["message"], code=r.status_code)
kiteconnect.exceptions.TokenException: Incorrect `api_key` or `access_token`.
2025-11-17 00:06:36 | ERROR    | Failed to place order for BANKNIFTY51500CE
2025-11-17 00:06:36 | WARNING  | BUY legs failed for lot_size=4
2025-11-17 00:06:36 | ERROR    | Error exiting partial positions: Incorrect `api_key` or `access_token`.
Traceback (most recent call last):
  File "/Users/rohan/Downloads/Vridhi_Capital_Trading_System/src/trading_system/oms/order_manager.py", line 822, in _exit_partial_positions
    return 0, 0.0
                  
  File "/opt/anaconda3/lib/python3.12/site-packages/kiteconnect/connect.py", line 445, in positions
    return self._get("portfolio.positions")
           ^^^^^^^^^^^^^^^^^^^^^^^^^^^^^^^^
  File "/opt/anaconda3/lib/python3.12/site-packages/kiteconnect/connect.py", line 861, in _get
    return self._request(route, "GET", url_args=url_args, params=params, is_json=is_json)
           ^^^^^^^^^^^^^^^^^^^^^^^^^^^^^^^^^^^^^^^^^^^^^^^^^^^^^^^^^^^^^^^^^^^^^^^^^^^^^^
  File "/opt/anaconda3/lib/python3.12/site-packages/kiteconnect/connect.py", line 937, in _request
    raise exp(data["message"], code=r.status_code)
kiteconnect.exceptions.TokenException: Incorrect `api_key` or `access_token`.
2025-11-17 00:06:36 | DEBUG    | Executing BUY legs: 2 orders
2025-11-17 00:06:36 | ERROR    | Failed to place order: BANKNIFTY51500CE | error=Incorrect `api_key` or `access_token`.
Traceback (most recent call last):
  File "/Users/rohan/Downloads/Vridhi_Capital_Trading_System/src/trading_system/oms/order_manager.py", line 743, in _place_market_order
    order_id=fake_id,
           ^^^^^^^^^^
  File "/opt/anaconda3/lib/python3.12/site-packages/kiteconnect/connect.py", line 361, in place_order
    return self._post("order.place",
           ^^^^^^^^^^^^^^^^^^^^^^^^^
  File "/opt/anaconda3/lib/python3.12/site-packages/kiteconnect/connect.py", line 865, in _post
    return self._request(route, "POST", url_args=url_args, params=params, is_json=is_json, query_params=query_params)
           ^^^^^^^^^^^^^^^^^^^^^^^^^^^^^^^^^^^^^^^^^^^^^^^^^^^^^^^^^^^^^^^^^^^^^^^^^^^^^^^^^^^^^^^^^^^^^^^^^^^^^^^^^^
  File "/opt/anaconda3/lib/python3.12/site-packages/kiteconnect/connect.py", line 937, in _request
    raise exp(data["message"], code=r.status_code)
kiteconnect.exceptions.TokenException: Incorrect `api_key` or `access_token`.
2025-11-17 00:06:36 | ERROR    | Failed to place order for BANKNIFTY51500CE
2025-11-17 00:06:36 | WARNING  | BUY legs failed for lot_size=2
2025-11-17 00:06:36 | ERROR    | Error exiting partial positions: Incorrect `api_key` or `access_token`.
Traceback (most recent call last):
  File "/Users/rohan/Downloads/Vridhi_Capital_Trading_System/src/trading_system/oms/order_manager.py", line 822, in _exit_partial_positions
    return 0, 0.0
                  
  File "/opt/anaconda3/lib/python3.12/site-packages/kiteconnect/connect.py", line 445, in positions
    return self._get("portfolio.positions")
           ^^^^^^^^^^^^^^^^^^^^^^^^^^^^^^^^
  File "/opt/anaconda3/lib/python3.12/site-packages/kiteconnect/connect.py", line 861, in _get
    return self._request(route, "GET", url_args=url_args, params=params, is_json=is_json)
           ^^^^^^^^^^^^^^^^^^^^^^^^^^^^^^^^^^^^^^^^^^^^^^^^^^^^^^^^^^^^^^^^^^^^^^^^^^^^^^
  File "/opt/anaconda3/lib/python3.12/site-packages/kiteconnect/connect.py", line 937, in _request
    raise exp(data["message"], code=r.status_code)
kiteconnect.exceptions.TokenException: Incorrect `api_key` or `access_token`.
2025-11-17 00:06:36 | DEBUG    | Executing BUY legs: 2 orders
2025-11-17 00:06:37 | ERROR    | Failed to place order: BANKNIFTY51500CE | error=Incorrect `api_key` or `access_token`.
Traceback (most recent call last):
  File "/Users/rohan/Downloads/Vridhi_Capital_Trading_System/src/trading_system/oms/order_manager.py", line 743, in _place_market_order
    order_id=fake_id,
           ^^^^^^^^^^
  File "/opt/anaconda3/lib/python3.12/site-packages/kiteconnect/connect.py", line 361, in place_order
    return self._post("order.place",
           ^^^^^^^^^^^^^^^^^^^^^^^^^
  File "/opt/anaconda3/lib/python3.12/site-packages/kiteconnect/connect.py", line 865, in _post
    return self._request(route, "POST", url_args=url_args, params=params, is_json=is_json, query_params=query_params)
           ^^^^^^^^^^^^^^^^^^^^^^^^^^^^^^^^^^^^^^^^^^^^^^^^^^^^^^^^^^^^^^^^^^^^^^^^^^^^^^^^^^^^^^^^^^^^^^^^^^^^^^^^^^
  File "/opt/anaconda3/lib/python3.12/site-packages/kiteconnect/connect.py", line 937, in _request
    raise exp(data["message"], code=r.status_code)
kiteconnect.exceptions.TokenException: Incorrect `api_key` or `access_token`.
2025-11-17 00:06:37 | ERROR    | Failed to place order for BANKNIFTY51500CE
2025-11-17 00:06:37 | WARNING  | BUY legs failed for lot_size=1
2025-11-17 00:06:37 | ERROR    | Error exiting partial positions: Incorrect `api_key` or `access_token`.
Traceback (most recent call last):
  File "/Users/rohan/Downloads/Vridhi_Capital_Trading_System/src/trading_system/oms/order_manager.py", line 822, in _exit_partial_positions
    return 0, 0.0
                  
  File "/opt/anaconda3/lib/python3.12/site-packages/kiteconnect/connect.py", line 445, in positions
    return self._get("portfolio.positions")
           ^^^^^^^^^^^^^^^^^^^^^^^^^^^^^^^^
  File "/opt/anaconda3/lib/python3.12/site-packages/kiteconnect/connect.py", line 861, in _get
    return self._request(route, "GET", url_args=url_args, params=params, is_json=is_json)
           ^^^^^^^^^^^^^^^^^^^^^^^^^^^^^^^^^^^^^^^^^^^^^^^^^^^^^^^^^^^^^^^^^^^^^^^^^^^^^^
  File "/opt/anaconda3/lib/python3.12/site-packages/kiteconnect/connect.py", line 937, in _request
    raise exp(data["message"], code=r.status_code)
kiteconnect.exceptions.TokenException: Incorrect `api_key` or `access_token`.
2025-11-17 00:08:37 | DEBUG    | ATM strike calculated: 51500 from futures price: 51462.0
2025-11-17 00:08:37 | INFO     | 🔴 SHORT Entry initiated | futures_price=51462.0 | atm_strike=51500 | hedge_strike=53500 | lot_size=8
2025-11-17 00:08:37 | DEBUG    | Executing BUY legs: 2 orders
2025-11-17 00:08:37 | ERROR    | Failed to place order: BANKNIFTY51500PE | error=Incorrect `api_key` or `access_token`.
Traceback (most recent call last):
  File "/Users/rohan/Downloads/Vridhi_Capital_Trading_System/src/trading_system/oms/order_manager.py", line 743, in _place_market_order
    order_id=fake_id,
           ^^^^^^^^^^
  File "/opt/anaconda3/lib/python3.12/site-packages/kiteconnect/connect.py", line 361, in place_order
    return self._post("order.place",
           ^^^^^^^^^^^^^^^^^^^^^^^^^
  File "/opt/anaconda3/lib/python3.12/site-packages/kiteconnect/connect.py", line 865, in _post
    return self._request(route, "POST", url_args=url_args, params=params, is_json=is_json, query_params=query_params)
           ^^^^^^^^^^^^^^^^^^^^^^^^^^^^^^^^^^^^^^^^^^^^^^^^^^^^^^^^^^^^^^^^^^^^^^^^^^^^^^^^^^^^^^^^^^^^^^^^^^^^^^^^^^
  File "/opt/anaconda3/lib/python3.12/site-packages/kiteconnect/connect.py", line 937, in _request
    raise exp(data["message"], code=r.status_code)
kiteconnect.exceptions.TokenException: Incorrect `api_key` or `access_token`.
2025-11-17 00:08:37 | ERROR    | Failed to place order for BANKNIFTY51500PE
2025-11-17 00:08:37 | WARNING  | BUY legs failed for lot_size=8
2025-11-17 00:08:37 | ERROR    | Error exiting partial positions: Incorrect `api_key` or `access_token`.
Traceback (most recent call last):
  File "/Users/rohan/Downloads/Vridhi_Capital_Trading_System/src/trading_system/oms/order_manager.py", line 822, in _exit_partial_positions
    return 0, 0.0
                  
  File "/opt/anaconda3/lib/python3.12/site-packages/kiteconnect/connect.py", line 445, in positions
    return self._get("portfolio.positions")
           ^^^^^^^^^^^^^^^^^^^^^^^^^^^^^^^^
  File "/opt/anaconda3/lib/python3.12/site-packages/kiteconnect/connect.py", line 861, in _get
    return self._request(route, "GET", url_args=url_args, params=params, is_json=is_json)
           ^^^^^^^^^^^^^^^^^^^^^^^^^^^^^^^^^^^^^^^^^^^^^^^^^^^^^^^^^^^^^^^^^^^^^^^^^^^^^^
  File "/opt/anaconda3/lib/python3.12/site-packages/kiteconnect/connect.py", line 937, in _request
    raise exp(data["message"], code=r.status_code)
kiteconnect.exceptions.TokenException: Incorrect `api_key` or `access_token`.
2025-11-17 00:08:37 | DEBUG    | Executing BUY legs: 2 orders
2025-11-17 00:08:38 | ERROR    | Failed to place order: BANKNIFTY51500PE | error=Incorrect `api_key` or `access_token`.
Traceback (most recent call last):
  File "/Users/rohan/Downloads/Vridhi_Capital_Trading_System/src/trading_system/oms/order_manager.py", line 743, in _place_market_order
    order_id=fake_id,
           ^^^^^^^^^^
  File "/opt/anaconda3/lib/python3.12/site-packages/kiteconnect/connect.py", line 361, in place_order
    return self._post("order.place",
           ^^^^^^^^^^^^^^^^^^^^^^^^^
  File "/opt/anaconda3/lib/python3.12/site-packages/kiteconnect/connect.py", line 865, in _post
    return self._request(route, "POST", url_args=url_args, params=params, is_json=is_json, query_params=query_params)
           ^^^^^^^^^^^^^^^^^^^^^^^^^^^^^^^^^^^^^^^^^^^^^^^^^^^^^^^^^^^^^^^^^^^^^^^^^^^^^^^^^^^^^^^^^^^^^^^^^^^^^^^^^^
  File "/opt/anaconda3/lib/python3.12/site-packages/kiteconnect/connect.py", line 937, in _request
    raise exp(data["message"], code=r.status_code)
kiteconnect.exceptions.TokenException: Incorrect `api_key` or `access_token`.
2025-11-17 00:08:38 | ERROR    | Failed to place order for BANKNIFTY51500PE
2025-11-17 00:08:38 | WARNING  | BUY legs failed for lot_size=4
2025-11-17 00:08:38 | ERROR    | Error exiting partial positions: Incorrect `api_key` or `access_token`.
Traceback (most recent call last):
  File "/Users/rohan/Downloads/Vridhi_Capital_Trading_System/src/trading_system/oms/order_manager.py", line 822, in _exit_partial_positions
    return 0, 0.0
                  
  File "/opt/anaconda3/lib/python3.12/site-packages/kiteconnect/connect.py", line 445, in positions
    return self._get("portfolio.positions")
           ^^^^^^^^^^^^^^^^^^^^^^^^^^^^^^^^
  File "/opt/anaconda3/lib/python3.12/site-packages/kiteconnect/connect.py", line 861, in _get
    return self._request(route, "GET", url_args=url_args, params=params, is_json=is_json)
           ^^^^^^^^^^^^^^^^^^^^^^^^^^^^^^^^^^^^^^^^^^^^^^^^^^^^^^^^^^^^^^^^^^^^^^^^^^^^^^
  File "/opt/anaconda3/lib/python3.12/site-packages/kiteconnect/connect.py", line 937, in _request
    raise exp(data["message"], code=r.status_code)
kiteconnect.exceptions.TokenException: Incorrect `api_key` or `access_token`.
2025-11-17 00:08:38 | DEBUG    | Executing BUY legs: 2 orders
2025-11-17 00:08:38 | ERROR    | Failed to place order: BANKNIFTY51500PE | error=Incorrect `api_key` or `access_token`.
Traceback (most recent call last):
  File "/Users/rohan/Downloads/Vridhi_Capital_Trading_System/src/trading_system/oms/order_manager.py", line 743, in _place_market_order
    order_id=fake_id,
           ^^^^^^^^^^
  File "/opt/anaconda3/lib/python3.12/site-packages/kiteconnect/connect.py", line 361, in place_order
    return self._post("order.place",
           ^^^^^^^^^^^^^^^^^^^^^^^^^
  File "/opt/anaconda3/lib/python3.12/site-packages/kiteconnect/connect.py", line 865, in _post
    return self._request(route, "POST", url_args=url_args, params=params, is_json=is_json, query_params=query_params)
           ^^^^^^^^^^^^^^^^^^^^^^^^^^^^^^^^^^^^^^^^^^^^^^^^^^^^^^^^^^^^^^^^^^^^^^^^^^^^^^^^^^^^^^^^^^^^^^^^^^^^^^^^^^
  File "/opt/anaconda3/lib/python3.12/site-packages/kiteconnect/connect.py", line 937, in _request
    raise exp(data["message"], code=r.status_code)
kiteconnect.exceptions.TokenException: Incorrect `api_key` or `access_token`.
2025-11-17 00:08:38 | ERROR    | Failed to place order for BANKNIFTY51500PE
2025-11-17 00:08:38 | WARNING  | BUY legs failed for lot_size=2
2025-11-17 00:08:38 | ERROR    | Error exiting partial positions: Incorrect `api_key` or `access_token`.
Traceback (most recent call last):
  File "/Users/rohan/Downloads/Vridhi_Capital_Trading_System/src/trading_system/oms/order_manager.py", line 822, in _exit_partial_positions
    return 0, 0.0
                  
  File "/opt/anaconda3/lib/python3.12/site-packages/kiteconnect/connect.py", line 445, in positions
    return self._get("portfolio.positions")
           ^^^^^^^^^^^^^^^^^^^^^^^^^^^^^^^^
  File "/opt/anaconda3/lib/python3.12/site-packages/kiteconnect/connect.py", line 861, in _get
    return self._request(route, "GET", url_args=url_args, params=params, is_json=is_json)
           ^^^^^^^^^^^^^^^^^^^^^^^^^^^^^^^^^^^^^^^^^^^^^^^^^^^^^^^^^^^^^^^^^^^^^^^^^^^^^^
  File "/opt/anaconda3/lib/python3.12/site-packages/kiteconnect/connect.py", line 937, in _request
    raise exp(data["message"], code=r.status_code)
kiteconnect.exceptions.TokenException: Incorrect `api_key` or `access_token`.
2025-11-17 00:08:38 | DEBUG    | Executing BUY legs: 2 orders
2025-11-17 00:08:38 | ERROR    | Failed to place order: BANKNIFTY51500PE | error=Incorrect `api_key` or `access_token`.
Traceback (most recent call last):
  File "/Users/rohan/Downloads/Vridhi_Capital_Trading_System/src/trading_system/oms/order_manager.py", line 743, in _place_market_order
    order_id=fake_id,
           ^^^^^^^^^^
  File "/opt/anaconda3/lib/python3.12/site-packages/kiteconnect/connect.py", line 361, in place_order
    return self._post("order.place",
           ^^^^^^^^^^^^^^^^^^^^^^^^^
  File "/opt/anaconda3/lib/python3.12/site-packages/kiteconnect/connect.py", line 865, in _post
    return self._request(route, "POST", url_args=url_args, params=params, is_json=is_json, query_params=query_params)
           ^^^^^^^^^^^^^^^^^^^^^^^^^^^^^^^^^^^^^^^^^^^^^^^^^^^^^^^^^^^^^^^^^^^^^^^^^^^^^^^^^^^^^^^^^^^^^^^^^^^^^^^^^^
  File "/opt/anaconda3/lib/python3.12/site-packages/kiteconnect/connect.py", line 937, in _request
    raise exp(data["message"], code=r.status_code)
kiteconnect.exceptions.TokenException: Incorrect `api_key` or `access_token`.
2025-11-17 00:08:38 | ERROR    | Failed to place order for BANKNIFTY51500PE
2025-11-17 00:08:38 | WARNING  | BUY legs failed for lot_size=1
2025-11-17 00:08:38 | ERROR    | Error exiting partial positions: Incorrect `api_key` or `access_token`.
Traceback (most recent call last):
  File "/Users/rohan/Downloads/Vridhi_Capital_Trading_System/src/trading_system/oms/order_manager.py", line 822, in _exit_partial_positions
    return 0, 0.0
                  
  File "/opt/anaconda3/lib/python3.12/site-packages/kiteconnect/connect.py", line 445, in positions
    return self._get("portfolio.positions")
           ^^^^^^^^^^^^^^^^^^^^^^^^^^^^^^^^
  File "/opt/anaconda3/lib/python3.12/site-packages/kiteconnect/connect.py", line 861, in _get
    return self._request(route, "GET", url_args=url_args, params=params, is_json=is_json)
           ^^^^^^^^^^^^^^^^^^^^^^^^^^^^^^^^^^^^^^^^^^^^^^^^^^^^^^^^^^^^^^^^^^^^^^^^^^^^^^
  File "/opt/anaconda3/lib/python3.12/site-packages/kiteconnect/connect.py", line 937, in _request
    raise exp(data["message"], code=r.status_code)
kiteconnect.exceptions.TokenException: Incorrect `api_key` or `access_token`.
2025-11-17 00:08:38 | DEBUG    | ATM strike calculated: 51500 from futures price: 51462.0
2025-11-17 00:08:38 | INFO     | 🔴 SHORT Entry initiated | futures_price=51462.0 | atm_strike=51500 | hedge_strike=53500 | lot_size=8
2025-11-17 00:08:38 | DEBUG    | Executing BUY legs: 2 orders
2025-11-17 00:08:39 | ERROR    | Failed to place order: BANKNIFTY51500PE | error=Incorrect `api_key` or `access_token`.
Traceback (most recent call last):
  File "/Users/rohan/Downloads/Vridhi_Capital_Trading_System/src/trading_system/oms/order_manager.py", line 743, in _place_market_order
    order_id=fake_id,
           ^^^^^^^^^^
  File "/opt/anaconda3/lib/python3.12/site-packages/kiteconnect/connect.py", line 361, in place_order
    return self._post("order.place",
           ^^^^^^^^^^^^^^^^^^^^^^^^^
  File "/opt/anaconda3/lib/python3.12/site-packages/kiteconnect/connect.py", line 865, in _post
    return self._request(route, "POST", url_args=url_args, params=params, is_json=is_json, query_params=query_params)
           ^^^^^^^^^^^^^^^^^^^^^^^^^^^^^^^^^^^^^^^^^^^^^^^^^^^^^^^^^^^^^^^^^^^^^^^^^^^^^^^^^^^^^^^^^^^^^^^^^^^^^^^^^^
  File "/opt/anaconda3/lib/python3.12/site-packages/kiteconnect/connect.py", line 937, in _request
    raise exp(data["message"], code=r.status_code)
kiteconnect.exceptions.TokenException: Incorrect `api_key` or `access_token`.
2025-11-17 00:08:39 | ERROR    | Failed to place order for BANKNIFTY51500PE
2025-11-17 00:08:39 | WARNING  | BUY legs failed for lot_size=8
2025-11-17 00:08:39 | ERROR    | Error exiting partial positions: Incorrect `api_key` or `access_token`.
Traceback (most recent call last):
  File "/Users/rohan/Downloads/Vridhi_Capital_Trading_System/src/trading_system/oms/order_manager.py", line 822, in _exit_partial_positions
    return 0, 0.0
                  
  File "/opt/anaconda3/lib/python3.12/site-packages/kiteconnect/connect.py", line 445, in positions
    return self._get("portfolio.positions")
           ^^^^^^^^^^^^^^^^^^^^^^^^^^^^^^^^
  File "/opt/anaconda3/lib/python3.12/site-packages/kiteconnect/connect.py", line 861, in _get
    return self._request(route, "GET", url_args=url_args, params=params, is_json=is_json)
           ^^^^^^^^^^^^^^^^^^^^^^^^^^^^^^^^^^^^^^^^^^^^^^^^^^^^^^^^^^^^^^^^^^^^^^^^^^^^^^
  File "/opt/anaconda3/lib/python3.12/site-packages/kiteconnect/connect.py", line 937, in _request
    raise exp(data["message"], code=r.status_code)
kiteconnect.exceptions.TokenException: Incorrect `api_key` or `access_token`.
2025-11-17 00:08:39 | DEBUG    | Executing BUY legs: 2 orders
2025-11-17 00:08:39 | ERROR    | Failed to place order: BANKNIFTY51500PE | error=Incorrect `api_key` or `access_token`.
Traceback (most recent call last):
  File "/Users/rohan/Downloads/Vridhi_Capital_Trading_System/src/trading_system/oms/order_manager.py", line 743, in _place_market_order
    order_id=fake_id,
           ^^^^^^^^^^
  File "/opt/anaconda3/lib/python3.12/site-packages/kiteconnect/connect.py", line 361, in place_order
    return self._post("order.place",
           ^^^^^^^^^^^^^^^^^^^^^^^^^
  File "/opt/anaconda3/lib/python3.12/site-packages/kiteconnect/connect.py", line 865, in _post
    return self._request(route, "POST", url_args=url_args, params=params, is_json=is_json, query_params=query_params)
           ^^^^^^^^^^^^^^^^^^^^^^^^^^^^^^^^^^^^^^^^^^^^^^^^^^^^^^^^^^^^^^^^^^^^^^^^^^^^^^^^^^^^^^^^^^^^^^^^^^^^^^^^^^
  File "/opt/anaconda3/lib/python3.12/site-packages/kiteconnect/connect.py", line 937, in _request
    raise exp(data["message"], code=r.status_code)
kiteconnect.exceptions.TokenException: Incorrect `api_key` or `access_token`.
2025-11-17 00:08:39 | ERROR    | Failed to place order for BANKNIFTY51500PE
2025-11-17 00:08:39 | WARNING  | BUY legs failed for lot_size=4
2025-11-17 00:08:39 | ERROR    | Error exiting partial positions: Incorrect `api_key` or `access_token`.
Traceback (most recent call last):
  File "/Users/rohan/Downloads/Vridhi_Capital_Trading_System/src/trading_system/oms/order_manager.py", line 822, in _exit_partial_positions
    return 0, 0.0
                  
  File "/opt/anaconda3/lib/python3.12/site-packages/kiteconnect/connect.py", line 445, in positions
    return self._get("portfolio.positions")
           ^^^^^^^^^^^^^^^^^^^^^^^^^^^^^^^^
  File "/opt/anaconda3/lib/python3.12/site-packages/kiteconnect/connect.py", line 861, in _get
    return self._request(route, "GET", url_args=url_args, params=params, is_json=is_json)
           ^^^^^^^^^^^^^^^^^^^^^^^^^^^^^^^^^^^^^^^^^^^^^^^^^^^^^^^^^^^^^^^^^^^^^^^^^^^^^^
  File "/opt/anaconda3/lib/python3.12/site-packages/kiteconnect/connect.py", line 937, in _request
    raise exp(data["message"], code=r.status_code)
kiteconnect.exceptions.TokenException: Incorrect `api_key` or `access_token`.
2025-11-17 00:08:39 | DEBUG    | Executing BUY legs: 2 orders
2025-11-17 00:08:39 | ERROR    | Failed to place order: BANKNIFTY51500PE | error=Incorrect `api_key` or `access_token`.
Traceback (most recent call last):
  File "/Users/rohan/Downloads/Vridhi_Capital_Trading_System/src/trading_system/oms/order_manager.py", line 743, in _place_market_order
    order_id=fake_id,
           ^^^^^^^^^^
  File "/opt/anaconda3/lib/python3.12/site-packages/kiteconnect/connect.py", line 361, in place_order
    return self._post("order.place",
           ^^^^^^^^^^^^^^^^^^^^^^^^^
  File "/opt/anaconda3/lib/python3.12/site-packages/kiteconnect/connect.py", line 865, in _post
    return self._request(route, "POST", url_args=url_args, params=params, is_json=is_json, query_params=query_params)
           ^^^^^^^^^^^^^^^^^^^^^^^^^^^^^^^^^^^^^^^^^^^^^^^^^^^^^^^^^^^^^^^^^^^^^^^^^^^^^^^^^^^^^^^^^^^^^^^^^^^^^^^^^^
  File "/opt/anaconda3/lib/python3.12/site-packages/kiteconnect/connect.py", line 937, in _request
    raise exp(data["message"], code=r.status_code)
kiteconnect.exceptions.TokenException: Incorrect `api_key` or `access_token`.
2025-11-17 00:08:39 | ERROR    | Failed to place order for BANKNIFTY51500PE
2025-11-17 00:08:39 | WARNING  | BUY legs failed for lot_size=2
2025-11-17 00:08:39 | ERROR    | Error exiting partial positions: Incorrect `api_key` or `access_token`.
Traceback (most recent call last):
  File "/Users/rohan/Downloads/Vridhi_Capital_Trading_System/src/trading_system/oms/order_manager.py", line 822, in _exit_partial_positions
    return 0, 0.0
                  
  File "/opt/anaconda3/lib/python3.12/site-packages/kiteconnect/connect.py", line 445, in positions
    return self._get("portfolio.positions")
           ^^^^^^^^^^^^^^^^^^^^^^^^^^^^^^^^
  File "/opt/anaconda3/lib/python3.12/site-packages/kiteconnect/connect.py", line 861, in _get
    return self._request(route, "GET", url_args=url_args, params=params, is_json=is_json)
           ^^^^^^^^^^^^^^^^^^^^^^^^^^^^^^^^^^^^^^^^^^^^^^^^^^^^^^^^^^^^^^^^^^^^^^^^^^^^^^
  File "/opt/anaconda3/lib/python3.12/site-packages/kiteconnect/connect.py", line 937, in _request
    raise exp(data["message"], code=r.status_code)
kiteconnect.exceptions.TokenException: Incorrect `api_key` or `access_token`.
2025-11-17 00:08:39 | DEBUG    | Executing BUY legs: 2 orders
2025-11-17 00:08:39 | ERROR    | Failed to place order: BANKNIFTY51500PE | error=Incorrect `api_key` or `access_token`.
Traceback (most recent call last):
  File "/Users/rohan/Downloads/Vridhi_Capital_Trading_System/src/trading_system/oms/order_manager.py", line 743, in _place_market_order
    order_id=fake_id,
           ^^^^^^^^^^
  File "/opt/anaconda3/lib/python3.12/site-packages/kiteconnect/connect.py", line 361, in place_order
    return self._post("order.place",
           ^^^^^^^^^^^^^^^^^^^^^^^^^
  File "/opt/anaconda3/lib/python3.12/site-packages/kiteconnect/connect.py", line 865, in _post
    return self._request(route, "POST", url_args=url_args, params=params, is_json=is_json, query_params=query_params)
           ^^^^^^^^^^^^^^^^^^^^^^^^^^^^^^^^^^^^^^^^^^^^^^^^^^^^^^^^^^^^^^^^^^^^^^^^^^^^^^^^^^^^^^^^^^^^^^^^^^^^^^^^^^
  File "/opt/anaconda3/lib/python3.12/site-packages/kiteconnect/connect.py", line 937, in _request
    raise exp(data["message"], code=r.status_code)
kiteconnect.exceptions.TokenException: Incorrect `api_key` or `access_token`.
2025-11-17 00:08:39 | ERROR    | Failed to place order for BANKNIFTY51500PE
2025-11-17 00:08:39 | WARNING  | BUY legs failed for lot_size=1
2025-11-17 00:08:40 | ERROR    | Error exiting partial positions: Incorrect `api_key` or `access_token`.
Traceback (most recent call last):
  File "/Users/rohan/Downloads/Vridhi_Capital_Trading_System/src/trading_system/oms/order_manager.py", line 822, in _exit_partial_positions
    return 0, 0.0
                  
  File "/opt/anaconda3/lib/python3.12/site-packages/kiteconnect/connect.py", line 445, in positions
    return self._get("portfolio.positions")
           ^^^^^^^^^^^^^^^^^^^^^^^^^^^^^^^^
  File "/opt/anaconda3/lib/python3.12/site-packages/kiteconnect/connect.py", line 861, in _get
    return self._request(route, "GET", url_args=url_args, params=params, is_json=is_json)
           ^^^^^^^^^^^^^^^^^^^^^^^^^^^^^^^^^^^^^^^^^^^^^^^^^^^^^^^^^^^^^^^^^^^^^^^^^^^^^^
  File "/opt/anaconda3/lib/python3.12/site-packages/kiteconnect/connect.py", line 937, in _request
    raise exp(data["message"], code=r.status_code)
kiteconnect.exceptions.TokenException: Incorrect `api_key` or `access_token`.
2025-11-17 00:10:40 | DEBUG    | ATM strike calculated: 51400 from futures price: 51425.0
2025-11-17 00:10:40 | INFO     | 🔴 SHORT Entry initiated | futures_price=51425.0 | atm_strike=51400 | hedge_strike=53400 | lot_size=8
2025-11-17 00:10:40 | DEBUG    | Executing BUY legs: 2 orders
2025-11-17 00:10:40 | ERROR    | Failed to place order: BANKNIFTY51400PE | error=Incorrect `api_key` or `access_token`.
Traceback (most recent call last):
  File "/Users/rohan/Downloads/Vridhi_Capital_Trading_System/src/trading_system/oms/order_manager.py", line 743, in _place_market_order
    order_id=fake_id,
           ^^^^^^^^^^
  File "/opt/anaconda3/lib/python3.12/site-packages/kiteconnect/connect.py", line 361, in place_order
    return self._post("order.place",
           ^^^^^^^^^^^^^^^^^^^^^^^^^
  File "/opt/anaconda3/lib/python3.12/site-packages/kiteconnect/connect.py", line 865, in _post
    return self._request(route, "POST", url_args=url_args, params=params, is_json=is_json, query_params=query_params)
           ^^^^^^^^^^^^^^^^^^^^^^^^^^^^^^^^^^^^^^^^^^^^^^^^^^^^^^^^^^^^^^^^^^^^^^^^^^^^^^^^^^^^^^^^^^^^^^^^^^^^^^^^^^
  File "/opt/anaconda3/lib/python3.12/site-packages/kiteconnect/connect.py", line 937, in _request
    raise exp(data["message"], code=r.status_code)
kiteconnect.exceptions.TokenException: Incorrect `api_key` or `access_token`.
2025-11-17 00:10:40 | ERROR    | Failed to place order for BANKNIFTY51400PE
2025-11-17 00:10:40 | WARNING  | BUY legs failed for lot_size=8
2025-11-17 00:10:40 | ERROR    | Error exiting partial positions: Incorrect `api_key` or `access_token`.
Traceback (most recent call last):
  File "/Users/rohan/Downloads/Vridhi_Capital_Trading_System/src/trading_system/oms/order_manager.py", line 822, in _exit_partial_positions
    return 0, 0.0
                  
  File "/opt/anaconda3/lib/python3.12/site-packages/kiteconnect/connect.py", line 445, in positions
    return self._get("portfolio.positions")
           ^^^^^^^^^^^^^^^^^^^^^^^^^^^^^^^^
  File "/opt/anaconda3/lib/python3.12/site-packages/kiteconnect/connect.py", line 861, in _get
    return self._request(route, "GET", url_args=url_args, params=params, is_json=is_json)
           ^^^^^^^^^^^^^^^^^^^^^^^^^^^^^^^^^^^^^^^^^^^^^^^^^^^^^^^^^^^^^^^^^^^^^^^^^^^^^^
  File "/opt/anaconda3/lib/python3.12/site-packages/kiteconnect/connect.py", line 937, in _request
    raise exp(data["message"], code=r.status_code)
kiteconnect.exceptions.TokenException: Incorrect `api_key` or `access_token`.
2025-11-17 00:10:40 | DEBUG    | Executing BUY legs: 2 orders
2025-11-17 00:10:40 | ERROR    | Failed to place order: BANKNIFTY51400PE | error=Incorrect `api_key` or `access_token`.
Traceback (most recent call last):
  File "/Users/rohan/Downloads/Vridhi_Capital_Trading_System/src/trading_system/oms/order_manager.py", line 743, in _place_market_order
    order_id=fake_id,
           ^^^^^^^^^^
  File "/opt/anaconda3/lib/python3.12/site-packages/kiteconnect/connect.py", line 361, in place_order
    return self._post("order.place",
           ^^^^^^^^^^^^^^^^^^^^^^^^^
  File "/opt/anaconda3/lib/python3.12/site-packages/kiteconnect/connect.py", line 865, in _post
    return self._request(route, "POST", url_args=url_args, params=params, is_json=is_json, query_params=query_params)
           ^^^^^^^^^^^^^^^^^^^^^^^^^^^^^^^^^^^^^^^^^^^^^^^^^^^^^^^^^^^^^^^^^^^^^^^^^^^^^^^^^^^^^^^^^^^^^^^^^^^^^^^^^^
  File "/opt/anaconda3/lib/python3.12/site-packages/kiteconnect/connect.py", line 937, in _request
    raise exp(data["message"], code=r.status_code)
kiteconnect.exceptions.TokenException: Incorrect `api_key` or `access_token`.
2025-11-17 00:10:40 | ERROR    | Failed to place order for BANKNIFTY51400PE
2025-11-17 00:10:40 | WARNING  | BUY legs failed for lot_size=4
2025-11-17 00:10:41 | ERROR    | Error exiting partial positions: Incorrect `api_key` or `access_token`.
Traceback (most recent call last):
  File "/Users/rohan/Downloads/Vridhi_Capital_Trading_System/src/trading_system/oms/order_manager.py", line 822, in _exit_partial_positions
    return 0, 0.0
                  
  File "/opt/anaconda3/lib/python3.12/site-packages/kiteconnect/connect.py", line 445, in positions
    return self._get("portfolio.positions")
           ^^^^^^^^^^^^^^^^^^^^^^^^^^^^^^^^
  File "/opt/anaconda3/lib/python3.12/site-packages/kiteconnect/connect.py", line 861, in _get
    return self._request(route, "GET", url_args=url_args, params=params, is_json=is_json)
           ^^^^^^^^^^^^^^^^^^^^^^^^^^^^^^^^^^^^^^^^^^^^^^^^^^^^^^^^^^^^^^^^^^^^^^^^^^^^^^
  File "/opt/anaconda3/lib/python3.12/site-packages/kiteconnect/connect.py", line 937, in _request
    raise exp(data["message"], code=r.status_code)
kiteconnect.exceptions.TokenException: Incorrect `api_key` or `access_token`.
2025-11-17 00:10:41 | DEBUG    | Executing BUY legs: 2 orders
2025-11-17 00:10:41 | ERROR    | Failed to place order: BANKNIFTY51400PE | error=Incorrect `api_key` or `access_token`.
Traceback (most recent call last):
  File "/Users/rohan/Downloads/Vridhi_Capital_Trading_System/src/trading_system/oms/order_manager.py", line 743, in _place_market_order
    order_id=fake_id,
           ^^^^^^^^^^
  File "/opt/anaconda3/lib/python3.12/site-packages/kiteconnect/connect.py", line 361, in place_order
    return self._post("order.place",
           ^^^^^^^^^^^^^^^^^^^^^^^^^
  File "/opt/anaconda3/lib/python3.12/site-packages/kiteconnect/connect.py", line 865, in _post
    return self._request(route, "POST", url_args=url_args, params=params, is_json=is_json, query_params=query_params)
           ^^^^^^^^^^^^^^^^^^^^^^^^^^^^^^^^^^^^^^^^^^^^^^^^^^^^^^^^^^^^^^^^^^^^^^^^^^^^^^^^^^^^^^^^^^^^^^^^^^^^^^^^^^
  File "/opt/anaconda3/lib/python3.12/site-packages/kiteconnect/connect.py", line 937, in _request
    raise exp(data["message"], code=r.status_code)
kiteconnect.exceptions.TokenException: Incorrect `api_key` or `access_token`.
2025-11-17 00:10:41 | ERROR    | Failed to place order for BANKNIFTY51400PE
2025-11-17 00:10:41 | WARNING  | BUY legs failed for lot_size=2
2025-11-17 00:10:41 | ERROR    | Error exiting partial positions: Incorrect `api_key` or `access_token`.
Traceback (most recent call last):
  File "/Users/rohan/Downloads/Vridhi_Capital_Trading_System/src/trading_system/oms/order_manager.py", line 822, in _exit_partial_positions
    return 0, 0.0
                  
  File "/opt/anaconda3/lib/python3.12/site-packages/kiteconnect/connect.py", line 445, in positions
    return self._get("portfolio.positions")
           ^^^^^^^^^^^^^^^^^^^^^^^^^^^^^^^^
  File "/opt/anaconda3/lib/python3.12/site-packages/kiteconnect/connect.py", line 861, in _get
    return self._request(route, "GET", url_args=url_args, params=params, is_json=is_json)
           ^^^^^^^^^^^^^^^^^^^^^^^^^^^^^^^^^^^^^^^^^^^^^^^^^^^^^^^^^^^^^^^^^^^^^^^^^^^^^^
  File "/opt/anaconda3/lib/python3.12/site-packages/kiteconnect/connect.py", line 937, in _request
    raise exp(data["message"], code=r.status_code)
kiteconnect.exceptions.TokenException: Incorrect `api_key` or `access_token`.
2025-11-17 00:10:41 | DEBUG    | Executing BUY legs: 2 orders
2025-11-17 00:10:41 | ERROR    | Failed to place order: BANKNIFTY51400PE | error=Incorrect `api_key` or `access_token`.
Traceback (most recent call last):
  File "/Users/rohan/Downloads/Vridhi_Capital_Trading_System/src/trading_system/oms/order_manager.py", line 743, in _place_market_order
    order_id=fake_id,
           ^^^^^^^^^^
  File "/opt/anaconda3/lib/python3.12/site-packages/kiteconnect/connect.py", line 361, in place_order
    return self._post("order.place",
           ^^^^^^^^^^^^^^^^^^^^^^^^^
  File "/opt/anaconda3/lib/python3.12/site-packages/kiteconnect/connect.py", line 865, in _post
    return self._request(route, "POST", url_args=url_args, params=params, is_json=is_json, query_params=query_params)
           ^^^^^^^^^^^^^^^^^^^^^^^^^^^^^^^^^^^^^^^^^^^^^^^^^^^^^^^^^^^^^^^^^^^^^^^^^^^^^^^^^^^^^^^^^^^^^^^^^^^^^^^^^^
  File "/opt/anaconda3/lib/python3.12/site-packages/kiteconnect/connect.py", line 937, in _request
    raise exp(data["message"], code=r.status_code)
kiteconnect.exceptions.TokenException: Incorrect `api_key` or `access_token`.
2025-11-17 00:10:41 | ERROR    | Failed to place order for BANKNIFTY51400PE
2025-11-17 00:10:41 | WARNING  | BUY legs failed for lot_size=1
2025-11-17 00:10:41 | ERROR    | Error exiting partial positions: Incorrect `api_key` or `access_token`.
Traceback (most recent call last):
  File "/Users/rohan/Downloads/Vridhi_Capital_Trading_System/src/trading_system/oms/order_manager.py", line 822, in _exit_partial_positions
    return 0, 0.0
                  
  File "/opt/anaconda3/lib/python3.12/site-packages/kiteconnect/connect.py", line 445, in positions
    return self._get("portfolio.positions")
           ^^^^^^^^^^^^^^^^^^^^^^^^^^^^^^^^
  File "/opt/anaconda3/lib/python3.12/site-packages/kiteconnect/connect.py", line 861, in _get
    return self._request(route, "GET", url_args=url_args, params=params, is_json=is_json)
           ^^^^^^^^^^^^^^^^^^^^^^^^^^^^^^^^^^^^^^^^^^^^^^^^^^^^^^^^^^^^^^^^^^^^^^^^^^^^^^
  File "/opt/anaconda3/lib/python3.12/site-packages/kiteconnect/connect.py", line 937, in _request
    raise exp(data["message"], code=r.status_code)
kiteconnect.exceptions.TokenException: Incorrect `api_key` or `access_token`.
2025-11-17 00:10:41 | DEBUG    | ATM strike calculated: 51400 from futures price: 51425.0
2025-11-17 00:10:41 | INFO     | 🔴 SHORT Entry initiated | futures_price=51425.0 | atm_strike=51400 | hedge_strike=53400 | lot_size=8
2025-11-17 00:10:41 | DEBUG    | Executing BUY legs: 2 orders
2025-11-17 00:10:41 | ERROR    | Failed to place order: BANKNIFTY51400PE | error=Incorrect `api_key` or `access_token`.
Traceback (most recent call last):
  File "/Users/rohan/Downloads/Vridhi_Capital_Trading_System/src/trading_system/oms/order_manager.py", line 743, in _place_market_order
    order_id=fake_id,
           ^^^^^^^^^^
  File "/opt/anaconda3/lib/python3.12/site-packages/kiteconnect/connect.py", line 361, in place_order
    return self._post("order.place",
           ^^^^^^^^^^^^^^^^^^^^^^^^^
  File "/opt/anaconda3/lib/python3.12/site-packages/kiteconnect/connect.py", line 865, in _post
    return self._request(route, "POST", url_args=url_args, params=params, is_json=is_json, query_params=query_params)
           ^^^^^^^^^^^^^^^^^^^^^^^^^^^^^^^^^^^^^^^^^^^^^^^^^^^^^^^^^^^^^^^^^^^^^^^^^^^^^^^^^^^^^^^^^^^^^^^^^^^^^^^^^^
  File "/opt/anaconda3/lib/python3.12/site-packages/kiteconnect/connect.py", line 937, in _request
    raise exp(data["message"], code=r.status_code)
kiteconnect.exceptions.TokenException: Incorrect `api_key` or `access_token`.
2025-11-17 00:10:41 | ERROR    | Failed to place order for BANKNIFTY51400PE
2025-11-17 00:10:41 | WARNING  | BUY legs failed for lot_size=8
2025-11-17 00:10:41 | ERROR    | Error exiting partial positions: Incorrect `api_key` or `access_token`.
Traceback (most recent call last):
  File "/Users/rohan/Downloads/Vridhi_Capital_Trading_System/src/trading_system/oms/order_manager.py", line 822, in _exit_partial_positions
    return 0, 0.0
                  
  File "/opt/anaconda3/lib/python3.12/site-packages/kiteconnect/connect.py", line 445, in positions
    return self._get("portfolio.positions")
           ^^^^^^^^^^^^^^^^^^^^^^^^^^^^^^^^
  File "/opt/anaconda3/lib/python3.12/site-packages/kiteconnect/connect.py", line 861, in _get
    return self._request(route, "GET", url_args=url_args, params=params, is_json=is_json)
           ^^^^^^^^^^^^^^^^^^^^^^^^^^^^^^^^^^^^^^^^^^^^^^^^^^^^^^^^^^^^^^^^^^^^^^^^^^^^^^
  File "/opt/anaconda3/lib/python3.12/site-packages/kiteconnect/connect.py", line 937, in _request
    raise exp(data["message"], code=r.status_code)
kiteconnect.exceptions.TokenException: Incorrect `api_key` or `access_token`.
2025-11-17 00:10:41 | DEBUG    | Executing BUY legs: 2 orders
2025-11-17 00:10:42 | ERROR    | Failed to place order: BANKNIFTY51400PE | error=Incorrect `api_key` or `access_token`.
Traceback (most recent call last):
  File "/Users/rohan/Downloads/Vridhi_Capital_Trading_System/src/trading_system/oms/order_manager.py", line 743, in _place_market_order
    order_id=fake_id,
           ^^^^^^^^^^
  File "/opt/anaconda3/lib/python3.12/site-packages/kiteconnect/connect.py", line 361, in place_order
    return self._post("order.place",
           ^^^^^^^^^^^^^^^^^^^^^^^^^
  File "/opt/anaconda3/lib/python3.12/site-packages/kiteconnect/connect.py", line 865, in _post
    return self._request(route, "POST", url_args=url_args, params=params, is_json=is_json, query_params=query_params)
           ^^^^^^^^^^^^^^^^^^^^^^^^^^^^^^^^^^^^^^^^^^^^^^^^^^^^^^^^^^^^^^^^^^^^^^^^^^^^^^^^^^^^^^^^^^^^^^^^^^^^^^^^^^
  File "/opt/anaconda3/lib/python3.12/site-packages/kiteconnect/connect.py", line 937, in _request
    raise exp(data["message"], code=r.status_code)
kiteconnect.exceptions.TokenException: Incorrect `api_key` or `access_token`.
2025-11-17 00:10:42 | ERROR    | Failed to place order for BANKNIFTY51400PE
2025-11-17 00:10:42 | WARNING  | BUY legs failed for lot_size=4
2025-11-17 00:10:42 | ERROR    | Error exiting partial positions: Incorrect `api_key` or `access_token`.
Traceback (most recent call last):
  File "/Users/rohan/Downloads/Vridhi_Capital_Trading_System/src/trading_system/oms/order_manager.py", line 822, in _exit_partial_positions
    return 0, 0.0
                  
  File "/opt/anaconda3/lib/python3.12/site-packages/kiteconnect/connect.py", line 445, in positions
    return self._get("portfolio.positions")
           ^^^^^^^^^^^^^^^^^^^^^^^^^^^^^^^^
  File "/opt/anaconda3/lib/python3.12/site-packages/kiteconnect/connect.py", line 861, in _get
    return self._request(route, "GET", url_args=url_args, params=params, is_json=is_json)
           ^^^^^^^^^^^^^^^^^^^^^^^^^^^^^^^^^^^^^^^^^^^^^^^^^^^^^^^^^^^^^^^^^^^^^^^^^^^^^^
  File "/opt/anaconda3/lib/python3.12/site-packages/kiteconnect/connect.py", line 937, in _request
    raise exp(data["message"], code=r.status_code)
kiteconnect.exceptions.TokenException: Incorrect `api_key` or `access_token`.
2025-11-17 00:10:42 | DEBUG    | Executing BUY legs: 2 orders
2025-11-17 00:10:42 | ERROR    | Failed to place order: BANKNIFTY51400PE | error=Incorrect `api_key` or `access_token`.
Traceback (most recent call last):
  File "/Users/rohan/Downloads/Vridhi_Capital_Trading_System/src/trading_system/oms/order_manager.py", line 743, in _place_market_order
    order_id=fake_id,
           ^^^^^^^^^^
  File "/opt/anaconda3/lib/python3.12/site-packages/kiteconnect/connect.py", line 361, in place_order
    return self._post("order.place",
           ^^^^^^^^^^^^^^^^^^^^^^^^^
  File "/opt/anaconda3/lib/python3.12/site-packages/kiteconnect/connect.py", line 865, in _post
    return self._request(route, "POST", url_args=url_args, params=params, is_json=is_json, query_params=query_params)
           ^^^^^^^^^^^^^^^^^^^^^^^^^^^^^^^^^^^^^^^^^^^^^^^^^^^^^^^^^^^^^^^^^^^^^^^^^^^^^^^^^^^^^^^^^^^^^^^^^^^^^^^^^^
  File "/opt/anaconda3/lib/python3.12/site-packages/kiteconnect/connect.py", line 937, in _request
    raise exp(data["message"], code=r.status_code)
kiteconnect.exceptions.TokenException: Incorrect `api_key` or `access_token`.
2025-11-17 00:10:42 | ERROR    | Failed to place order for BANKNIFTY51400PE
2025-11-17 00:10:42 | WARNING  | BUY legs failed for lot_size=2
2025-11-17 00:10:42 | ERROR    | Error exiting partial positions: Incorrect `api_key` or `access_token`.
Traceback (most recent call last):
  File "/Users/rohan/Downloads/Vridhi_Capital_Trading_System/src/trading_system/oms/order_manager.py", line 822, in _exit_partial_positions
    return 0, 0.0
                  
  File "/opt/anaconda3/lib/python3.12/site-packages/kiteconnect/connect.py", line 445, in positions
    return self._get("portfolio.positions")
           ^^^^^^^^^^^^^^^^^^^^^^^^^^^^^^^^
  File "/opt/anaconda3/lib/python3.12/site-packages/kiteconnect/connect.py", line 861, in _get
    return self._request(route, "GET", url_args=url_args, params=params, is_json=is_json)
           ^^^^^^^^^^^^^^^^^^^^^^^^^^^^^^^^^^^^^^^^^^^^^^^^^^^^^^^^^^^^^^^^^^^^^^^^^^^^^^
  File "/opt/anaconda3/lib/python3.12/site-packages/kiteconnect/connect.py", line 937, in _request
    raise exp(data["message"], code=r.status_code)
kiteconnect.exceptions.TokenException: Incorrect `api_key` or `access_token`.
2025-11-17 00:10:42 | DEBUG    | Executing BUY legs: 2 orders
2025-11-17 00:10:42 | ERROR    | Failed to place order: BANKNIFTY51400PE | error=Incorrect `api_key` or `access_token`.
Traceback (most recent call last):
  File "/Users/rohan/Downloads/Vridhi_Capital_Trading_System/src/trading_system/oms/order_manager.py", line 743, in _place_market_order
    order_id=fake_id,
           ^^^^^^^^^^
  File "/opt/anaconda3/lib/python3.12/site-packages/kiteconnect/connect.py", line 361, in place_order
    return self._post("order.place",
           ^^^^^^^^^^^^^^^^^^^^^^^^^
  File "/opt/anaconda3/lib/python3.12/site-packages/kiteconnect/connect.py", line 865, in _post
    return self._request(route, "POST", url_args=url_args, params=params, is_json=is_json, query_params=query_params)
           ^^^^^^^^^^^^^^^^^^^^^^^^^^^^^^^^^^^^^^^^^^^^^^^^^^^^^^^^^^^^^^^^^^^^^^^^^^^^^^^^^^^^^^^^^^^^^^^^^^^^^^^^^^
  File "/opt/anaconda3/lib/python3.12/site-packages/kiteconnect/connect.py", line 937, in _request
    raise exp(data["message"], code=r.status_code)
kiteconnect.exceptions.TokenException: Incorrect `api_key` or `access_token`.
2025-11-17 00:10:42 | ERROR    | Failed to place order for BANKNIFTY51400PE
2025-11-17 00:10:42 | WARNING  | BUY legs failed for lot_size=1
2025-11-17 00:10:42 | ERROR    | Error exiting partial positions: Incorrect `api_key` or `access_token`.
Traceback (most recent call last):
  File "/Users/rohan/Downloads/Vridhi_Capital_Trading_System/src/trading_system/oms/order_manager.py", line 822, in _exit_partial_positions
    return 0, 0.0
                  
  File "/opt/anaconda3/lib/python3.12/site-packages/kiteconnect/connect.py", line 445, in positions
    return self._get("portfolio.positions")
           ^^^^^^^^^^^^^^^^^^^^^^^^^^^^^^^^
  File "/opt/anaconda3/lib/python3.12/site-packages/kiteconnect/connect.py", line 861, in _get
    return self._request(route, "GET", url_args=url_args, params=params, is_json=is_json)
           ^^^^^^^^^^^^^^^^^^^^^^^^^^^^^^^^^^^^^^^^^^^^^^^^^^^^^^^^^^^^^^^^^^^^^^^^^^^^^^
  File "/opt/anaconda3/lib/python3.12/site-packages/kiteconnect/connect.py", line 937, in _request
    raise exp(data["message"], code=r.status_code)
kiteconnect.exceptions.TokenException: Incorrect `api_key` or `access_token`.
2025-11-17 00:12:42 | DEBUG    | ATM strike calculated: 51500 from futures price: 51531.3
2025-11-17 00:12:42 | INFO     | 🔵 LONG Entry initiated | futures_price=51531.3 | atm_strike=51500 | hedge_strike=49500 | lot_size=8
2025-11-17 00:12:42 | DEBUG    | Executing BUY legs: 2 orders
2025-11-17 00:12:43 | ERROR    | Failed to place order: BANKNIFTY51500CE | error=Incorrect `api_key` or `access_token`.
Traceback (most recent call last):
  File "/Users/rohan/Downloads/Vridhi_Capital_Trading_System/src/trading_system/oms/order_manager.py", line 743, in _place_market_order
    order_id=fake_id,
           ^^^^^^^^^^
  File "/opt/anaconda3/lib/python3.12/site-packages/kiteconnect/connect.py", line 361, in place_order
    return self._post("order.place",
           ^^^^^^^^^^^^^^^^^^^^^^^^^
  File "/opt/anaconda3/lib/python3.12/site-packages/kiteconnect/connect.py", line 865, in _post
    return self._request(route, "POST", url_args=url_args, params=params, is_json=is_json, query_params=query_params)
           ^^^^^^^^^^^^^^^^^^^^^^^^^^^^^^^^^^^^^^^^^^^^^^^^^^^^^^^^^^^^^^^^^^^^^^^^^^^^^^^^^^^^^^^^^^^^^^^^^^^^^^^^^^
  File "/opt/anaconda3/lib/python3.12/site-packages/kiteconnect/connect.py", line 937, in _request
    raise exp(data["message"], code=r.status_code)
kiteconnect.exceptions.TokenException: Incorrect `api_key` or `access_token`.
2025-11-17 00:12:43 | ERROR    | Failed to place order for BANKNIFTY51500CE
2025-11-17 00:12:43 | WARNING  | BUY legs failed for lot_size=8
2025-11-17 00:12:43 | ERROR    | Error exiting partial positions: Incorrect `api_key` or `access_token`.
Traceback (most recent call last):
  File "/Users/rohan/Downloads/Vridhi_Capital_Trading_System/src/trading_system/oms/order_manager.py", line 822, in _exit_partial_positions
    return 0, 0.0
                  
  File "/opt/anaconda3/lib/python3.12/site-packages/kiteconnect/connect.py", line 445, in positions
    return self._get("portfolio.positions")
           ^^^^^^^^^^^^^^^^^^^^^^^^^^^^^^^^
  File "/opt/anaconda3/lib/python3.12/site-packages/kiteconnect/connect.py", line 861, in _get
    return self._request(route, "GET", url_args=url_args, params=params, is_json=is_json)
           ^^^^^^^^^^^^^^^^^^^^^^^^^^^^^^^^^^^^^^^^^^^^^^^^^^^^^^^^^^^^^^^^^^^^^^^^^^^^^^
  File "/opt/anaconda3/lib/python3.12/site-packages/kiteconnect/connect.py", line 937, in _request
    raise exp(data["message"], code=r.status_code)
kiteconnect.exceptions.TokenException: Incorrect `api_key` or `access_token`.
2025-11-17 00:12:43 | DEBUG    | Executing BUY legs: 2 orders
2025-11-17 00:12:43 | ERROR    | Failed to place order: BANKNIFTY51500CE | error=Incorrect `api_key` or `access_token`.
Traceback (most recent call last):
  File "/Users/rohan/Downloads/Vridhi_Capital_Trading_System/src/trading_system/oms/order_manager.py", line 743, in _place_market_order
    order_id=fake_id,
           ^^^^^^^^^^
  File "/opt/anaconda3/lib/python3.12/site-packages/kiteconnect/connect.py", line 361, in place_order
    return self._post("order.place",
           ^^^^^^^^^^^^^^^^^^^^^^^^^
  File "/opt/anaconda3/lib/python3.12/site-packages/kiteconnect/connect.py", line 865, in _post
    return self._request(route, "POST", url_args=url_args, params=params, is_json=is_json, query_params=query_params)
           ^^^^^^^^^^^^^^^^^^^^^^^^^^^^^^^^^^^^^^^^^^^^^^^^^^^^^^^^^^^^^^^^^^^^^^^^^^^^^^^^^^^^^^^^^^^^^^^^^^^^^^^^^^
  File "/opt/anaconda3/lib/python3.12/site-packages/kiteconnect/connect.py", line 937, in _request
    raise exp(data["message"], code=r.status_code)
kiteconnect.exceptions.TokenException: Incorrect `api_key` or `access_token`.
2025-11-17 00:12:43 | ERROR    | Failed to place order for BANKNIFTY51500CE
2025-11-17 00:12:43 | WARNING  | BUY legs failed for lot_size=4
2025-11-17 00:12:43 | ERROR    | Error exiting partial positions: Incorrect `api_key` or `access_token`.
Traceback (most recent call last):
  File "/Users/rohan/Downloads/Vridhi_Capital_Trading_System/src/trading_system/oms/order_manager.py", line 822, in _exit_partial_positions
    return 0, 0.0
                  
  File "/opt/anaconda3/lib/python3.12/site-packages/kiteconnect/connect.py", line 445, in positions
    return self._get("portfolio.positions")
           ^^^^^^^^^^^^^^^^^^^^^^^^^^^^^^^^
  File "/opt/anaconda3/lib/python3.12/site-packages/kiteconnect/connect.py", line 861, in _get
    return self._request(route, "GET", url_args=url_args, params=params, is_json=is_json)
           ^^^^^^^^^^^^^^^^^^^^^^^^^^^^^^^^^^^^^^^^^^^^^^^^^^^^^^^^^^^^^^^^^^^^^^^^^^^^^^
  File "/opt/anaconda3/lib/python3.12/site-packages/kiteconnect/connect.py", line 937, in _request
    raise exp(data["message"], code=r.status_code)
kiteconnect.exceptions.TokenException: Incorrect `api_key` or `access_token`.
2025-11-17 00:12:43 | DEBUG    | Executing BUY legs: 2 orders
2025-11-17 00:12:44 | ERROR    | Failed to place order: BANKNIFTY51500CE | error=Incorrect `api_key` or `access_token`.
Traceback (most recent call last):
  File "/Users/rohan/Downloads/Vridhi_Capital_Trading_System/src/trading_system/oms/order_manager.py", line 743, in _place_market_order
    order_id=fake_id,
           ^^^^^^^^^^
  File "/opt/anaconda3/lib/python3.12/site-packages/kiteconnect/connect.py", line 361, in place_order
    return self._post("order.place",
           ^^^^^^^^^^^^^^^^^^^^^^^^^
  File "/opt/anaconda3/lib/python3.12/site-packages/kiteconnect/connect.py", line 865, in _post
    return self._request(route, "POST", url_args=url_args, params=params, is_json=is_json, query_params=query_params)
           ^^^^^^^^^^^^^^^^^^^^^^^^^^^^^^^^^^^^^^^^^^^^^^^^^^^^^^^^^^^^^^^^^^^^^^^^^^^^^^^^^^^^^^^^^^^^^^^^^^^^^^^^^^
  File "/opt/anaconda3/lib/python3.12/site-packages/kiteconnect/connect.py", line 937, in _request
    raise exp(data["message"], code=r.status_code)
kiteconnect.exceptions.TokenException: Incorrect `api_key` or `access_token`.
2025-11-17 00:12:44 | ERROR    | Failed to place order for BANKNIFTY51500CE
2025-11-17 00:12:44 | WARNING  | BUY legs failed for lot_size=2
2025-11-17 00:12:44 | ERROR    | Error exiting partial positions: Incorrect `api_key` or `access_token`.
Traceback (most recent call last):
  File "/Users/rohan/Downloads/Vridhi_Capital_Trading_System/src/trading_system/oms/order_manager.py", line 822, in _exit_partial_positions
    return 0, 0.0
                  
  File "/opt/anaconda3/lib/python3.12/site-packages/kiteconnect/connect.py", line 445, in positions
    return self._get("portfolio.positions")
           ^^^^^^^^^^^^^^^^^^^^^^^^^^^^^^^^
  File "/opt/anaconda3/lib/python3.12/site-packages/kiteconnect/connect.py", line 861, in _get
    return self._request(route, "GET", url_args=url_args, params=params, is_json=is_json)
           ^^^^^^^^^^^^^^^^^^^^^^^^^^^^^^^^^^^^^^^^^^^^^^^^^^^^^^^^^^^^^^^^^^^^^^^^^^^^^^
  File "/opt/anaconda3/lib/python3.12/site-packages/kiteconnect/connect.py", line 937, in _request
    raise exp(data["message"], code=r.status_code)
kiteconnect.exceptions.TokenException: Incorrect `api_key` or `access_token`.
2025-11-17 00:12:44 | DEBUG    | Executing BUY legs: 2 orders
2025-11-17 00:12:44 | ERROR    | Failed to place order: BANKNIFTY51500CE | error=Incorrect `api_key` or `access_token`.
Traceback (most recent call last):
  File "/Users/rohan/Downloads/Vridhi_Capital_Trading_System/src/trading_system/oms/order_manager.py", line 743, in _place_market_order
    order_id=fake_id,
           ^^^^^^^^^^
  File "/opt/anaconda3/lib/python3.12/site-packages/kiteconnect/connect.py", line 361, in place_order
    return self._post("order.place",
           ^^^^^^^^^^^^^^^^^^^^^^^^^
  File "/opt/anaconda3/lib/python3.12/site-packages/kiteconnect/connect.py", line 865, in _post
    return self._request(route, "POST", url_args=url_args, params=params, is_json=is_json, query_params=query_params)
           ^^^^^^^^^^^^^^^^^^^^^^^^^^^^^^^^^^^^^^^^^^^^^^^^^^^^^^^^^^^^^^^^^^^^^^^^^^^^^^^^^^^^^^^^^^^^^^^^^^^^^^^^^^
  File "/opt/anaconda3/lib/python3.12/site-packages/kiteconnect/connect.py", line 937, in _request
    raise exp(data["message"], code=r.status_code)
kiteconnect.exceptions.TokenException: Incorrect `api_key` or `access_token`.
2025-11-17 00:12:44 | ERROR    | Failed to place order for BANKNIFTY51500CE
2025-11-17 00:12:44 | WARNING  | BUY legs failed for lot_size=1
2025-11-17 00:12:44 | ERROR    | Error exiting partial positions: Incorrect `api_key` or `access_token`.
Traceback (most recent call last):
  File "/Users/rohan/Downloads/Vridhi_Capital_Trading_System/src/trading_system/oms/order_manager.py", line 822, in _exit_partial_positions
    return 0, 0.0
                  
  File "/opt/anaconda3/lib/python3.12/site-packages/kiteconnect/connect.py", line 445, in positions
    return self._get("portfolio.positions")
           ^^^^^^^^^^^^^^^^^^^^^^^^^^^^^^^^
  File "/opt/anaconda3/lib/python3.12/site-packages/kiteconnect/connect.py", line 861, in _get
    return self._request(route, "GET", url_args=url_args, params=params, is_json=is_json)
           ^^^^^^^^^^^^^^^^^^^^^^^^^^^^^^^^^^^^^^^^^^^^^^^^^^^^^^^^^^^^^^^^^^^^^^^^^^^^^^
  File "/opt/anaconda3/lib/python3.12/site-packages/kiteconnect/connect.py", line 937, in _request
    raise exp(data["message"], code=r.status_code)
kiteconnect.exceptions.TokenException: Incorrect `api_key` or `access_token`.
2025-11-17 00:12:44 | DEBUG    | ATM strike calculated: 51500 from futures price: 51531.3
2025-11-17 00:12:44 | INFO     | 🔵 LONG Entry initiated | futures_price=51531.3 | atm_strike=51500 | hedge_strike=49500 | lot_size=8
2025-11-17 00:12:44 | DEBUG    | Executing BUY legs: 2 orders
2025-11-17 00:12:44 | ERROR    | Failed to place order: BANKNIFTY51500CE | error=Incorrect `api_key` or `access_token`.
Traceback (most recent call last):
  File "/Users/rohan/Downloads/Vridhi_Capital_Trading_System/src/trading_system/oms/order_manager.py", line 743, in _place_market_order
    order_id=fake_id,
           ^^^^^^^^^^
  File "/opt/anaconda3/lib/python3.12/site-packages/kiteconnect/connect.py", line 361, in place_order
    return self._post("order.place",
           ^^^^^^^^^^^^^^^^^^^^^^^^^
  File "/opt/anaconda3/lib/python3.12/site-packages/kiteconnect/connect.py", line 865, in _post
    return self._request(route, "POST", url_args=url_args, params=params, is_json=is_json, query_params=query_params)
           ^^^^^^^^^^^^^^^^^^^^^^^^^^^^^^^^^^^^^^^^^^^^^^^^^^^^^^^^^^^^^^^^^^^^^^^^^^^^^^^^^^^^^^^^^^^^^^^^^^^^^^^^^^
  File "/opt/anaconda3/lib/python3.12/site-packages/kiteconnect/connect.py", line 937, in _request
    raise exp(data["message"], code=r.status_code)
kiteconnect.exceptions.TokenException: Incorrect `api_key` or `access_token`.
2025-11-17 00:12:44 | ERROR    | Failed to place order for BANKNIFTY51500CE
2025-11-17 00:12:44 | WARNING  | BUY legs failed for lot_size=8
2025-11-17 00:12:44 | ERROR    | Error exiting partial positions: Incorrect `api_key` or `access_token`.
Traceback (most recent call last):
  File "/Users/rohan/Downloads/Vridhi_Capital_Trading_System/src/trading_system/oms/order_manager.py", line 822, in _exit_partial_positions
    return 0, 0.0
                  
  File "/opt/anaconda3/lib/python3.12/site-packages/kiteconnect/connect.py", line 445, in positions
    return self._get("portfolio.positions")
           ^^^^^^^^^^^^^^^^^^^^^^^^^^^^^^^^
  File "/opt/anaconda3/lib/python3.12/site-packages/kiteconnect/connect.py", line 861, in _get
    return self._request(route, "GET", url_args=url_args, params=params, is_json=is_json)
           ^^^^^^^^^^^^^^^^^^^^^^^^^^^^^^^^^^^^^^^^^^^^^^^^^^^^^^^^^^^^^^^^^^^^^^^^^^^^^^
  File "/opt/anaconda3/lib/python3.12/site-packages/kiteconnect/connect.py", line 937, in _request
    raise exp(data["message"], code=r.status_code)
kiteconnect.exceptions.TokenException: Incorrect `api_key` or `access_token`.
2025-11-17 00:12:44 | DEBUG    | Executing BUY legs: 2 orders
2025-11-17 00:12:44 | ERROR    | Failed to place order: BANKNIFTY51500CE | error=Incorrect `api_key` or `access_token`.
Traceback (most recent call last):
  File "/Users/rohan/Downloads/Vridhi_Capital_Trading_System/src/trading_system/oms/order_manager.py", line 743, in _place_market_order
    order_id=fake_id,
           ^^^^^^^^^^
  File "/opt/anaconda3/lib/python3.12/site-packages/kiteconnect/connect.py", line 361, in place_order
    return self._post("order.place",
           ^^^^^^^^^^^^^^^^^^^^^^^^^
  File "/opt/anaconda3/lib/python3.12/site-packages/kiteconnect/connect.py", line 865, in _post
    return self._request(route, "POST", url_args=url_args, params=params, is_json=is_json, query_params=query_params)
           ^^^^^^^^^^^^^^^^^^^^^^^^^^^^^^^^^^^^^^^^^^^^^^^^^^^^^^^^^^^^^^^^^^^^^^^^^^^^^^^^^^^^^^^^^^^^^^^^^^^^^^^^^^
  File "/opt/anaconda3/lib/python3.12/site-packages/kiteconnect/connect.py", line 937, in _request
    raise exp(data["message"], code=r.status_code)
kiteconnect.exceptions.TokenException: Incorrect `api_key` or `access_token`.
2025-11-17 00:12:44 | ERROR    | Failed to place order for BANKNIFTY51500CE
2025-11-17 00:12:44 | WARNING  | BUY legs failed for lot_size=4
2025-11-17 00:12:45 | ERROR    | Error exiting partial positions: Incorrect `api_key` or `access_token`.
Traceback (most recent call last):
  File "/Users/rohan/Downloads/Vridhi_Capital_Trading_System/src/trading_system/oms/order_manager.py", line 822, in _exit_partial_positions
    return 0, 0.0
                  
  File "/opt/anaconda3/lib/python3.12/site-packages/kiteconnect/connect.py", line 445, in positions
    return self._get("portfolio.positions")
           ^^^^^^^^^^^^^^^^^^^^^^^^^^^^^^^^
  File "/opt/anaconda3/lib/python3.12/site-packages/kiteconnect/connect.py", line 861, in _get
    return self._request(route, "GET", url_args=url_args, params=params, is_json=is_json)
           ^^^^^^^^^^^^^^^^^^^^^^^^^^^^^^^^^^^^^^^^^^^^^^^^^^^^^^^^^^^^^^^^^^^^^^^^^^^^^^
  File "/opt/anaconda3/lib/python3.12/site-packages/kiteconnect/connect.py", line 937, in _request
    raise exp(data["message"], code=r.status_code)
kiteconnect.exceptions.TokenException: Incorrect `api_key` or `access_token`.
2025-11-17 00:12:45 | DEBUG    | Executing BUY legs: 2 orders
2025-11-17 00:12:45 | ERROR    | Failed to place order: BANKNIFTY51500CE | error=Incorrect `api_key` or `access_token`.
Traceback (most recent call last):
  File "/Users/rohan/Downloads/Vridhi_Capital_Trading_System/src/trading_system/oms/order_manager.py", line 743, in _place_market_order
    order_id=fake_id,
           ^^^^^^^^^^
  File "/opt/anaconda3/lib/python3.12/site-packages/kiteconnect/connect.py", line 361, in place_order
    return self._post("order.place",
           ^^^^^^^^^^^^^^^^^^^^^^^^^
  File "/opt/anaconda3/lib/python3.12/site-packages/kiteconnect/connect.py", line 865, in _post
    return self._request(route, "POST", url_args=url_args, params=params, is_json=is_json, query_params=query_params)
           ^^^^^^^^^^^^^^^^^^^^^^^^^^^^^^^^^^^^^^^^^^^^^^^^^^^^^^^^^^^^^^^^^^^^^^^^^^^^^^^^^^^^^^^^^^^^^^^^^^^^^^^^^^
  File "/opt/anaconda3/lib/python3.12/site-packages/kiteconnect/connect.py", line 937, in _request
    raise exp(data["message"], code=r.status_code)
kiteconnect.exceptions.TokenException: Incorrect `api_key` or `access_token`.
2025-11-17 00:12:45 | ERROR    | Failed to place order for BANKNIFTY51500CE
2025-11-17 00:12:45 | WARNING  | BUY legs failed for lot_size=2
2025-11-17 00:12:45 | ERROR    | Error exiting partial positions: Incorrect `api_key` or `access_token`.
Traceback (most recent call last):
  File "/Users/rohan/Downloads/Vridhi_Capital_Trading_System/src/trading_system/oms/order_manager.py", line 822, in _exit_partial_positions
    return 0, 0.0
                  
  File "/opt/anaconda3/lib/python3.12/site-packages/kiteconnect/connect.py", line 445, in positions
    return self._get("portfolio.positions")
           ^^^^^^^^^^^^^^^^^^^^^^^^^^^^^^^^
  File "/opt/anaconda3/lib/python3.12/site-packages/kiteconnect/connect.py", line 861, in _get
    return self._request(route, "GET", url_args=url_args, params=params, is_json=is_json)
           ^^^^^^^^^^^^^^^^^^^^^^^^^^^^^^^^^^^^^^^^^^^^^^^^^^^^^^^^^^^^^^^^^^^^^^^^^^^^^^
  File "/opt/anaconda3/lib/python3.12/site-packages/kiteconnect/connect.py", line 937, in _request
    raise exp(data["message"], code=r.status_code)
kiteconnect.exceptions.TokenException: Incorrect `api_key` or `access_token`.
2025-11-17 00:12:45 | DEBUG    | Executing BUY legs: 2 orders
2025-11-17 00:12:45 | ERROR    | Failed to place order: BANKNIFTY51500CE | error=Incorrect `api_key` or `access_token`.
Traceback (most recent call last):
  File "/Users/rohan/Downloads/Vridhi_Capital_Trading_System/src/trading_system/oms/order_manager.py", line 743, in _place_market_order
    order_id=fake_id,
           ^^^^^^^^^^
  File "/opt/anaconda3/lib/python3.12/site-packages/kiteconnect/connect.py", line 361, in place_order
    return self._post("order.place",
           ^^^^^^^^^^^^^^^^^^^^^^^^^
  File "/opt/anaconda3/lib/python3.12/site-packages/kiteconnect/connect.py", line 865, in _post
    return self._request(route, "POST", url_args=url_args, params=params, is_json=is_json, query_params=query_params)
           ^^^^^^^^^^^^^^^^^^^^^^^^^^^^^^^^^^^^^^^^^^^^^^^^^^^^^^^^^^^^^^^^^^^^^^^^^^^^^^^^^^^^^^^^^^^^^^^^^^^^^^^^^^
  File "/opt/anaconda3/lib/python3.12/site-packages/kiteconnect/connect.py", line 937, in _request
    raise exp(data["message"], code=r.status_code)
kiteconnect.exceptions.TokenException: Incorrect `api_key` or `access_token`.
2025-11-17 00:12:45 | ERROR    | Failed to place order for BANKNIFTY51500CE
2025-11-17 00:12:45 | WARNING  | BUY legs failed for lot_size=1
2025-11-17 00:12:45 | ERROR    | Error exiting partial positions: Incorrect `api_key` or `access_token`.
Traceback (most recent call last):
  File "/Users/rohan/Downloads/Vridhi_Capital_Trading_System/src/trading_system/oms/order_manager.py", line 822, in _exit_partial_positions
    return 0, 0.0
                  
  File "/opt/anaconda3/lib/python3.12/site-packages/kiteconnect/connect.py", line 445, in positions
    return self._get("portfolio.positions")
           ^^^^^^^^^^^^^^^^^^^^^^^^^^^^^^^^
  File "/opt/anaconda3/lib/python3.12/site-packages/kiteconnect/connect.py", line 861, in _get
    return self._request(route, "GET", url_args=url_args, params=params, is_json=is_json)
           ^^^^^^^^^^^^^^^^^^^^^^^^^^^^^^^^^^^^^^^^^^^^^^^^^^^^^^^^^^^^^^^^^^^^^^^^^^^^^^
  File "/opt/anaconda3/lib/python3.12/site-packages/kiteconnect/connect.py", line 937, in _request
    raise exp(data["message"], code=r.status_code)
kiteconnect.exceptions.TokenException: Incorrect `api_key` or `access_token`.
2025-11-17 00:14:45 | DEBUG    | ATM strike calculated: 51500 from futures price: 51500.0
2025-11-17 00:14:45 | INFO     | 🔴 SHORT Entry initiated | futures_price=51500.0 | atm_strike=51500 | hedge_strike=53500 | lot_size=8
2025-11-17 00:14:45 | DEBUG    | Executing BUY legs: 2 orders
2025-11-17 00:14:45 | ERROR    | Failed to place order: BANKNIFTY51500PE | error=Incorrect `api_key` or `access_token`.
Traceback (most recent call last):
  File "/Users/rohan/Downloads/Vridhi_Capital_Trading_System/src/trading_system/oms/order_manager.py", line 743, in _place_market_order
    order_id=fake_id,
           ^^^^^^^^^^
  File "/opt/anaconda3/lib/python3.12/site-packages/kiteconnect/connect.py", line 361, in place_order
    return self._post("order.place",
           ^^^^^^^^^^^^^^^^^^^^^^^^^
  File "/opt/anaconda3/lib/python3.12/site-packages/kiteconnect/connect.py", line 865, in _post
    return self._request(route, "POST", url_args=url_args, params=params, is_json=is_json, query_params=query_params)
           ^^^^^^^^^^^^^^^^^^^^^^^^^^^^^^^^^^^^^^^^^^^^^^^^^^^^^^^^^^^^^^^^^^^^^^^^^^^^^^^^^^^^^^^^^^^^^^^^^^^^^^^^^^
  File "/opt/anaconda3/lib/python3.12/site-packages/kiteconnect/connect.py", line 937, in _request
    raise exp(data["message"], code=r.status_code)
kiteconnect.exceptions.TokenException: Incorrect `api_key` or `access_token`.
2025-11-17 00:14:45 | ERROR    | Failed to place order for BANKNIFTY51500PE
2025-11-17 00:14:45 | WARNING  | BUY legs failed for lot_size=8
2025-11-17 00:14:46 | ERROR    | Error exiting partial positions: Incorrect `api_key` or `access_token`.
Traceback (most recent call last):
  File "/Users/rohan/Downloads/Vridhi_Capital_Trading_System/src/trading_system/oms/order_manager.py", line 822, in _exit_partial_positions
    return 0, 0.0
                  
  File "/opt/anaconda3/lib/python3.12/site-packages/kiteconnect/connect.py", line 445, in positions
    return self._get("portfolio.positions")
           ^^^^^^^^^^^^^^^^^^^^^^^^^^^^^^^^
  File "/opt/anaconda3/lib/python3.12/site-packages/kiteconnect/connect.py", line 861, in _get
    return self._request(route, "GET", url_args=url_args, params=params, is_json=is_json)
           ^^^^^^^^^^^^^^^^^^^^^^^^^^^^^^^^^^^^^^^^^^^^^^^^^^^^^^^^^^^^^^^^^^^^^^^^^^^^^^
  File "/opt/anaconda3/lib/python3.12/site-packages/kiteconnect/connect.py", line 937, in _request
    raise exp(data["message"], code=r.status_code)
kiteconnect.exceptions.TokenException: Incorrect `api_key` or `access_token`.
2025-11-17 00:14:46 | DEBUG    | Executing BUY legs: 2 orders
2025-11-17 00:14:46 | ERROR    | Failed to place order: BANKNIFTY51500PE | error=Incorrect `api_key` or `access_token`.
Traceback (most recent call last):
  File "/Users/rohan/Downloads/Vridhi_Capital_Trading_System/src/trading_system/oms/order_manager.py", line 743, in _place_market_order
    order_id=fake_id,
           ^^^^^^^^^^
  File "/opt/anaconda3/lib/python3.12/site-packages/kiteconnect/connect.py", line 361, in place_order
    return self._post("order.place",
           ^^^^^^^^^^^^^^^^^^^^^^^^^
  File "/opt/anaconda3/lib/python3.12/site-packages/kiteconnect/connect.py", line 865, in _post
    return self._request(route, "POST", url_args=url_args, params=params, is_json=is_json, query_params=query_params)
           ^^^^^^^^^^^^^^^^^^^^^^^^^^^^^^^^^^^^^^^^^^^^^^^^^^^^^^^^^^^^^^^^^^^^^^^^^^^^^^^^^^^^^^^^^^^^^^^^^^^^^^^^^^
  File "/opt/anaconda3/lib/python3.12/site-packages/kiteconnect/connect.py", line 937, in _request
    raise exp(data["message"], code=r.status_code)
kiteconnect.exceptions.TokenException: Incorrect `api_key` or `access_token`.
2025-11-17 00:14:46 | ERROR    | Failed to place order for BANKNIFTY51500PE
2025-11-17 00:14:46 | WARNING  | BUY legs failed for lot_size=4
2025-11-17 00:14:46 | ERROR    | Error exiting partial positions: Incorrect `api_key` or `access_token`.
Traceback (most recent call last):
  File "/Users/rohan/Downloads/Vridhi_Capital_Trading_System/src/trading_system/oms/order_manager.py", line 822, in _exit_partial_positions
    return 0, 0.0
                  
  File "/opt/anaconda3/lib/python3.12/site-packages/kiteconnect/connect.py", line 445, in positions
    return self._get("portfolio.positions")
           ^^^^^^^^^^^^^^^^^^^^^^^^^^^^^^^^
  File "/opt/anaconda3/lib/python3.12/site-packages/kiteconnect/connect.py", line 861, in _get
    return self._request(route, "GET", url_args=url_args, params=params, is_json=is_json)
           ^^^^^^^^^^^^^^^^^^^^^^^^^^^^^^^^^^^^^^^^^^^^^^^^^^^^^^^^^^^^^^^^^^^^^^^^^^^^^^
  File "/opt/anaconda3/lib/python3.12/site-packages/kiteconnect/connect.py", line 937, in _request
    raise exp(data["message"], code=r.status_code)
kiteconnect.exceptions.TokenException: Incorrect `api_key` or `access_token`.
2025-11-17 00:14:46 | DEBUG    | Executing BUY legs: 2 orders
2025-11-17 00:14:46 | ERROR    | Failed to place order: BANKNIFTY51500PE | error=Incorrect `api_key` or `access_token`.
Traceback (most recent call last):
  File "/Users/rohan/Downloads/Vridhi_Capital_Trading_System/src/trading_system/oms/order_manager.py", line 743, in _place_market_order
    order_id=fake_id,
           ^^^^^^^^^^
  File "/opt/anaconda3/lib/python3.12/site-packages/kiteconnect/connect.py", line 361, in place_order
    return self._post("order.place",
           ^^^^^^^^^^^^^^^^^^^^^^^^^
  File "/opt/anaconda3/lib/python3.12/site-packages/kiteconnect/connect.py", line 865, in _post
    return self._request(route, "POST", url_args=url_args, params=params, is_json=is_json, query_params=query_params)
           ^^^^^^^^^^^^^^^^^^^^^^^^^^^^^^^^^^^^^^^^^^^^^^^^^^^^^^^^^^^^^^^^^^^^^^^^^^^^^^^^^^^^^^^^^^^^^^^^^^^^^^^^^^
  File "/opt/anaconda3/lib/python3.12/site-packages/kiteconnect/connect.py", line 937, in _request
    raise exp(data["message"], code=r.status_code)
kiteconnect.exceptions.TokenException: Incorrect `api_key` or `access_token`.
2025-11-17 00:14:46 | ERROR    | Failed to place order for BANKNIFTY51500PE
2025-11-17 00:14:46 | WARNING  | BUY legs failed for lot_size=2
2025-11-17 00:14:47 | ERROR    | Error exiting partial positions: Incorrect `api_key` or `access_token`.
Traceback (most recent call last):
  File "/Users/rohan/Downloads/Vridhi_Capital_Trading_System/src/trading_system/oms/order_manager.py", line 822, in _exit_partial_positions
    return 0, 0.0
                  
  File "/opt/anaconda3/lib/python3.12/site-packages/kiteconnect/connect.py", line 445, in positions
    return self._get("portfolio.positions")
           ^^^^^^^^^^^^^^^^^^^^^^^^^^^^^^^^
  File "/opt/anaconda3/lib/python3.12/site-packages/kiteconnect/connect.py", line 861, in _get
    return self._request(route, "GET", url_args=url_args, params=params, is_json=is_json)
           ^^^^^^^^^^^^^^^^^^^^^^^^^^^^^^^^^^^^^^^^^^^^^^^^^^^^^^^^^^^^^^^^^^^^^^^^^^^^^^
  File "/opt/anaconda3/lib/python3.12/site-packages/kiteconnect/connect.py", line 937, in _request
    raise exp(data["message"], code=r.status_code)
kiteconnect.exceptions.TokenException: Incorrect `api_key` or `access_token`.
2025-11-17 00:14:47 | DEBUG    | Executing BUY legs: 2 orders
2025-11-17 00:14:47 | ERROR    | Failed to place order: BANKNIFTY51500PE | error=Incorrect `api_key` or `access_token`.
Traceback (most recent call last):
  File "/Users/rohan/Downloads/Vridhi_Capital_Trading_System/src/trading_system/oms/order_manager.py", line 743, in _place_market_order
    order_id=fake_id,
           ^^^^^^^^^^
  File "/opt/anaconda3/lib/python3.12/site-packages/kiteconnect/connect.py", line 361, in place_order
    return self._post("order.place",
           ^^^^^^^^^^^^^^^^^^^^^^^^^
  File "/opt/anaconda3/lib/python3.12/site-packages/kiteconnect/connect.py", line 865, in _post
    return self._request(route, "POST", url_args=url_args, params=params, is_json=is_json, query_params=query_params)
           ^^^^^^^^^^^^^^^^^^^^^^^^^^^^^^^^^^^^^^^^^^^^^^^^^^^^^^^^^^^^^^^^^^^^^^^^^^^^^^^^^^^^^^^^^^^^^^^^^^^^^^^^^^
  File "/opt/anaconda3/lib/python3.12/site-packages/kiteconnect/connect.py", line 937, in _request
    raise exp(data["message"], code=r.status_code)
kiteconnect.exceptions.TokenException: Incorrect `api_key` or `access_token`.
2025-11-17 00:14:47 | ERROR    | Failed to place order for BANKNIFTY51500PE
2025-11-17 00:14:47 | WARNING  | BUY legs failed for lot_size=1
2025-11-17 00:14:47 | ERROR    | Error exiting partial positions: Incorrect `api_key` or `access_token`.
Traceback (most recent call last):
  File "/Users/rohan/Downloads/Vridhi_Capital_Trading_System/src/trading_system/oms/order_manager.py", line 822, in _exit_partial_positions
    return 0, 0.0
                  
  File "/opt/anaconda3/lib/python3.12/site-packages/kiteconnect/connect.py", line 445, in positions
    return self._get("portfolio.positions")
           ^^^^^^^^^^^^^^^^^^^^^^^^^^^^^^^^
  File "/opt/anaconda3/lib/python3.12/site-packages/kiteconnect/connect.py", line 861, in _get
    return self._request(route, "GET", url_args=url_args, params=params, is_json=is_json)
           ^^^^^^^^^^^^^^^^^^^^^^^^^^^^^^^^^^^^^^^^^^^^^^^^^^^^^^^^^^^^^^^^^^^^^^^^^^^^^^
  File "/opt/anaconda3/lib/python3.12/site-packages/kiteconnect/connect.py", line 937, in _request
    raise exp(data["message"], code=r.status_code)
kiteconnect.exceptions.TokenException: Incorrect `api_key` or `access_token`.
2025-11-17 00:14:47 | DEBUG    | ATM strike calculated: 51500 from futures price: 51500.0
2025-11-17 00:14:47 | INFO     | 🔴 SHORT Entry initiated | futures_price=51500.0 | atm_strike=51500 | hedge_strike=53500 | lot_size=8
2025-11-17 00:14:47 | DEBUG    | Executing BUY legs: 2 orders
2025-11-17 00:14:47 | ERROR    | Failed to place order: BANKNIFTY51500PE | error=Incorrect `api_key` or `access_token`.
Traceback (most recent call last):
  File "/Users/rohan/Downloads/Vridhi_Capital_Trading_System/src/trading_system/oms/order_manager.py", line 743, in _place_market_order
    order_id=fake_id,
           ^^^^^^^^^^
  File "/opt/anaconda3/lib/python3.12/site-packages/kiteconnect/connect.py", line 361, in place_order
    return self._post("order.place",
           ^^^^^^^^^^^^^^^^^^^^^^^^^
  File "/opt/anaconda3/lib/python3.12/site-packages/kiteconnect/connect.py", line 865, in _post
    return self._request(route, "POST", url_args=url_args, params=params, is_json=is_json, query_params=query_params)
           ^^^^^^^^^^^^^^^^^^^^^^^^^^^^^^^^^^^^^^^^^^^^^^^^^^^^^^^^^^^^^^^^^^^^^^^^^^^^^^^^^^^^^^^^^^^^^^^^^^^^^^^^^^
  File "/opt/anaconda3/lib/python3.12/site-packages/kiteconnect/connect.py", line 937, in _request
    raise exp(data["message"], code=r.status_code)
kiteconnect.exceptions.TokenException: Incorrect `api_key` or `access_token`.
2025-11-17 00:14:47 | ERROR    | Failed to place order for BANKNIFTY51500PE
2025-11-17 00:14:47 | WARNING  | BUY legs failed for lot_size=8
2025-11-17 00:14:47 | ERROR    | Error exiting partial positions: Incorrect `api_key` or `access_token`.
Traceback (most recent call last):
  File "/Users/rohan/Downloads/Vridhi_Capital_Trading_System/src/trading_system/oms/order_manager.py", line 822, in _exit_partial_positions
    return 0, 0.0
                  
  File "/opt/anaconda3/lib/python3.12/site-packages/kiteconnect/connect.py", line 445, in positions
    return self._get("portfolio.positions")
           ^^^^^^^^^^^^^^^^^^^^^^^^^^^^^^^^
  File "/opt/anaconda3/lib/python3.12/site-packages/kiteconnect/connect.py", line 861, in _get
    return self._request(route, "GET", url_args=url_args, params=params, is_json=is_json)
           ^^^^^^^^^^^^^^^^^^^^^^^^^^^^^^^^^^^^^^^^^^^^^^^^^^^^^^^^^^^^^^^^^^^^^^^^^^^^^^
  File "/opt/anaconda3/lib/python3.12/site-packages/kiteconnect/connect.py", line 937, in _request
    raise exp(data["message"], code=r.status_code)
kiteconnect.exceptions.TokenException: Incorrect `api_key` or `access_token`.
2025-11-17 00:14:47 | DEBUG    | Executing BUY legs: 2 orders
2025-11-17 00:14:47 | ERROR    | Failed to place order: BANKNIFTY51500PE | error=Incorrect `api_key` or `access_token`.
Traceback (most recent call last):
  File "/Users/rohan/Downloads/Vridhi_Capital_Trading_System/src/trading_system/oms/order_manager.py", line 743, in _place_market_order
    order_id=fake_id,
           ^^^^^^^^^^
  File "/opt/anaconda3/lib/python3.12/site-packages/kiteconnect/connect.py", line 361, in place_order
    return self._post("order.place",
           ^^^^^^^^^^^^^^^^^^^^^^^^^
  File "/opt/anaconda3/lib/python3.12/site-packages/kiteconnect/connect.py", line 865, in _post
    return self._request(route, "POST", url_args=url_args, params=params, is_json=is_json, query_params=query_params)
           ^^^^^^^^^^^^^^^^^^^^^^^^^^^^^^^^^^^^^^^^^^^^^^^^^^^^^^^^^^^^^^^^^^^^^^^^^^^^^^^^^^^^^^^^^^^^^^^^^^^^^^^^^^
  File "/opt/anaconda3/lib/python3.12/site-packages/kiteconnect/connect.py", line 937, in _request
    raise exp(data["message"], code=r.status_code)
kiteconnect.exceptions.TokenException: Incorrect `api_key` or `access_token`.
2025-11-17 00:14:47 | ERROR    | Failed to place order for BANKNIFTY51500PE
2025-11-17 00:14:47 | WARNING  | BUY legs failed for lot_size=4
2025-11-17 00:14:47 | ERROR    | Error exiting partial positions: Incorrect `api_key` or `access_token`.
Traceback (most recent call last):
  File "/Users/rohan/Downloads/Vridhi_Capital_Trading_System/src/trading_system/oms/order_manager.py", line 822, in _exit_partial_positions
    return 0, 0.0
                  
  File "/opt/anaconda3/lib/python3.12/site-packages/kiteconnect/connect.py", line 445, in positions
    return self._get("portfolio.positions")
           ^^^^^^^^^^^^^^^^^^^^^^^^^^^^^^^^
  File "/opt/anaconda3/lib/python3.12/site-packages/kiteconnect/connect.py", line 861, in _get
    return self._request(route, "GET", url_args=url_args, params=params, is_json=is_json)
           ^^^^^^^^^^^^^^^^^^^^^^^^^^^^^^^^^^^^^^^^^^^^^^^^^^^^^^^^^^^^^^^^^^^^^^^^^^^^^^
  File "/opt/anaconda3/lib/python3.12/site-packages/kiteconnect/connect.py", line 937, in _request
    raise exp(data["message"], code=r.status_code)
kiteconnect.exceptions.TokenException: Incorrect `api_key` or `access_token`.
2025-11-17 00:14:47 | DEBUG    | Executing BUY legs: 2 orders
2025-11-17 00:14:48 | ERROR    | Failed to place order: BANKNIFTY51500PE | error=Incorrect `api_key` or `access_token`.
Traceback (most recent call last):
  File "/Users/rohan/Downloads/Vridhi_Capital_Trading_System/src/trading_system/oms/order_manager.py", line 743, in _place_market_order
    order_id=fake_id,
           ^^^^^^^^^^
  File "/opt/anaconda3/lib/python3.12/site-packages/kiteconnect/connect.py", line 361, in place_order
    return self._post("order.place",
           ^^^^^^^^^^^^^^^^^^^^^^^^^
  File "/opt/anaconda3/lib/python3.12/site-packages/kiteconnect/connect.py", line 865, in _post
    return self._request(route, "POST", url_args=url_args, params=params, is_json=is_json, query_params=query_params)
           ^^^^^^^^^^^^^^^^^^^^^^^^^^^^^^^^^^^^^^^^^^^^^^^^^^^^^^^^^^^^^^^^^^^^^^^^^^^^^^^^^^^^^^^^^^^^^^^^^^^^^^^^^^
  File "/opt/anaconda3/lib/python3.12/site-packages/kiteconnect/connect.py", line 937, in _request
    raise exp(data["message"], code=r.status_code)
kiteconnect.exceptions.TokenException: Incorrect `api_key` or `access_token`.
2025-11-17 00:14:48 | ERROR    | Failed to place order for BANKNIFTY51500PE
2025-11-17 00:14:48 | WARNING  | BUY legs failed for lot_size=2
2025-11-17 00:14:48 | ERROR    | Error exiting partial positions: Incorrect `api_key` or `access_token`.
Traceback (most recent call last):
  File "/Users/rohan/Downloads/Vridhi_Capital_Trading_System/src/trading_system/oms/order_manager.py", line 822, in _exit_partial_positions
    return 0, 0.0
                  
  File "/opt/anaconda3/lib/python3.12/site-packages/kiteconnect/connect.py", line 445, in positions
    return self._get("portfolio.positions")
           ^^^^^^^^^^^^^^^^^^^^^^^^^^^^^^^^
  File "/opt/anaconda3/lib/python3.12/site-packages/kiteconnect/connect.py", line 861, in _get
    return self._request(route, "GET", url_args=url_args, params=params, is_json=is_json)
           ^^^^^^^^^^^^^^^^^^^^^^^^^^^^^^^^^^^^^^^^^^^^^^^^^^^^^^^^^^^^^^^^^^^^^^^^^^^^^^
  File "/opt/anaconda3/lib/python3.12/site-packages/kiteconnect/connect.py", line 937, in _request
    raise exp(data["message"], code=r.status_code)
kiteconnect.exceptions.TokenException: Incorrect `api_key` or `access_token`.
2025-11-17 00:14:48 | DEBUG    | Executing BUY legs: 2 orders
2025-11-17 00:14:48 | ERROR    | Failed to place order: BANKNIFTY51500PE | error=Incorrect `api_key` or `access_token`.
Traceback (most recent call last):
  File "/Users/rohan/Downloads/Vridhi_Capital_Trading_System/src/trading_system/oms/order_manager.py", line 743, in _place_market_order
    order_id=fake_id,
           ^^^^^^^^^^
  File "/opt/anaconda3/lib/python3.12/site-packages/kiteconnect/connect.py", line 361, in place_order
    return self._post("order.place",
           ^^^^^^^^^^^^^^^^^^^^^^^^^
  File "/opt/anaconda3/lib/python3.12/site-packages/kiteconnect/connect.py", line 865, in _post
    return self._request(route, "POST", url_args=url_args, params=params, is_json=is_json, query_params=query_params)
           ^^^^^^^^^^^^^^^^^^^^^^^^^^^^^^^^^^^^^^^^^^^^^^^^^^^^^^^^^^^^^^^^^^^^^^^^^^^^^^^^^^^^^^^^^^^^^^^^^^^^^^^^^^
  File "/opt/anaconda3/lib/python3.12/site-packages/kiteconnect/connect.py", line 937, in _request
    raise exp(data["message"], code=r.status_code)
kiteconnect.exceptions.TokenException: Incorrect `api_key` or `access_token`.
2025-11-17 00:14:48 | ERROR    | Failed to place order for BANKNIFTY51500PE
2025-11-17 00:14:48 | WARNING  | BUY legs failed for lot_size=1
2025-11-17 00:14:48 | ERROR    | Error exiting partial positions: Incorrect `api_key` or `access_token`.
Traceback (most recent call last):
  File "/Users/rohan/Downloads/Vridhi_Capital_Trading_System/src/trading_system/oms/order_manager.py", line 822, in _exit_partial_positions
    return 0, 0.0
                  
  File "/opt/anaconda3/lib/python3.12/site-packages/kiteconnect/connect.py", line 445, in positions
    return self._get("portfolio.positions")
           ^^^^^^^^^^^^^^^^^^^^^^^^^^^^^^^^
  File "/opt/anaconda3/lib/python3.12/site-packages/kiteconnect/connect.py", line 861, in _get
    return self._request(route, "GET", url_args=url_args, params=params, is_json=is_json)
           ^^^^^^^^^^^^^^^^^^^^^^^^^^^^^^^^^^^^^^^^^^^^^^^^^^^^^^^^^^^^^^^^^^^^^^^^^^^^^^
  File "/opt/anaconda3/lib/python3.12/site-packages/kiteconnect/connect.py", line 937, in _request
    raise exp(data["message"], code=r.status_code)
kiteconnect.exceptions.TokenException: Incorrect `api_key` or `access_token`.
2025-11-17 00:16:48 | DEBUG    | ATM strike calculated: 51600 from futures price: 51555.0
2025-11-17 00:16:48 | INFO     | 🔵 LONG Entry initiated | futures_price=51555.0 | atm_strike=51600 | hedge_strike=49600 | lot_size=8
2025-11-17 00:16:48 | DEBUG    | Executing BUY legs: 2 orders
2025-11-17 00:16:48 | ERROR    | Failed to place order: BANKNIFTY51600CE | error=Incorrect `api_key` or `access_token`.
Traceback (most recent call last):
  File "/Users/rohan/Downloads/Vridhi_Capital_Trading_System/src/trading_system/oms/order_manager.py", line 743, in _place_market_order
    order_id=fake_id,
           ^^^^^^^^^^
  File "/opt/anaconda3/lib/python3.12/site-packages/kiteconnect/connect.py", line 361, in place_order
    return self._post("order.place",
           ^^^^^^^^^^^^^^^^^^^^^^^^^
  File "/opt/anaconda3/lib/python3.12/site-packages/kiteconnect/connect.py", line 865, in _post
    return self._request(route, "POST", url_args=url_args, params=params, is_json=is_json, query_params=query_params)
           ^^^^^^^^^^^^^^^^^^^^^^^^^^^^^^^^^^^^^^^^^^^^^^^^^^^^^^^^^^^^^^^^^^^^^^^^^^^^^^^^^^^^^^^^^^^^^^^^^^^^^^^^^^
  File "/opt/anaconda3/lib/python3.12/site-packages/kiteconnect/connect.py", line 937, in _request
    raise exp(data["message"], code=r.status_code)
kiteconnect.exceptions.TokenException: Incorrect `api_key` or `access_token`.
2025-11-17 00:16:48 | ERROR    | Failed to place order for BANKNIFTY51600CE
2025-11-17 00:16:48 | WARNING  | BUY legs failed for lot_size=8
2025-11-17 00:16:49 | ERROR    | Error exiting partial positions: Incorrect `api_key` or `access_token`.
Traceback (most recent call last):
  File "/Users/rohan/Downloads/Vridhi_Capital_Trading_System/src/trading_system/oms/order_manager.py", line 822, in _exit_partial_positions
    return 0, 0.0
                  
  File "/opt/anaconda3/lib/python3.12/site-packages/kiteconnect/connect.py", line 445, in positions
    return self._get("portfolio.positions")
           ^^^^^^^^^^^^^^^^^^^^^^^^^^^^^^^^
  File "/opt/anaconda3/lib/python3.12/site-packages/kiteconnect/connect.py", line 861, in _get
    return self._request(route, "GET", url_args=url_args, params=params, is_json=is_json)
           ^^^^^^^^^^^^^^^^^^^^^^^^^^^^^^^^^^^^^^^^^^^^^^^^^^^^^^^^^^^^^^^^^^^^^^^^^^^^^^
  File "/opt/anaconda3/lib/python3.12/site-packages/kiteconnect/connect.py", line 937, in _request
    raise exp(data["message"], code=r.status_code)
kiteconnect.exceptions.TokenException: Incorrect `api_key` or `access_token`.
2025-11-17 00:16:49 | DEBUG    | Executing BUY legs: 2 orders
2025-11-17 00:16:49 | ERROR    | Failed to place order: BANKNIFTY51600CE | error=Incorrect `api_key` or `access_token`.
Traceback (most recent call last):
  File "/Users/rohan/Downloads/Vridhi_Capital_Trading_System/src/trading_system/oms/order_manager.py", line 743, in _place_market_order
    order_id=fake_id,
           ^^^^^^^^^^
  File "/opt/anaconda3/lib/python3.12/site-packages/kiteconnect/connect.py", line 361, in place_order
    return self._post("order.place",
           ^^^^^^^^^^^^^^^^^^^^^^^^^
  File "/opt/anaconda3/lib/python3.12/site-packages/kiteconnect/connect.py", line 865, in _post
    return self._request(route, "POST", url_args=url_args, params=params, is_json=is_json, query_params=query_params)
           ^^^^^^^^^^^^^^^^^^^^^^^^^^^^^^^^^^^^^^^^^^^^^^^^^^^^^^^^^^^^^^^^^^^^^^^^^^^^^^^^^^^^^^^^^^^^^^^^^^^^^^^^^^
  File "/opt/anaconda3/lib/python3.12/site-packages/kiteconnect/connect.py", line 937, in _request
    raise exp(data["message"], code=r.status_code)
kiteconnect.exceptions.TokenException: Incorrect `api_key` or `access_token`.
2025-11-17 00:16:49 | ERROR    | Failed to place order for BANKNIFTY51600CE
2025-11-17 00:16:49 | WARNING  | BUY legs failed for lot_size=4
2025-11-17 00:16:49 | ERROR    | Error exiting partial positions: Incorrect `api_key` or `access_token`.
Traceback (most recent call last):
  File "/Users/rohan/Downloads/Vridhi_Capital_Trading_System/src/trading_system/oms/order_manager.py", line 822, in _exit_partial_positions
    return 0, 0.0
                  
  File "/opt/anaconda3/lib/python3.12/site-packages/kiteconnect/connect.py", line 445, in positions
    return self._get("portfolio.positions")
           ^^^^^^^^^^^^^^^^^^^^^^^^^^^^^^^^
  File "/opt/anaconda3/lib/python3.12/site-packages/kiteconnect/connect.py", line 861, in _get
    return self._request(route, "GET", url_args=url_args, params=params, is_json=is_json)
           ^^^^^^^^^^^^^^^^^^^^^^^^^^^^^^^^^^^^^^^^^^^^^^^^^^^^^^^^^^^^^^^^^^^^^^^^^^^^^^
  File "/opt/anaconda3/lib/python3.12/site-packages/kiteconnect/connect.py", line 937, in _request
    raise exp(data["message"], code=r.status_code)
kiteconnect.exceptions.TokenException: Incorrect `api_key` or `access_token`.
2025-11-17 00:16:49 | DEBUG    | Executing BUY legs: 2 orders
2025-11-17 00:16:49 | ERROR    | Failed to place order: BANKNIFTY51600CE | error=Incorrect `api_key` or `access_token`.
Traceback (most recent call last):
  File "/Users/rohan/Downloads/Vridhi_Capital_Trading_System/src/trading_system/oms/order_manager.py", line 743, in _place_market_order
    order_id=fake_id,
           ^^^^^^^^^^
  File "/opt/anaconda3/lib/python3.12/site-packages/kiteconnect/connect.py", line 361, in place_order
    return self._post("order.place",
           ^^^^^^^^^^^^^^^^^^^^^^^^^
  File "/opt/anaconda3/lib/python3.12/site-packages/kiteconnect/connect.py", line 865, in _post
    return self._request(route, "POST", url_args=url_args, params=params, is_json=is_json, query_params=query_params)
           ^^^^^^^^^^^^^^^^^^^^^^^^^^^^^^^^^^^^^^^^^^^^^^^^^^^^^^^^^^^^^^^^^^^^^^^^^^^^^^^^^^^^^^^^^^^^^^^^^^^^^^^^^^
  File "/opt/anaconda3/lib/python3.12/site-packages/kiteconnect/connect.py", line 937, in _request
    raise exp(data["message"], code=r.status_code)
kiteconnect.exceptions.TokenException: Incorrect `api_key` or `access_token`.
2025-11-17 00:16:49 | ERROR    | Failed to place order for BANKNIFTY51600CE
2025-11-17 00:16:49 | WARNING  | BUY legs failed for lot_size=2
2025-11-17 00:16:49 | ERROR    | Error exiting partial positions: Incorrect `api_key` or `access_token`.
Traceback (most recent call last):
  File "/Users/rohan/Downloads/Vridhi_Capital_Trading_System/src/trading_system/oms/order_manager.py", line 822, in _exit_partial_positions
    return 0, 0.0
                  
  File "/opt/anaconda3/lib/python3.12/site-packages/kiteconnect/connect.py", line 445, in positions
    return self._get("portfolio.positions")
           ^^^^^^^^^^^^^^^^^^^^^^^^^^^^^^^^
  File "/opt/anaconda3/lib/python3.12/site-packages/kiteconnect/connect.py", line 861, in _get
    return self._request(route, "GET", url_args=url_args, params=params, is_json=is_json)
           ^^^^^^^^^^^^^^^^^^^^^^^^^^^^^^^^^^^^^^^^^^^^^^^^^^^^^^^^^^^^^^^^^^^^^^^^^^^^^^
  File "/opt/anaconda3/lib/python3.12/site-packages/kiteconnect/connect.py", line 937, in _request
    raise exp(data["message"], code=r.status_code)
kiteconnect.exceptions.TokenException: Incorrect `api_key` or `access_token`.
2025-11-17 00:16:49 | DEBUG    | Executing BUY legs: 2 orders
2025-11-17 00:16:49 | ERROR    | Failed to place order: BANKNIFTY51600CE | error=Incorrect `api_key` or `access_token`.
Traceback (most recent call last):
  File "/Users/rohan/Downloads/Vridhi_Capital_Trading_System/src/trading_system/oms/order_manager.py", line 743, in _place_market_order
    order_id=fake_id,
           ^^^^^^^^^^
  File "/opt/anaconda3/lib/python3.12/site-packages/kiteconnect/connect.py", line 361, in place_order
    return self._post("order.place",
           ^^^^^^^^^^^^^^^^^^^^^^^^^
  File "/opt/anaconda3/lib/python3.12/site-packages/kiteconnect/connect.py", line 865, in _post
    return self._request(route, "POST", url_args=url_args, params=params, is_json=is_json, query_params=query_params)
           ^^^^^^^^^^^^^^^^^^^^^^^^^^^^^^^^^^^^^^^^^^^^^^^^^^^^^^^^^^^^^^^^^^^^^^^^^^^^^^^^^^^^^^^^^^^^^^^^^^^^^^^^^^
  File "/opt/anaconda3/lib/python3.12/site-packages/kiteconnect/connect.py", line 937, in _request
    raise exp(data["message"], code=r.status_code)
kiteconnect.exceptions.TokenException: Incorrect `api_key` or `access_token`.
2025-11-17 00:16:49 | ERROR    | Failed to place order for BANKNIFTY51600CE
2025-11-17 00:16:49 | WARNING  | BUY legs failed for lot_size=1
2025-11-17 00:16:49 | ERROR    | Error exiting partial positions: Incorrect `api_key` or `access_token`.
Traceback (most recent call last):
  File "/Users/rohan/Downloads/Vridhi_Capital_Trading_System/src/trading_system/oms/order_manager.py", line 822, in _exit_partial_positions
    return 0, 0.0
                  
  File "/opt/anaconda3/lib/python3.12/site-packages/kiteconnect/connect.py", line 445, in positions
    return self._get("portfolio.positions")
           ^^^^^^^^^^^^^^^^^^^^^^^^^^^^^^^^
  File "/opt/anaconda3/lib/python3.12/site-packages/kiteconnect/connect.py", line 861, in _get
    return self._request(route, "GET", url_args=url_args, params=params, is_json=is_json)
           ^^^^^^^^^^^^^^^^^^^^^^^^^^^^^^^^^^^^^^^^^^^^^^^^^^^^^^^^^^^^^^^^^^^^^^^^^^^^^^
  File "/opt/anaconda3/lib/python3.12/site-packages/kiteconnect/connect.py", line 937, in _request
    raise exp(data["message"], code=r.status_code)
kiteconnect.exceptions.TokenException: Incorrect `api_key` or `access_token`.
2025-11-17 00:16:49 | DEBUG    | ATM strike calculated: 51600 from futures price: 51555.0
2025-11-17 00:16:49 | INFO     | 🔵 LONG Entry initiated | futures_price=51555.0 | atm_strike=51600 | hedge_strike=49600 | lot_size=8
2025-11-17 00:16:49 | DEBUG    | Executing BUY legs: 2 orders
2025-11-17 00:16:50 | ERROR    | Failed to place order: BANKNIFTY51600CE | error=Incorrect `api_key` or `access_token`.
Traceback (most recent call last):
  File "/Users/rohan/Downloads/Vridhi_Capital_Trading_System/src/trading_system/oms/order_manager.py", line 743, in _place_market_order
    order_id=fake_id,
           ^^^^^^^^^^
  File "/opt/anaconda3/lib/python3.12/site-packages/kiteconnect/connect.py", line 361, in place_order
    return self._post("order.place",
           ^^^^^^^^^^^^^^^^^^^^^^^^^
  File "/opt/anaconda3/lib/python3.12/site-packages/kiteconnect/connect.py", line 865, in _post
    return self._request(route, "POST", url_args=url_args, params=params, is_json=is_json, query_params=query_params)
           ^^^^^^^^^^^^^^^^^^^^^^^^^^^^^^^^^^^^^^^^^^^^^^^^^^^^^^^^^^^^^^^^^^^^^^^^^^^^^^^^^^^^^^^^^^^^^^^^^^^^^^^^^^
  File "/opt/anaconda3/lib/python3.12/site-packages/kiteconnect/connect.py", line 937, in _request
    raise exp(data["message"], code=r.status_code)
kiteconnect.exceptions.TokenException: Incorrect `api_key` or `access_token`.
2025-11-17 00:16:50 | ERROR    | Failed to place order for BANKNIFTY51600CE
2025-11-17 00:16:50 | WARNING  | BUY legs failed for lot_size=8
2025-11-17 00:16:50 | ERROR    | Error exiting partial positions: Incorrect `api_key` or `access_token`.
Traceback (most recent call last):
  File "/Users/rohan/Downloads/Vridhi_Capital_Trading_System/src/trading_system/oms/order_manager.py", line 822, in _exit_partial_positions
    return 0, 0.0
                  
  File "/opt/anaconda3/lib/python3.12/site-packages/kiteconnect/connect.py", line 445, in positions
    return self._get("portfolio.positions")
           ^^^^^^^^^^^^^^^^^^^^^^^^^^^^^^^^
  File "/opt/anaconda3/lib/python3.12/site-packages/kiteconnect/connect.py", line 861, in _get
    return self._request(route, "GET", url_args=url_args, params=params, is_json=is_json)
           ^^^^^^^^^^^^^^^^^^^^^^^^^^^^^^^^^^^^^^^^^^^^^^^^^^^^^^^^^^^^^^^^^^^^^^^^^^^^^^
  File "/opt/anaconda3/lib/python3.12/site-packages/kiteconnect/connect.py", line 937, in _request
    raise exp(data["message"], code=r.status_code)
kiteconnect.exceptions.TokenException: Incorrect `api_key` or `access_token`.
2025-11-17 00:16:50 | DEBUG    | Executing BUY legs: 2 orders
2025-11-17 00:16:50 | ERROR    | Failed to place order: BANKNIFTY51600CE | error=Incorrect `api_key` or `access_token`.
Traceback (most recent call last):
  File "/Users/rohan/Downloads/Vridhi_Capital_Trading_System/src/trading_system/oms/order_manager.py", line 743, in _place_market_order
    order_id=fake_id,
           ^^^^^^^^^^
  File "/opt/anaconda3/lib/python3.12/site-packages/kiteconnect/connect.py", line 361, in place_order
    return self._post("order.place",
           ^^^^^^^^^^^^^^^^^^^^^^^^^
  File "/opt/anaconda3/lib/python3.12/site-packages/kiteconnect/connect.py", line 865, in _post
    return self._request(route, "POST", url_args=url_args, params=params, is_json=is_json, query_params=query_params)
           ^^^^^^^^^^^^^^^^^^^^^^^^^^^^^^^^^^^^^^^^^^^^^^^^^^^^^^^^^^^^^^^^^^^^^^^^^^^^^^^^^^^^^^^^^^^^^^^^^^^^^^^^^^
  File "/opt/anaconda3/lib/python3.12/site-packages/kiteconnect/connect.py", line 937, in _request
    raise exp(data["message"], code=r.status_code)
kiteconnect.exceptions.TokenException: Incorrect `api_key` or `access_token`.
2025-11-17 00:16:50 | ERROR    | Failed to place order for BANKNIFTY51600CE
2025-11-17 00:16:50 | WARNING  | BUY legs failed for lot_size=4
2025-11-17 00:16:50 | ERROR    | Error exiting partial positions: Incorrect `api_key` or `access_token`.
Traceback (most recent call last):
  File "/Users/rohan/Downloads/Vridhi_Capital_Trading_System/src/trading_system/oms/order_manager.py", line 822, in _exit_partial_positions
    return 0, 0.0
                  
  File "/opt/anaconda3/lib/python3.12/site-packages/kiteconnect/connect.py", line 445, in positions
    return self._get("portfolio.positions")
           ^^^^^^^^^^^^^^^^^^^^^^^^^^^^^^^^
  File "/opt/anaconda3/lib/python3.12/site-packages/kiteconnect/connect.py", line 861, in _get
    return self._request(route, "GET", url_args=url_args, params=params, is_json=is_json)
           ^^^^^^^^^^^^^^^^^^^^^^^^^^^^^^^^^^^^^^^^^^^^^^^^^^^^^^^^^^^^^^^^^^^^^^^^^^^^^^
  File "/opt/anaconda3/lib/python3.12/site-packages/kiteconnect/connect.py", line 937, in _request
    raise exp(data["message"], code=r.status_code)
kiteconnect.exceptions.TokenException: Incorrect `api_key` or `access_token`.
2025-11-17 00:16:50 | DEBUG    | Executing BUY legs: 2 orders
2025-11-17 00:16:50 | ERROR    | Failed to place order: BANKNIFTY51600CE | error=Incorrect `api_key` or `access_token`.
Traceback (most recent call last):
  File "/Users/rohan/Downloads/Vridhi_Capital_Trading_System/src/trading_system/oms/order_manager.py", line 743, in _place_market_order
    order_id=fake_id,
           ^^^^^^^^^^
  File "/opt/anaconda3/lib/python3.12/site-packages/kiteconnect/connect.py", line 361, in place_order
    return self._post("order.place",
           ^^^^^^^^^^^^^^^^^^^^^^^^^
  File "/opt/anaconda3/lib/python3.12/site-packages/kiteconnect/connect.py", line 865, in _post
    return self._request(route, "POST", url_args=url_args, params=params, is_json=is_json, query_params=query_params)
           ^^^^^^^^^^^^^^^^^^^^^^^^^^^^^^^^^^^^^^^^^^^^^^^^^^^^^^^^^^^^^^^^^^^^^^^^^^^^^^^^^^^^^^^^^^^^^^^^^^^^^^^^^^
  File "/opt/anaconda3/lib/python3.12/site-packages/kiteconnect/connect.py", line 937, in _request
    raise exp(data["message"], code=r.status_code)
kiteconnect.exceptions.TokenException: Incorrect `api_key` or `access_token`.
2025-11-17 00:16:50 | ERROR    | Failed to place order for BANKNIFTY51600CE
2025-11-17 00:16:50 | WARNING  | BUY legs failed for lot_size=2
2025-11-17 00:16:50 | ERROR    | Error exiting partial positions: Incorrect `api_key` or `access_token`.
Traceback (most recent call last):
  File "/Users/rohan/Downloads/Vridhi_Capital_Trading_System/src/trading_system/oms/order_manager.py", line 822, in _exit_partial_positions
    return 0, 0.0
                  
  File "/opt/anaconda3/lib/python3.12/site-packages/kiteconnect/connect.py", line 445, in positions
    return self._get("portfolio.positions")
           ^^^^^^^^^^^^^^^^^^^^^^^^^^^^^^^^
  File "/opt/anaconda3/lib/python3.12/site-packages/kiteconnect/connect.py", line 861, in _get
    return self._request(route, "GET", url_args=url_args, params=params, is_json=is_json)
           ^^^^^^^^^^^^^^^^^^^^^^^^^^^^^^^^^^^^^^^^^^^^^^^^^^^^^^^^^^^^^^^^^^^^^^^^^^^^^^
  File "/opt/anaconda3/lib/python3.12/site-packages/kiteconnect/connect.py", line 937, in _request
    raise exp(data["message"], code=r.status_code)
kiteconnect.exceptions.TokenException: Incorrect `api_key` or `access_token`.
2025-11-17 00:16:50 | DEBUG    | Executing BUY legs: 2 orders
2025-11-17 00:16:50 | ERROR    | Failed to place order: BANKNIFTY51600CE | error=Incorrect `api_key` or `access_token`.
Traceback (most recent call last):
  File "/Users/rohan/Downloads/Vridhi_Capital_Trading_System/src/trading_system/oms/order_manager.py", line 743, in _place_market_order
    order_id=fake_id,
           ^^^^^^^^^^
  File "/opt/anaconda3/lib/python3.12/site-packages/kiteconnect/connect.py", line 361, in place_order
    return self._post("order.place",
           ^^^^^^^^^^^^^^^^^^^^^^^^^
  File "/opt/anaconda3/lib/python3.12/site-packages/kiteconnect/connect.py", line 865, in _post
    return self._request(route, "POST", url_args=url_args, params=params, is_json=is_json, query_params=query_params)
           ^^^^^^^^^^^^^^^^^^^^^^^^^^^^^^^^^^^^^^^^^^^^^^^^^^^^^^^^^^^^^^^^^^^^^^^^^^^^^^^^^^^^^^^^^^^^^^^^^^^^^^^^^^
  File "/opt/anaconda3/lib/python3.12/site-packages/kiteconnect/connect.py", line 937, in _request
    raise exp(data["message"], code=r.status_code)
kiteconnect.exceptions.TokenException: Incorrect `api_key` or `access_token`.
2025-11-17 00:16:50 | ERROR    | Failed to place order for BANKNIFTY51600CE
2025-11-17 00:16:50 | WARNING  | BUY legs failed for lot_size=1
2025-11-17 00:16:51 | ERROR    | Error exiting partial positions: Incorrect `api_key` or `access_token`.
Traceback (most recent call last):
  File "/Users/rohan/Downloads/Vridhi_Capital_Trading_System/src/trading_system/oms/order_manager.py", line 822, in _exit_partial_positions
    return 0, 0.0
                  
  File "/opt/anaconda3/lib/python3.12/site-packages/kiteconnect/connect.py", line 445, in positions
    return self._get("portfolio.positions")
           ^^^^^^^^^^^^^^^^^^^^^^^^^^^^^^^^
  File "/opt/anaconda3/lib/python3.12/site-packages/kiteconnect/connect.py", line 861, in _get
    return self._request(route, "GET", url_args=url_args, params=params, is_json=is_json)
           ^^^^^^^^^^^^^^^^^^^^^^^^^^^^^^^^^^^^^^^^^^^^^^^^^^^^^^^^^^^^^^^^^^^^^^^^^^^^^^
  File "/opt/anaconda3/lib/python3.12/site-packages/kiteconnect/connect.py", line 937, in _request
    raise exp(data["message"], code=r.status_code)
kiteconnect.exceptions.TokenException: Incorrect `api_key` or `access_token`.
2025-11-17 00:18:51 | DEBUG    | ATM strike calculated: 51600 from futures price: 51566.4
2025-11-17 00:18:51 | INFO     | 🔵 LONG Entry initiated | futures_price=51566.4 | atm_strike=51600 | hedge_strike=49600 | lot_size=8
2025-11-17 00:18:51 | DEBUG    | Executing BUY legs: 2 orders
2025-11-17 00:18:51 | ERROR    | Failed to place order: BANKNIFTY51600CE | error=Incorrect `api_key` or `access_token`.
Traceback (most recent call last):
  File "/Users/rohan/Downloads/Vridhi_Capital_Trading_System/src/trading_system/oms/order_manager.py", line 743, in _place_market_order
    order_id=fake_id,
           ^^^^^^^^^^
  File "/opt/anaconda3/lib/python3.12/site-packages/kiteconnect/connect.py", line 361, in place_order
    return self._post("order.place",
           ^^^^^^^^^^^^^^^^^^^^^^^^^
  File "/opt/anaconda3/lib/python3.12/site-packages/kiteconnect/connect.py", line 865, in _post
    return self._request(route, "POST", url_args=url_args, params=params, is_json=is_json, query_params=query_params)
           ^^^^^^^^^^^^^^^^^^^^^^^^^^^^^^^^^^^^^^^^^^^^^^^^^^^^^^^^^^^^^^^^^^^^^^^^^^^^^^^^^^^^^^^^^^^^^^^^^^^^^^^^^^
  File "/opt/anaconda3/lib/python3.12/site-packages/kiteconnect/connect.py", line 937, in _request
    raise exp(data["message"], code=r.status_code)
kiteconnect.exceptions.TokenException: Incorrect `api_key` or `access_token`.
2025-11-17 00:18:51 | ERROR    | Failed to place order for BANKNIFTY51600CE
2025-11-17 00:18:51 | WARNING  | BUY legs failed for lot_size=8
2025-11-17 00:18:51 | ERROR    | Error exiting partial positions: Incorrect `api_key` or `access_token`.
Traceback (most recent call last):
  File "/Users/rohan/Downloads/Vridhi_Capital_Trading_System/src/trading_system/oms/order_manager.py", line 822, in _exit_partial_positions
    return 0, 0.0
                  
  File "/opt/anaconda3/lib/python3.12/site-packages/kiteconnect/connect.py", line 445, in positions
    return self._get("portfolio.positions")
           ^^^^^^^^^^^^^^^^^^^^^^^^^^^^^^^^
  File "/opt/anaconda3/lib/python3.12/site-packages/kiteconnect/connect.py", line 861, in _get
    return self._request(route, "GET", url_args=url_args, params=params, is_json=is_json)
           ^^^^^^^^^^^^^^^^^^^^^^^^^^^^^^^^^^^^^^^^^^^^^^^^^^^^^^^^^^^^^^^^^^^^^^^^^^^^^^
  File "/opt/anaconda3/lib/python3.12/site-packages/kiteconnect/connect.py", line 937, in _request
    raise exp(data["message"], code=r.status_code)
kiteconnect.exceptions.TokenException: Incorrect `api_key` or `access_token`.
2025-11-17 00:18:51 | DEBUG    | Executing BUY legs: 2 orders
2025-11-17 00:18:51 | ERROR    | Failed to place order: BANKNIFTY51600CE | error=Incorrect `api_key` or `access_token`.
Traceback (most recent call last):
  File "/Users/rohan/Downloads/Vridhi_Capital_Trading_System/src/trading_system/oms/order_manager.py", line 743, in _place_market_order
    order_id=fake_id,
           ^^^^^^^^^^
  File "/opt/anaconda3/lib/python3.12/site-packages/kiteconnect/connect.py", line 361, in place_order
    return self._post("order.place",
           ^^^^^^^^^^^^^^^^^^^^^^^^^
  File "/opt/anaconda3/lib/python3.12/site-packages/kiteconnect/connect.py", line 865, in _post
    return self._request(route, "POST", url_args=url_args, params=params, is_json=is_json, query_params=query_params)
           ^^^^^^^^^^^^^^^^^^^^^^^^^^^^^^^^^^^^^^^^^^^^^^^^^^^^^^^^^^^^^^^^^^^^^^^^^^^^^^^^^^^^^^^^^^^^^^^^^^^^^^^^^^
  File "/opt/anaconda3/lib/python3.12/site-packages/kiteconnect/connect.py", line 937, in _request
    raise exp(data["message"], code=r.status_code)
kiteconnect.exceptions.TokenException: Incorrect `api_key` or `access_token`.
2025-11-17 00:18:51 | ERROR    | Failed to place order for BANKNIFTY51600CE
2025-11-17 00:18:51 | WARNING  | BUY legs failed for lot_size=4
2025-11-17 00:18:52 | ERROR    | Error exiting partial positions: Incorrect `api_key` or `access_token`.
Traceback (most recent call last):
  File "/Users/rohan/Downloads/Vridhi_Capital_Trading_System/src/trading_system/oms/order_manager.py", line 822, in _exit_partial_positions
    return 0, 0.0
                  
  File "/opt/anaconda3/lib/python3.12/site-packages/kiteconnect/connect.py", line 445, in positions
    return self._get("portfolio.positions")
           ^^^^^^^^^^^^^^^^^^^^^^^^^^^^^^^^
  File "/opt/anaconda3/lib/python3.12/site-packages/kiteconnect/connect.py", line 861, in _get
    return self._request(route, "GET", url_args=url_args, params=params, is_json=is_json)
           ^^^^^^^^^^^^^^^^^^^^^^^^^^^^^^^^^^^^^^^^^^^^^^^^^^^^^^^^^^^^^^^^^^^^^^^^^^^^^^
  File "/opt/anaconda3/lib/python3.12/site-packages/kiteconnect/connect.py", line 937, in _request
    raise exp(data["message"], code=r.status_code)
kiteconnect.exceptions.TokenException: Incorrect `api_key` or `access_token`.
2025-11-17 00:18:52 | DEBUG    | Executing BUY legs: 2 orders
2025-11-17 00:18:52 | ERROR    | Failed to place order: BANKNIFTY51600CE | error=Incorrect `api_key` or `access_token`.
Traceback (most recent call last):
  File "/Users/rohan/Downloads/Vridhi_Capital_Trading_System/src/trading_system/oms/order_manager.py", line 743, in _place_market_order
    order_id=fake_id,
           ^^^^^^^^^^
  File "/opt/anaconda3/lib/python3.12/site-packages/kiteconnect/connect.py", line 361, in place_order
    return self._post("order.place",
           ^^^^^^^^^^^^^^^^^^^^^^^^^
  File "/opt/anaconda3/lib/python3.12/site-packages/kiteconnect/connect.py", line 865, in _post
    return self._request(route, "POST", url_args=url_args, params=params, is_json=is_json, query_params=query_params)
           ^^^^^^^^^^^^^^^^^^^^^^^^^^^^^^^^^^^^^^^^^^^^^^^^^^^^^^^^^^^^^^^^^^^^^^^^^^^^^^^^^^^^^^^^^^^^^^^^^^^^^^^^^^
  File "/opt/anaconda3/lib/python3.12/site-packages/kiteconnect/connect.py", line 937, in _request
    raise exp(data["message"], code=r.status_code)
kiteconnect.exceptions.TokenException: Incorrect `api_key` or `access_token`.
2025-11-17 00:18:52 | ERROR    | Failed to place order for BANKNIFTY51600CE
2025-11-17 00:18:52 | WARNING  | BUY legs failed for lot_size=2
2025-11-17 00:18:52 | ERROR    | Error exiting partial positions: Incorrect `api_key` or `access_token`.
Traceback (most recent call last):
  File "/Users/rohan/Downloads/Vridhi_Capital_Trading_System/src/trading_system/oms/order_manager.py", line 822, in _exit_partial_positions
    return 0, 0.0
                  
  File "/opt/anaconda3/lib/python3.12/site-packages/kiteconnect/connect.py", line 445, in positions
    return self._get("portfolio.positions")
           ^^^^^^^^^^^^^^^^^^^^^^^^^^^^^^^^
  File "/opt/anaconda3/lib/python3.12/site-packages/kiteconnect/connect.py", line 861, in _get
    return self._request(route, "GET", url_args=url_args, params=params, is_json=is_json)
           ^^^^^^^^^^^^^^^^^^^^^^^^^^^^^^^^^^^^^^^^^^^^^^^^^^^^^^^^^^^^^^^^^^^^^^^^^^^^^^
  File "/opt/anaconda3/lib/python3.12/site-packages/kiteconnect/connect.py", line 937, in _request
    raise exp(data["message"], code=r.status_code)
kiteconnect.exceptions.TokenException: Incorrect `api_key` or `access_token`.
2025-11-17 00:18:52 | DEBUG    | Executing BUY legs: 2 orders
2025-11-17 00:18:52 | ERROR    | Failed to place order: BANKNIFTY51600CE | error=Incorrect `api_key` or `access_token`.
Traceback (most recent call last):
  File "/Users/rohan/Downloads/Vridhi_Capital_Trading_System/src/trading_system/oms/order_manager.py", line 743, in _place_market_order
    order_id=fake_id,
           ^^^^^^^^^^
  File "/opt/anaconda3/lib/python3.12/site-packages/kiteconnect/connect.py", line 361, in place_order
    return self._post("order.place",
           ^^^^^^^^^^^^^^^^^^^^^^^^^
  File "/opt/anaconda3/lib/python3.12/site-packages/kiteconnect/connect.py", line 865, in _post
    return self._request(route, "POST", url_args=url_args, params=params, is_json=is_json, query_params=query_params)
           ^^^^^^^^^^^^^^^^^^^^^^^^^^^^^^^^^^^^^^^^^^^^^^^^^^^^^^^^^^^^^^^^^^^^^^^^^^^^^^^^^^^^^^^^^^^^^^^^^^^^^^^^^^
  File "/opt/anaconda3/lib/python3.12/site-packages/kiteconnect/connect.py", line 937, in _request
    raise exp(data["message"], code=r.status_code)
kiteconnect.exceptions.TokenException: Incorrect `api_key` or `access_token`.
2025-11-17 00:18:52 | ERROR    | Failed to place order for BANKNIFTY51600CE
2025-11-17 00:18:52 | WARNING  | BUY legs failed for lot_size=1
2025-11-17 00:18:52 | ERROR    | Error exiting partial positions: Incorrect `api_key` or `access_token`.
Traceback (most recent call last):
  File "/Users/rohan/Downloads/Vridhi_Capital_Trading_System/src/trading_system/oms/order_manager.py", line 822, in _exit_partial_positions
    return 0, 0.0
                  
  File "/opt/anaconda3/lib/python3.12/site-packages/kiteconnect/connect.py", line 445, in positions
    return self._get("portfolio.positions")
           ^^^^^^^^^^^^^^^^^^^^^^^^^^^^^^^^
  File "/opt/anaconda3/lib/python3.12/site-packages/kiteconnect/connect.py", line 861, in _get
    return self._request(route, "GET", url_args=url_args, params=params, is_json=is_json)
           ^^^^^^^^^^^^^^^^^^^^^^^^^^^^^^^^^^^^^^^^^^^^^^^^^^^^^^^^^^^^^^^^^^^^^^^^^^^^^^
  File "/opt/anaconda3/lib/python3.12/site-packages/kiteconnect/connect.py", line 937, in _request
    raise exp(data["message"], code=r.status_code)
kiteconnect.exceptions.TokenException: Incorrect `api_key` or `access_token`.
2025-11-17 00:18:52 | DEBUG    | ATM strike calculated: 51600 from futures price: 51566.4
2025-11-17 00:18:52 | INFO     | 🔵 LONG Entry initiated | futures_price=51566.4 | atm_strike=51600 | hedge_strike=49600 | lot_size=8
2025-11-17 00:18:52 | DEBUG    | Executing BUY legs: 2 orders
2025-11-17 00:18:52 | ERROR    | Failed to place order: BANKNIFTY51600CE | error=Incorrect `api_key` or `access_token`.
Traceback (most recent call last):
  File "/Users/rohan/Downloads/Vridhi_Capital_Trading_System/src/trading_system/oms/order_manager.py", line 743, in _place_market_order
    order_id=fake_id,
           ^^^^^^^^^^
  File "/opt/anaconda3/lib/python3.12/site-packages/kiteconnect/connect.py", line 361, in place_order
    return self._post("order.place",
           ^^^^^^^^^^^^^^^^^^^^^^^^^
  File "/opt/anaconda3/lib/python3.12/site-packages/kiteconnect/connect.py", line 865, in _post
    return self._request(route, "POST", url_args=url_args, params=params, is_json=is_json, query_params=query_params)
           ^^^^^^^^^^^^^^^^^^^^^^^^^^^^^^^^^^^^^^^^^^^^^^^^^^^^^^^^^^^^^^^^^^^^^^^^^^^^^^^^^^^^^^^^^^^^^^^^^^^^^^^^^^
  File "/opt/anaconda3/lib/python3.12/site-packages/kiteconnect/connect.py", line 937, in _request
    raise exp(data["message"], code=r.status_code)
kiteconnect.exceptions.TokenException: Incorrect `api_key` or `access_token`.
2025-11-17 00:18:52 | ERROR    | Failed to place order for BANKNIFTY51600CE
2025-11-17 00:18:52 | WARNING  | BUY legs failed for lot_size=8
2025-11-17 00:18:52 | ERROR    | Error exiting partial positions: Incorrect `api_key` or `access_token`.
Traceback (most recent call last):
  File "/Users/rohan/Downloads/Vridhi_Capital_Trading_System/src/trading_system/oms/order_manager.py", line 822, in _exit_partial_positions
    return 0, 0.0
                  
  File "/opt/anaconda3/lib/python3.12/site-packages/kiteconnect/connect.py", line 445, in positions
    return self._get("portfolio.positions")
           ^^^^^^^^^^^^^^^^^^^^^^^^^^^^^^^^
  File "/opt/anaconda3/lib/python3.12/site-packages/kiteconnect/connect.py", line 861, in _get
    return self._request(route, "GET", url_args=url_args, params=params, is_json=is_json)
           ^^^^^^^^^^^^^^^^^^^^^^^^^^^^^^^^^^^^^^^^^^^^^^^^^^^^^^^^^^^^^^^^^^^^^^^^^^^^^^
  File "/opt/anaconda3/lib/python3.12/site-packages/kiteconnect/connect.py", line 937, in _request
    raise exp(data["message"], code=r.status_code)
kiteconnect.exceptions.TokenException: Incorrect `api_key` or `access_token`.
2025-11-17 00:18:52 | DEBUG    | Executing BUY legs: 2 orders
2025-11-17 00:18:53 | ERROR    | Failed to place order: BANKNIFTY51600CE | error=Incorrect `api_key` or `access_token`.
Traceback (most recent call last):
  File "/Users/rohan/Downloads/Vridhi_Capital_Trading_System/src/trading_system/oms/order_manager.py", line 743, in _place_market_order
    order_id=fake_id,
           ^^^^^^^^^^
  File "/opt/anaconda3/lib/python3.12/site-packages/kiteconnect/connect.py", line 361, in place_order
    return self._post("order.place",
           ^^^^^^^^^^^^^^^^^^^^^^^^^
  File "/opt/anaconda3/lib/python3.12/site-packages/kiteconnect/connect.py", line 865, in _post
    return self._request(route, "POST", url_args=url_args, params=params, is_json=is_json, query_params=query_params)
           ^^^^^^^^^^^^^^^^^^^^^^^^^^^^^^^^^^^^^^^^^^^^^^^^^^^^^^^^^^^^^^^^^^^^^^^^^^^^^^^^^^^^^^^^^^^^^^^^^^^^^^^^^^
  File "/opt/anaconda3/lib/python3.12/site-packages/kiteconnect/connect.py", line 937, in _request
    raise exp(data["message"], code=r.status_code)
kiteconnect.exceptions.TokenException: Incorrect `api_key` or `access_token`.
2025-11-17 00:18:53 | ERROR    | Failed to place order for BANKNIFTY51600CE
2025-11-17 00:18:53 | WARNING  | BUY legs failed for lot_size=4
2025-11-17 00:18:53 | ERROR    | Error exiting partial positions: Incorrect `api_key` or `access_token`.
Traceback (most recent call last):
  File "/Users/rohan/Downloads/Vridhi_Capital_Trading_System/src/trading_system/oms/order_manager.py", line 822, in _exit_partial_positions
    return 0, 0.0
                  
  File "/opt/anaconda3/lib/python3.12/site-packages/kiteconnect/connect.py", line 445, in positions
    return self._get("portfolio.positions")
           ^^^^^^^^^^^^^^^^^^^^^^^^^^^^^^^^
  File "/opt/anaconda3/lib/python3.12/site-packages/kiteconnect/connect.py", line 861, in _get
    return self._request(route, "GET", url_args=url_args, params=params, is_json=is_json)
           ^^^^^^^^^^^^^^^^^^^^^^^^^^^^^^^^^^^^^^^^^^^^^^^^^^^^^^^^^^^^^^^^^^^^^^^^^^^^^^
  File "/opt/anaconda3/lib/python3.12/site-packages/kiteconnect/connect.py", line 937, in _request
    raise exp(data["message"], code=r.status_code)
kiteconnect.exceptions.TokenException: Incorrect `api_key` or `access_token`.
2025-11-17 00:18:53 | DEBUG    | Executing BUY legs: 2 orders
2025-11-17 00:18:53 | ERROR    | Failed to place order: BANKNIFTY51600CE | error=Incorrect `api_key` or `access_token`.
Traceback (most recent call last):
  File "/Users/rohan/Downloads/Vridhi_Capital_Trading_System/src/trading_system/oms/order_manager.py", line 743, in _place_market_order
    order_id=fake_id,
           ^^^^^^^^^^
  File "/opt/anaconda3/lib/python3.12/site-packages/kiteconnect/connect.py", line 361, in place_order
    return self._post("order.place",
           ^^^^^^^^^^^^^^^^^^^^^^^^^
  File "/opt/anaconda3/lib/python3.12/site-packages/kiteconnect/connect.py", line 865, in _post
    return self._request(route, "POST", url_args=url_args, params=params, is_json=is_json, query_params=query_params)
           ^^^^^^^^^^^^^^^^^^^^^^^^^^^^^^^^^^^^^^^^^^^^^^^^^^^^^^^^^^^^^^^^^^^^^^^^^^^^^^^^^^^^^^^^^^^^^^^^^^^^^^^^^^
  File "/opt/anaconda3/lib/python3.12/site-packages/kiteconnect/connect.py", line 937, in _request
    raise exp(data["message"], code=r.status_code)
kiteconnect.exceptions.TokenException: Incorrect `api_key` or `access_token`.
2025-11-17 00:18:53 | ERROR    | Failed to place order for BANKNIFTY51600CE
2025-11-17 00:18:53 | WARNING  | BUY legs failed for lot_size=2
2025-11-17 00:18:53 | ERROR    | Error exiting partial positions: Incorrect `api_key` or `access_token`.
Traceback (most recent call last):
  File "/Users/rohan/Downloads/Vridhi_Capital_Trading_System/src/trading_system/oms/order_manager.py", line 822, in _exit_partial_positions
    return 0, 0.0
                  
  File "/opt/anaconda3/lib/python3.12/site-packages/kiteconnect/connect.py", line 445, in positions
    return self._get("portfolio.positions")
           ^^^^^^^^^^^^^^^^^^^^^^^^^^^^^^^^
  File "/opt/anaconda3/lib/python3.12/site-packages/kiteconnect/connect.py", line 861, in _get
    return self._request(route, "GET", url_args=url_args, params=params, is_json=is_json)
           ^^^^^^^^^^^^^^^^^^^^^^^^^^^^^^^^^^^^^^^^^^^^^^^^^^^^^^^^^^^^^^^^^^^^^^^^^^^^^^
  File "/opt/anaconda3/lib/python3.12/site-packages/kiteconnect/connect.py", line 937, in _request
    raise exp(data["message"], code=r.status_code)
kiteconnect.exceptions.TokenException: Incorrect `api_key` or `access_token`.
2025-11-17 00:18:53 | DEBUG    | Executing BUY legs: 2 orders
2025-11-17 00:18:53 | ERROR    | Failed to place order: BANKNIFTY51600CE | error=Incorrect `api_key` or `access_token`.
Traceback (most recent call last):
  File "/Users/rohan/Downloads/Vridhi_Capital_Trading_System/src/trading_system/oms/order_manager.py", line 743, in _place_market_order
    order_id=fake_id,
           ^^^^^^^^^^
  File "/opt/anaconda3/lib/python3.12/site-packages/kiteconnect/connect.py", line 361, in place_order
    return self._post("order.place",
           ^^^^^^^^^^^^^^^^^^^^^^^^^
  File "/opt/anaconda3/lib/python3.12/site-packages/kiteconnect/connect.py", line 865, in _post
    return self._request(route, "POST", url_args=url_args, params=params, is_json=is_json, query_params=query_params)
           ^^^^^^^^^^^^^^^^^^^^^^^^^^^^^^^^^^^^^^^^^^^^^^^^^^^^^^^^^^^^^^^^^^^^^^^^^^^^^^^^^^^^^^^^^^^^^^^^^^^^^^^^^^
  File "/opt/anaconda3/lib/python3.12/site-packages/kiteconnect/connect.py", line 937, in _request
    raise exp(data["message"], code=r.status_code)
kiteconnect.exceptions.TokenException: Incorrect `api_key` or `access_token`.
2025-11-17 00:18:53 | ERROR    | Failed to place order for BANKNIFTY51600CE
2025-11-17 00:18:53 | WARNING  | BUY legs failed for lot_size=1
2025-11-17 00:18:53 | ERROR    | Error exiting partial positions: Incorrect `api_key` or `access_token`.
Traceback (most recent call last):
  File "/Users/rohan/Downloads/Vridhi_Capital_Trading_System/src/trading_system/oms/order_manager.py", line 822, in _exit_partial_positions
    return 0, 0.0
                  
  File "/opt/anaconda3/lib/python3.12/site-packages/kiteconnect/connect.py", line 445, in positions
    return self._get("portfolio.positions")
           ^^^^^^^^^^^^^^^^^^^^^^^^^^^^^^^^
  File "/opt/anaconda3/lib/python3.12/site-packages/kiteconnect/connect.py", line 861, in _get
    return self._request(route, "GET", url_args=url_args, params=params, is_json=is_json)
           ^^^^^^^^^^^^^^^^^^^^^^^^^^^^^^^^^^^^^^^^^^^^^^^^^^^^^^^^^^^^^^^^^^^^^^^^^^^^^^
  File "/opt/anaconda3/lib/python3.12/site-packages/kiteconnect/connect.py", line 937, in _request
    raise exp(data["message"], code=r.status_code)
kiteconnect.exceptions.TokenException: Incorrect `api_key` or `access_token`.
2025-11-17 00:20:53 | DEBUG    | ATM strike calculated: 51600 from futures price: 51614.4
2025-11-17 00:20:53 | INFO     | 🔵 LONG Entry initiated | futures_price=51614.4 | atm_strike=51600 | hedge_strike=49600 | lot_size=8
2025-11-17 00:20:53 | DEBUG    | Executing BUY legs: 2 orders
2025-11-17 00:20:54 | ERROR    | Failed to place order: BANKNIFTY51600CE | error=Incorrect `api_key` or `access_token`.
Traceback (most recent call last):
  File "/Users/rohan/Downloads/Vridhi_Capital_Trading_System/src/trading_system/oms/order_manager.py", line 743, in _place_market_order
    order_id=fake_id,
           ^^^^^^^^^^
  File "/opt/anaconda3/lib/python3.12/site-packages/kiteconnect/connect.py", line 361, in place_order
    return self._post("order.place",
           ^^^^^^^^^^^^^^^^^^^^^^^^^
  File "/opt/anaconda3/lib/python3.12/site-packages/kiteconnect/connect.py", line 865, in _post
    return self._request(route, "POST", url_args=url_args, params=params, is_json=is_json, query_params=query_params)
           ^^^^^^^^^^^^^^^^^^^^^^^^^^^^^^^^^^^^^^^^^^^^^^^^^^^^^^^^^^^^^^^^^^^^^^^^^^^^^^^^^^^^^^^^^^^^^^^^^^^^^^^^^^
  File "/opt/anaconda3/lib/python3.12/site-packages/kiteconnect/connect.py", line 937, in _request
    raise exp(data["message"], code=r.status_code)
kiteconnect.exceptions.TokenException: Incorrect `api_key` or `access_token`.
2025-11-17 00:20:54 | ERROR    | Failed to place order for BANKNIFTY51600CE
2025-11-17 00:20:54 | WARNING  | BUY legs failed for lot_size=8
2025-11-17 00:20:54 | ERROR    | Error exiting partial positions: Incorrect `api_key` or `access_token`.
Traceback (most recent call last):
  File "/Users/rohan/Downloads/Vridhi_Capital_Trading_System/src/trading_system/oms/order_manager.py", line 822, in _exit_partial_positions
    return 0, 0.0
                  
  File "/opt/anaconda3/lib/python3.12/site-packages/kiteconnect/connect.py", line 445, in positions
    return self._get("portfolio.positions")
           ^^^^^^^^^^^^^^^^^^^^^^^^^^^^^^^^
  File "/opt/anaconda3/lib/python3.12/site-packages/kiteconnect/connect.py", line 861, in _get
    return self._request(route, "GET", url_args=url_args, params=params, is_json=is_json)
           ^^^^^^^^^^^^^^^^^^^^^^^^^^^^^^^^^^^^^^^^^^^^^^^^^^^^^^^^^^^^^^^^^^^^^^^^^^^^^^
  File "/opt/anaconda3/lib/python3.12/site-packages/kiteconnect/connect.py", line 937, in _request
    raise exp(data["message"], code=r.status_code)
kiteconnect.exceptions.TokenException: Incorrect `api_key` or `access_token`.
2025-11-17 00:20:54 | DEBUG    | Executing BUY legs: 2 orders
2025-11-17 00:20:54 | ERROR    | Failed to place order: BANKNIFTY51600CE | error=Incorrect `api_key` or `access_token`.
Traceback (most recent call last):
  File "/Users/rohan/Downloads/Vridhi_Capital_Trading_System/src/trading_system/oms/order_manager.py", line 743, in _place_market_order
    order_id=fake_id,
           ^^^^^^^^^^
  File "/opt/anaconda3/lib/python3.12/site-packages/kiteconnect/connect.py", line 361, in place_order
    return self._post("order.place",
           ^^^^^^^^^^^^^^^^^^^^^^^^^
  File "/opt/anaconda3/lib/python3.12/site-packages/kiteconnect/connect.py", line 865, in _post
    return self._request(route, "POST", url_args=url_args, params=params, is_json=is_json, query_params=query_params)
           ^^^^^^^^^^^^^^^^^^^^^^^^^^^^^^^^^^^^^^^^^^^^^^^^^^^^^^^^^^^^^^^^^^^^^^^^^^^^^^^^^^^^^^^^^^^^^^^^^^^^^^^^^^
  File "/opt/anaconda3/lib/python3.12/site-packages/kiteconnect/connect.py", line 937, in _request
    raise exp(data["message"], code=r.status_code)
kiteconnect.exceptions.TokenException: Incorrect `api_key` or `access_token`.
2025-11-17 00:20:54 | ERROR    | Failed to place order for BANKNIFTY51600CE
2025-11-17 00:20:54 | WARNING  | BUY legs failed for lot_size=4
2025-11-17 00:20:54 | ERROR    | Error exiting partial positions: Incorrect `api_key` or `access_token`.
Traceback (most recent call last):
  File "/Users/rohan/Downloads/Vridhi_Capital_Trading_System/src/trading_system/oms/order_manager.py", line 822, in _exit_partial_positions
    return 0, 0.0
                  
  File "/opt/anaconda3/lib/python3.12/site-packages/kiteconnect/connect.py", line 445, in positions
    return self._get("portfolio.positions")
           ^^^^^^^^^^^^^^^^^^^^^^^^^^^^^^^^
  File "/opt/anaconda3/lib/python3.12/site-packages/kiteconnect/connect.py", line 861, in _get
    return self._request(route, "GET", url_args=url_args, params=params, is_json=is_json)
           ^^^^^^^^^^^^^^^^^^^^^^^^^^^^^^^^^^^^^^^^^^^^^^^^^^^^^^^^^^^^^^^^^^^^^^^^^^^^^^
  File "/opt/anaconda3/lib/python3.12/site-packages/kiteconnect/connect.py", line 937, in _request
    raise exp(data["message"], code=r.status_code)
kiteconnect.exceptions.TokenException: Incorrect `api_key` or `access_token`.
2025-11-17 00:20:54 | DEBUG    | Executing BUY legs: 2 orders
2025-11-17 00:20:55 | ERROR    | Failed to place order: BANKNIFTY51600CE | error=Incorrect `api_key` or `access_token`.
Traceback (most recent call last):
  File "/Users/rohan/Downloads/Vridhi_Capital_Trading_System/src/trading_system/oms/order_manager.py", line 743, in _place_market_order
    order_id=fake_id,
           ^^^^^^^^^^
  File "/opt/anaconda3/lib/python3.12/site-packages/kiteconnect/connect.py", line 361, in place_order
    return self._post("order.place",
           ^^^^^^^^^^^^^^^^^^^^^^^^^
  File "/opt/anaconda3/lib/python3.12/site-packages/kiteconnect/connect.py", line 865, in _post
    return self._request(route, "POST", url_args=url_args, params=params, is_json=is_json, query_params=query_params)
           ^^^^^^^^^^^^^^^^^^^^^^^^^^^^^^^^^^^^^^^^^^^^^^^^^^^^^^^^^^^^^^^^^^^^^^^^^^^^^^^^^^^^^^^^^^^^^^^^^^^^^^^^^^
  File "/opt/anaconda3/lib/python3.12/site-packages/kiteconnect/connect.py", line 937, in _request
    raise exp(data["message"], code=r.status_code)
kiteconnect.exceptions.TokenException: Incorrect `api_key` or `access_token`.
2025-11-17 00:20:55 | ERROR    | Failed to place order for BANKNIFTY51600CE
2025-11-17 00:20:55 | WARNING  | BUY legs failed for lot_size=2
2025-11-17 00:20:55 | ERROR    | Error exiting partial positions: Incorrect `api_key` or `access_token`.
Traceback (most recent call last):
  File "/Users/rohan/Downloads/Vridhi_Capital_Trading_System/src/trading_system/oms/order_manager.py", line 822, in _exit_partial_positions
    return 0, 0.0
                  
  File "/opt/anaconda3/lib/python3.12/site-packages/kiteconnect/connect.py", line 445, in positions
    return self._get("portfolio.positions")
           ^^^^^^^^^^^^^^^^^^^^^^^^^^^^^^^^
  File "/opt/anaconda3/lib/python3.12/site-packages/kiteconnect/connect.py", line 861, in _get
    return self._request(route, "GET", url_args=url_args, params=params, is_json=is_json)
           ^^^^^^^^^^^^^^^^^^^^^^^^^^^^^^^^^^^^^^^^^^^^^^^^^^^^^^^^^^^^^^^^^^^^^^^^^^^^^^
  File "/opt/anaconda3/lib/python3.12/site-packages/kiteconnect/connect.py", line 937, in _request
    raise exp(data["message"], code=r.status_code)
kiteconnect.exceptions.TokenException: Incorrect `api_key` or `access_token`.
2025-11-17 00:20:55 | DEBUG    | Executing BUY legs: 2 orders
2025-11-17 00:20:55 | ERROR    | Failed to place order: BANKNIFTY51600CE | error=Incorrect `api_key` or `access_token`.
Traceback (most recent call last):
  File "/Users/rohan/Downloads/Vridhi_Capital_Trading_System/src/trading_system/oms/order_manager.py", line 743, in _place_market_order
    order_id=fake_id,
           ^^^^^^^^^^
  File "/opt/anaconda3/lib/python3.12/site-packages/kiteconnect/connect.py", line 361, in place_order
    return self._post("order.place",
           ^^^^^^^^^^^^^^^^^^^^^^^^^
  File "/opt/anaconda3/lib/python3.12/site-packages/kiteconnect/connect.py", line 865, in _post
    return self._request(route, "POST", url_args=url_args, params=params, is_json=is_json, query_params=query_params)
           ^^^^^^^^^^^^^^^^^^^^^^^^^^^^^^^^^^^^^^^^^^^^^^^^^^^^^^^^^^^^^^^^^^^^^^^^^^^^^^^^^^^^^^^^^^^^^^^^^^^^^^^^^^
  File "/opt/anaconda3/lib/python3.12/site-packages/kiteconnect/connect.py", line 937, in _request
    raise exp(data["message"], code=r.status_code)
kiteconnect.exceptions.TokenException: Incorrect `api_key` or `access_token`.
2025-11-17 00:20:55 | ERROR    | Failed to place order for BANKNIFTY51600CE
2025-11-17 00:20:55 | WARNING  | BUY legs failed for lot_size=1
2025-11-17 00:20:55 | ERROR    | Error exiting partial positions: Incorrect `api_key` or `access_token`.
Traceback (most recent call last):
  File "/Users/rohan/Downloads/Vridhi_Capital_Trading_System/src/trading_system/oms/order_manager.py", line 822, in _exit_partial_positions
    return 0, 0.0
                  
  File "/opt/anaconda3/lib/python3.12/site-packages/kiteconnect/connect.py", line 445, in positions
    return self._get("portfolio.positions")
           ^^^^^^^^^^^^^^^^^^^^^^^^^^^^^^^^
  File "/opt/anaconda3/lib/python3.12/site-packages/kiteconnect/connect.py", line 861, in _get
    return self._request(route, "GET", url_args=url_args, params=params, is_json=is_json)
           ^^^^^^^^^^^^^^^^^^^^^^^^^^^^^^^^^^^^^^^^^^^^^^^^^^^^^^^^^^^^^^^^^^^^^^^^^^^^^^
  File "/opt/anaconda3/lib/python3.12/site-packages/kiteconnect/connect.py", line 937, in _request
    raise exp(data["message"], code=r.status_code)
kiteconnect.exceptions.TokenException: Incorrect `api_key` or `access_token`.
2025-11-17 00:20:55 | DEBUG    | ATM strike calculated: 51600 from futures price: 51614.4
2025-11-17 00:20:55 | INFO     | 🔵 LONG Entry initiated | futures_price=51614.4 | atm_strike=51600 | hedge_strike=49600 | lot_size=8
2025-11-17 00:20:55 | DEBUG    | Executing BUY legs: 2 orders
2025-11-17 00:20:55 | ERROR    | Failed to place order: BANKNIFTY51600CE | error=Incorrect `api_key` or `access_token`.
Traceback (most recent call last):
  File "/Users/rohan/Downloads/Vridhi_Capital_Trading_System/src/trading_system/oms/order_manager.py", line 743, in _place_market_order
    order_id=fake_id,
           ^^^^^^^^^^
  File "/opt/anaconda3/lib/python3.12/site-packages/kiteconnect/connect.py", line 361, in place_order
    return self._post("order.place",
           ^^^^^^^^^^^^^^^^^^^^^^^^^
  File "/opt/anaconda3/lib/python3.12/site-packages/kiteconnect/connect.py", line 865, in _post
    return self._request(route, "POST", url_args=url_args, params=params, is_json=is_json, query_params=query_params)
           ^^^^^^^^^^^^^^^^^^^^^^^^^^^^^^^^^^^^^^^^^^^^^^^^^^^^^^^^^^^^^^^^^^^^^^^^^^^^^^^^^^^^^^^^^^^^^^^^^^^^^^^^^^
  File "/opt/anaconda3/lib/python3.12/site-packages/kiteconnect/connect.py", line 937, in _request
    raise exp(data["message"], code=r.status_code)
kiteconnect.exceptions.TokenException: Incorrect `api_key` or `access_token`.
2025-11-17 00:20:55 | ERROR    | Failed to place order for BANKNIFTY51600CE
2025-11-17 00:20:55 | WARNING  | BUY legs failed for lot_size=8
2025-11-17 00:20:55 | ERROR    | Error exiting partial positions: Incorrect `api_key` or `access_token`.
Traceback (most recent call last):
  File "/Users/rohan/Downloads/Vridhi_Capital_Trading_System/src/trading_system/oms/order_manager.py", line 822, in _exit_partial_positions
    return 0, 0.0
                  
  File "/opt/anaconda3/lib/python3.12/site-packages/kiteconnect/connect.py", line 445, in positions
    return self._get("portfolio.positions")
           ^^^^^^^^^^^^^^^^^^^^^^^^^^^^^^^^
  File "/opt/anaconda3/lib/python3.12/site-packages/kiteconnect/connect.py", line 861, in _get
    return self._request(route, "GET", url_args=url_args, params=params, is_json=is_json)
           ^^^^^^^^^^^^^^^^^^^^^^^^^^^^^^^^^^^^^^^^^^^^^^^^^^^^^^^^^^^^^^^^^^^^^^^^^^^^^^
  File "/opt/anaconda3/lib/python3.12/site-packages/kiteconnect/connect.py", line 937, in _request
    raise exp(data["message"], code=r.status_code)
kiteconnect.exceptions.TokenException: Incorrect `api_key` or `access_token`.
2025-11-17 00:20:55 | DEBUG    | Executing BUY legs: 2 orders
2025-11-17 00:20:55 | ERROR    | Failed to place order: BANKNIFTY51600CE | error=Incorrect `api_key` or `access_token`.
Traceback (most recent call last):
  File "/Users/rohan/Downloads/Vridhi_Capital_Trading_System/src/trading_system/oms/order_manager.py", line 743, in _place_market_order
    order_id=fake_id,
           ^^^^^^^^^^
  File "/opt/anaconda3/lib/python3.12/site-packages/kiteconnect/connect.py", line 361, in place_order
    return self._post("order.place",
           ^^^^^^^^^^^^^^^^^^^^^^^^^
  File "/opt/anaconda3/lib/python3.12/site-packages/kiteconnect/connect.py", line 865, in _post
    return self._request(route, "POST", url_args=url_args, params=params, is_json=is_json, query_params=query_params)
           ^^^^^^^^^^^^^^^^^^^^^^^^^^^^^^^^^^^^^^^^^^^^^^^^^^^^^^^^^^^^^^^^^^^^^^^^^^^^^^^^^^^^^^^^^^^^^^^^^^^^^^^^^^
  File "/opt/anaconda3/lib/python3.12/site-packages/kiteconnect/connect.py", line 937, in _request
    raise exp(data["message"], code=r.status_code)
kiteconnect.exceptions.TokenException: Incorrect `api_key` or `access_token`.
2025-11-17 00:20:55 | ERROR    | Failed to place order for BANKNIFTY51600CE
2025-11-17 00:20:55 | WARNING  | BUY legs failed for lot_size=4
2025-11-17 00:20:55 | ERROR    | Error exiting partial positions: Incorrect `api_key` or `access_token`.
Traceback (most recent call last):
  File "/Users/rohan/Downloads/Vridhi_Capital_Trading_System/src/trading_system/oms/order_manager.py", line 822, in _exit_partial_positions
    return 0, 0.0
                  
  File "/opt/anaconda3/lib/python3.12/site-packages/kiteconnect/connect.py", line 445, in positions
    return self._get("portfolio.positions")
           ^^^^^^^^^^^^^^^^^^^^^^^^^^^^^^^^
  File "/opt/anaconda3/lib/python3.12/site-packages/kiteconnect/connect.py", line 861, in _get
    return self._request(route, "GET", url_args=url_args, params=params, is_json=is_json)
           ^^^^^^^^^^^^^^^^^^^^^^^^^^^^^^^^^^^^^^^^^^^^^^^^^^^^^^^^^^^^^^^^^^^^^^^^^^^^^^
  File "/opt/anaconda3/lib/python3.12/site-packages/kiteconnect/connect.py", line 937, in _request
    raise exp(data["message"], code=r.status_code)
kiteconnect.exceptions.TokenException: Incorrect `api_key` or `access_token`.
2025-11-17 00:20:55 | DEBUG    | Executing BUY legs: 2 orders
2025-11-17 00:20:56 | ERROR    | Failed to place order: BANKNIFTY51600CE | error=Incorrect `api_key` or `access_token`.
Traceback (most recent call last):
  File "/Users/rohan/Downloads/Vridhi_Capital_Trading_System/src/trading_system/oms/order_manager.py", line 743, in _place_market_order
    order_id=fake_id,
           ^^^^^^^^^^
  File "/opt/anaconda3/lib/python3.12/site-packages/kiteconnect/connect.py", line 361, in place_order
    return self._post("order.place",
           ^^^^^^^^^^^^^^^^^^^^^^^^^
  File "/opt/anaconda3/lib/python3.12/site-packages/kiteconnect/connect.py", line 865, in _post
    return self._request(route, "POST", url_args=url_args, params=params, is_json=is_json, query_params=query_params)
           ^^^^^^^^^^^^^^^^^^^^^^^^^^^^^^^^^^^^^^^^^^^^^^^^^^^^^^^^^^^^^^^^^^^^^^^^^^^^^^^^^^^^^^^^^^^^^^^^^^^^^^^^^^
  File "/opt/anaconda3/lib/python3.12/site-packages/kiteconnect/connect.py", line 937, in _request
    raise exp(data["message"], code=r.status_code)
kiteconnect.exceptions.TokenException: Incorrect `api_key` or `access_token`.
2025-11-17 00:20:56 | ERROR    | Failed to place order for BANKNIFTY51600CE
2025-11-17 00:20:56 | WARNING  | BUY legs failed for lot_size=2
2025-11-17 00:20:56 | ERROR    | Error exiting partial positions: Incorrect `api_key` or `access_token`.
Traceback (most recent call last):
  File "/Users/rohan/Downloads/Vridhi_Capital_Trading_System/src/trading_system/oms/order_manager.py", line 822, in _exit_partial_positions
    return 0, 0.0
                  
  File "/opt/anaconda3/lib/python3.12/site-packages/kiteconnect/connect.py", line 445, in positions
    return self._get("portfolio.positions")
           ^^^^^^^^^^^^^^^^^^^^^^^^^^^^^^^^
  File "/opt/anaconda3/lib/python3.12/site-packages/kiteconnect/connect.py", line 861, in _get
    return self._request(route, "GET", url_args=url_args, params=params, is_json=is_json)
           ^^^^^^^^^^^^^^^^^^^^^^^^^^^^^^^^^^^^^^^^^^^^^^^^^^^^^^^^^^^^^^^^^^^^^^^^^^^^^^
  File "/opt/anaconda3/lib/python3.12/site-packages/kiteconnect/connect.py", line 937, in _request
    raise exp(data["message"], code=r.status_code)
kiteconnect.exceptions.TokenException: Incorrect `api_key` or `access_token`.
2025-11-17 00:20:56 | DEBUG    | Executing BUY legs: 2 orders
2025-11-17 00:20:56 | ERROR    | Failed to place order: BANKNIFTY51600CE | error=Incorrect `api_key` or `access_token`.
Traceback (most recent call last):
  File "/Users/rohan/Downloads/Vridhi_Capital_Trading_System/src/trading_system/oms/order_manager.py", line 743, in _place_market_order
    order_id=fake_id,
           ^^^^^^^^^^
  File "/opt/anaconda3/lib/python3.12/site-packages/kiteconnect/connect.py", line 361, in place_order
    return self._post("order.place",
           ^^^^^^^^^^^^^^^^^^^^^^^^^
  File "/opt/anaconda3/lib/python3.12/site-packages/kiteconnect/connect.py", line 865, in _post
    return self._request(route, "POST", url_args=url_args, params=params, is_json=is_json, query_params=query_params)
           ^^^^^^^^^^^^^^^^^^^^^^^^^^^^^^^^^^^^^^^^^^^^^^^^^^^^^^^^^^^^^^^^^^^^^^^^^^^^^^^^^^^^^^^^^^^^^^^^^^^^^^^^^^
  File "/opt/anaconda3/lib/python3.12/site-packages/kiteconnect/connect.py", line 937, in _request
    raise exp(data["message"], code=r.status_code)
kiteconnect.exceptions.TokenException: Incorrect `api_key` or `access_token`.
2025-11-17 00:20:56 | ERROR    | Failed to place order for BANKNIFTY51600CE
2025-11-17 00:20:56 | WARNING  | BUY legs failed for lot_size=1
2025-11-17 00:20:56 | ERROR    | Error exiting partial positions: Incorrect `api_key` or `access_token`.
Traceback (most recent call last):
  File "/Users/rohan/Downloads/Vridhi_Capital_Trading_System/src/trading_system/oms/order_manager.py", line 822, in _exit_partial_positions
    return 0, 0.0
                  
  File "/opt/anaconda3/lib/python3.12/site-packages/kiteconnect/connect.py", line 445, in positions
    return self._get("portfolio.positions")
           ^^^^^^^^^^^^^^^^^^^^^^^^^^^^^^^^
  File "/opt/anaconda3/lib/python3.12/site-packages/kiteconnect/connect.py", line 861, in _get
    return self._request(route, "GET", url_args=url_args, params=params, is_json=is_json)
           ^^^^^^^^^^^^^^^^^^^^^^^^^^^^^^^^^^^^^^^^^^^^^^^^^^^^^^^^^^^^^^^^^^^^^^^^^^^^^^
  File "/opt/anaconda3/lib/python3.12/site-packages/kiteconnect/connect.py", line 937, in _request
    raise exp(data["message"], code=r.status_code)
kiteconnect.exceptions.TokenException: Incorrect `api_key` or `access_token`.
2025-11-17 00:22:56 | DEBUG    | ATM strike calculated: 51500 from futures price: 51533.0
2025-11-17 00:22:56 | INFO     | 🔴 SHORT Entry initiated | futures_price=51533.0 | atm_strike=51500 | hedge_strike=53500 | lot_size=8
2025-11-17 00:22:56 | DEBUG    | Executing BUY legs: 2 orders
2025-11-17 00:22:56 | ERROR    | Failed to place order: BANKNIFTY51500PE | error=Incorrect `api_key` or `access_token`.
Traceback (most recent call last):
  File "/Users/rohan/Downloads/Vridhi_Capital_Trading_System/src/trading_system/oms/order_manager.py", line 743, in _place_market_order
    order_id=fake_id,
           ^^^^^^^^^^
  File "/opt/anaconda3/lib/python3.12/site-packages/kiteconnect/connect.py", line 361, in place_order
    return self._post("order.place",
           ^^^^^^^^^^^^^^^^^^^^^^^^^
  File "/opt/anaconda3/lib/python3.12/site-packages/kiteconnect/connect.py", line 865, in _post
    return self._request(route, "POST", url_args=url_args, params=params, is_json=is_json, query_params=query_params)
           ^^^^^^^^^^^^^^^^^^^^^^^^^^^^^^^^^^^^^^^^^^^^^^^^^^^^^^^^^^^^^^^^^^^^^^^^^^^^^^^^^^^^^^^^^^^^^^^^^^^^^^^^^^
  File "/opt/anaconda3/lib/python3.12/site-packages/kiteconnect/connect.py", line 937, in _request
    raise exp(data["message"], code=r.status_code)
kiteconnect.exceptions.TokenException: Incorrect `api_key` or `access_token`.
2025-11-17 00:22:56 | ERROR    | Failed to place order for BANKNIFTY51500PE
2025-11-17 00:22:56 | WARNING  | BUY legs failed for lot_size=8
2025-11-17 00:22:57 | ERROR    | Error exiting partial positions: Incorrect `api_key` or `access_token`.
Traceback (most recent call last):
  File "/Users/rohan/Downloads/Vridhi_Capital_Trading_System/src/trading_system/oms/order_manager.py", line 822, in _exit_partial_positions
    return 0, 0.0
                  
  File "/opt/anaconda3/lib/python3.12/site-packages/kiteconnect/connect.py", line 445, in positions
    return self._get("portfolio.positions")
           ^^^^^^^^^^^^^^^^^^^^^^^^^^^^^^^^
  File "/opt/anaconda3/lib/python3.12/site-packages/kiteconnect/connect.py", line 861, in _get
    return self._request(route, "GET", url_args=url_args, params=params, is_json=is_json)
           ^^^^^^^^^^^^^^^^^^^^^^^^^^^^^^^^^^^^^^^^^^^^^^^^^^^^^^^^^^^^^^^^^^^^^^^^^^^^^^
  File "/opt/anaconda3/lib/python3.12/site-packages/kiteconnect/connect.py", line 937, in _request
    raise exp(data["message"], code=r.status_code)
kiteconnect.exceptions.TokenException: Incorrect `api_key` or `access_token`.
2025-11-17 00:22:57 | DEBUG    | Executing BUY legs: 2 orders
2025-11-17 00:22:57 | ERROR    | Failed to place order: BANKNIFTY51500PE | error=Incorrect `api_key` or `access_token`.
Traceback (most recent call last):
  File "/Users/rohan/Downloads/Vridhi_Capital_Trading_System/src/trading_system/oms/order_manager.py", line 743, in _place_market_order
    order_id=fake_id,
           ^^^^^^^^^^
  File "/opt/anaconda3/lib/python3.12/site-packages/kiteconnect/connect.py", line 361, in place_order
    return self._post("order.place",
           ^^^^^^^^^^^^^^^^^^^^^^^^^
  File "/opt/anaconda3/lib/python3.12/site-packages/kiteconnect/connect.py", line 865, in _post
    return self._request(route, "POST", url_args=url_args, params=params, is_json=is_json, query_params=query_params)
           ^^^^^^^^^^^^^^^^^^^^^^^^^^^^^^^^^^^^^^^^^^^^^^^^^^^^^^^^^^^^^^^^^^^^^^^^^^^^^^^^^^^^^^^^^^^^^^^^^^^^^^^^^^
  File "/opt/anaconda3/lib/python3.12/site-packages/kiteconnect/connect.py", line 937, in _request
    raise exp(data["message"], code=r.status_code)
kiteconnect.exceptions.TokenException: Incorrect `api_key` or `access_token`.
2025-11-17 00:22:57 | ERROR    | Failed to place order for BANKNIFTY51500PE
2025-11-17 00:22:57 | WARNING  | BUY legs failed for lot_size=4
2025-11-17 00:22:57 | ERROR    | Error exiting partial positions: Incorrect `api_key` or `access_token`.
Traceback (most recent call last):
  File "/Users/rohan/Downloads/Vridhi_Capital_Trading_System/src/trading_system/oms/order_manager.py", line 822, in _exit_partial_positions
    return 0, 0.0
                  
  File "/opt/anaconda3/lib/python3.12/site-packages/kiteconnect/connect.py", line 445, in positions
    return self._get("portfolio.positions")
           ^^^^^^^^^^^^^^^^^^^^^^^^^^^^^^^^
  File "/opt/anaconda3/lib/python3.12/site-packages/kiteconnect/connect.py", line 861, in _get
    return self._request(route, "GET", url_args=url_args, params=params, is_json=is_json)
           ^^^^^^^^^^^^^^^^^^^^^^^^^^^^^^^^^^^^^^^^^^^^^^^^^^^^^^^^^^^^^^^^^^^^^^^^^^^^^^
  File "/opt/anaconda3/lib/python3.12/site-packages/kiteconnect/connect.py", line 937, in _request
    raise exp(data["message"], code=r.status_code)
kiteconnect.exceptions.TokenException: Incorrect `api_key` or `access_token`.
2025-11-17 00:22:57 | DEBUG    | Executing BUY legs: 2 orders
2025-11-17 00:22:57 | ERROR    | Failed to place order: BANKNIFTY51500PE | error=Incorrect `api_key` or `access_token`.
Traceback (most recent call last):
  File "/Users/rohan/Downloads/Vridhi_Capital_Trading_System/src/trading_system/oms/order_manager.py", line 743, in _place_market_order
    order_id=fake_id,
           ^^^^^^^^^^
  File "/opt/anaconda3/lib/python3.12/site-packages/kiteconnect/connect.py", line 361, in place_order
    return self._post("order.place",
           ^^^^^^^^^^^^^^^^^^^^^^^^^
  File "/opt/anaconda3/lib/python3.12/site-packages/kiteconnect/connect.py", line 865, in _post
    return self._request(route, "POST", url_args=url_args, params=params, is_json=is_json, query_params=query_params)
           ^^^^^^^^^^^^^^^^^^^^^^^^^^^^^^^^^^^^^^^^^^^^^^^^^^^^^^^^^^^^^^^^^^^^^^^^^^^^^^^^^^^^^^^^^^^^^^^^^^^^^^^^^^
  File "/opt/anaconda3/lib/python3.12/site-packages/kiteconnect/connect.py", line 937, in _request
    raise exp(data["message"], code=r.status_code)
kiteconnect.exceptions.TokenException: Incorrect `api_key` or `access_token`.
2025-11-17 00:22:57 | ERROR    | Failed to place order for BANKNIFTY51500PE
2025-11-17 00:22:57 | WARNING  | BUY legs failed for lot_size=2
2025-11-17 00:22:57 | ERROR    | Error exiting partial positions: Incorrect `api_key` or `access_token`.
Traceback (most recent call last):
  File "/Users/rohan/Downloads/Vridhi_Capital_Trading_System/src/trading_system/oms/order_manager.py", line 822, in _exit_partial_positions
    return 0, 0.0
                  
  File "/opt/anaconda3/lib/python3.12/site-packages/kiteconnect/connect.py", line 445, in positions
    return self._get("portfolio.positions")
           ^^^^^^^^^^^^^^^^^^^^^^^^^^^^^^^^
  File "/opt/anaconda3/lib/python3.12/site-packages/kiteconnect/connect.py", line 861, in _get
    return self._request(route, "GET", url_args=url_args, params=params, is_json=is_json)
           ^^^^^^^^^^^^^^^^^^^^^^^^^^^^^^^^^^^^^^^^^^^^^^^^^^^^^^^^^^^^^^^^^^^^^^^^^^^^^^
  File "/opt/anaconda3/lib/python3.12/site-packages/kiteconnect/connect.py", line 937, in _request
    raise exp(data["message"], code=r.status_code)
kiteconnect.exceptions.TokenException: Incorrect `api_key` or `access_token`.
2025-11-17 00:22:57 | DEBUG    | Executing BUY legs: 2 orders
2025-11-17 00:22:58 | ERROR    | Failed to place order: BANKNIFTY51500PE | error=Incorrect `api_key` or `access_token`.
Traceback (most recent call last):
  File "/Users/rohan/Downloads/Vridhi_Capital_Trading_System/src/trading_system/oms/order_manager.py", line 743, in _place_market_order
    order_id=fake_id,
           ^^^^^^^^^^
  File "/opt/anaconda3/lib/python3.12/site-packages/kiteconnect/connect.py", line 361, in place_order
    return self._post("order.place",
           ^^^^^^^^^^^^^^^^^^^^^^^^^
  File "/opt/anaconda3/lib/python3.12/site-packages/kiteconnect/connect.py", line 865, in _post
    return self._request(route, "POST", url_args=url_args, params=params, is_json=is_json, query_params=query_params)
           ^^^^^^^^^^^^^^^^^^^^^^^^^^^^^^^^^^^^^^^^^^^^^^^^^^^^^^^^^^^^^^^^^^^^^^^^^^^^^^^^^^^^^^^^^^^^^^^^^^^^^^^^^^
  File "/opt/anaconda3/lib/python3.12/site-packages/kiteconnect/connect.py", line 937, in _request
    raise exp(data["message"], code=r.status_code)
kiteconnect.exceptions.TokenException: Incorrect `api_key` or `access_token`.
2025-11-17 00:22:58 | ERROR    | Failed to place order for BANKNIFTY51500PE
2025-11-17 00:22:58 | WARNING  | BUY legs failed for lot_size=1
2025-11-17 00:22:58 | ERROR    | Error exiting partial positions: Incorrect `api_key` or `access_token`.
Traceback (most recent call last):
  File "/Users/rohan/Downloads/Vridhi_Capital_Trading_System/src/trading_system/oms/order_manager.py", line 822, in _exit_partial_positions
    return 0, 0.0
                  
  File "/opt/anaconda3/lib/python3.12/site-packages/kiteconnect/connect.py", line 445, in positions
    return self._get("portfolio.positions")
           ^^^^^^^^^^^^^^^^^^^^^^^^^^^^^^^^
  File "/opt/anaconda3/lib/python3.12/site-packages/kiteconnect/connect.py", line 861, in _get
    return self._request(route, "GET", url_args=url_args, params=params, is_json=is_json)
           ^^^^^^^^^^^^^^^^^^^^^^^^^^^^^^^^^^^^^^^^^^^^^^^^^^^^^^^^^^^^^^^^^^^^^^^^^^^^^^
  File "/opt/anaconda3/lib/python3.12/site-packages/kiteconnect/connect.py", line 937, in _request
    raise exp(data["message"], code=r.status_code)
kiteconnect.exceptions.TokenException: Incorrect `api_key` or `access_token`.
2025-11-17 00:22:58 | DEBUG    | ATM strike calculated: 51500 from futures price: 51533.0
2025-11-17 00:22:58 | INFO     | 🔴 SHORT Entry initiated | futures_price=51533.0 | atm_strike=51500 | hedge_strike=53500 | lot_size=8
2025-11-17 00:22:58 | DEBUG    | Executing BUY legs: 2 orders
2025-11-17 00:22:58 | ERROR    | Failed to place order: BANKNIFTY51500PE | error=Incorrect `api_key` or `access_token`.
Traceback (most recent call last):
  File "/Users/rohan/Downloads/Vridhi_Capital_Trading_System/src/trading_system/oms/order_manager.py", line 743, in _place_market_order
    order_id=fake_id,
           ^^^^^^^^^^
  File "/opt/anaconda3/lib/python3.12/site-packages/kiteconnect/connect.py", line 361, in place_order
    return self._post("order.place",
           ^^^^^^^^^^^^^^^^^^^^^^^^^
  File "/opt/anaconda3/lib/python3.12/site-packages/kiteconnect/connect.py", line 865, in _post
    return self._request(route, "POST", url_args=url_args, params=params, is_json=is_json, query_params=query_params)
           ^^^^^^^^^^^^^^^^^^^^^^^^^^^^^^^^^^^^^^^^^^^^^^^^^^^^^^^^^^^^^^^^^^^^^^^^^^^^^^^^^^^^^^^^^^^^^^^^^^^^^^^^^^
  File "/opt/anaconda3/lib/python3.12/site-packages/kiteconnect/connect.py", line 937, in _request
    raise exp(data["message"], code=r.status_code)
kiteconnect.exceptions.TokenException: Incorrect `api_key` or `access_token`.
2025-11-17 00:22:58 | ERROR    | Failed to place order for BANKNIFTY51500PE
2025-11-17 00:22:58 | WARNING  | BUY legs failed for lot_size=8
2025-11-17 00:22:58 | ERROR    | Error exiting partial positions: Incorrect `api_key` or `access_token`.
Traceback (most recent call last):
  File "/Users/rohan/Downloads/Vridhi_Capital_Trading_System/src/trading_system/oms/order_manager.py", line 822, in _exit_partial_positions
    return 0, 0.0
                  
  File "/opt/anaconda3/lib/python3.12/site-packages/kiteconnect/connect.py", line 445, in positions
    return self._get("portfolio.positions")
           ^^^^^^^^^^^^^^^^^^^^^^^^^^^^^^^^
  File "/opt/anaconda3/lib/python3.12/site-packages/kiteconnect/connect.py", line 861, in _get
    return self._request(route, "GET", url_args=url_args, params=params, is_json=is_json)
           ^^^^^^^^^^^^^^^^^^^^^^^^^^^^^^^^^^^^^^^^^^^^^^^^^^^^^^^^^^^^^^^^^^^^^^^^^^^^^^
  File "/opt/anaconda3/lib/python3.12/site-packages/kiteconnect/connect.py", line 937, in _request
    raise exp(data["message"], code=r.status_code)
kiteconnect.exceptions.TokenException: Incorrect `api_key` or `access_token`.
2025-11-17 00:22:58 | DEBUG    | Executing BUY legs: 2 orders
2025-11-17 00:22:58 | ERROR    | Failed to place order: BANKNIFTY51500PE | error=Incorrect `api_key` or `access_token`.
Traceback (most recent call last):
  File "/Users/rohan/Downloads/Vridhi_Capital_Trading_System/src/trading_system/oms/order_manager.py", line 743, in _place_market_order
    order_id=fake_id,
           ^^^^^^^^^^
  File "/opt/anaconda3/lib/python3.12/site-packages/kiteconnect/connect.py", line 361, in place_order
    return self._post("order.place",
           ^^^^^^^^^^^^^^^^^^^^^^^^^
  File "/opt/anaconda3/lib/python3.12/site-packages/kiteconnect/connect.py", line 865, in _post
    return self._request(route, "POST", url_args=url_args, params=params, is_json=is_json, query_params=query_params)
           ^^^^^^^^^^^^^^^^^^^^^^^^^^^^^^^^^^^^^^^^^^^^^^^^^^^^^^^^^^^^^^^^^^^^^^^^^^^^^^^^^^^^^^^^^^^^^^^^^^^^^^^^^^
  File "/opt/anaconda3/lib/python3.12/site-packages/kiteconnect/connect.py", line 937, in _request
    raise exp(data["message"], code=r.status_code)
kiteconnect.exceptions.TokenException: Incorrect `api_key` or `access_token`.
2025-11-17 00:22:58 | ERROR    | Failed to place order for BANKNIFTY51500PE
2025-11-17 00:22:58 | WARNING  | BUY legs failed for lot_size=4
2025-11-17 00:22:58 | ERROR    | Error exiting partial positions: Incorrect `api_key` or `access_token`.
Traceback (most recent call last):
  File "/Users/rohan/Downloads/Vridhi_Capital_Trading_System/src/trading_system/oms/order_manager.py", line 822, in _exit_partial_positions
    return 0, 0.0
                  
  File "/opt/anaconda3/lib/python3.12/site-packages/kiteconnect/connect.py", line 445, in positions
    return self._get("portfolio.positions")
           ^^^^^^^^^^^^^^^^^^^^^^^^^^^^^^^^
  File "/opt/anaconda3/lib/python3.12/site-packages/kiteconnect/connect.py", line 861, in _get
    return self._request(route, "GET", url_args=url_args, params=params, is_json=is_json)
           ^^^^^^^^^^^^^^^^^^^^^^^^^^^^^^^^^^^^^^^^^^^^^^^^^^^^^^^^^^^^^^^^^^^^^^^^^^^^^^
  File "/opt/anaconda3/lib/python3.12/site-packages/kiteconnect/connect.py", line 937, in _request
    raise exp(data["message"], code=r.status_code)
kiteconnect.exceptions.TokenException: Incorrect `api_key` or `access_token`.
2025-11-17 00:22:58 | DEBUG    | Executing BUY legs: 2 orders
2025-11-17 00:22:58 | ERROR    | Failed to place order: BANKNIFTY51500PE | error=Incorrect `api_key` or `access_token`.
Traceback (most recent call last):
  File "/Users/rohan/Downloads/Vridhi_Capital_Trading_System/src/trading_system/oms/order_manager.py", line 743, in _place_market_order
    order_id=fake_id,
           ^^^^^^^^^^
  File "/opt/anaconda3/lib/python3.12/site-packages/kiteconnect/connect.py", line 361, in place_order
    return self._post("order.place",
           ^^^^^^^^^^^^^^^^^^^^^^^^^
  File "/opt/anaconda3/lib/python3.12/site-packages/kiteconnect/connect.py", line 865, in _post
    return self._request(route, "POST", url_args=url_args, params=params, is_json=is_json, query_params=query_params)
           ^^^^^^^^^^^^^^^^^^^^^^^^^^^^^^^^^^^^^^^^^^^^^^^^^^^^^^^^^^^^^^^^^^^^^^^^^^^^^^^^^^^^^^^^^^^^^^^^^^^^^^^^^^
  File "/opt/anaconda3/lib/python3.12/site-packages/kiteconnect/connect.py", line 937, in _request
    raise exp(data["message"], code=r.status_code)
kiteconnect.exceptions.TokenException: Incorrect `api_key` or `access_token`.
2025-11-17 00:22:58 | ERROR    | Failed to place order for BANKNIFTY51500PE
2025-11-17 00:22:58 | WARNING  | BUY legs failed for lot_size=2
2025-11-17 00:22:59 | ERROR    | Error exiting partial positions: Incorrect `api_key` or `access_token`.
Traceback (most recent call last):
  File "/Users/rohan/Downloads/Vridhi_Capital_Trading_System/src/trading_system/oms/order_manager.py", line 822, in _exit_partial_positions
    return 0, 0.0
                  
  File "/opt/anaconda3/lib/python3.12/site-packages/kiteconnect/connect.py", line 445, in positions
    return self._get("portfolio.positions")
           ^^^^^^^^^^^^^^^^^^^^^^^^^^^^^^^^
  File "/opt/anaconda3/lib/python3.12/site-packages/kiteconnect/connect.py", line 861, in _get
    return self._request(route, "GET", url_args=url_args, params=params, is_json=is_json)
           ^^^^^^^^^^^^^^^^^^^^^^^^^^^^^^^^^^^^^^^^^^^^^^^^^^^^^^^^^^^^^^^^^^^^^^^^^^^^^^
  File "/opt/anaconda3/lib/python3.12/site-packages/kiteconnect/connect.py", line 937, in _request
    raise exp(data["message"], code=r.status_code)
kiteconnect.exceptions.TokenException: Incorrect `api_key` or `access_token`.
2025-11-17 00:22:59 | DEBUG    | Executing BUY legs: 2 orders
2025-11-17 00:22:59 | ERROR    | Failed to place order: BANKNIFTY51500PE | error=Incorrect `api_key` or `access_token`.
Traceback (most recent call last):
  File "/Users/rohan/Downloads/Vridhi_Capital_Trading_System/src/trading_system/oms/order_manager.py", line 743, in _place_market_order
    order_id=fake_id,
           ^^^^^^^^^^
  File "/opt/anaconda3/lib/python3.12/site-packages/kiteconnect/connect.py", line 361, in place_order
    return self._post("order.place",
           ^^^^^^^^^^^^^^^^^^^^^^^^^
  File "/opt/anaconda3/lib/python3.12/site-packages/kiteconnect/connect.py", line 865, in _post
    return self._request(route, "POST", url_args=url_args, params=params, is_json=is_json, query_params=query_params)
           ^^^^^^^^^^^^^^^^^^^^^^^^^^^^^^^^^^^^^^^^^^^^^^^^^^^^^^^^^^^^^^^^^^^^^^^^^^^^^^^^^^^^^^^^^^^^^^^^^^^^^^^^^^
  File "/opt/anaconda3/lib/python3.12/site-packages/kiteconnect/connect.py", line 937, in _request
    raise exp(data["message"], code=r.status_code)
kiteconnect.exceptions.TokenException: Incorrect `api_key` or `access_token`.
2025-11-17 00:22:59 | ERROR    | Failed to place order for BANKNIFTY51500PE
2025-11-17 00:22:59 | WARNING  | BUY legs failed for lot_size=1
2025-11-17 00:22:59 | ERROR    | Error exiting partial positions: Incorrect `api_key` or `access_token`.
Traceback (most recent call last):
  File "/Users/rohan/Downloads/Vridhi_Capital_Trading_System/src/trading_system/oms/order_manager.py", line 822, in _exit_partial_positions
    return 0, 0.0
                  
  File "/opt/anaconda3/lib/python3.12/site-packages/kiteconnect/connect.py", line 445, in positions
    return self._get("portfolio.positions")
           ^^^^^^^^^^^^^^^^^^^^^^^^^^^^^^^^
  File "/opt/anaconda3/lib/python3.12/site-packages/kiteconnect/connect.py", line 861, in _get
    return self._request(route, "GET", url_args=url_args, params=params, is_json=is_json)
           ^^^^^^^^^^^^^^^^^^^^^^^^^^^^^^^^^^^^^^^^^^^^^^^^^^^^^^^^^^^^^^^^^^^^^^^^^^^^^^
  File "/opt/anaconda3/lib/python3.12/site-packages/kiteconnect/connect.py", line 937, in _request
    raise exp(data["message"], code=r.status_code)
kiteconnect.exceptions.TokenException: Incorrect `api_key` or `access_token`.
2025-11-17 00:24:59 | DEBUG    | ATM strike calculated: 51500 from futures price: 51478.45
2025-11-17 00:24:59 | INFO     | 🔴 SHORT Entry initiated | futures_price=51478.45 | atm_strike=51500 | hedge_strike=53500 | lot_size=8
2025-11-17 00:24:59 | DEBUG    | Executing BUY legs: 2 orders
2025-11-17 00:24:59 | ERROR    | Failed to place order: BANKNIFTY51500PE | error=Incorrect `api_key` or `access_token`.
Traceback (most recent call last):
  File "/Users/rohan/Downloads/Vridhi_Capital_Trading_System/src/trading_system/oms/order_manager.py", line 743, in _place_market_order
    order_id=fake_id,
           ^^^^^^^^^^
  File "/opt/anaconda3/lib/python3.12/site-packages/kiteconnect/connect.py", line 361, in place_order
    return self._post("order.place",
           ^^^^^^^^^^^^^^^^^^^^^^^^^
  File "/opt/anaconda3/lib/python3.12/site-packages/kiteconnect/connect.py", line 865, in _post
    return self._request(route, "POST", url_args=url_args, params=params, is_json=is_json, query_params=query_params)
           ^^^^^^^^^^^^^^^^^^^^^^^^^^^^^^^^^^^^^^^^^^^^^^^^^^^^^^^^^^^^^^^^^^^^^^^^^^^^^^^^^^^^^^^^^^^^^^^^^^^^^^^^^^
  File "/opt/anaconda3/lib/python3.12/site-packages/kiteconnect/connect.py", line 937, in _request
    raise exp(data["message"], code=r.status_code)
kiteconnect.exceptions.TokenException: Incorrect `api_key` or `access_token`.
2025-11-17 00:24:59 | ERROR    | Failed to place order for BANKNIFTY51500PE
2025-11-17 00:24:59 | WARNING  | BUY legs failed for lot_size=8
2025-11-17 00:24:59 | ERROR    | Error exiting partial positions: Incorrect `api_key` or `access_token`.
Traceback (most recent call last):
  File "/Users/rohan/Downloads/Vridhi_Capital_Trading_System/src/trading_system/oms/order_manager.py", line 822, in _exit_partial_positions
    return 0, 0.0
                  
  File "/opt/anaconda3/lib/python3.12/site-packages/kiteconnect/connect.py", line 445, in positions
    return self._get("portfolio.positions")
           ^^^^^^^^^^^^^^^^^^^^^^^^^^^^^^^^
  File "/opt/anaconda3/lib/python3.12/site-packages/kiteconnect/connect.py", line 861, in _get
    return self._request(route, "GET", url_args=url_args, params=params, is_json=is_json)
           ^^^^^^^^^^^^^^^^^^^^^^^^^^^^^^^^^^^^^^^^^^^^^^^^^^^^^^^^^^^^^^^^^^^^^^^^^^^^^^
  File "/opt/anaconda3/lib/python3.12/site-packages/kiteconnect/connect.py", line 937, in _request
    raise exp(data["message"], code=r.status_code)
kiteconnect.exceptions.TokenException: Incorrect `api_key` or `access_token`.
2025-11-17 00:24:59 | DEBUG    | Executing BUY legs: 2 orders
2025-11-17 00:25:00 | ERROR    | Failed to place order: BANKNIFTY51500PE | error=Incorrect `api_key` or `access_token`.
Traceback (most recent call last):
  File "/Users/rohan/Downloads/Vridhi_Capital_Trading_System/src/trading_system/oms/order_manager.py", line 743, in _place_market_order
    order_id=fake_id,
           ^^^^^^^^^^
  File "/opt/anaconda3/lib/python3.12/site-packages/kiteconnect/connect.py", line 361, in place_order
    return self._post("order.place",
           ^^^^^^^^^^^^^^^^^^^^^^^^^
  File "/opt/anaconda3/lib/python3.12/site-packages/kiteconnect/connect.py", line 865, in _post
    return self._request(route, "POST", url_args=url_args, params=params, is_json=is_json, query_params=query_params)
           ^^^^^^^^^^^^^^^^^^^^^^^^^^^^^^^^^^^^^^^^^^^^^^^^^^^^^^^^^^^^^^^^^^^^^^^^^^^^^^^^^^^^^^^^^^^^^^^^^^^^^^^^^^
  File "/opt/anaconda3/lib/python3.12/site-packages/kiteconnect/connect.py", line 937, in _request
    raise exp(data["message"], code=r.status_code)
kiteconnect.exceptions.TokenException: Incorrect `api_key` or `access_token`.
2025-11-17 00:25:00 | ERROR    | Failed to place order for BANKNIFTY51500PE
2025-11-17 00:25:00 | WARNING  | BUY legs failed for lot_size=4
2025-11-17 00:25:00 | ERROR    | Error exiting partial positions: Incorrect `api_key` or `access_token`.
Traceback (most recent call last):
  File "/Users/rohan/Downloads/Vridhi_Capital_Trading_System/src/trading_system/oms/order_manager.py", line 822, in _exit_partial_positions
    return 0, 0.0
                  
  File "/opt/anaconda3/lib/python3.12/site-packages/kiteconnect/connect.py", line 445, in positions
    return self._get("portfolio.positions")
           ^^^^^^^^^^^^^^^^^^^^^^^^^^^^^^^^
  File "/opt/anaconda3/lib/python3.12/site-packages/kiteconnect/connect.py", line 861, in _get
    return self._request(route, "GET", url_args=url_args, params=params, is_json=is_json)
           ^^^^^^^^^^^^^^^^^^^^^^^^^^^^^^^^^^^^^^^^^^^^^^^^^^^^^^^^^^^^^^^^^^^^^^^^^^^^^^
  File "/opt/anaconda3/lib/python3.12/site-packages/kiteconnect/connect.py", line 937, in _request
    raise exp(data["message"], code=r.status_code)
kiteconnect.exceptions.TokenException: Incorrect `api_key` or `access_token`.
2025-11-17 00:25:00 | DEBUG    | Executing BUY legs: 2 orders
2025-11-17 00:25:00 | ERROR    | Failed to place order: BANKNIFTY51500PE | error=Incorrect `api_key` or `access_token`.
Traceback (most recent call last):
  File "/Users/rohan/Downloads/Vridhi_Capital_Trading_System/src/trading_system/oms/order_manager.py", line 743, in _place_market_order
    order_id=fake_id,
           ^^^^^^^^^^
  File "/opt/anaconda3/lib/python3.12/site-packages/kiteconnect/connect.py", line 361, in place_order
    return self._post("order.place",
           ^^^^^^^^^^^^^^^^^^^^^^^^^
  File "/opt/anaconda3/lib/python3.12/site-packages/kiteconnect/connect.py", line 865, in _post
    return self._request(route, "POST", url_args=url_args, params=params, is_json=is_json, query_params=query_params)
           ^^^^^^^^^^^^^^^^^^^^^^^^^^^^^^^^^^^^^^^^^^^^^^^^^^^^^^^^^^^^^^^^^^^^^^^^^^^^^^^^^^^^^^^^^^^^^^^^^^^^^^^^^^
  File "/opt/anaconda3/lib/python3.12/site-packages/kiteconnect/connect.py", line 937, in _request
    raise exp(data["message"], code=r.status_code)
kiteconnect.exceptions.TokenException: Incorrect `api_key` or `access_token`.
2025-11-17 00:25:00 | ERROR    | Failed to place order for BANKNIFTY51500PE
2025-11-17 00:25:00 | WARNING  | BUY legs failed for lot_size=2
2025-11-17 00:25:00 | ERROR    | Error exiting partial positions: Incorrect `api_key` or `access_token`.
Traceback (most recent call last):
  File "/Users/rohan/Downloads/Vridhi_Capital_Trading_System/src/trading_system/oms/order_manager.py", line 822, in _exit_partial_positions
    return 0, 0.0
                  
  File "/opt/anaconda3/lib/python3.12/site-packages/kiteconnect/connect.py", line 445, in positions
    return self._get("portfolio.positions")
           ^^^^^^^^^^^^^^^^^^^^^^^^^^^^^^^^
  File "/opt/anaconda3/lib/python3.12/site-packages/kiteconnect/connect.py", line 861, in _get
    return self._request(route, "GET", url_args=url_args, params=params, is_json=is_json)
           ^^^^^^^^^^^^^^^^^^^^^^^^^^^^^^^^^^^^^^^^^^^^^^^^^^^^^^^^^^^^^^^^^^^^^^^^^^^^^^
  File "/opt/anaconda3/lib/python3.12/site-packages/kiteconnect/connect.py", line 937, in _request
    raise exp(data["message"], code=r.status_code)
kiteconnect.exceptions.TokenException: Incorrect `api_key` or `access_token`.
2025-11-17 00:25:00 | DEBUG    | Executing BUY legs: 2 orders
2025-11-17 00:25:00 | ERROR    | Failed to place order: BANKNIFTY51500PE | error=Incorrect `api_key` or `access_token`.
Traceback (most recent call last):
  File "/Users/rohan/Downloads/Vridhi_Capital_Trading_System/src/trading_system/oms/order_manager.py", line 743, in _place_market_order
    order_id=fake_id,
           ^^^^^^^^^^
  File "/opt/anaconda3/lib/python3.12/site-packages/kiteconnect/connect.py", line 361, in place_order
    return self._post("order.place",
           ^^^^^^^^^^^^^^^^^^^^^^^^^
  File "/opt/anaconda3/lib/python3.12/site-packages/kiteconnect/connect.py", line 865, in _post
    return self._request(route, "POST", url_args=url_args, params=params, is_json=is_json, query_params=query_params)
           ^^^^^^^^^^^^^^^^^^^^^^^^^^^^^^^^^^^^^^^^^^^^^^^^^^^^^^^^^^^^^^^^^^^^^^^^^^^^^^^^^^^^^^^^^^^^^^^^^^^^^^^^^^
  File "/opt/anaconda3/lib/python3.12/site-packages/kiteconnect/connect.py", line 937, in _request
    raise exp(data["message"], code=r.status_code)
kiteconnect.exceptions.TokenException: Incorrect `api_key` or `access_token`.
2025-11-17 00:25:00 | ERROR    | Failed to place order for BANKNIFTY51500PE
2025-11-17 00:25:00 | WARNING  | BUY legs failed for lot_size=1
2025-11-17 00:25:00 | ERROR    | Error exiting partial positions: Incorrect `api_key` or `access_token`.
Traceback (most recent call last):
  File "/Users/rohan/Downloads/Vridhi_Capital_Trading_System/src/trading_system/oms/order_manager.py", line 822, in _exit_partial_positions
    return 0, 0.0
                  
  File "/opt/anaconda3/lib/python3.12/site-packages/kiteconnect/connect.py", line 445, in positions
    return self._get("portfolio.positions")
           ^^^^^^^^^^^^^^^^^^^^^^^^^^^^^^^^
  File "/opt/anaconda3/lib/python3.12/site-packages/kiteconnect/connect.py", line 861, in _get
    return self._request(route, "GET", url_args=url_args, params=params, is_json=is_json)
           ^^^^^^^^^^^^^^^^^^^^^^^^^^^^^^^^^^^^^^^^^^^^^^^^^^^^^^^^^^^^^^^^^^^^^^^^^^^^^^
  File "/opt/anaconda3/lib/python3.12/site-packages/kiteconnect/connect.py", line 937, in _request
    raise exp(data["message"], code=r.status_code)
kiteconnect.exceptions.TokenException: Incorrect `api_key` or `access_token`.
2025-11-17 00:25:00 | DEBUG    | ATM strike calculated: 51500 from futures price: 51478.45
2025-11-17 00:25:00 | INFO     | 🔴 SHORT Entry initiated | futures_price=51478.45 | atm_strike=51500 | hedge_strike=53500 | lot_size=8
2025-11-17 00:25:00 | DEBUG    | Executing BUY legs: 2 orders
2025-11-17 00:25:01 | ERROR    | Failed to place order: BANKNIFTY51500PE | error=Incorrect `api_key` or `access_token`.
Traceback (most recent call last):
  File "/Users/rohan/Downloads/Vridhi_Capital_Trading_System/src/trading_system/oms/order_manager.py", line 743, in _place_market_order
    order_id=fake_id,
           ^^^^^^^^^^
  File "/opt/anaconda3/lib/python3.12/site-packages/kiteconnect/connect.py", line 361, in place_order
    return self._post("order.place",
           ^^^^^^^^^^^^^^^^^^^^^^^^^
  File "/opt/anaconda3/lib/python3.12/site-packages/kiteconnect/connect.py", line 865, in _post
    return self._request(route, "POST", url_args=url_args, params=params, is_json=is_json, query_params=query_params)
           ^^^^^^^^^^^^^^^^^^^^^^^^^^^^^^^^^^^^^^^^^^^^^^^^^^^^^^^^^^^^^^^^^^^^^^^^^^^^^^^^^^^^^^^^^^^^^^^^^^^^^^^^^^
  File "/opt/anaconda3/lib/python3.12/site-packages/kiteconnect/connect.py", line 937, in _request
    raise exp(data["message"], code=r.status_code)
kiteconnect.exceptions.TokenException: Incorrect `api_key` or `access_token`.
2025-11-17 00:25:01 | ERROR    | Failed to place order for BANKNIFTY51500PE
2025-11-17 00:25:01 | WARNING  | BUY legs failed for lot_size=8
2025-11-17 00:25:01 | ERROR    | Error exiting partial positions: Incorrect `api_key` or `access_token`.
Traceback (most recent call last):
  File "/Users/rohan/Downloads/Vridhi_Capital_Trading_System/src/trading_system/oms/order_manager.py", line 822, in _exit_partial_positions
    return 0, 0.0
                  
  File "/opt/anaconda3/lib/python3.12/site-packages/kiteconnect/connect.py", line 445, in positions
    return self._get("portfolio.positions")
           ^^^^^^^^^^^^^^^^^^^^^^^^^^^^^^^^
  File "/opt/anaconda3/lib/python3.12/site-packages/kiteconnect/connect.py", line 861, in _get
    return self._request(route, "GET", url_args=url_args, params=params, is_json=is_json)
           ^^^^^^^^^^^^^^^^^^^^^^^^^^^^^^^^^^^^^^^^^^^^^^^^^^^^^^^^^^^^^^^^^^^^^^^^^^^^^^
  File "/opt/anaconda3/lib/python3.12/site-packages/kiteconnect/connect.py", line 937, in _request
    raise exp(data["message"], code=r.status_code)
kiteconnect.exceptions.TokenException: Incorrect `api_key` or `access_token`.
2025-11-17 00:25:01 | DEBUG    | Executing BUY legs: 2 orders
2025-11-17 00:25:01 | ERROR    | Failed to place order: BANKNIFTY51500PE | error=Incorrect `api_key` or `access_token`.
Traceback (most recent call last):
  File "/Users/rohan/Downloads/Vridhi_Capital_Trading_System/src/trading_system/oms/order_manager.py", line 743, in _place_market_order
    order_id=fake_id,
           ^^^^^^^^^^
  File "/opt/anaconda3/lib/python3.12/site-packages/kiteconnect/connect.py", line 361, in place_order
    return self._post("order.place",
           ^^^^^^^^^^^^^^^^^^^^^^^^^
  File "/opt/anaconda3/lib/python3.12/site-packages/kiteconnect/connect.py", line 865, in _post
    return self._request(route, "POST", url_args=url_args, params=params, is_json=is_json, query_params=query_params)
           ^^^^^^^^^^^^^^^^^^^^^^^^^^^^^^^^^^^^^^^^^^^^^^^^^^^^^^^^^^^^^^^^^^^^^^^^^^^^^^^^^^^^^^^^^^^^^^^^^^^^^^^^^^
  File "/opt/anaconda3/lib/python3.12/site-packages/kiteconnect/connect.py", line 937, in _request
    raise exp(data["message"], code=r.status_code)
kiteconnect.exceptions.TokenException: Incorrect `api_key` or `access_token`.
2025-11-17 00:25:01 | ERROR    | Failed to place order for BANKNIFTY51500PE
2025-11-17 00:25:01 | WARNING  | BUY legs failed for lot_size=4
2025-11-17 00:25:01 | ERROR    | Error exiting partial positions: Incorrect `api_key` or `access_token`.
Traceback (most recent call last):
  File "/Users/rohan/Downloads/Vridhi_Capital_Trading_System/src/trading_system/oms/order_manager.py", line 822, in _exit_partial_positions
    return 0, 0.0
                  
  File "/opt/anaconda3/lib/python3.12/site-packages/kiteconnect/connect.py", line 445, in positions
    return self._get("portfolio.positions")
           ^^^^^^^^^^^^^^^^^^^^^^^^^^^^^^^^
  File "/opt/anaconda3/lib/python3.12/site-packages/kiteconnect/connect.py", line 861, in _get
    return self._request(route, "GET", url_args=url_args, params=params, is_json=is_json)
           ^^^^^^^^^^^^^^^^^^^^^^^^^^^^^^^^^^^^^^^^^^^^^^^^^^^^^^^^^^^^^^^^^^^^^^^^^^^^^^
  File "/opt/anaconda3/lib/python3.12/site-packages/kiteconnect/connect.py", line 937, in _request
    raise exp(data["message"], code=r.status_code)
kiteconnect.exceptions.TokenException: Incorrect `api_key` or `access_token`.
2025-11-17 00:25:01 | DEBUG    | Executing BUY legs: 2 orders
2025-11-17 00:25:01 | ERROR    | Failed to place order: BANKNIFTY51500PE | error=Incorrect `api_key` or `access_token`.
Traceback (most recent call last):
  File "/Users/rohan/Downloads/Vridhi_Capital_Trading_System/src/trading_system/oms/order_manager.py", line 743, in _place_market_order
    order_id=fake_id,
           ^^^^^^^^^^
  File "/opt/anaconda3/lib/python3.12/site-packages/kiteconnect/connect.py", line 361, in place_order
    return self._post("order.place",
           ^^^^^^^^^^^^^^^^^^^^^^^^^
  File "/opt/anaconda3/lib/python3.12/site-packages/kiteconnect/connect.py", line 865, in _post
    return self._request(route, "POST", url_args=url_args, params=params, is_json=is_json, query_params=query_params)
           ^^^^^^^^^^^^^^^^^^^^^^^^^^^^^^^^^^^^^^^^^^^^^^^^^^^^^^^^^^^^^^^^^^^^^^^^^^^^^^^^^^^^^^^^^^^^^^^^^^^^^^^^^^
  File "/opt/anaconda3/lib/python3.12/site-packages/kiteconnect/connect.py", line 937, in _request
    raise exp(data["message"], code=r.status_code)
kiteconnect.exceptions.TokenException: Incorrect `api_key` or `access_token`.
2025-11-17 00:25:01 | ERROR    | Failed to place order for BANKNIFTY51500PE
2025-11-17 00:25:01 | WARNING  | BUY legs failed for lot_size=2
2025-11-17 00:25:01 | ERROR    | Error exiting partial positions: Incorrect `api_key` or `access_token`.
Traceback (most recent call last):
  File "/Users/rohan/Downloads/Vridhi_Capital_Trading_System/src/trading_system/oms/order_manager.py", line 822, in _exit_partial_positions
    return 0, 0.0
                  
  File "/opt/anaconda3/lib/python3.12/site-packages/kiteconnect/connect.py", line 445, in positions
    return self._get("portfolio.positions")
           ^^^^^^^^^^^^^^^^^^^^^^^^^^^^^^^^
  File "/opt/anaconda3/lib/python3.12/site-packages/kiteconnect/connect.py", line 861, in _get
    return self._request(route, "GET", url_args=url_args, params=params, is_json=is_json)
           ^^^^^^^^^^^^^^^^^^^^^^^^^^^^^^^^^^^^^^^^^^^^^^^^^^^^^^^^^^^^^^^^^^^^^^^^^^^^^^
  File "/opt/anaconda3/lib/python3.12/site-packages/kiteconnect/connect.py", line 937, in _request
    raise exp(data["message"], code=r.status_code)
kiteconnect.exceptions.TokenException: Incorrect `api_key` or `access_token`.
2025-11-17 00:25:01 | DEBUG    | Executing BUY legs: 2 orders
2025-11-17 00:25:01 | ERROR    | Failed to place order: BANKNIFTY51500PE | error=Incorrect `api_key` or `access_token`.
Traceback (most recent call last):
  File "/Users/rohan/Downloads/Vridhi_Capital_Trading_System/src/trading_system/oms/order_manager.py", line 743, in _place_market_order
    order_id=fake_id,
           ^^^^^^^^^^
  File "/opt/anaconda3/lib/python3.12/site-packages/kiteconnect/connect.py", line 361, in place_order
    return self._post("order.place",
           ^^^^^^^^^^^^^^^^^^^^^^^^^
  File "/opt/anaconda3/lib/python3.12/site-packages/kiteconnect/connect.py", line 865, in _post
    return self._request(route, "POST", url_args=url_args, params=params, is_json=is_json, query_params=query_params)
           ^^^^^^^^^^^^^^^^^^^^^^^^^^^^^^^^^^^^^^^^^^^^^^^^^^^^^^^^^^^^^^^^^^^^^^^^^^^^^^^^^^^^^^^^^^^^^^^^^^^^^^^^^^
  File "/opt/anaconda3/lib/python3.12/site-packages/kiteconnect/connect.py", line 937, in _request
    raise exp(data["message"], code=r.status_code)
kiteconnect.exceptions.TokenException: Incorrect `api_key` or `access_token`.
2025-11-17 00:25:01 | ERROR    | Failed to place order for BANKNIFTY51500PE
2025-11-17 00:25:01 | WARNING  | BUY legs failed for lot_size=1
2025-11-17 00:25:02 | ERROR    | Error exiting partial positions: Incorrect `api_key` or `access_token`.
Traceback (most recent call last):
  File "/Users/rohan/Downloads/Vridhi_Capital_Trading_System/src/trading_system/oms/order_manager.py", line 822, in _exit_partial_positions
    return 0, 0.0
                  
  File "/opt/anaconda3/lib/python3.12/site-packages/kiteconnect/connect.py", line 445, in positions
    return self._get("portfolio.positions")
           ^^^^^^^^^^^^^^^^^^^^^^^^^^^^^^^^
  File "/opt/anaconda3/lib/python3.12/site-packages/kiteconnect/connect.py", line 861, in _get
    return self._request(route, "GET", url_args=url_args, params=params, is_json=is_json)
           ^^^^^^^^^^^^^^^^^^^^^^^^^^^^^^^^^^^^^^^^^^^^^^^^^^^^^^^^^^^^^^^^^^^^^^^^^^^^^^
  File "/opt/anaconda3/lib/python3.12/site-packages/kiteconnect/connect.py", line 937, in _request
    raise exp(data["message"], code=r.status_code)
kiteconnect.exceptions.TokenException: Incorrect `api_key` or `access_token`.
2025-11-17 00:27:01 | DEBUG    | ATM strike calculated: 51400 from futures price: 51412.75
2025-11-17 00:27:01 | INFO     | 🔴 SHORT Entry initiated | futures_price=51412.75 | atm_strike=51400 | hedge_strike=53400 | lot_size=8
2025-11-17 00:27:01 | DEBUG    | Executing BUY legs: 2 orders
2025-11-17 00:27:02 | ERROR    | Failed to place order: BANKNIFTY51400PE | error=Incorrect `api_key` or `access_token`.
Traceback (most recent call last):
  File "/Users/rohan/Downloads/Vridhi_Capital_Trading_System/src/trading_system/oms/order_manager.py", line 743, in _place_market_order
    order_id=fake_id,
           ^^^^^^^^^^
  File "/opt/anaconda3/lib/python3.12/site-packages/kiteconnect/connect.py", line 361, in place_order
    return self._post("order.place",
           ^^^^^^^^^^^^^^^^^^^^^^^^^
  File "/opt/anaconda3/lib/python3.12/site-packages/kiteconnect/connect.py", line 865, in _post
    return self._request(route, "POST", url_args=url_args, params=params, is_json=is_json, query_params=query_params)
           ^^^^^^^^^^^^^^^^^^^^^^^^^^^^^^^^^^^^^^^^^^^^^^^^^^^^^^^^^^^^^^^^^^^^^^^^^^^^^^^^^^^^^^^^^^^^^^^^^^^^^^^^^^
  File "/opt/anaconda3/lib/python3.12/site-packages/kiteconnect/connect.py", line 937, in _request
    raise exp(data["message"], code=r.status_code)
kiteconnect.exceptions.TokenException: Incorrect `api_key` or `access_token`.
2025-11-17 00:27:02 | ERROR    | Failed to place order for BANKNIFTY51400PE
2025-11-17 00:27:02 | WARNING  | BUY legs failed for lot_size=8
2025-11-17 00:27:02 | ERROR    | Error exiting partial positions: Incorrect `api_key` or `access_token`.
Traceback (most recent call last):
  File "/Users/rohan/Downloads/Vridhi_Capital_Trading_System/src/trading_system/oms/order_manager.py", line 822, in _exit_partial_positions
    return 0, 0.0
                  
  File "/opt/anaconda3/lib/python3.12/site-packages/kiteconnect/connect.py", line 445, in positions
    return self._get("portfolio.positions")
           ^^^^^^^^^^^^^^^^^^^^^^^^^^^^^^^^
  File "/opt/anaconda3/lib/python3.12/site-packages/kiteconnect/connect.py", line 861, in _get
    return self._request(route, "GET", url_args=url_args, params=params, is_json=is_json)
           ^^^^^^^^^^^^^^^^^^^^^^^^^^^^^^^^^^^^^^^^^^^^^^^^^^^^^^^^^^^^^^^^^^^^^^^^^^^^^^
  File "/opt/anaconda3/lib/python3.12/site-packages/kiteconnect/connect.py", line 937, in _request
    raise exp(data["message"], code=r.status_code)
kiteconnect.exceptions.TokenException: Incorrect `api_key` or `access_token`.
2025-11-17 00:27:02 | DEBUG    | Executing BUY legs: 2 orders
2025-11-17 00:27:02 | ERROR    | Failed to place order: BANKNIFTY51400PE | error=Incorrect `api_key` or `access_token`.
Traceback (most recent call last):
  File "/Users/rohan/Downloads/Vridhi_Capital_Trading_System/src/trading_system/oms/order_manager.py", line 743, in _place_market_order
    order_id=fake_id,
           ^^^^^^^^^^
  File "/opt/anaconda3/lib/python3.12/site-packages/kiteconnect/connect.py", line 361, in place_order
    return self._post("order.place",
           ^^^^^^^^^^^^^^^^^^^^^^^^^
  File "/opt/anaconda3/lib/python3.12/site-packages/kiteconnect/connect.py", line 865, in _post
    return self._request(route, "POST", url_args=url_args, params=params, is_json=is_json, query_params=query_params)
           ^^^^^^^^^^^^^^^^^^^^^^^^^^^^^^^^^^^^^^^^^^^^^^^^^^^^^^^^^^^^^^^^^^^^^^^^^^^^^^^^^^^^^^^^^^^^^^^^^^^^^^^^^^
  File "/opt/anaconda3/lib/python3.12/site-packages/kiteconnect/connect.py", line 937, in _request
    raise exp(data["message"], code=r.status_code)
kiteconnect.exceptions.TokenException: Incorrect `api_key` or `access_token`.
2025-11-17 00:27:02 | ERROR    | Failed to place order for BANKNIFTY51400PE
2025-11-17 00:27:02 | WARNING  | BUY legs failed for lot_size=4
2025-11-17 00:27:02 | ERROR    | Error exiting partial positions: Incorrect `api_key` or `access_token`.
Traceback (most recent call last):
  File "/Users/rohan/Downloads/Vridhi_Capital_Trading_System/src/trading_system/oms/order_manager.py", line 822, in _exit_partial_positions
    return 0, 0.0
                  
  File "/opt/anaconda3/lib/python3.12/site-packages/kiteconnect/connect.py", line 445, in positions
    return self._get("portfolio.positions")
           ^^^^^^^^^^^^^^^^^^^^^^^^^^^^^^^^
  File "/opt/anaconda3/lib/python3.12/site-packages/kiteconnect/connect.py", line 861, in _get
    return self._request(route, "GET", url_args=url_args, params=params, is_json=is_json)
           ^^^^^^^^^^^^^^^^^^^^^^^^^^^^^^^^^^^^^^^^^^^^^^^^^^^^^^^^^^^^^^^^^^^^^^^^^^^^^^
  File "/opt/anaconda3/lib/python3.12/site-packages/kiteconnect/connect.py", line 937, in _request
    raise exp(data["message"], code=r.status_code)
kiteconnect.exceptions.TokenException: Incorrect `api_key` or `access_token`.
2025-11-17 00:27:02 | DEBUG    | Executing BUY legs: 2 orders
2025-11-17 00:27:03 | ERROR    | Failed to place order: BANKNIFTY51400PE | error=Incorrect `api_key` or `access_token`.
Traceback (most recent call last):
  File "/Users/rohan/Downloads/Vridhi_Capital_Trading_System/src/trading_system/oms/order_manager.py", line 743, in _place_market_order
    order_id=fake_id,
           ^^^^^^^^^^
  File "/opt/anaconda3/lib/python3.12/site-packages/kiteconnect/connect.py", line 361, in place_order
    return self._post("order.place",
           ^^^^^^^^^^^^^^^^^^^^^^^^^
  File "/opt/anaconda3/lib/python3.12/site-packages/kiteconnect/connect.py", line 865, in _post
    return self._request(route, "POST", url_args=url_args, params=params, is_json=is_json, query_params=query_params)
           ^^^^^^^^^^^^^^^^^^^^^^^^^^^^^^^^^^^^^^^^^^^^^^^^^^^^^^^^^^^^^^^^^^^^^^^^^^^^^^^^^^^^^^^^^^^^^^^^^^^^^^^^^^
  File "/opt/anaconda3/lib/python3.12/site-packages/kiteconnect/connect.py", line 937, in _request
    raise exp(data["message"], code=r.status_code)
kiteconnect.exceptions.TokenException: Incorrect `api_key` or `access_token`.
2025-11-17 00:27:03 | ERROR    | Failed to place order for BANKNIFTY51400PE
2025-11-17 00:27:03 | WARNING  | BUY legs failed for lot_size=2
2025-11-17 00:27:03 | ERROR    | Error exiting partial positions: Incorrect `api_key` or `access_token`.
Traceback (most recent call last):
  File "/Users/rohan/Downloads/Vridhi_Capital_Trading_System/src/trading_system/oms/order_manager.py", line 822, in _exit_partial_positions
    return 0, 0.0
                  
  File "/opt/anaconda3/lib/python3.12/site-packages/kiteconnect/connect.py", line 445, in positions
    return self._get("portfolio.positions")
           ^^^^^^^^^^^^^^^^^^^^^^^^^^^^^^^^
  File "/opt/anaconda3/lib/python3.12/site-packages/kiteconnect/connect.py", line 861, in _get
    return self._request(route, "GET", url_args=url_args, params=params, is_json=is_json)
           ^^^^^^^^^^^^^^^^^^^^^^^^^^^^^^^^^^^^^^^^^^^^^^^^^^^^^^^^^^^^^^^^^^^^^^^^^^^^^^
  File "/opt/anaconda3/lib/python3.12/site-packages/kiteconnect/connect.py", line 937, in _request
    raise exp(data["message"], code=r.status_code)
kiteconnect.exceptions.TokenException: Incorrect `api_key` or `access_token`.
2025-11-17 00:27:03 | DEBUG    | Executing BUY legs: 2 orders
2025-11-17 00:27:03 | ERROR    | Failed to place order: BANKNIFTY51400PE | error=Incorrect `api_key` or `access_token`.
Traceback (most recent call last):
  File "/Users/rohan/Downloads/Vridhi_Capital_Trading_System/src/trading_system/oms/order_manager.py", line 743, in _place_market_order
    order_id=fake_id,
           ^^^^^^^^^^
  File "/opt/anaconda3/lib/python3.12/site-packages/kiteconnect/connect.py", line 361, in place_order
    return self._post("order.place",
           ^^^^^^^^^^^^^^^^^^^^^^^^^
  File "/opt/anaconda3/lib/python3.12/site-packages/kiteconnect/connect.py", line 865, in _post
    return self._request(route, "POST", url_args=url_args, params=params, is_json=is_json, query_params=query_params)
           ^^^^^^^^^^^^^^^^^^^^^^^^^^^^^^^^^^^^^^^^^^^^^^^^^^^^^^^^^^^^^^^^^^^^^^^^^^^^^^^^^^^^^^^^^^^^^^^^^^^^^^^^^^
  File "/opt/anaconda3/lib/python3.12/site-packages/kiteconnect/connect.py", line 937, in _request
    raise exp(data["message"], code=r.status_code)
kiteconnect.exceptions.TokenException: Incorrect `api_key` or `access_token`.
2025-11-17 00:27:03 | ERROR    | Failed to place order for BANKNIFTY51400PE
2025-11-17 00:27:03 | WARNING  | BUY legs failed for lot_size=1
2025-11-17 00:27:03 | ERROR    | Error exiting partial positions: Incorrect `api_key` or `access_token`.
Traceback (most recent call last):
  File "/Users/rohan/Downloads/Vridhi_Capital_Trading_System/src/trading_system/oms/order_manager.py", line 822, in _exit_partial_positions
    return 0, 0.0
                  
  File "/opt/anaconda3/lib/python3.12/site-packages/kiteconnect/connect.py", line 445, in positions
    return self._get("portfolio.positions")
           ^^^^^^^^^^^^^^^^^^^^^^^^^^^^^^^^
  File "/opt/anaconda3/lib/python3.12/site-packages/kiteconnect/connect.py", line 861, in _get
    return self._request(route, "GET", url_args=url_args, params=params, is_json=is_json)
           ^^^^^^^^^^^^^^^^^^^^^^^^^^^^^^^^^^^^^^^^^^^^^^^^^^^^^^^^^^^^^^^^^^^^^^^^^^^^^^
  File "/opt/anaconda3/lib/python3.12/site-packages/kiteconnect/connect.py", line 937, in _request
    raise exp(data["message"], code=r.status_code)
kiteconnect.exceptions.TokenException: Incorrect `api_key` or `access_token`.
2025-11-17 00:27:03 | DEBUG    | ATM strike calculated: 51400 from futures price: 51412.75
2025-11-17 00:27:03 | INFO     | 🔴 SHORT Entry initiated | futures_price=51412.75 | atm_strike=51400 | hedge_strike=53400 | lot_size=8
2025-11-17 00:27:03 | DEBUG    | Executing BUY legs: 2 orders
2025-11-17 00:27:03 | ERROR    | Failed to place order: BANKNIFTY51400PE | error=Incorrect `api_key` or `access_token`.
Traceback (most recent call last):
  File "/Users/rohan/Downloads/Vridhi_Capital_Trading_System/src/trading_system/oms/order_manager.py", line 743, in _place_market_order
    order_id=fake_id,
           ^^^^^^^^^^
  File "/opt/anaconda3/lib/python3.12/site-packages/kiteconnect/connect.py", line 361, in place_order
    return self._post("order.place",
           ^^^^^^^^^^^^^^^^^^^^^^^^^
  File "/opt/anaconda3/lib/python3.12/site-packages/kiteconnect/connect.py", line 865, in _post
    return self._request(route, "POST", url_args=url_args, params=params, is_json=is_json, query_params=query_params)
           ^^^^^^^^^^^^^^^^^^^^^^^^^^^^^^^^^^^^^^^^^^^^^^^^^^^^^^^^^^^^^^^^^^^^^^^^^^^^^^^^^^^^^^^^^^^^^^^^^^^^^^^^^^
  File "/opt/anaconda3/lib/python3.12/site-packages/kiteconnect/connect.py", line 937, in _request
    raise exp(data["message"], code=r.status_code)
kiteconnect.exceptions.TokenException: Incorrect `api_key` or `access_token`.
2025-11-17 00:27:03 | ERROR    | Failed to place order for BANKNIFTY51400PE
2025-11-17 00:27:03 | WARNING  | BUY legs failed for lot_size=8
2025-11-17 00:27:03 | ERROR    | Error exiting partial positions: Incorrect `api_key` or `access_token`.
Traceback (most recent call last):
  File "/Users/rohan/Downloads/Vridhi_Capital_Trading_System/src/trading_system/oms/order_manager.py", line 822, in _exit_partial_positions
    return 0, 0.0
                  
  File "/opt/anaconda3/lib/python3.12/site-packages/kiteconnect/connect.py", line 445, in positions
    return self._get("portfolio.positions")
           ^^^^^^^^^^^^^^^^^^^^^^^^^^^^^^^^
  File "/opt/anaconda3/lib/python3.12/site-packages/kiteconnect/connect.py", line 861, in _get
    return self._request(route, "GET", url_args=url_args, params=params, is_json=is_json)
           ^^^^^^^^^^^^^^^^^^^^^^^^^^^^^^^^^^^^^^^^^^^^^^^^^^^^^^^^^^^^^^^^^^^^^^^^^^^^^^
  File "/opt/anaconda3/lib/python3.12/site-packages/kiteconnect/connect.py", line 937, in _request
    raise exp(data["message"], code=r.status_code)
kiteconnect.exceptions.TokenException: Incorrect `api_key` or `access_token`.
2025-11-17 00:27:03 | DEBUG    | Executing BUY legs: 2 orders
2025-11-17 00:27:03 | ERROR    | Failed to place order: BANKNIFTY51400PE | error=Incorrect `api_key` or `access_token`.
Traceback (most recent call last):
  File "/Users/rohan/Downloads/Vridhi_Capital_Trading_System/src/trading_system/oms/order_manager.py", line 743, in _place_market_order
    order_id=fake_id,
           ^^^^^^^^^^
  File "/opt/anaconda3/lib/python3.12/site-packages/kiteconnect/connect.py", line 361, in place_order
    return self._post("order.place",
           ^^^^^^^^^^^^^^^^^^^^^^^^^
  File "/opt/anaconda3/lib/python3.12/site-packages/kiteconnect/connect.py", line 865, in _post
    return self._request(route, "POST", url_args=url_args, params=params, is_json=is_json, query_params=query_params)
           ^^^^^^^^^^^^^^^^^^^^^^^^^^^^^^^^^^^^^^^^^^^^^^^^^^^^^^^^^^^^^^^^^^^^^^^^^^^^^^^^^^^^^^^^^^^^^^^^^^^^^^^^^^
  File "/opt/anaconda3/lib/python3.12/site-packages/kiteconnect/connect.py", line 937, in _request
    raise exp(data["message"], code=r.status_code)
kiteconnect.exceptions.TokenException: Incorrect `api_key` or `access_token`.
2025-11-17 00:27:03 | ERROR    | Failed to place order for BANKNIFTY51400PE
2025-11-17 00:27:03 | WARNING  | BUY legs failed for lot_size=4
2025-11-17 00:27:04 | ERROR    | Error exiting partial positions: Incorrect `api_key` or `access_token`.
Traceback (most recent call last):
  File "/Users/rohan/Downloads/Vridhi_Capital_Trading_System/src/trading_system/oms/order_manager.py", line 822, in _exit_partial_positions
    return 0, 0.0
                  
  File "/opt/anaconda3/lib/python3.12/site-packages/kiteconnect/connect.py", line 445, in positions
    return self._get("portfolio.positions")
           ^^^^^^^^^^^^^^^^^^^^^^^^^^^^^^^^
  File "/opt/anaconda3/lib/python3.12/site-packages/kiteconnect/connect.py", line 861, in _get
    return self._request(route, "GET", url_args=url_args, params=params, is_json=is_json)
           ^^^^^^^^^^^^^^^^^^^^^^^^^^^^^^^^^^^^^^^^^^^^^^^^^^^^^^^^^^^^^^^^^^^^^^^^^^^^^^
  File "/opt/anaconda3/lib/python3.12/site-packages/kiteconnect/connect.py", line 937, in _request
    raise exp(data["message"], code=r.status_code)
kiteconnect.exceptions.TokenException: Incorrect `api_key` or `access_token`.
2025-11-17 00:27:04 | DEBUG    | Executing BUY legs: 2 orders
2025-11-17 00:27:04 | ERROR    | Failed to place order: BANKNIFTY51400PE | error=Incorrect `api_key` or `access_token`.
Traceback (most recent call last):
  File "/Users/rohan/Downloads/Vridhi_Capital_Trading_System/src/trading_system/oms/order_manager.py", line 743, in _place_market_order
    order_id=fake_id,
           ^^^^^^^^^^
  File "/opt/anaconda3/lib/python3.12/site-packages/kiteconnect/connect.py", line 361, in place_order
    return self._post("order.place",
           ^^^^^^^^^^^^^^^^^^^^^^^^^
  File "/opt/anaconda3/lib/python3.12/site-packages/kiteconnect/connect.py", line 865, in _post
    return self._request(route, "POST", url_args=url_args, params=params, is_json=is_json, query_params=query_params)
           ^^^^^^^^^^^^^^^^^^^^^^^^^^^^^^^^^^^^^^^^^^^^^^^^^^^^^^^^^^^^^^^^^^^^^^^^^^^^^^^^^^^^^^^^^^^^^^^^^^^^^^^^^^
  File "/opt/anaconda3/lib/python3.12/site-packages/kiteconnect/connect.py", line 937, in _request
    raise exp(data["message"], code=r.status_code)
kiteconnect.exceptions.TokenException: Incorrect `api_key` or `access_token`.
2025-11-17 00:27:04 | ERROR    | Failed to place order for BANKNIFTY51400PE
2025-11-17 00:27:04 | WARNING  | BUY legs failed for lot_size=2
2025-11-17 00:27:04 | ERROR    | Error exiting partial positions: Incorrect `api_key` or `access_token`.
Traceback (most recent call last):
  File "/Users/rohan/Downloads/Vridhi_Capital_Trading_System/src/trading_system/oms/order_manager.py", line 822, in _exit_partial_positions
    return 0, 0.0
                  
  File "/opt/anaconda3/lib/python3.12/site-packages/kiteconnect/connect.py", line 445, in positions
    return self._get("portfolio.positions")
           ^^^^^^^^^^^^^^^^^^^^^^^^^^^^^^^^
  File "/opt/anaconda3/lib/python3.12/site-packages/kiteconnect/connect.py", line 861, in _get
    return self._request(route, "GET", url_args=url_args, params=params, is_json=is_json)
           ^^^^^^^^^^^^^^^^^^^^^^^^^^^^^^^^^^^^^^^^^^^^^^^^^^^^^^^^^^^^^^^^^^^^^^^^^^^^^^
  File "/opt/anaconda3/lib/python3.12/site-packages/kiteconnect/connect.py", line 937, in _request
    raise exp(data["message"], code=r.status_code)
kiteconnect.exceptions.TokenException: Incorrect `api_key` or `access_token`.
2025-11-17 00:27:04 | DEBUG    | Executing BUY legs: 2 orders
2025-11-17 00:27:04 | ERROR    | Failed to place order: BANKNIFTY51400PE | error=Incorrect `api_key` or `access_token`.
Traceback (most recent call last):
  File "/Users/rohan/Downloads/Vridhi_Capital_Trading_System/src/trading_system/oms/order_manager.py", line 743, in _place_market_order
    order_id=fake_id,
           ^^^^^^^^^^
  File "/opt/anaconda3/lib/python3.12/site-packages/kiteconnect/connect.py", line 361, in place_order
    return self._post("order.place",
           ^^^^^^^^^^^^^^^^^^^^^^^^^
  File "/opt/anaconda3/lib/python3.12/site-packages/kiteconnect/connect.py", line 865, in _post
    return self._request(route, "POST", url_args=url_args, params=params, is_json=is_json, query_params=query_params)
           ^^^^^^^^^^^^^^^^^^^^^^^^^^^^^^^^^^^^^^^^^^^^^^^^^^^^^^^^^^^^^^^^^^^^^^^^^^^^^^^^^^^^^^^^^^^^^^^^^^^^^^^^^^
  File "/opt/anaconda3/lib/python3.12/site-packages/kiteconnect/connect.py", line 937, in _request
    raise exp(data["message"], code=r.status_code)
kiteconnect.exceptions.TokenException: Incorrect `api_key` or `access_token`.
2025-11-17 00:27:04 | ERROR    | Failed to place order for BANKNIFTY51400PE
2025-11-17 00:27:04 | WARNING  | BUY legs failed for lot_size=1
2025-11-17 00:27:04 | ERROR    | Error exiting partial positions: Incorrect `api_key` or `access_token`.
Traceback (most recent call last):
  File "/Users/rohan/Downloads/Vridhi_Capital_Trading_System/src/trading_system/oms/order_manager.py", line 822, in _exit_partial_positions
    return 0, 0.0
                  
  File "/opt/anaconda3/lib/python3.12/site-packages/kiteconnect/connect.py", line 445, in positions
    return self._get("portfolio.positions")
           ^^^^^^^^^^^^^^^^^^^^^^^^^^^^^^^^
  File "/opt/anaconda3/lib/python3.12/site-packages/kiteconnect/connect.py", line 861, in _get
    return self._request(route, "GET", url_args=url_args, params=params, is_json=is_json)
           ^^^^^^^^^^^^^^^^^^^^^^^^^^^^^^^^^^^^^^^^^^^^^^^^^^^^^^^^^^^^^^^^^^^^^^^^^^^^^^
  File "/opt/anaconda3/lib/python3.12/site-packages/kiteconnect/connect.py", line 937, in _request
    raise exp(data["message"], code=r.status_code)
kiteconnect.exceptions.TokenException: Incorrect `api_key` or `access_token`.
2025-11-17 00:29:04 | DEBUG    | ATM strike calculated: 51500 from futures price: 51535.0
2025-11-17 00:29:04 | INFO     | 🔵 LONG Entry initiated | futures_price=51535.0 | atm_strike=51500 | hedge_strike=49500 | lot_size=8
2025-11-17 00:29:04 | DEBUG    | Executing BUY legs: 2 orders
2025-11-17 00:29:05 | ERROR    | Failed to place order: BANKNIFTY51500CE | error=Incorrect `api_key` or `access_token`.
Traceback (most recent call last):
  File "/Users/rohan/Downloads/Vridhi_Capital_Trading_System/src/trading_system/oms/order_manager.py", line 743, in _place_market_order
    order_id=fake_id,
           ^^^^^^^^^^
  File "/opt/anaconda3/lib/python3.12/site-packages/kiteconnect/connect.py", line 361, in place_order
    return self._post("order.place",
           ^^^^^^^^^^^^^^^^^^^^^^^^^
  File "/opt/anaconda3/lib/python3.12/site-packages/kiteconnect/connect.py", line 865, in _post
    return self._request(route, "POST", url_args=url_args, params=params, is_json=is_json, query_params=query_params)
           ^^^^^^^^^^^^^^^^^^^^^^^^^^^^^^^^^^^^^^^^^^^^^^^^^^^^^^^^^^^^^^^^^^^^^^^^^^^^^^^^^^^^^^^^^^^^^^^^^^^^^^^^^^
  File "/opt/anaconda3/lib/python3.12/site-packages/kiteconnect/connect.py", line 937, in _request
    raise exp(data["message"], code=r.status_code)
kiteconnect.exceptions.TokenException: Incorrect `api_key` or `access_token`.
2025-11-17 00:29:05 | ERROR    | Failed to place order for BANKNIFTY51500CE
2025-11-17 00:29:05 | WARNING  | BUY legs failed for lot_size=8
2025-11-17 00:29:05 | ERROR    | Error exiting partial positions: Incorrect `api_key` or `access_token`.
Traceback (most recent call last):
  File "/Users/rohan/Downloads/Vridhi_Capital_Trading_System/src/trading_system/oms/order_manager.py", line 822, in _exit_partial_positions
    return 0, 0.0
                  
  File "/opt/anaconda3/lib/python3.12/site-packages/kiteconnect/connect.py", line 445, in positions
    return self._get("portfolio.positions")
           ^^^^^^^^^^^^^^^^^^^^^^^^^^^^^^^^
  File "/opt/anaconda3/lib/python3.12/site-packages/kiteconnect/connect.py", line 861, in _get
    return self._request(route, "GET", url_args=url_args, params=params, is_json=is_json)
           ^^^^^^^^^^^^^^^^^^^^^^^^^^^^^^^^^^^^^^^^^^^^^^^^^^^^^^^^^^^^^^^^^^^^^^^^^^^^^^
  File "/opt/anaconda3/lib/python3.12/site-packages/kiteconnect/connect.py", line 937, in _request
    raise exp(data["message"], code=r.status_code)
kiteconnect.exceptions.TokenException: Incorrect `api_key` or `access_token`.
2025-11-17 00:29:05 | DEBUG    | Executing BUY legs: 2 orders
2025-11-17 00:29:05 | ERROR    | Failed to place order: BANKNIFTY51500CE | error=Incorrect `api_key` or `access_token`.
Traceback (most recent call last):
  File "/Users/rohan/Downloads/Vridhi_Capital_Trading_System/src/trading_system/oms/order_manager.py", line 743, in _place_market_order
    order_id=fake_id,
           ^^^^^^^^^^
  File "/opt/anaconda3/lib/python3.12/site-packages/kiteconnect/connect.py", line 361, in place_order
    return self._post("order.place",
           ^^^^^^^^^^^^^^^^^^^^^^^^^
  File "/opt/anaconda3/lib/python3.12/site-packages/kiteconnect/connect.py", line 865, in _post
    return self._request(route, "POST", url_args=url_args, params=params, is_json=is_json, query_params=query_params)
           ^^^^^^^^^^^^^^^^^^^^^^^^^^^^^^^^^^^^^^^^^^^^^^^^^^^^^^^^^^^^^^^^^^^^^^^^^^^^^^^^^^^^^^^^^^^^^^^^^^^^^^^^^^
  File "/opt/anaconda3/lib/python3.12/site-packages/kiteconnect/connect.py", line 937, in _request
    raise exp(data["message"], code=r.status_code)
kiteconnect.exceptions.TokenException: Incorrect `api_key` or `access_token`.
2025-11-17 00:29:05 | ERROR    | Failed to place order for BANKNIFTY51500CE
2025-11-17 00:29:05 | WARNING  | BUY legs failed for lot_size=4
2025-11-17 00:29:05 | ERROR    | Error exiting partial positions: Incorrect `api_key` or `access_token`.
Traceback (most recent call last):
  File "/Users/rohan/Downloads/Vridhi_Capital_Trading_System/src/trading_system/oms/order_manager.py", line 822, in _exit_partial_positions
    return 0, 0.0
                  
  File "/opt/anaconda3/lib/python3.12/site-packages/kiteconnect/connect.py", line 445, in positions
    return self._get("portfolio.positions")
           ^^^^^^^^^^^^^^^^^^^^^^^^^^^^^^^^
  File "/opt/anaconda3/lib/python3.12/site-packages/kiteconnect/connect.py", line 861, in _get
    return self._request(route, "GET", url_args=url_args, params=params, is_json=is_json)
           ^^^^^^^^^^^^^^^^^^^^^^^^^^^^^^^^^^^^^^^^^^^^^^^^^^^^^^^^^^^^^^^^^^^^^^^^^^^^^^
  File "/opt/anaconda3/lib/python3.12/site-packages/kiteconnect/connect.py", line 937, in _request
    raise exp(data["message"], code=r.status_code)
kiteconnect.exceptions.TokenException: Incorrect `api_key` or `access_token`.
2025-11-17 00:29:05 | DEBUG    | Executing BUY legs: 2 orders
2025-11-17 00:29:05 | ERROR    | Failed to place order: BANKNIFTY51500CE | error=Incorrect `api_key` or `access_token`.
Traceback (most recent call last):
  File "/Users/rohan/Downloads/Vridhi_Capital_Trading_System/src/trading_system/oms/order_manager.py", line 743, in _place_market_order
    order_id=fake_id,
           ^^^^^^^^^^
  File "/opt/anaconda3/lib/python3.12/site-packages/kiteconnect/connect.py", line 361, in place_order
    return self._post("order.place",
           ^^^^^^^^^^^^^^^^^^^^^^^^^
  File "/opt/anaconda3/lib/python3.12/site-packages/kiteconnect/connect.py", line 865, in _post
    return self._request(route, "POST", url_args=url_args, params=params, is_json=is_json, query_params=query_params)
           ^^^^^^^^^^^^^^^^^^^^^^^^^^^^^^^^^^^^^^^^^^^^^^^^^^^^^^^^^^^^^^^^^^^^^^^^^^^^^^^^^^^^^^^^^^^^^^^^^^^^^^^^^^
  File "/opt/anaconda3/lib/python3.12/site-packages/kiteconnect/connect.py", line 937, in _request
    raise exp(data["message"], code=r.status_code)
kiteconnect.exceptions.TokenException: Incorrect `api_key` or `access_token`.
2025-11-17 00:29:05 | ERROR    | Failed to place order for BANKNIFTY51500CE
2025-11-17 00:29:05 | WARNING  | BUY legs failed for lot_size=2
2025-11-17 00:29:06 | ERROR    | Error exiting partial positions: Incorrect `api_key` or `access_token`.
Traceback (most recent call last):
  File "/Users/rohan/Downloads/Vridhi_Capital_Trading_System/src/trading_system/oms/order_manager.py", line 822, in _exit_partial_positions
    return 0, 0.0
                  
  File "/opt/anaconda3/lib/python3.12/site-packages/kiteconnect/connect.py", line 445, in positions
    return self._get("portfolio.positions")
           ^^^^^^^^^^^^^^^^^^^^^^^^^^^^^^^^
  File "/opt/anaconda3/lib/python3.12/site-packages/kiteconnect/connect.py", line 861, in _get
    return self._request(route, "GET", url_args=url_args, params=params, is_json=is_json)
           ^^^^^^^^^^^^^^^^^^^^^^^^^^^^^^^^^^^^^^^^^^^^^^^^^^^^^^^^^^^^^^^^^^^^^^^^^^^^^^
  File "/opt/anaconda3/lib/python3.12/site-packages/kiteconnect/connect.py", line 937, in _request
    raise exp(data["message"], code=r.status_code)
kiteconnect.exceptions.TokenException: Incorrect `api_key` or `access_token`.
2025-11-17 00:29:06 | DEBUG    | Executing BUY legs: 2 orders
2025-11-17 00:29:06 | ERROR    | Failed to place order: BANKNIFTY51500CE | error=Incorrect `api_key` or `access_token`.
Traceback (most recent call last):
  File "/Users/rohan/Downloads/Vridhi_Capital_Trading_System/src/trading_system/oms/order_manager.py", line 743, in _place_market_order
    order_id=fake_id,
           ^^^^^^^^^^
  File "/opt/anaconda3/lib/python3.12/site-packages/kiteconnect/connect.py", line 361, in place_order
    return self._post("order.place",
           ^^^^^^^^^^^^^^^^^^^^^^^^^
  File "/opt/anaconda3/lib/python3.12/site-packages/kiteconnect/connect.py", line 865, in _post
    return self._request(route, "POST", url_args=url_args, params=params, is_json=is_json, query_params=query_params)
           ^^^^^^^^^^^^^^^^^^^^^^^^^^^^^^^^^^^^^^^^^^^^^^^^^^^^^^^^^^^^^^^^^^^^^^^^^^^^^^^^^^^^^^^^^^^^^^^^^^^^^^^^^^
  File "/opt/anaconda3/lib/python3.12/site-packages/kiteconnect/connect.py", line 937, in _request
    raise exp(data["message"], code=r.status_code)
kiteconnect.exceptions.TokenException: Incorrect `api_key` or `access_token`.
2025-11-17 00:29:06 | ERROR    | Failed to place order for BANKNIFTY51500CE
2025-11-17 00:29:06 | WARNING  | BUY legs failed for lot_size=1
2025-11-17 00:29:06 | ERROR    | Error exiting partial positions: Incorrect `api_key` or `access_token`.
Traceback (most recent call last):
  File "/Users/rohan/Downloads/Vridhi_Capital_Trading_System/src/trading_system/oms/order_manager.py", line 822, in _exit_partial_positions
    return 0, 0.0
                  
  File "/opt/anaconda3/lib/python3.12/site-packages/kiteconnect/connect.py", line 445, in positions
    return self._get("portfolio.positions")
           ^^^^^^^^^^^^^^^^^^^^^^^^^^^^^^^^
  File "/opt/anaconda3/lib/python3.12/site-packages/kiteconnect/connect.py", line 861, in _get
    return self._request(route, "GET", url_args=url_args, params=params, is_json=is_json)
           ^^^^^^^^^^^^^^^^^^^^^^^^^^^^^^^^^^^^^^^^^^^^^^^^^^^^^^^^^^^^^^^^^^^^^^^^^^^^^^
  File "/opt/anaconda3/lib/python3.12/site-packages/kiteconnect/connect.py", line 937, in _request
    raise exp(data["message"], code=r.status_code)
kiteconnect.exceptions.TokenException: Incorrect `api_key` or `access_token`.
2025-11-17 00:29:06 | DEBUG    | ATM strike calculated: 51500 from futures price: 51535.0
2025-11-17 00:29:06 | INFO     | 🔵 LONG Entry initiated | futures_price=51535.0 | atm_strike=51500 | hedge_strike=49500 | lot_size=8
2025-11-17 00:29:06 | DEBUG    | Executing BUY legs: 2 orders
2025-11-17 00:29:06 | ERROR    | Failed to place order: BANKNIFTY51500CE | error=Incorrect `api_key` or `access_token`.
Traceback (most recent call last):
  File "/Users/rohan/Downloads/Vridhi_Capital_Trading_System/src/trading_system/oms/order_manager.py", line 743, in _place_market_order
    order_id=fake_id,
           ^^^^^^^^^^
  File "/opt/anaconda3/lib/python3.12/site-packages/kiteconnect/connect.py", line 361, in place_order
    return self._post("order.place",
           ^^^^^^^^^^^^^^^^^^^^^^^^^
  File "/opt/anaconda3/lib/python3.12/site-packages/kiteconnect/connect.py", line 865, in _post
    return self._request(route, "POST", url_args=url_args, params=params, is_json=is_json, query_params=query_params)
           ^^^^^^^^^^^^^^^^^^^^^^^^^^^^^^^^^^^^^^^^^^^^^^^^^^^^^^^^^^^^^^^^^^^^^^^^^^^^^^^^^^^^^^^^^^^^^^^^^^^^^^^^^^
  File "/opt/anaconda3/lib/python3.12/site-packages/kiteconnect/connect.py", line 937, in _request
    raise exp(data["message"], code=r.status_code)
kiteconnect.exceptions.TokenException: Incorrect `api_key` or `access_token`.
2025-11-17 00:29:06 | ERROR    | Failed to place order for BANKNIFTY51500CE
2025-11-17 00:29:06 | WARNING  | BUY legs failed for lot_size=8
2025-11-17 00:29:06 | ERROR    | Error exiting partial positions: Incorrect `api_key` or `access_token`.
Traceback (most recent call last):
  File "/Users/rohan/Downloads/Vridhi_Capital_Trading_System/src/trading_system/oms/order_manager.py", line 822, in _exit_partial_positions
    return 0, 0.0
                  
  File "/opt/anaconda3/lib/python3.12/site-packages/kiteconnect/connect.py", line 445, in positions
    return self._get("portfolio.positions")
           ^^^^^^^^^^^^^^^^^^^^^^^^^^^^^^^^
  File "/opt/anaconda3/lib/python3.12/site-packages/kiteconnect/connect.py", line 861, in _get
    return self._request(route, "GET", url_args=url_args, params=params, is_json=is_json)
           ^^^^^^^^^^^^^^^^^^^^^^^^^^^^^^^^^^^^^^^^^^^^^^^^^^^^^^^^^^^^^^^^^^^^^^^^^^^^^^
  File "/opt/anaconda3/lib/python3.12/site-packages/kiteconnect/connect.py", line 937, in _request
    raise exp(data["message"], code=r.status_code)
kiteconnect.exceptions.TokenException: Incorrect `api_key` or `access_token`.
2025-11-17 00:29:06 | DEBUG    | Executing BUY legs: 2 orders
2025-11-17 00:29:06 | ERROR    | Failed to place order: BANKNIFTY51500CE | error=Incorrect `api_key` or `access_token`.
Traceback (most recent call last):
  File "/Users/rohan/Downloads/Vridhi_Capital_Trading_System/src/trading_system/oms/order_manager.py", line 743, in _place_market_order
    order_id=fake_id,
           ^^^^^^^^^^
  File "/opt/anaconda3/lib/python3.12/site-packages/kiteconnect/connect.py", line 361, in place_order
    return self._post("order.place",
           ^^^^^^^^^^^^^^^^^^^^^^^^^
  File "/opt/anaconda3/lib/python3.12/site-packages/kiteconnect/connect.py", line 865, in _post
    return self._request(route, "POST", url_args=url_args, params=params, is_json=is_json, query_params=query_params)
           ^^^^^^^^^^^^^^^^^^^^^^^^^^^^^^^^^^^^^^^^^^^^^^^^^^^^^^^^^^^^^^^^^^^^^^^^^^^^^^^^^^^^^^^^^^^^^^^^^^^^^^^^^^
  File "/opt/anaconda3/lib/python3.12/site-packages/kiteconnect/connect.py", line 937, in _request
    raise exp(data["message"], code=r.status_code)
kiteconnect.exceptions.TokenException: Incorrect `api_key` or `access_token`.
2025-11-17 00:29:06 | ERROR    | Failed to place order for BANKNIFTY51500CE
2025-11-17 00:29:06 | WARNING  | BUY legs failed for lot_size=4
2025-11-17 00:29:06 | ERROR    | Error exiting partial positions: Incorrect `api_key` or `access_token`.
Traceback (most recent call last):
  File "/Users/rohan/Downloads/Vridhi_Capital_Trading_System/src/trading_system/oms/order_manager.py", line 822, in _exit_partial_positions
    return 0, 0.0
                  
  File "/opt/anaconda3/lib/python3.12/site-packages/kiteconnect/connect.py", line 445, in positions
    return self._get("portfolio.positions")
           ^^^^^^^^^^^^^^^^^^^^^^^^^^^^^^^^
  File "/opt/anaconda3/lib/python3.12/site-packages/kiteconnect/connect.py", line 861, in _get
    return self._request(route, "GET", url_args=url_args, params=params, is_json=is_json)
           ^^^^^^^^^^^^^^^^^^^^^^^^^^^^^^^^^^^^^^^^^^^^^^^^^^^^^^^^^^^^^^^^^^^^^^^^^^^^^^
  File "/opt/anaconda3/lib/python3.12/site-packages/kiteconnect/connect.py", line 937, in _request
    raise exp(data["message"], code=r.status_code)
kiteconnect.exceptions.TokenException: Incorrect `api_key` or `access_token`.
2025-11-17 00:29:06 | DEBUG    | Executing BUY legs: 2 orders
2025-11-17 00:29:07 | ERROR    | Failed to place order: BANKNIFTY51500CE | error=Incorrect `api_key` or `access_token`.
Traceback (most recent call last):
  File "/Users/rohan/Downloads/Vridhi_Capital_Trading_System/src/trading_system/oms/order_manager.py", line 743, in _place_market_order
    order_id=fake_id,
           ^^^^^^^^^^
  File "/opt/anaconda3/lib/python3.12/site-packages/kiteconnect/connect.py", line 361, in place_order
    return self._post("order.place",
           ^^^^^^^^^^^^^^^^^^^^^^^^^
  File "/opt/anaconda3/lib/python3.12/site-packages/kiteconnect/connect.py", line 865, in _post
    return self._request(route, "POST", url_args=url_args, params=params, is_json=is_json, query_params=query_params)
           ^^^^^^^^^^^^^^^^^^^^^^^^^^^^^^^^^^^^^^^^^^^^^^^^^^^^^^^^^^^^^^^^^^^^^^^^^^^^^^^^^^^^^^^^^^^^^^^^^^^^^^^^^^
  File "/opt/anaconda3/lib/python3.12/site-packages/kiteconnect/connect.py", line 937, in _request
    raise exp(data["message"], code=r.status_code)
kiteconnect.exceptions.TokenException: Incorrect `api_key` or `access_token`.
2025-11-17 00:29:07 | ERROR    | Failed to place order for BANKNIFTY51500CE
2025-11-17 00:29:07 | WARNING  | BUY legs failed for lot_size=2
2025-11-17 00:29:07 | ERROR    | Error exiting partial positions: Incorrect `api_key` or `access_token`.
Traceback (most recent call last):
  File "/Users/rohan/Downloads/Vridhi_Capital_Trading_System/src/trading_system/oms/order_manager.py", line 822, in _exit_partial_positions
    return 0, 0.0
                  
  File "/opt/anaconda3/lib/python3.12/site-packages/kiteconnect/connect.py", line 445, in positions
    return self._get("portfolio.positions")
           ^^^^^^^^^^^^^^^^^^^^^^^^^^^^^^^^
  File "/opt/anaconda3/lib/python3.12/site-packages/kiteconnect/connect.py", line 861, in _get
    return self._request(route, "GET", url_args=url_args, params=params, is_json=is_json)
           ^^^^^^^^^^^^^^^^^^^^^^^^^^^^^^^^^^^^^^^^^^^^^^^^^^^^^^^^^^^^^^^^^^^^^^^^^^^^^^
  File "/opt/anaconda3/lib/python3.12/site-packages/kiteconnect/connect.py", line 937, in _request
    raise exp(data["message"], code=r.status_code)
kiteconnect.exceptions.TokenException: Incorrect `api_key` or `access_token`.
2025-11-17 00:29:07 | DEBUG    | Executing BUY legs: 2 orders
2025-11-17 00:29:07 | ERROR    | Failed to place order: BANKNIFTY51500CE | error=Incorrect `api_key` or `access_token`.
Traceback (most recent call last):
  File "/Users/rohan/Downloads/Vridhi_Capital_Trading_System/src/trading_system/oms/order_manager.py", line 743, in _place_market_order
    order_id=fake_id,
           ^^^^^^^^^^
  File "/opt/anaconda3/lib/python3.12/site-packages/kiteconnect/connect.py", line 361, in place_order
    return self._post("order.place",
           ^^^^^^^^^^^^^^^^^^^^^^^^^
  File "/opt/anaconda3/lib/python3.12/site-packages/kiteconnect/connect.py", line 865, in _post
    return self._request(route, "POST", url_args=url_args, params=params, is_json=is_json, query_params=query_params)
           ^^^^^^^^^^^^^^^^^^^^^^^^^^^^^^^^^^^^^^^^^^^^^^^^^^^^^^^^^^^^^^^^^^^^^^^^^^^^^^^^^^^^^^^^^^^^^^^^^^^^^^^^^^
  File "/opt/anaconda3/lib/python3.12/site-packages/kiteconnect/connect.py", line 937, in _request
    raise exp(data["message"], code=r.status_code)
kiteconnect.exceptions.TokenException: Incorrect `api_key` or `access_token`.
2025-11-17 00:29:07 | ERROR    | Failed to place order for BANKNIFTY51500CE
2025-11-17 00:29:07 | WARNING  | BUY legs failed for lot_size=1
2025-11-17 00:29:07 | ERROR    | Error exiting partial positions: Incorrect `api_key` or `access_token`.
Traceback (most recent call last):
  File "/Users/rohan/Downloads/Vridhi_Capital_Trading_System/src/trading_system/oms/order_manager.py", line 822, in _exit_partial_positions
    return 0, 0.0
                  
  File "/opt/anaconda3/lib/python3.12/site-packages/kiteconnect/connect.py", line 445, in positions
    return self._get("portfolio.positions")
           ^^^^^^^^^^^^^^^^^^^^^^^^^^^^^^^^
  File "/opt/anaconda3/lib/python3.12/site-packages/kiteconnect/connect.py", line 861, in _get
    return self._request(route, "GET", url_args=url_args, params=params, is_json=is_json)
           ^^^^^^^^^^^^^^^^^^^^^^^^^^^^^^^^^^^^^^^^^^^^^^^^^^^^^^^^^^^^^^^^^^^^^^^^^^^^^^
  File "/opt/anaconda3/lib/python3.12/site-packages/kiteconnect/connect.py", line 937, in _request
    raise exp(data["message"], code=r.status_code)
kiteconnect.exceptions.TokenException: Incorrect `api_key` or `access_token`.
2025-11-17 00:31:07 | DEBUG    | ATM strike calculated: 51600 from futures price: 51591.3
2025-11-17 00:31:07 | INFO     | 🔵 LONG Entry initiated | futures_price=51591.3 | atm_strike=51600 | hedge_strike=49600 | lot_size=8
2025-11-17 00:31:07 | DEBUG    | Executing BUY legs: 2 orders
2025-11-17 00:31:08 | ERROR    | Failed to place order: BANKNIFTY51600CE | error=Incorrect `api_key` or `access_token`.
Traceback (most recent call last):
  File "/Users/rohan/Downloads/Vridhi_Capital_Trading_System/src/trading_system/oms/order_manager.py", line 743, in _place_market_order
    order_id=fake_id,
           ^^^^^^^^^^
  File "/opt/anaconda3/lib/python3.12/site-packages/kiteconnect/connect.py", line 361, in place_order
    return self._post("order.place",
           ^^^^^^^^^^^^^^^^^^^^^^^^^
  File "/opt/anaconda3/lib/python3.12/site-packages/kiteconnect/connect.py", line 865, in _post
    return self._request(route, "POST", url_args=url_args, params=params, is_json=is_json, query_params=query_params)
           ^^^^^^^^^^^^^^^^^^^^^^^^^^^^^^^^^^^^^^^^^^^^^^^^^^^^^^^^^^^^^^^^^^^^^^^^^^^^^^^^^^^^^^^^^^^^^^^^^^^^^^^^^^
  File "/opt/anaconda3/lib/python3.12/site-packages/kiteconnect/connect.py", line 937, in _request
    raise exp(data["message"], code=r.status_code)
kiteconnect.exceptions.TokenException: Incorrect `api_key` or `access_token`.
2025-11-17 00:31:08 | ERROR    | Failed to place order for BANKNIFTY51600CE
2025-11-17 00:31:08 | WARNING  | BUY legs failed for lot_size=8
2025-11-17 00:31:08 | ERROR    | Error exiting partial positions: Incorrect `api_key` or `access_token`.
Traceback (most recent call last):
  File "/Users/rohan/Downloads/Vridhi_Capital_Trading_System/src/trading_system/oms/order_manager.py", line 822, in _exit_partial_positions
    return 0, 0.0
                  
  File "/opt/anaconda3/lib/python3.12/site-packages/kiteconnect/connect.py", line 445, in positions
    return self._get("portfolio.positions")
           ^^^^^^^^^^^^^^^^^^^^^^^^^^^^^^^^
  File "/opt/anaconda3/lib/python3.12/site-packages/kiteconnect/connect.py", line 861, in _get
    return self._request(route, "GET", url_args=url_args, params=params, is_json=is_json)
           ^^^^^^^^^^^^^^^^^^^^^^^^^^^^^^^^^^^^^^^^^^^^^^^^^^^^^^^^^^^^^^^^^^^^^^^^^^^^^^
  File "/opt/anaconda3/lib/python3.12/site-packages/kiteconnect/connect.py", line 937, in _request
    raise exp(data["message"], code=r.status_code)
kiteconnect.exceptions.TokenException: Incorrect `api_key` or `access_token`.
2025-11-17 00:31:08 | DEBUG    | Executing BUY legs: 2 orders
2025-11-17 00:31:08 | ERROR    | Failed to place order: BANKNIFTY51600CE | error=Incorrect `api_key` or `access_token`.
Traceback (most recent call last):
  File "/Users/rohan/Downloads/Vridhi_Capital_Trading_System/src/trading_system/oms/order_manager.py", line 743, in _place_market_order
    order_id=fake_id,
           ^^^^^^^^^^
  File "/opt/anaconda3/lib/python3.12/site-packages/kiteconnect/connect.py", line 361, in place_order
    return self._post("order.place",
           ^^^^^^^^^^^^^^^^^^^^^^^^^
  File "/opt/anaconda3/lib/python3.12/site-packages/kiteconnect/connect.py", line 865, in _post
    return self._request(route, "POST", url_args=url_args, params=params, is_json=is_json, query_params=query_params)
           ^^^^^^^^^^^^^^^^^^^^^^^^^^^^^^^^^^^^^^^^^^^^^^^^^^^^^^^^^^^^^^^^^^^^^^^^^^^^^^^^^^^^^^^^^^^^^^^^^^^^^^^^^^
  File "/opt/anaconda3/lib/python3.12/site-packages/kiteconnect/connect.py", line 937, in _request
    raise exp(data["message"], code=r.status_code)
kiteconnect.exceptions.TokenException: Incorrect `api_key` or `access_token`.
2025-11-17 00:31:08 | ERROR    | Failed to place order for BANKNIFTY51600CE
2025-11-17 00:31:08 | WARNING  | BUY legs failed for lot_size=4
2025-11-17 00:31:08 | ERROR    | Error exiting partial positions: Incorrect `api_key` or `access_token`.
Traceback (most recent call last):
  File "/Users/rohan/Downloads/Vridhi_Capital_Trading_System/src/trading_system/oms/order_manager.py", line 822, in _exit_partial_positions
    return 0, 0.0
                  
  File "/opt/anaconda3/lib/python3.12/site-packages/kiteconnect/connect.py", line 445, in positions
    return self._get("portfolio.positions")
           ^^^^^^^^^^^^^^^^^^^^^^^^^^^^^^^^
  File "/opt/anaconda3/lib/python3.12/site-packages/kiteconnect/connect.py", line 861, in _get
    return self._request(route, "GET", url_args=url_args, params=params, is_json=is_json)
           ^^^^^^^^^^^^^^^^^^^^^^^^^^^^^^^^^^^^^^^^^^^^^^^^^^^^^^^^^^^^^^^^^^^^^^^^^^^^^^
  File "/opt/anaconda3/lib/python3.12/site-packages/kiteconnect/connect.py", line 937, in _request
    raise exp(data["message"], code=r.status_code)
kiteconnect.exceptions.TokenException: Incorrect `api_key` or `access_token`.
2025-11-17 00:31:08 | DEBUG    | Executing BUY legs: 2 orders
2025-11-17 00:31:08 | ERROR    | Failed to place order: BANKNIFTY51600CE | error=Incorrect `api_key` or `access_token`.
Traceback (most recent call last):
  File "/Users/rohan/Downloads/Vridhi_Capital_Trading_System/src/trading_system/oms/order_manager.py", line 743, in _place_market_order
    order_id=fake_id,
           ^^^^^^^^^^
  File "/opt/anaconda3/lib/python3.12/site-packages/kiteconnect/connect.py", line 361, in place_order
    return self._post("order.place",
           ^^^^^^^^^^^^^^^^^^^^^^^^^
  File "/opt/anaconda3/lib/python3.12/site-packages/kiteconnect/connect.py", line 865, in _post
    return self._request(route, "POST", url_args=url_args, params=params, is_json=is_json, query_params=query_params)
           ^^^^^^^^^^^^^^^^^^^^^^^^^^^^^^^^^^^^^^^^^^^^^^^^^^^^^^^^^^^^^^^^^^^^^^^^^^^^^^^^^^^^^^^^^^^^^^^^^^^^^^^^^^
  File "/opt/anaconda3/lib/python3.12/site-packages/kiteconnect/connect.py", line 937, in _request
    raise exp(data["message"], code=r.status_code)
kiteconnect.exceptions.TokenException: Incorrect `api_key` or `access_token`.
2025-11-17 00:31:08 | ERROR    | Failed to place order for BANKNIFTY51600CE
2025-11-17 00:31:08 | WARNING  | BUY legs failed for lot_size=2
2025-11-17 00:31:08 | ERROR    | Error exiting partial positions: Incorrect `api_key` or `access_token`.
Traceback (most recent call last):
  File "/Users/rohan/Downloads/Vridhi_Capital_Trading_System/src/trading_system/oms/order_manager.py", line 822, in _exit_partial_positions
    return 0, 0.0
                  
  File "/opt/anaconda3/lib/python3.12/site-packages/kiteconnect/connect.py", line 445, in positions
    return self._get("portfolio.positions")
           ^^^^^^^^^^^^^^^^^^^^^^^^^^^^^^^^
  File "/opt/anaconda3/lib/python3.12/site-packages/kiteconnect/connect.py", line 861, in _get
    return self._request(route, "GET", url_args=url_args, params=params, is_json=is_json)
           ^^^^^^^^^^^^^^^^^^^^^^^^^^^^^^^^^^^^^^^^^^^^^^^^^^^^^^^^^^^^^^^^^^^^^^^^^^^^^^
  File "/opt/anaconda3/lib/python3.12/site-packages/kiteconnect/connect.py", line 937, in _request
    raise exp(data["message"], code=r.status_code)
kiteconnect.exceptions.TokenException: Incorrect `api_key` or `access_token`.
2025-11-17 00:31:08 | DEBUG    | Executing BUY legs: 2 orders
2025-11-17 00:31:08 | ERROR    | Failed to place order: BANKNIFTY51600CE | error=Incorrect `api_key` or `access_token`.
Traceback (most recent call last):
  File "/Users/rohan/Downloads/Vridhi_Capital_Trading_System/src/trading_system/oms/order_manager.py", line 743, in _place_market_order
    order_id=fake_id,
           ^^^^^^^^^^
  File "/opt/anaconda3/lib/python3.12/site-packages/kiteconnect/connect.py", line 361, in place_order
    return self._post("order.place",
           ^^^^^^^^^^^^^^^^^^^^^^^^^
  File "/opt/anaconda3/lib/python3.12/site-packages/kiteconnect/connect.py", line 865, in _post
    return self._request(route, "POST", url_args=url_args, params=params, is_json=is_json, query_params=query_params)
           ^^^^^^^^^^^^^^^^^^^^^^^^^^^^^^^^^^^^^^^^^^^^^^^^^^^^^^^^^^^^^^^^^^^^^^^^^^^^^^^^^^^^^^^^^^^^^^^^^^^^^^^^^^
  File "/opt/anaconda3/lib/python3.12/site-packages/kiteconnect/connect.py", line 937, in _request
    raise exp(data["message"], code=r.status_code)
kiteconnect.exceptions.TokenException: Incorrect `api_key` or `access_token`.
2025-11-17 00:31:08 | ERROR    | Failed to place order for BANKNIFTY51600CE
2025-11-17 00:31:08 | WARNING  | BUY legs failed for lot_size=1
2025-11-17 00:31:09 | ERROR    | Error exiting partial positions: Incorrect `api_key` or `access_token`.
Traceback (most recent call last):
  File "/Users/rohan/Downloads/Vridhi_Capital_Trading_System/src/trading_system/oms/order_manager.py", line 822, in _exit_partial_positions
    return 0, 0.0
                  
  File "/opt/anaconda3/lib/python3.12/site-packages/kiteconnect/connect.py", line 445, in positions
    return self._get("portfolio.positions")
           ^^^^^^^^^^^^^^^^^^^^^^^^^^^^^^^^
  File "/opt/anaconda3/lib/python3.12/site-packages/kiteconnect/connect.py", line 861, in _get
    return self._request(route, "GET", url_args=url_args, params=params, is_json=is_json)
           ^^^^^^^^^^^^^^^^^^^^^^^^^^^^^^^^^^^^^^^^^^^^^^^^^^^^^^^^^^^^^^^^^^^^^^^^^^^^^^
  File "/opt/anaconda3/lib/python3.12/site-packages/kiteconnect/connect.py", line 937, in _request
    raise exp(data["message"], code=r.status_code)
kiteconnect.exceptions.TokenException: Incorrect `api_key` or `access_token`.
2025-11-17 00:31:09 | DEBUG    | ATM strike calculated: 51600 from futures price: 51591.3
2025-11-17 00:31:09 | INFO     | 🔵 LONG Entry initiated | futures_price=51591.3 | atm_strike=51600 | hedge_strike=49600 | lot_size=8
2025-11-17 00:31:09 | DEBUG    | Executing BUY legs: 2 orders
2025-11-17 00:31:09 | ERROR    | Failed to place order: BANKNIFTY51600CE | error=Incorrect `api_key` or `access_token`.
Traceback (most recent call last):
  File "/Users/rohan/Downloads/Vridhi_Capital_Trading_System/src/trading_system/oms/order_manager.py", line 743, in _place_market_order
    order_id=fake_id,
           ^^^^^^^^^^
  File "/opt/anaconda3/lib/python3.12/site-packages/kiteconnect/connect.py", line 361, in place_order
    return self._post("order.place",
           ^^^^^^^^^^^^^^^^^^^^^^^^^
  File "/opt/anaconda3/lib/python3.12/site-packages/kiteconnect/connect.py", line 865, in _post
    return self._request(route, "POST", url_args=url_args, params=params, is_json=is_json, query_params=query_params)
           ^^^^^^^^^^^^^^^^^^^^^^^^^^^^^^^^^^^^^^^^^^^^^^^^^^^^^^^^^^^^^^^^^^^^^^^^^^^^^^^^^^^^^^^^^^^^^^^^^^^^^^^^^^
  File "/opt/anaconda3/lib/python3.12/site-packages/kiteconnect/connect.py", line 937, in _request
    raise exp(data["message"], code=r.status_code)
kiteconnect.exceptions.TokenException: Incorrect `api_key` or `access_token`.
2025-11-17 00:31:09 | ERROR    | Failed to place order for BANKNIFTY51600CE
2025-11-17 00:31:09 | WARNING  | BUY legs failed for lot_size=8
2025-11-17 00:31:09 | ERROR    | Error exiting partial positions: Incorrect `api_key` or `access_token`.
Traceback (most recent call last):
  File "/Users/rohan/Downloads/Vridhi_Capital_Trading_System/src/trading_system/oms/order_manager.py", line 822, in _exit_partial_positions
    return 0, 0.0
                  
  File "/opt/anaconda3/lib/python3.12/site-packages/kiteconnect/connect.py", line 445, in positions
    return self._get("portfolio.positions")
           ^^^^^^^^^^^^^^^^^^^^^^^^^^^^^^^^
  File "/opt/anaconda3/lib/python3.12/site-packages/kiteconnect/connect.py", line 861, in _get
    return self._request(route, "GET", url_args=url_args, params=params, is_json=is_json)
           ^^^^^^^^^^^^^^^^^^^^^^^^^^^^^^^^^^^^^^^^^^^^^^^^^^^^^^^^^^^^^^^^^^^^^^^^^^^^^^
  File "/opt/anaconda3/lib/python3.12/site-packages/kiteconnect/connect.py", line 937, in _request
    raise exp(data["message"], code=r.status_code)
kiteconnect.exceptions.TokenException: Incorrect `api_key` or `access_token`.
2025-11-17 00:31:09 | DEBUG    | Executing BUY legs: 2 orders
2025-11-17 00:31:09 | ERROR    | Failed to place order: BANKNIFTY51600CE | error=Incorrect `api_key` or `access_token`.
Traceback (most recent call last):
  File "/Users/rohan/Downloads/Vridhi_Capital_Trading_System/src/trading_system/oms/order_manager.py", line 743, in _place_market_order
    order_id=fake_id,
           ^^^^^^^^^^
  File "/opt/anaconda3/lib/python3.12/site-packages/kiteconnect/connect.py", line 361, in place_order
    return self._post("order.place",
           ^^^^^^^^^^^^^^^^^^^^^^^^^
  File "/opt/anaconda3/lib/python3.12/site-packages/kiteconnect/connect.py", line 865, in _post
    return self._request(route, "POST", url_args=url_args, params=params, is_json=is_json, query_params=query_params)
           ^^^^^^^^^^^^^^^^^^^^^^^^^^^^^^^^^^^^^^^^^^^^^^^^^^^^^^^^^^^^^^^^^^^^^^^^^^^^^^^^^^^^^^^^^^^^^^^^^^^^^^^^^^
  File "/opt/anaconda3/lib/python3.12/site-packages/kiteconnect/connect.py", line 937, in _request
    raise exp(data["message"], code=r.status_code)
kiteconnect.exceptions.TokenException: Incorrect `api_key` or `access_token`.
2025-11-17 00:31:09 | ERROR    | Failed to place order for BANKNIFTY51600CE
2025-11-17 00:31:09 | WARNING  | BUY legs failed for lot_size=4
2025-11-17 00:31:09 | ERROR    | Error exiting partial positions: Incorrect `api_key` or `access_token`.
Traceback (most recent call last):
  File "/Users/rohan/Downloads/Vridhi_Capital_Trading_System/src/trading_system/oms/order_manager.py", line 822, in _exit_partial_positions
    return 0, 0.0
                  
  File "/opt/anaconda3/lib/python3.12/site-packages/kiteconnect/connect.py", line 445, in positions
    return self._get("portfolio.positions")
           ^^^^^^^^^^^^^^^^^^^^^^^^^^^^^^^^
  File "/opt/anaconda3/lib/python3.12/site-packages/kiteconnect/connect.py", line 861, in _get
    return self._request(route, "GET", url_args=url_args, params=params, is_json=is_json)
           ^^^^^^^^^^^^^^^^^^^^^^^^^^^^^^^^^^^^^^^^^^^^^^^^^^^^^^^^^^^^^^^^^^^^^^^^^^^^^^
  File "/opt/anaconda3/lib/python3.12/site-packages/kiteconnect/connect.py", line 937, in _request
    raise exp(data["message"], code=r.status_code)
kiteconnect.exceptions.TokenException: Incorrect `api_key` or `access_token`.
2025-11-17 00:31:09 | DEBUG    | Executing BUY legs: 2 orders
2025-11-17 00:31:09 | ERROR    | Failed to place order: BANKNIFTY51600CE | error=Incorrect `api_key` or `access_token`.
Traceback (most recent call last):
  File "/Users/rohan/Downloads/Vridhi_Capital_Trading_System/src/trading_system/oms/order_manager.py", line 743, in _place_market_order
    order_id=fake_id,
           ^^^^^^^^^^
  File "/opt/anaconda3/lib/python3.12/site-packages/kiteconnect/connect.py", line 361, in place_order
    return self._post("order.place",
           ^^^^^^^^^^^^^^^^^^^^^^^^^
  File "/opt/anaconda3/lib/python3.12/site-packages/kiteconnect/connect.py", line 865, in _post
    return self._request(route, "POST", url_args=url_args, params=params, is_json=is_json, query_params=query_params)
           ^^^^^^^^^^^^^^^^^^^^^^^^^^^^^^^^^^^^^^^^^^^^^^^^^^^^^^^^^^^^^^^^^^^^^^^^^^^^^^^^^^^^^^^^^^^^^^^^^^^^^^^^^^
  File "/opt/anaconda3/lib/python3.12/site-packages/kiteconnect/connect.py", line 937, in _request
    raise exp(data["message"], code=r.status_code)
kiteconnect.exceptions.TokenException: Incorrect `api_key` or `access_token`.
2025-11-17 00:31:09 | ERROR    | Failed to place order for BANKNIFTY51600CE
2025-11-17 00:31:09 | WARNING  | BUY legs failed for lot_size=2
2025-11-17 00:31:09 | ERROR    | Error exiting partial positions: Incorrect `api_key` or `access_token`.
Traceback (most recent call last):
  File "/Users/rohan/Downloads/Vridhi_Capital_Trading_System/src/trading_system/oms/order_manager.py", line 822, in _exit_partial_positions
    return 0, 0.0
                  
  File "/opt/anaconda3/lib/python3.12/site-packages/kiteconnect/connect.py", line 445, in positions
    return self._get("portfolio.positions")
           ^^^^^^^^^^^^^^^^^^^^^^^^^^^^^^^^
  File "/opt/anaconda3/lib/python3.12/site-packages/kiteconnect/connect.py", line 861, in _get
    return self._request(route, "GET", url_args=url_args, params=params, is_json=is_json)
           ^^^^^^^^^^^^^^^^^^^^^^^^^^^^^^^^^^^^^^^^^^^^^^^^^^^^^^^^^^^^^^^^^^^^^^^^^^^^^^
  File "/opt/anaconda3/lib/python3.12/site-packages/kiteconnect/connect.py", line 937, in _request
    raise exp(data["message"], code=r.status_code)
kiteconnect.exceptions.TokenException: Incorrect `api_key` or `access_token`.
2025-11-17 00:31:09 | DEBUG    | Executing BUY legs: 2 orders
2025-11-17 00:31:10 | ERROR    | Failed to place order: BANKNIFTY51600CE | error=Incorrect `api_key` or `access_token`.
Traceback (most recent call last):
  File "/Users/rohan/Downloads/Vridhi_Capital_Trading_System/src/trading_system/oms/order_manager.py", line 743, in _place_market_order
    order_id=fake_id,
           ^^^^^^^^^^
  File "/opt/anaconda3/lib/python3.12/site-packages/kiteconnect/connect.py", line 361, in place_order
    return self._post("order.place",
           ^^^^^^^^^^^^^^^^^^^^^^^^^
  File "/opt/anaconda3/lib/python3.12/site-packages/kiteconnect/connect.py", line 865, in _post
    return self._request(route, "POST", url_args=url_args, params=params, is_json=is_json, query_params=query_params)
           ^^^^^^^^^^^^^^^^^^^^^^^^^^^^^^^^^^^^^^^^^^^^^^^^^^^^^^^^^^^^^^^^^^^^^^^^^^^^^^^^^^^^^^^^^^^^^^^^^^^^^^^^^^
  File "/opt/anaconda3/lib/python3.12/site-packages/kiteconnect/connect.py", line 937, in _request
    raise exp(data["message"], code=r.status_code)
kiteconnect.exceptions.TokenException: Incorrect `api_key` or `access_token`.
2025-11-17 00:31:10 | ERROR    | Failed to place order for BANKNIFTY51600CE
2025-11-17 00:31:10 | WARNING  | BUY legs failed for lot_size=1
2025-11-17 00:31:10 | ERROR    | Error exiting partial positions: Incorrect `api_key` or `access_token`.
Traceback (most recent call last):
  File "/Users/rohan/Downloads/Vridhi_Capital_Trading_System/src/trading_system/oms/order_manager.py", line 822, in _exit_partial_positions
    return 0, 0.0
                  
  File "/opt/anaconda3/lib/python3.12/site-packages/kiteconnect/connect.py", line 445, in positions
    return self._get("portfolio.positions")
           ^^^^^^^^^^^^^^^^^^^^^^^^^^^^^^^^
  File "/opt/anaconda3/lib/python3.12/site-packages/kiteconnect/connect.py", line 861, in _get
    return self._request(route, "GET", url_args=url_args, params=params, is_json=is_json)
           ^^^^^^^^^^^^^^^^^^^^^^^^^^^^^^^^^^^^^^^^^^^^^^^^^^^^^^^^^^^^^^^^^^^^^^^^^^^^^^
  File "/opt/anaconda3/lib/python3.12/site-packages/kiteconnect/connect.py", line 937, in _request
    raise exp(data["message"], code=r.status_code)
kiteconnect.exceptions.TokenException: Incorrect `api_key` or `access_token`.
2025-11-17 00:33:10 | DEBUG    | ATM strike calculated: 51600 from futures price: 51583.35
2025-11-17 00:33:10 | INFO     | 🔴 SHORT Entry initiated | futures_price=51583.35 | atm_strike=51600 | hedge_strike=53600 | lot_size=8
2025-11-17 00:33:10 | DEBUG    | Executing BUY legs: 2 orders
2025-11-17 00:33:10 | ERROR    | Failed to place order: BANKNIFTY51600PE | error=Incorrect `api_key` or `access_token`.
Traceback (most recent call last):
  File "/Users/rohan/Downloads/Vridhi_Capital_Trading_System/src/trading_system/oms/order_manager.py", line 743, in _place_market_order
    order_id=fake_id,
           ^^^^^^^^^^
  File "/opt/anaconda3/lib/python3.12/site-packages/kiteconnect/connect.py", line 361, in place_order
    return self._post("order.place",
           ^^^^^^^^^^^^^^^^^^^^^^^^^
  File "/opt/anaconda3/lib/python3.12/site-packages/kiteconnect/connect.py", line 865, in _post
    return self._request(route, "POST", url_args=url_args, params=params, is_json=is_json, query_params=query_params)
           ^^^^^^^^^^^^^^^^^^^^^^^^^^^^^^^^^^^^^^^^^^^^^^^^^^^^^^^^^^^^^^^^^^^^^^^^^^^^^^^^^^^^^^^^^^^^^^^^^^^^^^^^^^
  File "/opt/anaconda3/lib/python3.12/site-packages/kiteconnect/connect.py", line 937, in _request
    raise exp(data["message"], code=r.status_code)
kiteconnect.exceptions.TokenException: Incorrect `api_key` or `access_token`.
2025-11-17 00:33:10 | ERROR    | Failed to place order for BANKNIFTY51600PE
2025-11-17 00:33:10 | WARNING  | BUY legs failed for lot_size=8
2025-11-17 00:33:10 | ERROR    | Error exiting partial positions: Incorrect `api_key` or `access_token`.
Traceback (most recent call last):
  File "/Users/rohan/Downloads/Vridhi_Capital_Trading_System/src/trading_system/oms/order_manager.py", line 822, in _exit_partial_positions
    return 0, 0.0
                  
  File "/opt/anaconda3/lib/python3.12/site-packages/kiteconnect/connect.py", line 445, in positions
    return self._get("portfolio.positions")
           ^^^^^^^^^^^^^^^^^^^^^^^^^^^^^^^^
  File "/opt/anaconda3/lib/python3.12/site-packages/kiteconnect/connect.py", line 861, in _get
    return self._request(route, "GET", url_args=url_args, params=params, is_json=is_json)
           ^^^^^^^^^^^^^^^^^^^^^^^^^^^^^^^^^^^^^^^^^^^^^^^^^^^^^^^^^^^^^^^^^^^^^^^^^^^^^^
  File "/opt/anaconda3/lib/python3.12/site-packages/kiteconnect/connect.py", line 937, in _request
    raise exp(data["message"], code=r.status_code)
kiteconnect.exceptions.TokenException: Incorrect `api_key` or `access_token`.
2025-11-17 00:33:10 | DEBUG    | Executing BUY legs: 2 orders
2025-11-17 00:33:11 | ERROR    | Failed to place order: BANKNIFTY51600PE | error=Incorrect `api_key` or `access_token`.
Traceback (most recent call last):
  File "/Users/rohan/Downloads/Vridhi_Capital_Trading_System/src/trading_system/oms/order_manager.py", line 743, in _place_market_order
    order_id=fake_id,
           ^^^^^^^^^^
  File "/opt/anaconda3/lib/python3.12/site-packages/kiteconnect/connect.py", line 361, in place_order
    return self._post("order.place",
           ^^^^^^^^^^^^^^^^^^^^^^^^^
  File "/opt/anaconda3/lib/python3.12/site-packages/kiteconnect/connect.py", line 865, in _post
    return self._request(route, "POST", url_args=url_args, params=params, is_json=is_json, query_params=query_params)
           ^^^^^^^^^^^^^^^^^^^^^^^^^^^^^^^^^^^^^^^^^^^^^^^^^^^^^^^^^^^^^^^^^^^^^^^^^^^^^^^^^^^^^^^^^^^^^^^^^^^^^^^^^^
  File "/opt/anaconda3/lib/python3.12/site-packages/kiteconnect/connect.py", line 937, in _request
    raise exp(data["message"], code=r.status_code)
kiteconnect.exceptions.TokenException: Incorrect `api_key` or `access_token`.
2025-11-17 00:33:11 | ERROR    | Failed to place order for BANKNIFTY51600PE
2025-11-17 00:33:11 | WARNING  | BUY legs failed for lot_size=4
2025-11-17 00:33:11 | ERROR    | Error exiting partial positions: Incorrect `api_key` or `access_token`.
Traceback (most recent call last):
  File "/Users/rohan/Downloads/Vridhi_Capital_Trading_System/src/trading_system/oms/order_manager.py", line 822, in _exit_partial_positions
    return 0, 0.0
                  
  File "/opt/anaconda3/lib/python3.12/site-packages/kiteconnect/connect.py", line 445, in positions
    return self._get("portfolio.positions")
           ^^^^^^^^^^^^^^^^^^^^^^^^^^^^^^^^
  File "/opt/anaconda3/lib/python3.12/site-packages/kiteconnect/connect.py", line 861, in _get
    return self._request(route, "GET", url_args=url_args, params=params, is_json=is_json)
           ^^^^^^^^^^^^^^^^^^^^^^^^^^^^^^^^^^^^^^^^^^^^^^^^^^^^^^^^^^^^^^^^^^^^^^^^^^^^^^
  File "/opt/anaconda3/lib/python3.12/site-packages/kiteconnect/connect.py", line 937, in _request
    raise exp(data["message"], code=r.status_code)
kiteconnect.exceptions.TokenException: Incorrect `api_key` or `access_token`.
2025-11-17 00:33:11 | DEBUG    | Executing BUY legs: 2 orders
2025-11-17 00:33:11 | ERROR    | Failed to place order: BANKNIFTY51600PE | error=Incorrect `api_key` or `access_token`.
Traceback (most recent call last):
  File "/Users/rohan/Downloads/Vridhi_Capital_Trading_System/src/trading_system/oms/order_manager.py", line 743, in _place_market_order
    order_id=fake_id,
           ^^^^^^^^^^
  File "/opt/anaconda3/lib/python3.12/site-packages/kiteconnect/connect.py", line 361, in place_order
    return self._post("order.place",
           ^^^^^^^^^^^^^^^^^^^^^^^^^
  File "/opt/anaconda3/lib/python3.12/site-packages/kiteconnect/connect.py", line 865, in _post
    return self._request(route, "POST", url_args=url_args, params=params, is_json=is_json, query_params=query_params)
           ^^^^^^^^^^^^^^^^^^^^^^^^^^^^^^^^^^^^^^^^^^^^^^^^^^^^^^^^^^^^^^^^^^^^^^^^^^^^^^^^^^^^^^^^^^^^^^^^^^^^^^^^^^
  File "/opt/anaconda3/lib/python3.12/site-packages/kiteconnect/connect.py", line 937, in _request
    raise exp(data["message"], code=r.status_code)
kiteconnect.exceptions.TokenException: Incorrect `api_key` or `access_token`.
2025-11-17 00:33:11 | ERROR    | Failed to place order for BANKNIFTY51600PE
2025-11-17 00:33:11 | WARNING  | BUY legs failed for lot_size=2
2025-11-17 00:33:11 | ERROR    | Error exiting partial positions: Incorrect `api_key` or `access_token`.
Traceback (most recent call last):
  File "/Users/rohan/Downloads/Vridhi_Capital_Trading_System/src/trading_system/oms/order_manager.py", line 822, in _exit_partial_positions
    return 0, 0.0
                  
  File "/opt/anaconda3/lib/python3.12/site-packages/kiteconnect/connect.py", line 445, in positions
    return self._get("portfolio.positions")
           ^^^^^^^^^^^^^^^^^^^^^^^^^^^^^^^^
  File "/opt/anaconda3/lib/python3.12/site-packages/kiteconnect/connect.py", line 861, in _get
    return self._request(route, "GET", url_args=url_args, params=params, is_json=is_json)
           ^^^^^^^^^^^^^^^^^^^^^^^^^^^^^^^^^^^^^^^^^^^^^^^^^^^^^^^^^^^^^^^^^^^^^^^^^^^^^^
  File "/opt/anaconda3/lib/python3.12/site-packages/kiteconnect/connect.py", line 937, in _request
    raise exp(data["message"], code=r.status_code)
kiteconnect.exceptions.TokenException: Incorrect `api_key` or `access_token`.
2025-11-17 00:33:11 | DEBUG    | Executing BUY legs: 2 orders
2025-11-17 00:33:11 | ERROR    | Failed to place order: BANKNIFTY51600PE | error=Incorrect `api_key` or `access_token`.
Traceback (most recent call last):
  File "/Users/rohan/Downloads/Vridhi_Capital_Trading_System/src/trading_system/oms/order_manager.py", line 743, in _place_market_order
    order_id=fake_id,
           ^^^^^^^^^^
  File "/opt/anaconda3/lib/python3.12/site-packages/kiteconnect/connect.py", line 361, in place_order
    return self._post("order.place",
           ^^^^^^^^^^^^^^^^^^^^^^^^^
  File "/opt/anaconda3/lib/python3.12/site-packages/kiteconnect/connect.py", line 865, in _post
    return self._request(route, "POST", url_args=url_args, params=params, is_json=is_json, query_params=query_params)
           ^^^^^^^^^^^^^^^^^^^^^^^^^^^^^^^^^^^^^^^^^^^^^^^^^^^^^^^^^^^^^^^^^^^^^^^^^^^^^^^^^^^^^^^^^^^^^^^^^^^^^^^^^^
  File "/opt/anaconda3/lib/python3.12/site-packages/kiteconnect/connect.py", line 937, in _request
    raise exp(data["message"], code=r.status_code)
kiteconnect.exceptions.TokenException: Incorrect `api_key` or `access_token`.
2025-11-17 00:33:11 | ERROR    | Failed to place order for BANKNIFTY51600PE
2025-11-17 00:33:11 | WARNING  | BUY legs failed for lot_size=1
2025-11-17 00:33:11 | ERROR    | Error exiting partial positions: Incorrect `api_key` or `access_token`.
Traceback (most recent call last):
  File "/Users/rohan/Downloads/Vridhi_Capital_Trading_System/src/trading_system/oms/order_manager.py", line 822, in _exit_partial_positions
    return 0, 0.0
                  
  File "/opt/anaconda3/lib/python3.12/site-packages/kiteconnect/connect.py", line 445, in positions
    return self._get("portfolio.positions")
           ^^^^^^^^^^^^^^^^^^^^^^^^^^^^^^^^
  File "/opt/anaconda3/lib/python3.12/site-packages/kiteconnect/connect.py", line 861, in _get
    return self._request(route, "GET", url_args=url_args, params=params, is_json=is_json)
           ^^^^^^^^^^^^^^^^^^^^^^^^^^^^^^^^^^^^^^^^^^^^^^^^^^^^^^^^^^^^^^^^^^^^^^^^^^^^^^
  File "/opt/anaconda3/lib/python3.12/site-packages/kiteconnect/connect.py", line 937, in _request
    raise exp(data["message"], code=r.status_code)
kiteconnect.exceptions.TokenException: Incorrect `api_key` or `access_token`.
2025-11-17 00:33:11 | DEBUG    | ATM strike calculated: 51600 from futures price: 51583.35
2025-11-17 00:33:11 | INFO     | 🔴 SHORT Entry initiated | futures_price=51583.35 | atm_strike=51600 | hedge_strike=53600 | lot_size=8
2025-11-17 00:33:11 | DEBUG    | Executing BUY legs: 2 orders
2025-11-17 00:33:11 | ERROR    | Failed to place order: BANKNIFTY51600PE | error=Incorrect `api_key` or `access_token`.
Traceback (most recent call last):
  File "/Users/rohan/Downloads/Vridhi_Capital_Trading_System/src/trading_system/oms/order_manager.py", line 743, in _place_market_order
    order_id=fake_id,
           ^^^^^^^^^^
  File "/opt/anaconda3/lib/python3.12/site-packages/kiteconnect/connect.py", line 361, in place_order
    return self._post("order.place",
           ^^^^^^^^^^^^^^^^^^^^^^^^^
  File "/opt/anaconda3/lib/python3.12/site-packages/kiteconnect/connect.py", line 865, in _post
    return self._request(route, "POST", url_args=url_args, params=params, is_json=is_json, query_params=query_params)
           ^^^^^^^^^^^^^^^^^^^^^^^^^^^^^^^^^^^^^^^^^^^^^^^^^^^^^^^^^^^^^^^^^^^^^^^^^^^^^^^^^^^^^^^^^^^^^^^^^^^^^^^^^^
  File "/opt/anaconda3/lib/python3.12/site-packages/kiteconnect/connect.py", line 937, in _request
    raise exp(data["message"], code=r.status_code)
kiteconnect.exceptions.TokenException: Incorrect `api_key` or `access_token`.
2025-11-17 00:33:11 | ERROR    | Failed to place order for BANKNIFTY51600PE
2025-11-17 00:33:11 | WARNING  | BUY legs failed for lot_size=8
2025-11-17 00:33:12 | ERROR    | Error exiting partial positions: Incorrect `api_key` or `access_token`.
Traceback (most recent call last):
  File "/Users/rohan/Downloads/Vridhi_Capital_Trading_System/src/trading_system/oms/order_manager.py", line 822, in _exit_partial_positions
    return 0, 0.0
                  
  File "/opt/anaconda3/lib/python3.12/site-packages/kiteconnect/connect.py", line 445, in positions
    return self._get("portfolio.positions")
           ^^^^^^^^^^^^^^^^^^^^^^^^^^^^^^^^
  File "/opt/anaconda3/lib/python3.12/site-packages/kiteconnect/connect.py", line 861, in _get
    return self._request(route, "GET", url_args=url_args, params=params, is_json=is_json)
           ^^^^^^^^^^^^^^^^^^^^^^^^^^^^^^^^^^^^^^^^^^^^^^^^^^^^^^^^^^^^^^^^^^^^^^^^^^^^^^
  File "/opt/anaconda3/lib/python3.12/site-packages/kiteconnect/connect.py", line 937, in _request
    raise exp(data["message"], code=r.status_code)
kiteconnect.exceptions.TokenException: Incorrect `api_key` or `access_token`.
2025-11-17 00:33:12 | DEBUG    | Executing BUY legs: 2 orders
2025-11-17 00:33:12 | ERROR    | Failed to place order: BANKNIFTY51600PE | error=Incorrect `api_key` or `access_token`.
Traceback (most recent call last):
  File "/Users/rohan/Downloads/Vridhi_Capital_Trading_System/src/trading_system/oms/order_manager.py", line 743, in _place_market_order
    order_id=fake_id,
           ^^^^^^^^^^
  File "/opt/anaconda3/lib/python3.12/site-packages/kiteconnect/connect.py", line 361, in place_order
    return self._post("order.place",
           ^^^^^^^^^^^^^^^^^^^^^^^^^
  File "/opt/anaconda3/lib/python3.12/site-packages/kiteconnect/connect.py", line 865, in _post
    return self._request(route, "POST", url_args=url_args, params=params, is_json=is_json, query_params=query_params)
           ^^^^^^^^^^^^^^^^^^^^^^^^^^^^^^^^^^^^^^^^^^^^^^^^^^^^^^^^^^^^^^^^^^^^^^^^^^^^^^^^^^^^^^^^^^^^^^^^^^^^^^^^^^
  File "/opt/anaconda3/lib/python3.12/site-packages/kiteconnect/connect.py", line 937, in _request
    raise exp(data["message"], code=r.status_code)
kiteconnect.exceptions.TokenException: Incorrect `api_key` or `access_token`.
2025-11-17 00:33:12 | ERROR    | Failed to place order for BANKNIFTY51600PE
2025-11-17 00:33:12 | WARNING  | BUY legs failed for lot_size=4
2025-11-17 00:33:12 | ERROR    | Error exiting partial positions: Incorrect `api_key` or `access_token`.
Traceback (most recent call last):
  File "/Users/rohan/Downloads/Vridhi_Capital_Trading_System/src/trading_system/oms/order_manager.py", line 822, in _exit_partial_positions
    return 0, 0.0
                  
  File "/opt/anaconda3/lib/python3.12/site-packages/kiteconnect/connect.py", line 445, in positions
    return self._get("portfolio.positions")
           ^^^^^^^^^^^^^^^^^^^^^^^^^^^^^^^^
  File "/opt/anaconda3/lib/python3.12/site-packages/kiteconnect/connect.py", line 861, in _get
    return self._request(route, "GET", url_args=url_args, params=params, is_json=is_json)
           ^^^^^^^^^^^^^^^^^^^^^^^^^^^^^^^^^^^^^^^^^^^^^^^^^^^^^^^^^^^^^^^^^^^^^^^^^^^^^^
  File "/opt/anaconda3/lib/python3.12/site-packages/kiteconnect/connect.py", line 937, in _request
    raise exp(data["message"], code=r.status_code)
kiteconnect.exceptions.TokenException: Incorrect `api_key` or `access_token`.
2025-11-17 00:33:12 | DEBUG    | Executing BUY legs: 2 orders
2025-11-17 00:33:12 | ERROR    | Failed to place order: BANKNIFTY51600PE | error=Incorrect `api_key` or `access_token`.
Traceback (most recent call last):
  File "/Users/rohan/Downloads/Vridhi_Capital_Trading_System/src/trading_system/oms/order_manager.py", line 743, in _place_market_order
    order_id=fake_id,
           ^^^^^^^^^^
  File "/opt/anaconda3/lib/python3.12/site-packages/kiteconnect/connect.py", line 361, in place_order
    return self._post("order.place",
           ^^^^^^^^^^^^^^^^^^^^^^^^^
  File "/opt/anaconda3/lib/python3.12/site-packages/kiteconnect/connect.py", line 865, in _post
    return self._request(route, "POST", url_args=url_args, params=params, is_json=is_json, query_params=query_params)
           ^^^^^^^^^^^^^^^^^^^^^^^^^^^^^^^^^^^^^^^^^^^^^^^^^^^^^^^^^^^^^^^^^^^^^^^^^^^^^^^^^^^^^^^^^^^^^^^^^^^^^^^^^^
  File "/opt/anaconda3/lib/python3.12/site-packages/kiteconnect/connect.py", line 937, in _request
    raise exp(data["message"], code=r.status_code)
kiteconnect.exceptions.TokenException: Incorrect `api_key` or `access_token`.
2025-11-17 00:33:12 | ERROR    | Failed to place order for BANKNIFTY51600PE
2025-11-17 00:33:12 | WARNING  | BUY legs failed for lot_size=2
2025-11-17 00:33:12 | ERROR    | Error exiting partial positions: Incorrect `api_key` or `access_token`.
Traceback (most recent call last):
  File "/Users/rohan/Downloads/Vridhi_Capital_Trading_System/src/trading_system/oms/order_manager.py", line 822, in _exit_partial_positions
    return 0, 0.0
                  
  File "/opt/anaconda3/lib/python3.12/site-packages/kiteconnect/connect.py", line 445, in positions
    return self._get("portfolio.positions")
           ^^^^^^^^^^^^^^^^^^^^^^^^^^^^^^^^
  File "/opt/anaconda3/lib/python3.12/site-packages/kiteconnect/connect.py", line 861, in _get
    return self._request(route, "GET", url_args=url_args, params=params, is_json=is_json)
           ^^^^^^^^^^^^^^^^^^^^^^^^^^^^^^^^^^^^^^^^^^^^^^^^^^^^^^^^^^^^^^^^^^^^^^^^^^^^^^
  File "/opt/anaconda3/lib/python3.12/site-packages/kiteconnect/connect.py", line 937, in _request
    raise exp(data["message"], code=r.status_code)
kiteconnect.exceptions.TokenException: Incorrect `api_key` or `access_token`.
2025-11-17 00:33:12 | DEBUG    | Executing BUY legs: 2 orders
2025-11-17 00:33:12 | ERROR    | Failed to place order: BANKNIFTY51600PE | error=Incorrect `api_key` or `access_token`.
Traceback (most recent call last):
  File "/Users/rohan/Downloads/Vridhi_Capital_Trading_System/src/trading_system/oms/order_manager.py", line 743, in _place_market_order
    order_id=fake_id,
           ^^^^^^^^^^
  File "/opt/anaconda3/lib/python3.12/site-packages/kiteconnect/connect.py", line 361, in place_order
    return self._post("order.place",
           ^^^^^^^^^^^^^^^^^^^^^^^^^
  File "/opt/anaconda3/lib/python3.12/site-packages/kiteconnect/connect.py", line 865, in _post
    return self._request(route, "POST", url_args=url_args, params=params, is_json=is_json, query_params=query_params)
           ^^^^^^^^^^^^^^^^^^^^^^^^^^^^^^^^^^^^^^^^^^^^^^^^^^^^^^^^^^^^^^^^^^^^^^^^^^^^^^^^^^^^^^^^^^^^^^^^^^^^^^^^^^
  File "/opt/anaconda3/lib/python3.12/site-packages/kiteconnect/connect.py", line 937, in _request
    raise exp(data["message"], code=r.status_code)
kiteconnect.exceptions.TokenException: Incorrect `api_key` or `access_token`.
2025-11-17 00:33:12 | ERROR    | Failed to place order for BANKNIFTY51600PE
2025-11-17 00:33:12 | WARNING  | BUY legs failed for lot_size=1
2025-11-17 00:33:12 | ERROR    | Error exiting partial positions: Incorrect `api_key` or `access_token`.
Traceback (most recent call last):
  File "/Users/rohan/Downloads/Vridhi_Capital_Trading_System/src/trading_system/oms/order_manager.py", line 822, in _exit_partial_positions
    return 0, 0.0
                  
  File "/opt/anaconda3/lib/python3.12/site-packages/kiteconnect/connect.py", line 445, in positions
    return self._get("portfolio.positions")
           ^^^^^^^^^^^^^^^^^^^^^^^^^^^^^^^^
  File "/opt/anaconda3/lib/python3.12/site-packages/kiteconnect/connect.py", line 861, in _get
    return self._request(route, "GET", url_args=url_args, params=params, is_json=is_json)
           ^^^^^^^^^^^^^^^^^^^^^^^^^^^^^^^^^^^^^^^^^^^^^^^^^^^^^^^^^^^^^^^^^^^^^^^^^^^^^^
  File "/opt/anaconda3/lib/python3.12/site-packages/kiteconnect/connect.py", line 937, in _request
    raise exp(data["message"], code=r.status_code)
kiteconnect.exceptions.TokenException: Incorrect `api_key` or `access_token`.
2025-11-17 00:35:12 | DEBUG    | ATM strike calculated: 51600 from futures price: 51636.95
2025-11-17 00:35:12 | INFO     | 🔵 LONG Entry initiated | futures_price=51636.95 | atm_strike=51600 | hedge_strike=49600 | lot_size=8
2025-11-17 00:35:12 | DEBUG    | Executing BUY legs: 2 orders
2025-11-17 00:35:13 | ERROR    | Failed to place order: BANKNIFTY51600CE | error=Incorrect `api_key` or `access_token`.
Traceback (most recent call last):
  File "/Users/rohan/Downloads/Vridhi_Capital_Trading_System/src/trading_system/oms/order_manager.py", line 743, in _place_market_order
    order_id=fake_id,
           ^^^^^^^^^^
  File "/opt/anaconda3/lib/python3.12/site-packages/kiteconnect/connect.py", line 361, in place_order
    return self._post("order.place",
           ^^^^^^^^^^^^^^^^^^^^^^^^^
  File "/opt/anaconda3/lib/python3.12/site-packages/kiteconnect/connect.py", line 865, in _post
    return self._request(route, "POST", url_args=url_args, params=params, is_json=is_json, query_params=query_params)
           ^^^^^^^^^^^^^^^^^^^^^^^^^^^^^^^^^^^^^^^^^^^^^^^^^^^^^^^^^^^^^^^^^^^^^^^^^^^^^^^^^^^^^^^^^^^^^^^^^^^^^^^^^^
  File "/opt/anaconda3/lib/python3.12/site-packages/kiteconnect/connect.py", line 937, in _request
    raise exp(data["message"], code=r.status_code)
kiteconnect.exceptions.TokenException: Incorrect `api_key` or `access_token`.
2025-11-17 00:35:13 | ERROR    | Failed to place order for BANKNIFTY51600CE
2025-11-17 00:35:13 | WARNING  | BUY legs failed for lot_size=8
2025-11-17 00:35:13 | ERROR    | Error exiting partial positions: Incorrect `api_key` or `access_token`.
Traceback (most recent call last):
  File "/Users/rohan/Downloads/Vridhi_Capital_Trading_System/src/trading_system/oms/order_manager.py", line 822, in _exit_partial_positions
    return 0, 0.0
                  
  File "/opt/anaconda3/lib/python3.12/site-packages/kiteconnect/connect.py", line 445, in positions
    return self._get("portfolio.positions")
           ^^^^^^^^^^^^^^^^^^^^^^^^^^^^^^^^
  File "/opt/anaconda3/lib/python3.12/site-packages/kiteconnect/connect.py", line 861, in _get
    return self._request(route, "GET", url_args=url_args, params=params, is_json=is_json)
           ^^^^^^^^^^^^^^^^^^^^^^^^^^^^^^^^^^^^^^^^^^^^^^^^^^^^^^^^^^^^^^^^^^^^^^^^^^^^^^
  File "/opt/anaconda3/lib/python3.12/site-packages/kiteconnect/connect.py", line 937, in _request
    raise exp(data["message"], code=r.status_code)
kiteconnect.exceptions.TokenException: Incorrect `api_key` or `access_token`.
2025-11-17 00:35:13 | DEBUG    | Executing BUY legs: 2 orders
2025-11-17 00:35:13 | ERROR    | Failed to place order: BANKNIFTY51600CE | error=Incorrect `api_key` or `access_token`.
Traceback (most recent call last):
  File "/Users/rohan/Downloads/Vridhi_Capital_Trading_System/src/trading_system/oms/order_manager.py", line 743, in _place_market_order
    order_id=fake_id,
           ^^^^^^^^^^
  File "/opt/anaconda3/lib/python3.12/site-packages/kiteconnect/connect.py", line 361, in place_order
    return self._post("order.place",
           ^^^^^^^^^^^^^^^^^^^^^^^^^
  File "/opt/anaconda3/lib/python3.12/site-packages/kiteconnect/connect.py", line 865, in _post
    return self._request(route, "POST", url_args=url_args, params=params, is_json=is_json, query_params=query_params)
           ^^^^^^^^^^^^^^^^^^^^^^^^^^^^^^^^^^^^^^^^^^^^^^^^^^^^^^^^^^^^^^^^^^^^^^^^^^^^^^^^^^^^^^^^^^^^^^^^^^^^^^^^^^
  File "/opt/anaconda3/lib/python3.12/site-packages/kiteconnect/connect.py", line 937, in _request
    raise exp(data["message"], code=r.status_code)
kiteconnect.exceptions.TokenException: Incorrect `api_key` or `access_token`.
2025-11-17 00:35:13 | ERROR    | Failed to place order for BANKNIFTY51600CE
2025-11-17 00:35:13 | WARNING  | BUY legs failed for lot_size=4
2025-11-17 00:35:14 | ERROR    | Error exiting partial positions: Incorrect `api_key` or `access_token`.
Traceback (most recent call last):
  File "/Users/rohan/Downloads/Vridhi_Capital_Trading_System/src/trading_system/oms/order_manager.py", line 822, in _exit_partial_positions
    return 0, 0.0
                  
  File "/opt/anaconda3/lib/python3.12/site-packages/kiteconnect/connect.py", line 445, in positions
    return self._get("portfolio.positions")
           ^^^^^^^^^^^^^^^^^^^^^^^^^^^^^^^^
  File "/opt/anaconda3/lib/python3.12/site-packages/kiteconnect/connect.py", line 861, in _get
    return self._request(route, "GET", url_args=url_args, params=params, is_json=is_json)
           ^^^^^^^^^^^^^^^^^^^^^^^^^^^^^^^^^^^^^^^^^^^^^^^^^^^^^^^^^^^^^^^^^^^^^^^^^^^^^^
  File "/opt/anaconda3/lib/python3.12/site-packages/kiteconnect/connect.py", line 937, in _request
    raise exp(data["message"], code=r.status_code)
kiteconnect.exceptions.TokenException: Incorrect `api_key` or `access_token`.
2025-11-17 00:35:14 | DEBUG    | Executing BUY legs: 2 orders
2025-11-17 00:35:14 | ERROR    | Failed to place order: BANKNIFTY51600CE | error=Incorrect `api_key` or `access_token`.
Traceback (most recent call last):
  File "/Users/rohan/Downloads/Vridhi_Capital_Trading_System/src/trading_system/oms/order_manager.py", line 743, in _place_market_order
    order_id=fake_id,
           ^^^^^^^^^^
  File "/opt/anaconda3/lib/python3.12/site-packages/kiteconnect/connect.py", line 361, in place_order
    return self._post("order.place",
           ^^^^^^^^^^^^^^^^^^^^^^^^^
  File "/opt/anaconda3/lib/python3.12/site-packages/kiteconnect/connect.py", line 865, in _post
    return self._request(route, "POST", url_args=url_args, params=params, is_json=is_json, query_params=query_params)
           ^^^^^^^^^^^^^^^^^^^^^^^^^^^^^^^^^^^^^^^^^^^^^^^^^^^^^^^^^^^^^^^^^^^^^^^^^^^^^^^^^^^^^^^^^^^^^^^^^^^^^^^^^^
  File "/opt/anaconda3/lib/python3.12/site-packages/kiteconnect/connect.py", line 937, in _request
    raise exp(data["message"], code=r.status_code)
kiteconnect.exceptions.TokenException: Incorrect `api_key` or `access_token`.
2025-11-17 00:35:14 | ERROR    | Failed to place order for BANKNIFTY51600CE
2025-11-17 00:35:14 | WARNING  | BUY legs failed for lot_size=2
2025-11-17 00:35:14 | ERROR    | Error exiting partial positions: Incorrect `api_key` or `access_token`.
Traceback (most recent call last):
  File "/Users/rohan/Downloads/Vridhi_Capital_Trading_System/src/trading_system/oms/order_manager.py", line 822, in _exit_partial_positions
    return 0, 0.0
                  
  File "/opt/anaconda3/lib/python3.12/site-packages/kiteconnect/connect.py", line 445, in positions
    return self._get("portfolio.positions")
           ^^^^^^^^^^^^^^^^^^^^^^^^^^^^^^^^
  File "/opt/anaconda3/lib/python3.12/site-packages/kiteconnect/connect.py", line 861, in _get
    return self._request(route, "GET", url_args=url_args, params=params, is_json=is_json)
           ^^^^^^^^^^^^^^^^^^^^^^^^^^^^^^^^^^^^^^^^^^^^^^^^^^^^^^^^^^^^^^^^^^^^^^^^^^^^^^
  File "/opt/anaconda3/lib/python3.12/site-packages/kiteconnect/connect.py", line 937, in _request
    raise exp(data["message"], code=r.status_code)
kiteconnect.exceptions.TokenException: Incorrect `api_key` or `access_token`.
2025-11-17 00:35:14 | DEBUG    | Executing BUY legs: 2 orders
2025-11-17 00:35:14 | ERROR    | Failed to place order: BANKNIFTY51600CE | error=Incorrect `api_key` or `access_token`.
Traceback (most recent call last):
  File "/Users/rohan/Downloads/Vridhi_Capital_Trading_System/src/trading_system/oms/order_manager.py", line 743, in _place_market_order
    order_id=fake_id,
           ^^^^^^^^^^
  File "/opt/anaconda3/lib/python3.12/site-packages/kiteconnect/connect.py", line 361, in place_order
    return self._post("order.place",
           ^^^^^^^^^^^^^^^^^^^^^^^^^
  File "/opt/anaconda3/lib/python3.12/site-packages/kiteconnect/connect.py", line 865, in _post
    return self._request(route, "POST", url_args=url_args, params=params, is_json=is_json, query_params=query_params)
           ^^^^^^^^^^^^^^^^^^^^^^^^^^^^^^^^^^^^^^^^^^^^^^^^^^^^^^^^^^^^^^^^^^^^^^^^^^^^^^^^^^^^^^^^^^^^^^^^^^^^^^^^^^
  File "/opt/anaconda3/lib/python3.12/site-packages/kiteconnect/connect.py", line 937, in _request
    raise exp(data["message"], code=r.status_code)
kiteconnect.exceptions.TokenException: Incorrect `api_key` or `access_token`.
2025-11-17 00:35:14 | ERROR    | Failed to place order for BANKNIFTY51600CE
2025-11-17 00:35:14 | WARNING  | BUY legs failed for lot_size=1
2025-11-17 00:35:14 | ERROR    | Error exiting partial positions: Incorrect `api_key` or `access_token`.
Traceback (most recent call last):
  File "/Users/rohan/Downloads/Vridhi_Capital_Trading_System/src/trading_system/oms/order_manager.py", line 822, in _exit_partial_positions
    return 0, 0.0
                  
  File "/opt/anaconda3/lib/python3.12/site-packages/kiteconnect/connect.py", line 445, in positions
    return self._get("portfolio.positions")
           ^^^^^^^^^^^^^^^^^^^^^^^^^^^^^^^^
  File "/opt/anaconda3/lib/python3.12/site-packages/kiteconnect/connect.py", line 861, in _get
    return self._request(route, "GET", url_args=url_args, params=params, is_json=is_json)
           ^^^^^^^^^^^^^^^^^^^^^^^^^^^^^^^^^^^^^^^^^^^^^^^^^^^^^^^^^^^^^^^^^^^^^^^^^^^^^^
  File "/opt/anaconda3/lib/python3.12/site-packages/kiteconnect/connect.py", line 937, in _request
    raise exp(data["message"], code=r.status_code)
kiteconnect.exceptions.TokenException: Incorrect `api_key` or `access_token`.
2025-11-17 00:35:14 | DEBUG    | ATM strike calculated: 51600 from futures price: 51636.95
2025-11-17 00:35:14 | INFO     | 🔵 LONG Entry initiated | futures_price=51636.95 | atm_strike=51600 | hedge_strike=49600 | lot_size=8
2025-11-17 00:35:14 | DEBUG    | Executing BUY legs: 2 orders
2025-11-17 00:35:14 | ERROR    | Failed to place order: BANKNIFTY51600CE | error=Incorrect `api_key` or `access_token`.
Traceback (most recent call last):
  File "/Users/rohan/Downloads/Vridhi_Capital_Trading_System/src/trading_system/oms/order_manager.py", line 743, in _place_market_order
    order_id=fake_id,
           ^^^^^^^^^^
  File "/opt/anaconda3/lib/python3.12/site-packages/kiteconnect/connect.py", line 361, in place_order
    return self._post("order.place",
           ^^^^^^^^^^^^^^^^^^^^^^^^^
  File "/opt/anaconda3/lib/python3.12/site-packages/kiteconnect/connect.py", line 865, in _post
    return self._request(route, "POST", url_args=url_args, params=params, is_json=is_json, query_params=query_params)
           ^^^^^^^^^^^^^^^^^^^^^^^^^^^^^^^^^^^^^^^^^^^^^^^^^^^^^^^^^^^^^^^^^^^^^^^^^^^^^^^^^^^^^^^^^^^^^^^^^^^^^^^^^^
  File "/opt/anaconda3/lib/python3.12/site-packages/kiteconnect/connect.py", line 937, in _request
    raise exp(data["message"], code=r.status_code)
kiteconnect.exceptions.TokenException: Incorrect `api_key` or `access_token`.
2025-11-17 00:35:14 | ERROR    | Failed to place order for BANKNIFTY51600CE
2025-11-17 00:35:14 | WARNING  | BUY legs failed for lot_size=8
2025-11-17 00:35:14 | ERROR    | Error exiting partial positions: Incorrect `api_key` or `access_token`.
Traceback (most recent call last):
  File "/Users/rohan/Downloads/Vridhi_Capital_Trading_System/src/trading_system/oms/order_manager.py", line 822, in _exit_partial_positions
    return 0, 0.0
                  
  File "/opt/anaconda3/lib/python3.12/site-packages/kiteconnect/connect.py", line 445, in positions
    return self._get("portfolio.positions")
           ^^^^^^^^^^^^^^^^^^^^^^^^^^^^^^^^
  File "/opt/anaconda3/lib/python3.12/site-packages/kiteconnect/connect.py", line 861, in _get
    return self._request(route, "GET", url_args=url_args, params=params, is_json=is_json)
           ^^^^^^^^^^^^^^^^^^^^^^^^^^^^^^^^^^^^^^^^^^^^^^^^^^^^^^^^^^^^^^^^^^^^^^^^^^^^^^
  File "/opt/anaconda3/lib/python3.12/site-packages/kiteconnect/connect.py", line 937, in _request
    raise exp(data["message"], code=r.status_code)
kiteconnect.exceptions.TokenException: Incorrect `api_key` or `access_token`.
2025-11-17 00:35:14 | DEBUG    | Executing BUY legs: 2 orders
2025-11-17 00:35:15 | ERROR    | Failed to place order: BANKNIFTY51600CE | error=Incorrect `api_key` or `access_token`.
Traceback (most recent call last):
  File "/Users/rohan/Downloads/Vridhi_Capital_Trading_System/src/trading_system/oms/order_manager.py", line 743, in _place_market_order
    order_id=fake_id,
           ^^^^^^^^^^
  File "/opt/anaconda3/lib/python3.12/site-packages/kiteconnect/connect.py", line 361, in place_order
    return self._post("order.place",
           ^^^^^^^^^^^^^^^^^^^^^^^^^
  File "/opt/anaconda3/lib/python3.12/site-packages/kiteconnect/connect.py", line 865, in _post
    return self._request(route, "POST", url_args=url_args, params=params, is_json=is_json, query_params=query_params)
           ^^^^^^^^^^^^^^^^^^^^^^^^^^^^^^^^^^^^^^^^^^^^^^^^^^^^^^^^^^^^^^^^^^^^^^^^^^^^^^^^^^^^^^^^^^^^^^^^^^^^^^^^^^
  File "/opt/anaconda3/lib/python3.12/site-packages/kiteconnect/connect.py", line 937, in _request
    raise exp(data["message"], code=r.status_code)
kiteconnect.exceptions.TokenException: Incorrect `api_key` or `access_token`.
2025-11-17 00:35:15 | ERROR    | Failed to place order for BANKNIFTY51600CE
2025-11-17 00:35:15 | WARNING  | BUY legs failed for lot_size=4
2025-11-17 00:35:15 | ERROR    | Error exiting partial positions: Incorrect `api_key` or `access_token`.
Traceback (most recent call last):
  File "/Users/rohan/Downloads/Vridhi_Capital_Trading_System/src/trading_system/oms/order_manager.py", line 822, in _exit_partial_positions
    return 0, 0.0
                  
  File "/opt/anaconda3/lib/python3.12/site-packages/kiteconnect/connect.py", line 445, in positions
    return self._get("portfolio.positions")
           ^^^^^^^^^^^^^^^^^^^^^^^^^^^^^^^^
  File "/opt/anaconda3/lib/python3.12/site-packages/kiteconnect/connect.py", line 861, in _get
    return self._request(route, "GET", url_args=url_args, params=params, is_json=is_json)
           ^^^^^^^^^^^^^^^^^^^^^^^^^^^^^^^^^^^^^^^^^^^^^^^^^^^^^^^^^^^^^^^^^^^^^^^^^^^^^^
  File "/opt/anaconda3/lib/python3.12/site-packages/kiteconnect/connect.py", line 937, in _request
    raise exp(data["message"], code=r.status_code)
kiteconnect.exceptions.TokenException: Incorrect `api_key` or `access_token`.
2025-11-17 00:35:15 | DEBUG    | Executing BUY legs: 2 orders
2025-11-17 00:35:15 | ERROR    | Failed to place order: BANKNIFTY51600CE | error=Incorrect `api_key` or `access_token`.
Traceback (most recent call last):
  File "/Users/rohan/Downloads/Vridhi_Capital_Trading_System/src/trading_system/oms/order_manager.py", line 743, in _place_market_order
    order_id=fake_id,
           ^^^^^^^^^^
  File "/opt/anaconda3/lib/python3.12/site-packages/kiteconnect/connect.py", line 361, in place_order
    return self._post("order.place",
           ^^^^^^^^^^^^^^^^^^^^^^^^^
  File "/opt/anaconda3/lib/python3.12/site-packages/kiteconnect/connect.py", line 865, in _post
    return self._request(route, "POST", url_args=url_args, params=params, is_json=is_json, query_params=query_params)
           ^^^^^^^^^^^^^^^^^^^^^^^^^^^^^^^^^^^^^^^^^^^^^^^^^^^^^^^^^^^^^^^^^^^^^^^^^^^^^^^^^^^^^^^^^^^^^^^^^^^^^^^^^^
  File "/opt/anaconda3/lib/python3.12/site-packages/kiteconnect/connect.py", line 937, in _request
    raise exp(data["message"], code=r.status_code)
kiteconnect.exceptions.TokenException: Incorrect `api_key` or `access_token`.
2025-11-17 00:35:15 | ERROR    | Failed to place order for BANKNIFTY51600CE
2025-11-17 00:35:15 | WARNING  | BUY legs failed for lot_size=2
2025-11-17 00:35:15 | ERROR    | Error exiting partial positions: Incorrect `api_key` or `access_token`.
Traceback (most recent call last):
  File "/Users/rohan/Downloads/Vridhi_Capital_Trading_System/src/trading_system/oms/order_manager.py", line 822, in _exit_partial_positions
    return 0, 0.0
                  
  File "/opt/anaconda3/lib/python3.12/site-packages/kiteconnect/connect.py", line 445, in positions
    return self._get("portfolio.positions")
           ^^^^^^^^^^^^^^^^^^^^^^^^^^^^^^^^
  File "/opt/anaconda3/lib/python3.12/site-packages/kiteconnect/connect.py", line 861, in _get
    return self._request(route, "GET", url_args=url_args, params=params, is_json=is_json)
           ^^^^^^^^^^^^^^^^^^^^^^^^^^^^^^^^^^^^^^^^^^^^^^^^^^^^^^^^^^^^^^^^^^^^^^^^^^^^^^
  File "/opt/anaconda3/lib/python3.12/site-packages/kiteconnect/connect.py", line 937, in _request
    raise exp(data["message"], code=r.status_code)
kiteconnect.exceptions.TokenException: Incorrect `api_key` or `access_token`.
2025-11-17 00:35:15 | DEBUG    | Executing BUY legs: 2 orders
2025-11-17 00:35:15 | ERROR    | Failed to place order: BANKNIFTY51600CE | error=Incorrect `api_key` or `access_token`.
Traceback (most recent call last):
  File "/Users/rohan/Downloads/Vridhi_Capital_Trading_System/src/trading_system/oms/order_manager.py", line 743, in _place_market_order
    order_id=fake_id,
           ^^^^^^^^^^
  File "/opt/anaconda3/lib/python3.12/site-packages/kiteconnect/connect.py", line 361, in place_order
    return self._post("order.place",
           ^^^^^^^^^^^^^^^^^^^^^^^^^
  File "/opt/anaconda3/lib/python3.12/site-packages/kiteconnect/connect.py", line 865, in _post
    return self._request(route, "POST", url_args=url_args, params=params, is_json=is_json, query_params=query_params)
           ^^^^^^^^^^^^^^^^^^^^^^^^^^^^^^^^^^^^^^^^^^^^^^^^^^^^^^^^^^^^^^^^^^^^^^^^^^^^^^^^^^^^^^^^^^^^^^^^^^^^^^^^^^
  File "/opt/anaconda3/lib/python3.12/site-packages/kiteconnect/connect.py", line 937, in _request
    raise exp(data["message"], code=r.status_code)
kiteconnect.exceptions.TokenException: Incorrect `api_key` or `access_token`.
2025-11-17 00:35:15 | ERROR    | Failed to place order for BANKNIFTY51600CE
2025-11-17 00:35:15 | WARNING  | BUY legs failed for lot_size=1
2025-11-17 00:35:15 | ERROR    | Error exiting partial positions: Incorrect `api_key` or `access_token`.
Traceback (most recent call last):
  File "/Users/rohan/Downloads/Vridhi_Capital_Trading_System/src/trading_system/oms/order_manager.py", line 822, in _exit_partial_positions
    return 0, 0.0
                  
  File "/opt/anaconda3/lib/python3.12/site-packages/kiteconnect/connect.py", line 445, in positions
    return self._get("portfolio.positions")
           ^^^^^^^^^^^^^^^^^^^^^^^^^^^^^^^^
  File "/opt/anaconda3/lib/python3.12/site-packages/kiteconnect/connect.py", line 861, in _get
    return self._request(route, "GET", url_args=url_args, params=params, is_json=is_json)
           ^^^^^^^^^^^^^^^^^^^^^^^^^^^^^^^^^^^^^^^^^^^^^^^^^^^^^^^^^^^^^^^^^^^^^^^^^^^^^^
  File "/opt/anaconda3/lib/python3.12/site-packages/kiteconnect/connect.py", line 937, in _request
    raise exp(data["message"], code=r.status_code)
kiteconnect.exceptions.TokenException: Incorrect `api_key` or `access_token`.
2025-11-17 00:37:15 | DEBUG    | ATM strike calculated: 51700 from futures price: 51720.0
2025-11-17 00:37:15 | INFO     | 🔵 LONG Entry initiated | futures_price=51720.0 | atm_strike=51700 | hedge_strike=49700 | lot_size=8
2025-11-17 00:37:15 | DEBUG    | Executing BUY legs: 2 orders
2025-11-17 00:37:16 | ERROR    | Failed to place order: BANKNIFTY51700CE | error=Incorrect `api_key` or `access_token`.
Traceback (most recent call last):
  File "/Users/rohan/Downloads/Vridhi_Capital_Trading_System/src/trading_system/oms/order_manager.py", line 743, in _place_market_order
    order_id=fake_id,
           ^^^^^^^^^^
  File "/opt/anaconda3/lib/python3.12/site-packages/kiteconnect/connect.py", line 361, in place_order
    return self._post("order.place",
           ^^^^^^^^^^^^^^^^^^^^^^^^^
  File "/opt/anaconda3/lib/python3.12/site-packages/kiteconnect/connect.py", line 865, in _post
    return self._request(route, "POST", url_args=url_args, params=params, is_json=is_json, query_params=query_params)
           ^^^^^^^^^^^^^^^^^^^^^^^^^^^^^^^^^^^^^^^^^^^^^^^^^^^^^^^^^^^^^^^^^^^^^^^^^^^^^^^^^^^^^^^^^^^^^^^^^^^^^^^^^^
  File "/opt/anaconda3/lib/python3.12/site-packages/kiteconnect/connect.py", line 937, in _request
    raise exp(data["message"], code=r.status_code)
kiteconnect.exceptions.TokenException: Incorrect `api_key` or `access_token`.
2025-11-17 00:37:16 | ERROR    | Failed to place order for BANKNIFTY51700CE
2025-11-17 00:37:16 | WARNING  | BUY legs failed for lot_size=8
2025-11-17 00:37:16 | ERROR    | Error exiting partial positions: Incorrect `api_key` or `access_token`.
Traceback (most recent call last):
  File "/Users/rohan/Downloads/Vridhi_Capital_Trading_System/src/trading_system/oms/order_manager.py", line 822, in _exit_partial_positions
    return 0, 0.0
                  
  File "/opt/anaconda3/lib/python3.12/site-packages/kiteconnect/connect.py", line 445, in positions
    return self._get("portfolio.positions")
           ^^^^^^^^^^^^^^^^^^^^^^^^^^^^^^^^
  File "/opt/anaconda3/lib/python3.12/site-packages/kiteconnect/connect.py", line 861, in _get
    return self._request(route, "GET", url_args=url_args, params=params, is_json=is_json)
           ^^^^^^^^^^^^^^^^^^^^^^^^^^^^^^^^^^^^^^^^^^^^^^^^^^^^^^^^^^^^^^^^^^^^^^^^^^^^^^
  File "/opt/anaconda3/lib/python3.12/site-packages/kiteconnect/connect.py", line 937, in _request
    raise exp(data["message"], code=r.status_code)
kiteconnect.exceptions.TokenException: Incorrect `api_key` or `access_token`.
2025-11-17 00:37:16 | DEBUG    | Executing BUY legs: 2 orders
2025-11-17 00:37:16 | ERROR    | Failed to place order: BANKNIFTY51700CE | error=Incorrect `api_key` or `access_token`.
Traceback (most recent call last):
  File "/Users/rohan/Downloads/Vridhi_Capital_Trading_System/src/trading_system/oms/order_manager.py", line 743, in _place_market_order
    order_id=fake_id,
           ^^^^^^^^^^
  File "/opt/anaconda3/lib/python3.12/site-packages/kiteconnect/connect.py", line 361, in place_order
    return self._post("order.place",
           ^^^^^^^^^^^^^^^^^^^^^^^^^
  File "/opt/anaconda3/lib/python3.12/site-packages/kiteconnect/connect.py", line 865, in _post
    return self._request(route, "POST", url_args=url_args, params=params, is_json=is_json, query_params=query_params)
           ^^^^^^^^^^^^^^^^^^^^^^^^^^^^^^^^^^^^^^^^^^^^^^^^^^^^^^^^^^^^^^^^^^^^^^^^^^^^^^^^^^^^^^^^^^^^^^^^^^^^^^^^^^
  File "/opt/anaconda3/lib/python3.12/site-packages/kiteconnect/connect.py", line 937, in _request
    raise exp(data["message"], code=r.status_code)
kiteconnect.exceptions.TokenException: Incorrect `api_key` or `access_token`.
2025-11-17 00:37:16 | ERROR    | Failed to place order for BANKNIFTY51700CE
2025-11-17 00:37:16 | WARNING  | BUY legs failed for lot_size=4
2025-11-17 00:37:16 | ERROR    | Error exiting partial positions: Incorrect `api_key` or `access_token`.
Traceback (most recent call last):
  File "/Users/rohan/Downloads/Vridhi_Capital_Trading_System/src/trading_system/oms/order_manager.py", line 822, in _exit_partial_positions
    return 0, 0.0
                  
  File "/opt/anaconda3/lib/python3.12/site-packages/kiteconnect/connect.py", line 445, in positions
    return self._get("portfolio.positions")
           ^^^^^^^^^^^^^^^^^^^^^^^^^^^^^^^^
  File "/opt/anaconda3/lib/python3.12/site-packages/kiteconnect/connect.py", line 861, in _get
    return self._request(route, "GET", url_args=url_args, params=params, is_json=is_json)
           ^^^^^^^^^^^^^^^^^^^^^^^^^^^^^^^^^^^^^^^^^^^^^^^^^^^^^^^^^^^^^^^^^^^^^^^^^^^^^^
  File "/opt/anaconda3/lib/python3.12/site-packages/kiteconnect/connect.py", line 937, in _request
    raise exp(data["message"], code=r.status_code)
kiteconnect.exceptions.TokenException: Incorrect `api_key` or `access_token`.
2025-11-17 00:37:16 | DEBUG    | Executing BUY legs: 2 orders
2025-11-17 00:37:16 | ERROR    | Failed to place order: BANKNIFTY51700CE | error=Incorrect `api_key` or `access_token`.
Traceback (most recent call last):
  File "/Users/rohan/Downloads/Vridhi_Capital_Trading_System/src/trading_system/oms/order_manager.py", line 743, in _place_market_order
    order_id=fake_id,
           ^^^^^^^^^^
  File "/opt/anaconda3/lib/python3.12/site-packages/kiteconnect/connect.py", line 361, in place_order
    return self._post("order.place",
           ^^^^^^^^^^^^^^^^^^^^^^^^^
  File "/opt/anaconda3/lib/python3.12/site-packages/kiteconnect/connect.py", line 865, in _post
    return self._request(route, "POST", url_args=url_args, params=params, is_json=is_json, query_params=query_params)
           ^^^^^^^^^^^^^^^^^^^^^^^^^^^^^^^^^^^^^^^^^^^^^^^^^^^^^^^^^^^^^^^^^^^^^^^^^^^^^^^^^^^^^^^^^^^^^^^^^^^^^^^^^^
  File "/opt/anaconda3/lib/python3.12/site-packages/kiteconnect/connect.py", line 937, in _request
    raise exp(data["message"], code=r.status_code)
kiteconnect.exceptions.TokenException: Incorrect `api_key` or `access_token`.
2025-11-17 00:37:16 | ERROR    | Failed to place order for BANKNIFTY51700CE
2025-11-17 00:37:16 | WARNING  | BUY legs failed for lot_size=2
2025-11-17 00:37:17 | ERROR    | Error exiting partial positions: Incorrect `api_key` or `access_token`.
Traceback (most recent call last):
  File "/Users/rohan/Downloads/Vridhi_Capital_Trading_System/src/trading_system/oms/order_manager.py", line 822, in _exit_partial_positions
    return 0, 0.0
                  
  File "/opt/anaconda3/lib/python3.12/site-packages/kiteconnect/connect.py", line 445, in positions
    return self._get("portfolio.positions")
           ^^^^^^^^^^^^^^^^^^^^^^^^^^^^^^^^
  File "/opt/anaconda3/lib/python3.12/site-packages/kiteconnect/connect.py", line 861, in _get
    return self._request(route, "GET", url_args=url_args, params=params, is_json=is_json)
           ^^^^^^^^^^^^^^^^^^^^^^^^^^^^^^^^^^^^^^^^^^^^^^^^^^^^^^^^^^^^^^^^^^^^^^^^^^^^^^
  File "/opt/anaconda3/lib/python3.12/site-packages/kiteconnect/connect.py", line 937, in _request
    raise exp(data["message"], code=r.status_code)
kiteconnect.exceptions.TokenException: Incorrect `api_key` or `access_token`.
2025-11-17 00:37:17 | DEBUG    | Executing BUY legs: 2 orders
2025-11-17 00:37:17 | ERROR    | Failed to place order: BANKNIFTY51700CE | error=Incorrect `api_key` or `access_token`.
Traceback (most recent call last):
  File "/Users/rohan/Downloads/Vridhi_Capital_Trading_System/src/trading_system/oms/order_manager.py", line 743, in _place_market_order
    order_id=fake_id,
           ^^^^^^^^^^
  File "/opt/anaconda3/lib/python3.12/site-packages/kiteconnect/connect.py", line 361, in place_order
    return self._post("order.place",
           ^^^^^^^^^^^^^^^^^^^^^^^^^
  File "/opt/anaconda3/lib/python3.12/site-packages/kiteconnect/connect.py", line 865, in _post
    return self._request(route, "POST", url_args=url_args, params=params, is_json=is_json, query_params=query_params)
           ^^^^^^^^^^^^^^^^^^^^^^^^^^^^^^^^^^^^^^^^^^^^^^^^^^^^^^^^^^^^^^^^^^^^^^^^^^^^^^^^^^^^^^^^^^^^^^^^^^^^^^^^^^
  File "/opt/anaconda3/lib/python3.12/site-packages/kiteconnect/connect.py", line 937, in _request
    raise exp(data["message"], code=r.status_code)
kiteconnect.exceptions.TokenException: Incorrect `api_key` or `access_token`.
2025-11-17 00:37:17 | ERROR    | Failed to place order for BANKNIFTY51700CE
2025-11-17 00:37:17 | WARNING  | BUY legs failed for lot_size=1
2025-11-17 00:37:17 | ERROR    | Error exiting partial positions: Incorrect `api_key` or `access_token`.
Traceback (most recent call last):
  File "/Users/rohan/Downloads/Vridhi_Capital_Trading_System/src/trading_system/oms/order_manager.py", line 822, in _exit_partial_positions
    return 0, 0.0
                  
  File "/opt/anaconda3/lib/python3.12/site-packages/kiteconnect/connect.py", line 445, in positions
    return self._get("portfolio.positions")
           ^^^^^^^^^^^^^^^^^^^^^^^^^^^^^^^^
  File "/opt/anaconda3/lib/python3.12/site-packages/kiteconnect/connect.py", line 861, in _get
    return self._request(route, "GET", url_args=url_args, params=params, is_json=is_json)
           ^^^^^^^^^^^^^^^^^^^^^^^^^^^^^^^^^^^^^^^^^^^^^^^^^^^^^^^^^^^^^^^^^^^^^^^^^^^^^^
  File "/opt/anaconda3/lib/python3.12/site-packages/kiteconnect/connect.py", line 937, in _request
    raise exp(data["message"], code=r.status_code)
kiteconnect.exceptions.TokenException: Incorrect `api_key` or `access_token`.
2025-11-17 00:37:17 | DEBUG    | ATM strike calculated: 51700 from futures price: 51720.0
2025-11-17 00:37:17 | INFO     | 🔵 LONG Entry initiated | futures_price=51720.0 | atm_strike=51700 | hedge_strike=49700 | lot_size=8
2025-11-17 00:37:17 | DEBUG    | Executing BUY legs: 2 orders
2025-11-17 00:37:17 | ERROR    | Failed to place order: BANKNIFTY51700CE | error=Incorrect `api_key` or `access_token`.
Traceback (most recent call last):
  File "/Users/rohan/Downloads/Vridhi_Capital_Trading_System/src/trading_system/oms/order_manager.py", line 743, in _place_market_order
    order_id=fake_id,
           ^^^^^^^^^^
  File "/opt/anaconda3/lib/python3.12/site-packages/kiteconnect/connect.py", line 361, in place_order
    return self._post("order.place",
           ^^^^^^^^^^^^^^^^^^^^^^^^^
  File "/opt/anaconda3/lib/python3.12/site-packages/kiteconnect/connect.py", line 865, in _post
    return self._request(route, "POST", url_args=url_args, params=params, is_json=is_json, query_params=query_params)
           ^^^^^^^^^^^^^^^^^^^^^^^^^^^^^^^^^^^^^^^^^^^^^^^^^^^^^^^^^^^^^^^^^^^^^^^^^^^^^^^^^^^^^^^^^^^^^^^^^^^^^^^^^^
  File "/opt/anaconda3/lib/python3.12/site-packages/kiteconnect/connect.py", line 937, in _request
    raise exp(data["message"], code=r.status_code)
kiteconnect.exceptions.TokenException: Incorrect `api_key` or `access_token`.
2025-11-17 00:37:17 | ERROR    | Failed to place order for BANKNIFTY51700CE
2025-11-17 00:37:17 | WARNING  | BUY legs failed for lot_size=8
2025-11-17 00:37:17 | ERROR    | Error exiting partial positions: Incorrect `api_key` or `access_token`.
Traceback (most recent call last):
  File "/Users/rohan/Downloads/Vridhi_Capital_Trading_System/src/trading_system/oms/order_manager.py", line 822, in _exit_partial_positions
    return 0, 0.0
                  
  File "/opt/anaconda3/lib/python3.12/site-packages/kiteconnect/connect.py", line 445, in positions
    return self._get("portfolio.positions")
           ^^^^^^^^^^^^^^^^^^^^^^^^^^^^^^^^
  File "/opt/anaconda3/lib/python3.12/site-packages/kiteconnect/connect.py", line 861, in _get
    return self._request(route, "GET", url_args=url_args, params=params, is_json=is_json)
           ^^^^^^^^^^^^^^^^^^^^^^^^^^^^^^^^^^^^^^^^^^^^^^^^^^^^^^^^^^^^^^^^^^^^^^^^^^^^^^
  File "/opt/anaconda3/lib/python3.12/site-packages/kiteconnect/connect.py", line 937, in _request
    raise exp(data["message"], code=r.status_code)
kiteconnect.exceptions.TokenException: Incorrect `api_key` or `access_token`.
2025-11-17 00:37:17 | DEBUG    | Executing BUY legs: 2 orders
2025-11-17 00:37:17 | ERROR    | Failed to place order: BANKNIFTY51700CE | error=Incorrect `api_key` or `access_token`.
Traceback (most recent call last):
  File "/Users/rohan/Downloads/Vridhi_Capital_Trading_System/src/trading_system/oms/order_manager.py", line 743, in _place_market_order
    order_id=fake_id,
           ^^^^^^^^^^
  File "/opt/anaconda3/lib/python3.12/site-packages/kiteconnect/connect.py", line 361, in place_order
    return self._post("order.place",
           ^^^^^^^^^^^^^^^^^^^^^^^^^
  File "/opt/anaconda3/lib/python3.12/site-packages/kiteconnect/connect.py", line 865, in _post
    return self._request(route, "POST", url_args=url_args, params=params, is_json=is_json, query_params=query_params)
           ^^^^^^^^^^^^^^^^^^^^^^^^^^^^^^^^^^^^^^^^^^^^^^^^^^^^^^^^^^^^^^^^^^^^^^^^^^^^^^^^^^^^^^^^^^^^^^^^^^^^^^^^^^
  File "/opt/anaconda3/lib/python3.12/site-packages/kiteconnect/connect.py", line 937, in _request
    raise exp(data["message"], code=r.status_code)
kiteconnect.exceptions.TokenException: Incorrect `api_key` or `access_token`.
2025-11-17 00:37:17 | ERROR    | Failed to place order for BANKNIFTY51700CE
2025-11-17 00:37:17 | WARNING  | BUY legs failed for lot_size=4
2025-11-17 00:37:17 | ERROR    | Error exiting partial positions: Incorrect `api_key` or `access_token`.
Traceback (most recent call last):
  File "/Users/rohan/Downloads/Vridhi_Capital_Trading_System/src/trading_system/oms/order_manager.py", line 822, in _exit_partial_positions
    return 0, 0.0
                  
  File "/opt/anaconda3/lib/python3.12/site-packages/kiteconnect/connect.py", line 445, in positions
    return self._get("portfolio.positions")
           ^^^^^^^^^^^^^^^^^^^^^^^^^^^^^^^^
  File "/opt/anaconda3/lib/python3.12/site-packages/kiteconnect/connect.py", line 861, in _get
    return self._request(route, "GET", url_args=url_args, params=params, is_json=is_json)
           ^^^^^^^^^^^^^^^^^^^^^^^^^^^^^^^^^^^^^^^^^^^^^^^^^^^^^^^^^^^^^^^^^^^^^^^^^^^^^^
  File "/opt/anaconda3/lib/python3.12/site-packages/kiteconnect/connect.py", line 937, in _request
    raise exp(data["message"], code=r.status_code)
kiteconnect.exceptions.TokenException: Incorrect `api_key` or `access_token`.
2025-11-17 00:37:17 | DEBUG    | Executing BUY legs: 2 orders
2025-11-17 00:37:17 | ERROR    | Failed to place order: BANKNIFTY51700CE | error=Incorrect `api_key` or `access_token`.
Traceback (most recent call last):
  File "/Users/rohan/Downloads/Vridhi_Capital_Trading_System/src/trading_system/oms/order_manager.py", line 743, in _place_market_order
    order_id=fake_id,
           ^^^^^^^^^^
  File "/opt/anaconda3/lib/python3.12/site-packages/kiteconnect/connect.py", line 361, in place_order
    return self._post("order.place",
           ^^^^^^^^^^^^^^^^^^^^^^^^^
  File "/opt/anaconda3/lib/python3.12/site-packages/kiteconnect/connect.py", line 865, in _post
    return self._request(route, "POST", url_args=url_args, params=params, is_json=is_json, query_params=query_params)
           ^^^^^^^^^^^^^^^^^^^^^^^^^^^^^^^^^^^^^^^^^^^^^^^^^^^^^^^^^^^^^^^^^^^^^^^^^^^^^^^^^^^^^^^^^^^^^^^^^^^^^^^^^^
  File "/opt/anaconda3/lib/python3.12/site-packages/kiteconnect/connect.py", line 937, in _request
    raise exp(data["message"], code=r.status_code)
kiteconnect.exceptions.TokenException: Incorrect `api_key` or `access_token`.
2025-11-17 00:37:17 | ERROR    | Failed to place order for BANKNIFTY51700CE
2025-11-17 00:37:17 | WARNING  | BUY legs failed for lot_size=2
2025-11-17 00:37:18 | ERROR    | Error exiting partial positions: Incorrect `api_key` or `access_token`.
Traceback (most recent call last):
  File "/Users/rohan/Downloads/Vridhi_Capital_Trading_System/src/trading_system/oms/order_manager.py", line 822, in _exit_partial_positions
    return 0, 0.0
                  
  File "/opt/anaconda3/lib/python3.12/site-packages/kiteconnect/connect.py", line 445, in positions
    return self._get("portfolio.positions")
           ^^^^^^^^^^^^^^^^^^^^^^^^^^^^^^^^
  File "/opt/anaconda3/lib/python3.12/site-packages/kiteconnect/connect.py", line 861, in _get
    return self._request(route, "GET", url_args=url_args, params=params, is_json=is_json)
           ^^^^^^^^^^^^^^^^^^^^^^^^^^^^^^^^^^^^^^^^^^^^^^^^^^^^^^^^^^^^^^^^^^^^^^^^^^^^^^
  File "/opt/anaconda3/lib/python3.12/site-packages/kiteconnect/connect.py", line 937, in _request
    raise exp(data["message"], code=r.status_code)
kiteconnect.exceptions.TokenException: Incorrect `api_key` or `access_token`.
2025-11-17 00:37:18 | DEBUG    | Executing BUY legs: 2 orders
2025-11-17 00:37:18 | ERROR    | Failed to place order: BANKNIFTY51700CE | error=Incorrect `api_key` or `access_token`.
Traceback (most recent call last):
  File "/Users/rohan/Downloads/Vridhi_Capital_Trading_System/src/trading_system/oms/order_manager.py", line 743, in _place_market_order
    order_id=fake_id,
           ^^^^^^^^^^
  File "/opt/anaconda3/lib/python3.12/site-packages/kiteconnect/connect.py", line 361, in place_order
    return self._post("order.place",
           ^^^^^^^^^^^^^^^^^^^^^^^^^
  File "/opt/anaconda3/lib/python3.12/site-packages/kiteconnect/connect.py", line 865, in _post
    return self._request(route, "POST", url_args=url_args, params=params, is_json=is_json, query_params=query_params)
           ^^^^^^^^^^^^^^^^^^^^^^^^^^^^^^^^^^^^^^^^^^^^^^^^^^^^^^^^^^^^^^^^^^^^^^^^^^^^^^^^^^^^^^^^^^^^^^^^^^^^^^^^^^
  File "/opt/anaconda3/lib/python3.12/site-packages/kiteconnect/connect.py", line 937, in _request
    raise exp(data["message"], code=r.status_code)
kiteconnect.exceptions.TokenException: Incorrect `api_key` or `access_token`.
2025-11-17 00:37:18 | ERROR    | Failed to place order for BANKNIFTY51700CE
2025-11-17 00:37:18 | WARNING  | BUY legs failed for lot_size=1
2025-11-17 00:37:18 | ERROR    | Error exiting partial positions: Incorrect `api_key` or `access_token`.
Traceback (most recent call last):
  File "/Users/rohan/Downloads/Vridhi_Capital_Trading_System/src/trading_system/oms/order_manager.py", line 822, in _exit_partial_positions
    return 0, 0.0
                  
  File "/opt/anaconda3/lib/python3.12/site-packages/kiteconnect/connect.py", line 445, in positions
    return self._get("portfolio.positions")
           ^^^^^^^^^^^^^^^^^^^^^^^^^^^^^^^^
  File "/opt/anaconda3/lib/python3.12/site-packages/kiteconnect/connect.py", line 861, in _get
    return self._request(route, "GET", url_args=url_args, params=params, is_json=is_json)
           ^^^^^^^^^^^^^^^^^^^^^^^^^^^^^^^^^^^^^^^^^^^^^^^^^^^^^^^^^^^^^^^^^^^^^^^^^^^^^^
  File "/opt/anaconda3/lib/python3.12/site-packages/kiteconnect/connect.py", line 937, in _request
    raise exp(data["message"], code=r.status_code)
kiteconnect.exceptions.TokenException: Incorrect `api_key` or `access_token`.
2025-11-17 00:39:18 | DEBUG    | ATM strike calculated: 51900 from futures price: 51860.8
2025-11-17 00:39:18 | INFO     | 🔵 LONG Entry initiated | futures_price=51860.8 | atm_strike=51900 | hedge_strike=49900 | lot_size=8
2025-11-17 00:39:18 | DEBUG    | Executing BUY legs: 2 orders
2025-11-17 00:39:18 | ERROR    | Failed to place order: BANKNIFTY51900CE | error=Incorrect `api_key` or `access_token`.
Traceback (most recent call last):
  File "/Users/rohan/Downloads/Vridhi_Capital_Trading_System/src/trading_system/oms/order_manager.py", line 743, in _place_market_order
    order_id=fake_id,
           ^^^^^^^^^^
  File "/opt/anaconda3/lib/python3.12/site-packages/kiteconnect/connect.py", line 361, in place_order
    return self._post("order.place",
           ^^^^^^^^^^^^^^^^^^^^^^^^^
  File "/opt/anaconda3/lib/python3.12/site-packages/kiteconnect/connect.py", line 865, in _post
    return self._request(route, "POST", url_args=url_args, params=params, is_json=is_json, query_params=query_params)
           ^^^^^^^^^^^^^^^^^^^^^^^^^^^^^^^^^^^^^^^^^^^^^^^^^^^^^^^^^^^^^^^^^^^^^^^^^^^^^^^^^^^^^^^^^^^^^^^^^^^^^^^^^^
  File "/opt/anaconda3/lib/python3.12/site-packages/kiteconnect/connect.py", line 937, in _request
    raise exp(data["message"], code=r.status_code)
kiteconnect.exceptions.TokenException: Incorrect `api_key` or `access_token`.
2025-11-17 00:39:18 | ERROR    | Failed to place order for BANKNIFTY51900CE
2025-11-17 00:39:18 | WARNING  | BUY legs failed for lot_size=8
2025-11-17 00:39:19 | ERROR    | Error exiting partial positions: Incorrect `api_key` or `access_token`.
Traceback (most recent call last):
  File "/Users/rohan/Downloads/Vridhi_Capital_Trading_System/src/trading_system/oms/order_manager.py", line 822, in _exit_partial_positions
    return 0, 0.0
                  
  File "/opt/anaconda3/lib/python3.12/site-packages/kiteconnect/connect.py", line 445, in positions
    return self._get("portfolio.positions")
           ^^^^^^^^^^^^^^^^^^^^^^^^^^^^^^^^
  File "/opt/anaconda3/lib/python3.12/site-packages/kiteconnect/connect.py", line 861, in _get
    return self._request(route, "GET", url_args=url_args, params=params, is_json=is_json)
           ^^^^^^^^^^^^^^^^^^^^^^^^^^^^^^^^^^^^^^^^^^^^^^^^^^^^^^^^^^^^^^^^^^^^^^^^^^^^^^
  File "/opt/anaconda3/lib/python3.12/site-packages/kiteconnect/connect.py", line 937, in _request
    raise exp(data["message"], code=r.status_code)
kiteconnect.exceptions.TokenException: Incorrect `api_key` or `access_token`.
2025-11-17 00:39:19 | DEBUG    | Executing BUY legs: 2 orders
2025-11-17 00:39:19 | ERROR    | Failed to place order: BANKNIFTY51900CE | error=Incorrect `api_key` or `access_token`.
Traceback (most recent call last):
  File "/Users/rohan/Downloads/Vridhi_Capital_Trading_System/src/trading_system/oms/order_manager.py", line 743, in _place_market_order
    order_id=fake_id,
           ^^^^^^^^^^
  File "/opt/anaconda3/lib/python3.12/site-packages/kiteconnect/connect.py", line 361, in place_order
    return self._post("order.place",
           ^^^^^^^^^^^^^^^^^^^^^^^^^
  File "/opt/anaconda3/lib/python3.12/site-packages/kiteconnect/connect.py", line 865, in _post
    return self._request(route, "POST", url_args=url_args, params=params, is_json=is_json, query_params=query_params)
           ^^^^^^^^^^^^^^^^^^^^^^^^^^^^^^^^^^^^^^^^^^^^^^^^^^^^^^^^^^^^^^^^^^^^^^^^^^^^^^^^^^^^^^^^^^^^^^^^^^^^^^^^^^
  File "/opt/anaconda3/lib/python3.12/site-packages/kiteconnect/connect.py", line 937, in _request
    raise exp(data["message"], code=r.status_code)
kiteconnect.exceptions.TokenException: Incorrect `api_key` or `access_token`.
2025-11-17 00:39:19 | ERROR    | Failed to place order for BANKNIFTY51900CE
2025-11-17 00:39:19 | WARNING  | BUY legs failed for lot_size=4
2025-11-17 00:39:19 | ERROR    | Error exiting partial positions: Incorrect `api_key` or `access_token`.
Traceback (most recent call last):
  File "/Users/rohan/Downloads/Vridhi_Capital_Trading_System/src/trading_system/oms/order_manager.py", line 822, in _exit_partial_positions
    return 0, 0.0
                  
  File "/opt/anaconda3/lib/python3.12/site-packages/kiteconnect/connect.py", line 445, in positions
    return self._get("portfolio.positions")
           ^^^^^^^^^^^^^^^^^^^^^^^^^^^^^^^^
  File "/opt/anaconda3/lib/python3.12/site-packages/kiteconnect/connect.py", line 861, in _get
    return self._request(route, "GET", url_args=url_args, params=params, is_json=is_json)
           ^^^^^^^^^^^^^^^^^^^^^^^^^^^^^^^^^^^^^^^^^^^^^^^^^^^^^^^^^^^^^^^^^^^^^^^^^^^^^^
  File "/opt/anaconda3/lib/python3.12/site-packages/kiteconnect/connect.py", line 937, in _request
    raise exp(data["message"], code=r.status_code)
kiteconnect.exceptions.TokenException: Incorrect `api_key` or `access_token`.
2025-11-17 00:39:19 | DEBUG    | Executing BUY legs: 2 orders
2025-11-17 00:39:19 | ERROR    | Failed to place order: BANKNIFTY51900CE | error=Incorrect `api_key` or `access_token`.
Traceback (most recent call last):
  File "/Users/rohan/Downloads/Vridhi_Capital_Trading_System/src/trading_system/oms/order_manager.py", line 743, in _place_market_order
    order_id=fake_id,
           ^^^^^^^^^^
  File "/opt/anaconda3/lib/python3.12/site-packages/kiteconnect/connect.py", line 361, in place_order
    return self._post("order.place",
           ^^^^^^^^^^^^^^^^^^^^^^^^^
  File "/opt/anaconda3/lib/python3.12/site-packages/kiteconnect/connect.py", line 865, in _post
    return self._request(route, "POST", url_args=url_args, params=params, is_json=is_json, query_params=query_params)
           ^^^^^^^^^^^^^^^^^^^^^^^^^^^^^^^^^^^^^^^^^^^^^^^^^^^^^^^^^^^^^^^^^^^^^^^^^^^^^^^^^^^^^^^^^^^^^^^^^^^^^^^^^^
  File "/opt/anaconda3/lib/python3.12/site-packages/kiteconnect/connect.py", line 937, in _request
    raise exp(data["message"], code=r.status_code)
kiteconnect.exceptions.TokenException: Incorrect `api_key` or `access_token`.
2025-11-17 00:39:19 | ERROR    | Failed to place order for BANKNIFTY51900CE
2025-11-17 00:39:19 | WARNING  | BUY legs failed for lot_size=2
2025-11-17 00:39:20 | ERROR    | Error exiting partial positions: Incorrect `api_key` or `access_token`.
Traceback (most recent call last):
  File "/Users/rohan/Downloads/Vridhi_Capital_Trading_System/src/trading_system/oms/order_manager.py", line 822, in _exit_partial_positions
    return 0, 0.0
                  
  File "/opt/anaconda3/lib/python3.12/site-packages/kiteconnect/connect.py", line 445, in positions
    return self._get("portfolio.positions")
           ^^^^^^^^^^^^^^^^^^^^^^^^^^^^^^^^
  File "/opt/anaconda3/lib/python3.12/site-packages/kiteconnect/connect.py", line 861, in _get
    return self._request(route, "GET", url_args=url_args, params=params, is_json=is_json)
           ^^^^^^^^^^^^^^^^^^^^^^^^^^^^^^^^^^^^^^^^^^^^^^^^^^^^^^^^^^^^^^^^^^^^^^^^^^^^^^
  File "/opt/anaconda3/lib/python3.12/site-packages/kiteconnect/connect.py", line 937, in _request
    raise exp(data["message"], code=r.status_code)
kiteconnect.exceptions.TokenException: Incorrect `api_key` or `access_token`.
2025-11-17 00:39:20 | DEBUG    | Executing BUY legs: 2 orders
2025-11-17 00:39:20 | ERROR    | Failed to place order: BANKNIFTY51900CE | error=Incorrect `api_key` or `access_token`.
Traceback (most recent call last):
  File "/Users/rohan/Downloads/Vridhi_Capital_Trading_System/src/trading_system/oms/order_manager.py", line 743, in _place_market_order
    order_id=fake_id,
           ^^^^^^^^^^
  File "/opt/anaconda3/lib/python3.12/site-packages/kiteconnect/connect.py", line 361, in place_order
    return self._post("order.place",
           ^^^^^^^^^^^^^^^^^^^^^^^^^
  File "/opt/anaconda3/lib/python3.12/site-packages/kiteconnect/connect.py", line 865, in _post
    return self._request(route, "POST", url_args=url_args, params=params, is_json=is_json, query_params=query_params)
           ^^^^^^^^^^^^^^^^^^^^^^^^^^^^^^^^^^^^^^^^^^^^^^^^^^^^^^^^^^^^^^^^^^^^^^^^^^^^^^^^^^^^^^^^^^^^^^^^^^^^^^^^^^
  File "/opt/anaconda3/lib/python3.12/site-packages/kiteconnect/connect.py", line 937, in _request
    raise exp(data["message"], code=r.status_code)
kiteconnect.exceptions.TokenException: Incorrect `api_key` or `access_token`.
2025-11-17 00:39:20 | ERROR    | Failed to place order for BANKNIFTY51900CE
2025-11-17 00:39:20 | WARNING  | BUY legs failed for lot_size=1
2025-11-17 00:39:20 | ERROR    | Error exiting partial positions: Incorrect `api_key` or `access_token`.
Traceback (most recent call last):
  File "/Users/rohan/Downloads/Vridhi_Capital_Trading_System/src/trading_system/oms/order_manager.py", line 822, in _exit_partial_positions
    return 0, 0.0
                  
  File "/opt/anaconda3/lib/python3.12/site-packages/kiteconnect/connect.py", line 445, in positions
    return self._get("portfolio.positions")
           ^^^^^^^^^^^^^^^^^^^^^^^^^^^^^^^^
  File "/opt/anaconda3/lib/python3.12/site-packages/kiteconnect/connect.py", line 861, in _get
    return self._request(route, "GET", url_args=url_args, params=params, is_json=is_json)
           ^^^^^^^^^^^^^^^^^^^^^^^^^^^^^^^^^^^^^^^^^^^^^^^^^^^^^^^^^^^^^^^^^^^^^^^^^^^^^^
  File "/opt/anaconda3/lib/python3.12/site-packages/kiteconnect/connect.py", line 937, in _request
    raise exp(data["message"], code=r.status_code)
kiteconnect.exceptions.TokenException: Incorrect `api_key` or `access_token`.
2025-11-17 00:39:20 | DEBUG    | ATM strike calculated: 51900 from futures price: 51860.8
2025-11-17 00:39:20 | INFO     | 🔵 LONG Entry initiated | futures_price=51860.8 | atm_strike=51900 | hedge_strike=49900 | lot_size=8
2025-11-17 00:39:20 | DEBUG    | Executing BUY legs: 2 orders
2025-11-17 00:39:20 | ERROR    | Failed to place order: BANKNIFTY51900CE | error=Incorrect `api_key` or `access_token`.
Traceback (most recent call last):
  File "/Users/rohan/Downloads/Vridhi_Capital_Trading_System/src/trading_system/oms/order_manager.py", line 743, in _place_market_order
    order_id=fake_id,
           ^^^^^^^^^^
  File "/opt/anaconda3/lib/python3.12/site-packages/kiteconnect/connect.py", line 361, in place_order
    return self._post("order.place",
           ^^^^^^^^^^^^^^^^^^^^^^^^^
  File "/opt/anaconda3/lib/python3.12/site-packages/kiteconnect/connect.py", line 865, in _post
    return self._request(route, "POST", url_args=url_args, params=params, is_json=is_json, query_params=query_params)
           ^^^^^^^^^^^^^^^^^^^^^^^^^^^^^^^^^^^^^^^^^^^^^^^^^^^^^^^^^^^^^^^^^^^^^^^^^^^^^^^^^^^^^^^^^^^^^^^^^^^^^^^^^^
  File "/opt/anaconda3/lib/python3.12/site-packages/kiteconnect/connect.py", line 937, in _request
    raise exp(data["message"], code=r.status_code)
kiteconnect.exceptions.TokenException: Incorrect `api_key` or `access_token`.
2025-11-17 00:39:20 | ERROR    | Failed to place order for BANKNIFTY51900CE
2025-11-17 00:39:20 | WARNING  | BUY legs failed for lot_size=8
2025-11-17 00:39:20 | ERROR    | Error exiting partial positions: Incorrect `api_key` or `access_token`.
Traceback (most recent call last):
  File "/Users/rohan/Downloads/Vridhi_Capital_Trading_System/src/trading_system/oms/order_manager.py", line 822, in _exit_partial_positions
    return 0, 0.0
                  
  File "/opt/anaconda3/lib/python3.12/site-packages/kiteconnect/connect.py", line 445, in positions
    return self._get("portfolio.positions")
           ^^^^^^^^^^^^^^^^^^^^^^^^^^^^^^^^
  File "/opt/anaconda3/lib/python3.12/site-packages/kiteconnect/connect.py", line 861, in _get
    return self._request(route, "GET", url_args=url_args, params=params, is_json=is_json)
           ^^^^^^^^^^^^^^^^^^^^^^^^^^^^^^^^^^^^^^^^^^^^^^^^^^^^^^^^^^^^^^^^^^^^^^^^^^^^^^
  File "/opt/anaconda3/lib/python3.12/site-packages/kiteconnect/connect.py", line 937, in _request
    raise exp(data["message"], code=r.status_code)
kiteconnect.exceptions.TokenException: Incorrect `api_key` or `access_token`.
2025-11-17 00:39:20 | DEBUG    | Executing BUY legs: 2 orders
2025-11-17 00:39:20 | ERROR    | Failed to place order: BANKNIFTY51900CE | error=Incorrect `api_key` or `access_token`.
Traceback (most recent call last):
  File "/Users/rohan/Downloads/Vridhi_Capital_Trading_System/src/trading_system/oms/order_manager.py", line 743, in _place_market_order
    order_id=fake_id,
           ^^^^^^^^^^
  File "/opt/anaconda3/lib/python3.12/site-packages/kiteconnect/connect.py", line 361, in place_order
    return self._post("order.place",
           ^^^^^^^^^^^^^^^^^^^^^^^^^
  File "/opt/anaconda3/lib/python3.12/site-packages/kiteconnect/connect.py", line 865, in _post
    return self._request(route, "POST", url_args=url_args, params=params, is_json=is_json, query_params=query_params)
           ^^^^^^^^^^^^^^^^^^^^^^^^^^^^^^^^^^^^^^^^^^^^^^^^^^^^^^^^^^^^^^^^^^^^^^^^^^^^^^^^^^^^^^^^^^^^^^^^^^^^^^^^^^
  File "/opt/anaconda3/lib/python3.12/site-packages/kiteconnect/connect.py", line 937, in _request
    raise exp(data["message"], code=r.status_code)
kiteconnect.exceptions.TokenException: Incorrect `api_key` or `access_token`.
2025-11-17 00:39:20 | ERROR    | Failed to place order for BANKNIFTY51900CE
2025-11-17 00:39:20 | WARNING  | BUY legs failed for lot_size=4
2025-11-17 00:39:20 | ERROR    | Error exiting partial positions: Incorrect `api_key` or `access_token`.
Traceback (most recent call last):
  File "/Users/rohan/Downloads/Vridhi_Capital_Trading_System/src/trading_system/oms/order_manager.py", line 822, in _exit_partial_positions
    return 0, 0.0
                  
  File "/opt/anaconda3/lib/python3.12/site-packages/kiteconnect/connect.py", line 445, in positions
    return self._get("portfolio.positions")
           ^^^^^^^^^^^^^^^^^^^^^^^^^^^^^^^^
  File "/opt/anaconda3/lib/python3.12/site-packages/kiteconnect/connect.py", line 861, in _get
    return self._request(route, "GET", url_args=url_args, params=params, is_json=is_json)
           ^^^^^^^^^^^^^^^^^^^^^^^^^^^^^^^^^^^^^^^^^^^^^^^^^^^^^^^^^^^^^^^^^^^^^^^^^^^^^^
  File "/opt/anaconda3/lib/python3.12/site-packages/kiteconnect/connect.py", line 937, in _request
    raise exp(data["message"], code=r.status_code)
kiteconnect.exceptions.TokenException: Incorrect `api_key` or `access_token`.
2025-11-17 00:39:20 | DEBUG    | Executing BUY legs: 2 orders
2025-11-17 00:39:20 | ERROR    | Failed to place order: BANKNIFTY51900CE | error=Incorrect `api_key` or `access_token`.
Traceback (most recent call last):
  File "/Users/rohan/Downloads/Vridhi_Capital_Trading_System/src/trading_system/oms/order_manager.py", line 743, in _place_market_order
    order_id=fake_id,
           ^^^^^^^^^^
  File "/opt/anaconda3/lib/python3.12/site-packages/kiteconnect/connect.py", line 361, in place_order
    return self._post("order.place",
           ^^^^^^^^^^^^^^^^^^^^^^^^^
  File "/opt/anaconda3/lib/python3.12/site-packages/kiteconnect/connect.py", line 865, in _post
    return self._request(route, "POST", url_args=url_args, params=params, is_json=is_json, query_params=query_params)
           ^^^^^^^^^^^^^^^^^^^^^^^^^^^^^^^^^^^^^^^^^^^^^^^^^^^^^^^^^^^^^^^^^^^^^^^^^^^^^^^^^^^^^^^^^^^^^^^^^^^^^^^^^^
  File "/opt/anaconda3/lib/python3.12/site-packages/kiteconnect/connect.py", line 937, in _request
    raise exp(data["message"], code=r.status_code)
kiteconnect.exceptions.TokenException: Incorrect `api_key` or `access_token`.
2025-11-17 00:39:20 | ERROR    | Failed to place order for BANKNIFTY51900CE
2025-11-17 00:39:20 | WARNING  | BUY legs failed for lot_size=2
2025-11-17 00:39:21 | ERROR    | Error exiting partial positions: Incorrect `api_key` or `access_token`.
Traceback (most recent call last):
  File "/Users/rohan/Downloads/Vridhi_Capital_Trading_System/src/trading_system/oms/order_manager.py", line 822, in _exit_partial_positions
    return 0, 0.0
                  
  File "/opt/anaconda3/lib/python3.12/site-packages/kiteconnect/connect.py", line 445, in positions
    return self._get("portfolio.positions")
           ^^^^^^^^^^^^^^^^^^^^^^^^^^^^^^^^
  File "/opt/anaconda3/lib/python3.12/site-packages/kiteconnect/connect.py", line 861, in _get
    return self._request(route, "GET", url_args=url_args, params=params, is_json=is_json)
           ^^^^^^^^^^^^^^^^^^^^^^^^^^^^^^^^^^^^^^^^^^^^^^^^^^^^^^^^^^^^^^^^^^^^^^^^^^^^^^
  File "/opt/anaconda3/lib/python3.12/site-packages/kiteconnect/connect.py", line 937, in _request
    raise exp(data["message"], code=r.status_code)
kiteconnect.exceptions.TokenException: Incorrect `api_key` or `access_token`.
2025-11-17 00:39:21 | DEBUG    | Executing BUY legs: 2 orders
2025-11-17 00:39:21 | ERROR    | Failed to place order: BANKNIFTY51900CE | error=Incorrect `api_key` or `access_token`.
Traceback (most recent call last):
  File "/Users/rohan/Downloads/Vridhi_Capital_Trading_System/src/trading_system/oms/order_manager.py", line 743, in _place_market_order
    order_id=fake_id,
           ^^^^^^^^^^
  File "/opt/anaconda3/lib/python3.12/site-packages/kiteconnect/connect.py", line 361, in place_order
    return self._post("order.place",
           ^^^^^^^^^^^^^^^^^^^^^^^^^
  File "/opt/anaconda3/lib/python3.12/site-packages/kiteconnect/connect.py", line 865, in _post
    return self._request(route, "POST", url_args=url_args, params=params, is_json=is_json, query_params=query_params)
           ^^^^^^^^^^^^^^^^^^^^^^^^^^^^^^^^^^^^^^^^^^^^^^^^^^^^^^^^^^^^^^^^^^^^^^^^^^^^^^^^^^^^^^^^^^^^^^^^^^^^^^^^^^
  File "/opt/anaconda3/lib/python3.12/site-packages/kiteconnect/connect.py", line 937, in _request
    raise exp(data["message"], code=r.status_code)
kiteconnect.exceptions.TokenException: Incorrect `api_key` or `access_token`.
2025-11-17 00:39:21 | ERROR    | Failed to place order for BANKNIFTY51900CE
2025-11-17 00:39:21 | WARNING  | BUY legs failed for lot_size=1
2025-11-17 00:39:21 | ERROR    | Error exiting partial positions: Incorrect `api_key` or `access_token`.
Traceback (most recent call last):
  File "/Users/rohan/Downloads/Vridhi_Capital_Trading_System/src/trading_system/oms/order_manager.py", line 822, in _exit_partial_positions
    return 0, 0.0
                  
  File "/opt/anaconda3/lib/python3.12/site-packages/kiteconnect/connect.py", line 445, in positions
    return self._get("portfolio.positions")
           ^^^^^^^^^^^^^^^^^^^^^^^^^^^^^^^^
  File "/opt/anaconda3/lib/python3.12/site-packages/kiteconnect/connect.py", line 861, in _get
    return self._request(route, "GET", url_args=url_args, params=params, is_json=is_json)
           ^^^^^^^^^^^^^^^^^^^^^^^^^^^^^^^^^^^^^^^^^^^^^^^^^^^^^^^^^^^^^^^^^^^^^^^^^^^^^^
  File "/opt/anaconda3/lib/python3.12/site-packages/kiteconnect/connect.py", line 937, in _request
    raise exp(data["message"], code=r.status_code)
kiteconnect.exceptions.TokenException: Incorrect `api_key` or `access_token`.
2025-11-17 00:41:21 | DEBUG    | ATM strike calculated: 51700 from futures price: 51735.0
2025-11-17 00:41:21 | INFO     | 🔴 SHORT Entry initiated | futures_price=51735.0 | atm_strike=51700 | hedge_strike=53700 | lot_size=8
2025-11-17 00:41:21 | DEBUG    | Executing BUY legs: 2 orders
2025-11-17 00:41:21 | ERROR    | Failed to place order: BANKNIFTY51700PE | error=Incorrect `api_key` or `access_token`.
Traceback (most recent call last):
  File "/Users/rohan/Downloads/Vridhi_Capital_Trading_System/src/trading_system/oms/order_manager.py", line 743, in _place_market_order
    order_id=fake_id,
           ^^^^^^^^^^
  File "/opt/anaconda3/lib/python3.12/site-packages/kiteconnect/connect.py", line 361, in place_order
    return self._post("order.place",
           ^^^^^^^^^^^^^^^^^^^^^^^^^
  File "/opt/anaconda3/lib/python3.12/site-packages/kiteconnect/connect.py", line 865, in _post
    return self._request(route, "POST", url_args=url_args, params=params, is_json=is_json, query_params=query_params)
           ^^^^^^^^^^^^^^^^^^^^^^^^^^^^^^^^^^^^^^^^^^^^^^^^^^^^^^^^^^^^^^^^^^^^^^^^^^^^^^^^^^^^^^^^^^^^^^^^^^^^^^^^^^
  File "/opt/anaconda3/lib/python3.12/site-packages/kiteconnect/connect.py", line 937, in _request
    raise exp(data["message"], code=r.status_code)
kiteconnect.exceptions.TokenException: Incorrect `api_key` or `access_token`.
2025-11-17 00:41:21 | ERROR    | Failed to place order for BANKNIFTY51700PE
2025-11-17 00:41:21 | WARNING  | BUY legs failed for lot_size=8
2025-11-17 00:41:21 | ERROR    | Error exiting partial positions: Incorrect `api_key` or `access_token`.
Traceback (most recent call last):
  File "/Users/rohan/Downloads/Vridhi_Capital_Trading_System/src/trading_system/oms/order_manager.py", line 822, in _exit_partial_positions
    return 0, 0.0
                  
  File "/opt/anaconda3/lib/python3.12/site-packages/kiteconnect/connect.py", line 445, in positions
    return self._get("portfolio.positions")
           ^^^^^^^^^^^^^^^^^^^^^^^^^^^^^^^^
  File "/opt/anaconda3/lib/python3.12/site-packages/kiteconnect/connect.py", line 861, in _get
    return self._request(route, "GET", url_args=url_args, params=params, is_json=is_json)
           ^^^^^^^^^^^^^^^^^^^^^^^^^^^^^^^^^^^^^^^^^^^^^^^^^^^^^^^^^^^^^^^^^^^^^^^^^^^^^^
  File "/opt/anaconda3/lib/python3.12/site-packages/kiteconnect/connect.py", line 937, in _request
    raise exp(data["message"], code=r.status_code)
kiteconnect.exceptions.TokenException: Incorrect `api_key` or `access_token`.
2025-11-17 00:41:21 | DEBUG    | Executing BUY legs: 2 orders
2025-11-17 00:41:22 | ERROR    | Failed to place order: BANKNIFTY51700PE | error=Incorrect `api_key` or `access_token`.
Traceback (most recent call last):
  File "/Users/rohan/Downloads/Vridhi_Capital_Trading_System/src/trading_system/oms/order_manager.py", line 743, in _place_market_order
    order_id=fake_id,
           ^^^^^^^^^^
  File "/opt/anaconda3/lib/python3.12/site-packages/kiteconnect/connect.py", line 361, in place_order
    return self._post("order.place",
           ^^^^^^^^^^^^^^^^^^^^^^^^^
  File "/opt/anaconda3/lib/python3.12/site-packages/kiteconnect/connect.py", line 865, in _post
    return self._request(route, "POST", url_args=url_args, params=params, is_json=is_json, query_params=query_params)
           ^^^^^^^^^^^^^^^^^^^^^^^^^^^^^^^^^^^^^^^^^^^^^^^^^^^^^^^^^^^^^^^^^^^^^^^^^^^^^^^^^^^^^^^^^^^^^^^^^^^^^^^^^^
  File "/opt/anaconda3/lib/python3.12/site-packages/kiteconnect/connect.py", line 937, in _request
    raise exp(data["message"], code=r.status_code)
kiteconnect.exceptions.TokenException: Incorrect `api_key` or `access_token`.
2025-11-17 00:41:22 | ERROR    | Failed to place order for BANKNIFTY51700PE
2025-11-17 00:41:22 | WARNING  | BUY legs failed for lot_size=4
2025-11-17 00:41:22 | ERROR    | Error exiting partial positions: Incorrect `api_key` or `access_token`.
Traceback (most recent call last):
  File "/Users/rohan/Downloads/Vridhi_Capital_Trading_System/src/trading_system/oms/order_manager.py", line 822, in _exit_partial_positions
    return 0, 0.0
                  
  File "/opt/anaconda3/lib/python3.12/site-packages/kiteconnect/connect.py", line 445, in positions
    return self._get("portfolio.positions")
           ^^^^^^^^^^^^^^^^^^^^^^^^^^^^^^^^
  File "/opt/anaconda3/lib/python3.12/site-packages/kiteconnect/connect.py", line 861, in _get
    return self._request(route, "GET", url_args=url_args, params=params, is_json=is_json)
           ^^^^^^^^^^^^^^^^^^^^^^^^^^^^^^^^^^^^^^^^^^^^^^^^^^^^^^^^^^^^^^^^^^^^^^^^^^^^^^
  File "/opt/anaconda3/lib/python3.12/site-packages/kiteconnect/connect.py", line 937, in _request
    raise exp(data["message"], code=r.status_code)
kiteconnect.exceptions.TokenException: Incorrect `api_key` or `access_token`.
2025-11-17 00:41:22 | DEBUG    | Executing BUY legs: 2 orders
2025-11-17 00:41:22 | ERROR    | Failed to place order: BANKNIFTY51700PE | error=Incorrect `api_key` or `access_token`.
Traceback (most recent call last):
  File "/Users/rohan/Downloads/Vridhi_Capital_Trading_System/src/trading_system/oms/order_manager.py", line 743, in _place_market_order
    order_id=fake_id,
           ^^^^^^^^^^
  File "/opt/anaconda3/lib/python3.12/site-packages/kiteconnect/connect.py", line 361, in place_order
    return self._post("order.place",
           ^^^^^^^^^^^^^^^^^^^^^^^^^
  File "/opt/anaconda3/lib/python3.12/site-packages/kiteconnect/connect.py", line 865, in _post
    return self._request(route, "POST", url_args=url_args, params=params, is_json=is_json, query_params=query_params)
           ^^^^^^^^^^^^^^^^^^^^^^^^^^^^^^^^^^^^^^^^^^^^^^^^^^^^^^^^^^^^^^^^^^^^^^^^^^^^^^^^^^^^^^^^^^^^^^^^^^^^^^^^^^
  File "/opt/anaconda3/lib/python3.12/site-packages/kiteconnect/connect.py", line 937, in _request
    raise exp(data["message"], code=r.status_code)
kiteconnect.exceptions.TokenException: Incorrect `api_key` or `access_token`.
2025-11-17 00:41:22 | ERROR    | Failed to place order for BANKNIFTY51700PE
2025-11-17 00:41:22 | WARNING  | BUY legs failed for lot_size=2
2025-11-17 00:41:22 | ERROR    | Error exiting partial positions: Incorrect `api_key` or `access_token`.
Traceback (most recent call last):
  File "/Users/rohan/Downloads/Vridhi_Capital_Trading_System/src/trading_system/oms/order_manager.py", line 822, in _exit_partial_positions
    return 0, 0.0
                  
  File "/opt/anaconda3/lib/python3.12/site-packages/kiteconnect/connect.py", line 445, in positions
    return self._get("portfolio.positions")
           ^^^^^^^^^^^^^^^^^^^^^^^^^^^^^^^^
  File "/opt/anaconda3/lib/python3.12/site-packages/kiteconnect/connect.py", line 861, in _get
    return self._request(route, "GET", url_args=url_args, params=params, is_json=is_json)
           ^^^^^^^^^^^^^^^^^^^^^^^^^^^^^^^^^^^^^^^^^^^^^^^^^^^^^^^^^^^^^^^^^^^^^^^^^^^^^^
  File "/opt/anaconda3/lib/python3.12/site-packages/kiteconnect/connect.py", line 937, in _request
    raise exp(data["message"], code=r.status_code)
kiteconnect.exceptions.TokenException: Incorrect `api_key` or `access_token`.
2025-11-17 00:41:22 | DEBUG    | Executing BUY legs: 2 orders
2025-11-17 00:41:22 | ERROR    | Failed to place order: BANKNIFTY51700PE | error=Incorrect `api_key` or `access_token`.
Traceback (most recent call last):
  File "/Users/rohan/Downloads/Vridhi_Capital_Trading_System/src/trading_system/oms/order_manager.py", line 743, in _place_market_order
    order_id=fake_id,
           ^^^^^^^^^^
  File "/opt/anaconda3/lib/python3.12/site-packages/kiteconnect/connect.py", line 361, in place_order
    return self._post("order.place",
           ^^^^^^^^^^^^^^^^^^^^^^^^^
  File "/opt/anaconda3/lib/python3.12/site-packages/kiteconnect/connect.py", line 865, in _post
    return self._request(route, "POST", url_args=url_args, params=params, is_json=is_json, query_params=query_params)
           ^^^^^^^^^^^^^^^^^^^^^^^^^^^^^^^^^^^^^^^^^^^^^^^^^^^^^^^^^^^^^^^^^^^^^^^^^^^^^^^^^^^^^^^^^^^^^^^^^^^^^^^^^^
  File "/opt/anaconda3/lib/python3.12/site-packages/kiteconnect/connect.py", line 937, in _request
    raise exp(data["message"], code=r.status_code)
kiteconnect.exceptions.TokenException: Incorrect `api_key` or `access_token`.
2025-11-17 00:41:22 | ERROR    | Failed to place order for BANKNIFTY51700PE
2025-11-17 00:41:22 | WARNING  | BUY legs failed for lot_size=1
2025-11-17 00:41:22 | ERROR    | Error exiting partial positions: Incorrect `api_key` or `access_token`.
Traceback (most recent call last):
  File "/Users/rohan/Downloads/Vridhi_Capital_Trading_System/src/trading_system/oms/order_manager.py", line 822, in _exit_partial_positions
    return 0, 0.0
                  
  File "/opt/anaconda3/lib/python3.12/site-packages/kiteconnect/connect.py", line 445, in positions
    return self._get("portfolio.positions")
           ^^^^^^^^^^^^^^^^^^^^^^^^^^^^^^^^
  File "/opt/anaconda3/lib/python3.12/site-packages/kiteconnect/connect.py", line 861, in _get
    return self._request(route, "GET", url_args=url_args, params=params, is_json=is_json)
           ^^^^^^^^^^^^^^^^^^^^^^^^^^^^^^^^^^^^^^^^^^^^^^^^^^^^^^^^^^^^^^^^^^^^^^^^^^^^^^
  File "/opt/anaconda3/lib/python3.12/site-packages/kiteconnect/connect.py", line 937, in _request
    raise exp(data["message"], code=r.status_code)
kiteconnect.exceptions.TokenException: Incorrect `api_key` or `access_token`.
2025-11-17 00:41:22 | DEBUG    | ATM strike calculated: 51700 from futures price: 51735.0
2025-11-17 00:41:22 | INFO     | 🔴 SHORT Entry initiated | futures_price=51735.0 | atm_strike=51700 | hedge_strike=53700 | lot_size=8
2025-11-17 00:41:22 | DEBUG    | Executing BUY legs: 2 orders
2025-11-17 00:41:23 | ERROR    | Failed to place order: BANKNIFTY51700PE | error=Incorrect `api_key` or `access_token`.
Traceback (most recent call last):
  File "/Users/rohan/Downloads/Vridhi_Capital_Trading_System/src/trading_system/oms/order_manager.py", line 743, in _place_market_order
    order_id=fake_id,
           ^^^^^^^^^^
  File "/opt/anaconda3/lib/python3.12/site-packages/kiteconnect/connect.py", line 361, in place_order
    return self._post("order.place",
           ^^^^^^^^^^^^^^^^^^^^^^^^^
  File "/opt/anaconda3/lib/python3.12/site-packages/kiteconnect/connect.py", line 865, in _post
    return self._request(route, "POST", url_args=url_args, params=params, is_json=is_json, query_params=query_params)
           ^^^^^^^^^^^^^^^^^^^^^^^^^^^^^^^^^^^^^^^^^^^^^^^^^^^^^^^^^^^^^^^^^^^^^^^^^^^^^^^^^^^^^^^^^^^^^^^^^^^^^^^^^^
  File "/opt/anaconda3/lib/python3.12/site-packages/kiteconnect/connect.py", line 937, in _request
    raise exp(data["message"], code=r.status_code)
kiteconnect.exceptions.TokenException: Incorrect `api_key` or `access_token`.
2025-11-17 00:41:23 | ERROR    | Failed to place order for BANKNIFTY51700PE
2025-11-17 00:41:23 | WARNING  | BUY legs failed for lot_size=8
2025-11-17 00:41:23 | ERROR    | Error exiting partial positions: Incorrect `api_key` or `access_token`.
Traceback (most recent call last):
  File "/Users/rohan/Downloads/Vridhi_Capital_Trading_System/src/trading_system/oms/order_manager.py", line 822, in _exit_partial_positions
    return 0, 0.0
                  
  File "/opt/anaconda3/lib/python3.12/site-packages/kiteconnect/connect.py", line 445, in positions
    return self._get("portfolio.positions")
           ^^^^^^^^^^^^^^^^^^^^^^^^^^^^^^^^
  File "/opt/anaconda3/lib/python3.12/site-packages/kiteconnect/connect.py", line 861, in _get
    return self._request(route, "GET", url_args=url_args, params=params, is_json=is_json)
           ^^^^^^^^^^^^^^^^^^^^^^^^^^^^^^^^^^^^^^^^^^^^^^^^^^^^^^^^^^^^^^^^^^^^^^^^^^^^^^
  File "/opt/anaconda3/lib/python3.12/site-packages/kiteconnect/connect.py", line 937, in _request
    raise exp(data["message"], code=r.status_code)
kiteconnect.exceptions.TokenException: Incorrect `api_key` or `access_token`.
2025-11-17 00:41:23 | DEBUG    | Executing BUY legs: 2 orders
2025-11-17 00:41:23 | ERROR    | Failed to place order: BANKNIFTY51700PE | error=Incorrect `api_key` or `access_token`.
Traceback (most recent call last):
  File "/Users/rohan/Downloads/Vridhi_Capital_Trading_System/src/trading_system/oms/order_manager.py", line 743, in _place_market_order
    order_id=fake_id,
           ^^^^^^^^^^
  File "/opt/anaconda3/lib/python3.12/site-packages/kiteconnect/connect.py", line 361, in place_order
    return self._post("order.place",
           ^^^^^^^^^^^^^^^^^^^^^^^^^
  File "/opt/anaconda3/lib/python3.12/site-packages/kiteconnect/connect.py", line 865, in _post
    return self._request(route, "POST", url_args=url_args, params=params, is_json=is_json, query_params=query_params)
           ^^^^^^^^^^^^^^^^^^^^^^^^^^^^^^^^^^^^^^^^^^^^^^^^^^^^^^^^^^^^^^^^^^^^^^^^^^^^^^^^^^^^^^^^^^^^^^^^^^^^^^^^^^
  File "/opt/anaconda3/lib/python3.12/site-packages/kiteconnect/connect.py", line 937, in _request
    raise exp(data["message"], code=r.status_code)
kiteconnect.exceptions.TokenException: Incorrect `api_key` or `access_token`.
2025-11-17 00:41:23 | ERROR    | Failed to place order for BANKNIFTY51700PE
2025-11-17 00:41:23 | WARNING  | BUY legs failed for lot_size=4
2025-11-17 00:41:23 | ERROR    | Error exiting partial positions: Incorrect `api_key` or `access_token`.
Traceback (most recent call last):
  File "/Users/rohan/Downloads/Vridhi_Capital_Trading_System/src/trading_system/oms/order_manager.py", line 822, in _exit_partial_positions
    return 0, 0.0
                  
  File "/opt/anaconda3/lib/python3.12/site-packages/kiteconnect/connect.py", line 445, in positions
    return self._get("portfolio.positions")
           ^^^^^^^^^^^^^^^^^^^^^^^^^^^^^^^^
  File "/opt/anaconda3/lib/python3.12/site-packages/kiteconnect/connect.py", line 861, in _get
    return self._request(route, "GET", url_args=url_args, params=params, is_json=is_json)
           ^^^^^^^^^^^^^^^^^^^^^^^^^^^^^^^^^^^^^^^^^^^^^^^^^^^^^^^^^^^^^^^^^^^^^^^^^^^^^^
  File "/opt/anaconda3/lib/python3.12/site-packages/kiteconnect/connect.py", line 937, in _request
    raise exp(data["message"], code=r.status_code)
kiteconnect.exceptions.TokenException: Incorrect `api_key` or `access_token`.
2025-11-17 00:41:23 | DEBUG    | Executing BUY legs: 2 orders
2025-11-17 00:41:23 | ERROR    | Failed to place order: BANKNIFTY51700PE | error=Incorrect `api_key` or `access_token`.
Traceback (most recent call last):
  File "/Users/rohan/Downloads/Vridhi_Capital_Trading_System/src/trading_system/oms/order_manager.py", line 743, in _place_market_order
    order_id=fake_id,
           ^^^^^^^^^^
  File "/opt/anaconda3/lib/python3.12/site-packages/kiteconnect/connect.py", line 361, in place_order
    return self._post("order.place",
           ^^^^^^^^^^^^^^^^^^^^^^^^^
  File "/opt/anaconda3/lib/python3.12/site-packages/kiteconnect/connect.py", line 865, in _post
    return self._request(route, "POST", url_args=url_args, params=params, is_json=is_json, query_params=query_params)
           ^^^^^^^^^^^^^^^^^^^^^^^^^^^^^^^^^^^^^^^^^^^^^^^^^^^^^^^^^^^^^^^^^^^^^^^^^^^^^^^^^^^^^^^^^^^^^^^^^^^^^^^^^^
  File "/opt/anaconda3/lib/python3.12/site-packages/kiteconnect/connect.py", line 937, in _request
    raise exp(data["message"], code=r.status_code)
kiteconnect.exceptions.TokenException: Incorrect `api_key` or `access_token`.
2025-11-17 00:41:23 | ERROR    | Failed to place order for BANKNIFTY51700PE
2025-11-17 00:41:23 | WARNING  | BUY legs failed for lot_size=2
2025-11-17 00:41:23 | ERROR    | Error exiting partial positions: Incorrect `api_key` or `access_token`.
Traceback (most recent call last):
  File "/Users/rohan/Downloads/Vridhi_Capital_Trading_System/src/trading_system/oms/order_manager.py", line 822, in _exit_partial_positions
    return 0, 0.0
                  
  File "/opt/anaconda3/lib/python3.12/site-packages/kiteconnect/connect.py", line 445, in positions
    return self._get("portfolio.positions")
           ^^^^^^^^^^^^^^^^^^^^^^^^^^^^^^^^
  File "/opt/anaconda3/lib/python3.12/site-packages/kiteconnect/connect.py", line 861, in _get
    return self._request(route, "GET", url_args=url_args, params=params, is_json=is_json)
           ^^^^^^^^^^^^^^^^^^^^^^^^^^^^^^^^^^^^^^^^^^^^^^^^^^^^^^^^^^^^^^^^^^^^^^^^^^^^^^
  File "/opt/anaconda3/lib/python3.12/site-packages/kiteconnect/connect.py", line 937, in _request
    raise exp(data["message"], code=r.status_code)
kiteconnect.exceptions.TokenException: Incorrect `api_key` or `access_token`.
2025-11-17 00:41:23 | DEBUG    | Executing BUY legs: 2 orders
2025-11-17 00:41:23 | ERROR    | Failed to place order: BANKNIFTY51700PE | error=Incorrect `api_key` or `access_token`.
Traceback (most recent call last):
  File "/Users/rohan/Downloads/Vridhi_Capital_Trading_System/src/trading_system/oms/order_manager.py", line 743, in _place_market_order
    order_id=fake_id,
           ^^^^^^^^^^
  File "/opt/anaconda3/lib/python3.12/site-packages/kiteconnect/connect.py", line 361, in place_order
    return self._post("order.place",
           ^^^^^^^^^^^^^^^^^^^^^^^^^
  File "/opt/anaconda3/lib/python3.12/site-packages/kiteconnect/connect.py", line 865, in _post
    return self._request(route, "POST", url_args=url_args, params=params, is_json=is_json, query_params=query_params)
           ^^^^^^^^^^^^^^^^^^^^^^^^^^^^^^^^^^^^^^^^^^^^^^^^^^^^^^^^^^^^^^^^^^^^^^^^^^^^^^^^^^^^^^^^^^^^^^^^^^^^^^^^^^
  File "/opt/anaconda3/lib/python3.12/site-packages/kiteconnect/connect.py", line 937, in _request
    raise exp(data["message"], code=r.status_code)
kiteconnect.exceptions.TokenException: Incorrect `api_key` or `access_token`.
2025-11-17 00:41:23 | ERROR    | Failed to place order for BANKNIFTY51700PE
2025-11-17 00:41:23 | WARNING  | BUY legs failed for lot_size=1
2025-11-17 00:41:24 | ERROR    | Error exiting partial positions: Incorrect `api_key` or `access_token`.
Traceback (most recent call last):
  File "/Users/rohan/Downloads/Vridhi_Capital_Trading_System/src/trading_system/oms/order_manager.py", line 822, in _exit_partial_positions
    return 0, 0.0
                  
  File "/opt/anaconda3/lib/python3.12/site-packages/kiteconnect/connect.py", line 445, in positions
    return self._get("portfolio.positions")
           ^^^^^^^^^^^^^^^^^^^^^^^^^^^^^^^^
  File "/opt/anaconda3/lib/python3.12/site-packages/kiteconnect/connect.py", line 861, in _get
    return self._request(route, "GET", url_args=url_args, params=params, is_json=is_json)
           ^^^^^^^^^^^^^^^^^^^^^^^^^^^^^^^^^^^^^^^^^^^^^^^^^^^^^^^^^^^^^^^^^^^^^^^^^^^^^^
  File "/opt/anaconda3/lib/python3.12/site-packages/kiteconnect/connect.py", line 937, in _request
    raise exp(data["message"], code=r.status_code)
kiteconnect.exceptions.TokenException: Incorrect `api_key` or `access_token`.
2025-11-17 00:43:24 | DEBUG    | ATM strike calculated: 51800 from futures price: 51790.05
2025-11-17 00:43:24 | INFO     | 🔵 LONG Entry initiated | futures_price=51790.05 | atm_strike=51800 | hedge_strike=49800 | lot_size=8
2025-11-17 00:43:24 | DEBUG    | Executing BUY legs: 2 orders
2025-11-17 00:43:24 | ERROR    | Failed to place order: BANKNIFTY51800CE | error=Incorrect `api_key` or `access_token`.
Traceback (most recent call last):
  File "/Users/rohan/Downloads/Vridhi_Capital_Trading_System/src/trading_system/oms/order_manager.py", line 743, in _place_market_order
    order_id=fake_id,
           ^^^^^^^^^^
  File "/opt/anaconda3/lib/python3.12/site-packages/kiteconnect/connect.py", line 361, in place_order
    return self._post("order.place",
           ^^^^^^^^^^^^^^^^^^^^^^^^^
  File "/opt/anaconda3/lib/python3.12/site-packages/kiteconnect/connect.py", line 865, in _post
    return self._request(route, "POST", url_args=url_args, params=params, is_json=is_json, query_params=query_params)
           ^^^^^^^^^^^^^^^^^^^^^^^^^^^^^^^^^^^^^^^^^^^^^^^^^^^^^^^^^^^^^^^^^^^^^^^^^^^^^^^^^^^^^^^^^^^^^^^^^^^^^^^^^^
  File "/opt/anaconda3/lib/python3.12/site-packages/kiteconnect/connect.py", line 937, in _request
    raise exp(data["message"], code=r.status_code)
kiteconnect.exceptions.TokenException: Incorrect `api_key` or `access_token`.
2025-11-17 00:43:24 | ERROR    | Failed to place order for BANKNIFTY51800CE
2025-11-17 00:43:24 | WARNING  | BUY legs failed for lot_size=8
2025-11-17 00:43:24 | ERROR    | Error exiting partial positions: Incorrect `api_key` or `access_token`.
Traceback (most recent call last):
  File "/Users/rohan/Downloads/Vridhi_Capital_Trading_System/src/trading_system/oms/order_manager.py", line 822, in _exit_partial_positions
    return 0, 0.0
                  
  File "/opt/anaconda3/lib/python3.12/site-packages/kiteconnect/connect.py", line 445, in positions
    return self._get("portfolio.positions")
           ^^^^^^^^^^^^^^^^^^^^^^^^^^^^^^^^
  File "/opt/anaconda3/lib/python3.12/site-packages/kiteconnect/connect.py", line 861, in _get
    return self._request(route, "GET", url_args=url_args, params=params, is_json=is_json)
           ^^^^^^^^^^^^^^^^^^^^^^^^^^^^^^^^^^^^^^^^^^^^^^^^^^^^^^^^^^^^^^^^^^^^^^^^^^^^^^
  File "/opt/anaconda3/lib/python3.12/site-packages/kiteconnect/connect.py", line 937, in _request
    raise exp(data["message"], code=r.status_code)
kiteconnect.exceptions.TokenException: Incorrect `api_key` or `access_token`.
2025-11-17 00:43:24 | DEBUG    | Executing BUY legs: 2 orders
2025-11-17 00:43:24 | ERROR    | Failed to place order: BANKNIFTY51800CE | error=Incorrect `api_key` or `access_token`.
Traceback (most recent call last):
  File "/Users/rohan/Downloads/Vridhi_Capital_Trading_System/src/trading_system/oms/order_manager.py", line 743, in _place_market_order
    order_id=fake_id,
           ^^^^^^^^^^
  File "/opt/anaconda3/lib/python3.12/site-packages/kiteconnect/connect.py", line 361, in place_order
    return self._post("order.place",
           ^^^^^^^^^^^^^^^^^^^^^^^^^
  File "/opt/anaconda3/lib/python3.12/site-packages/kiteconnect/connect.py", line 865, in _post
    return self._request(route, "POST", url_args=url_args, params=params, is_json=is_json, query_params=query_params)
           ^^^^^^^^^^^^^^^^^^^^^^^^^^^^^^^^^^^^^^^^^^^^^^^^^^^^^^^^^^^^^^^^^^^^^^^^^^^^^^^^^^^^^^^^^^^^^^^^^^^^^^^^^^
  File "/opt/anaconda3/lib/python3.12/site-packages/kiteconnect/connect.py", line 937, in _request
    raise exp(data["message"], code=r.status_code)
kiteconnect.exceptions.TokenException: Incorrect `api_key` or `access_token`.
2025-11-17 00:43:24 | ERROR    | Failed to place order for BANKNIFTY51800CE
2025-11-17 00:43:24 | WARNING  | BUY legs failed for lot_size=4
2025-11-17 00:43:24 | ERROR    | Error exiting partial positions: Incorrect `api_key` or `access_token`.
Traceback (most recent call last):
  File "/Users/rohan/Downloads/Vridhi_Capital_Trading_System/src/trading_system/oms/order_manager.py", line 822, in _exit_partial_positions
    return 0, 0.0
                  
  File "/opt/anaconda3/lib/python3.12/site-packages/kiteconnect/connect.py", line 445, in positions
    return self._get("portfolio.positions")
           ^^^^^^^^^^^^^^^^^^^^^^^^^^^^^^^^
  File "/opt/anaconda3/lib/python3.12/site-packages/kiteconnect/connect.py", line 861, in _get
    return self._request(route, "GET", url_args=url_args, params=params, is_json=is_json)
           ^^^^^^^^^^^^^^^^^^^^^^^^^^^^^^^^^^^^^^^^^^^^^^^^^^^^^^^^^^^^^^^^^^^^^^^^^^^^^^
  File "/opt/anaconda3/lib/python3.12/site-packages/kiteconnect/connect.py", line 937, in _request
    raise exp(data["message"], code=r.status_code)
kiteconnect.exceptions.TokenException: Incorrect `api_key` or `access_token`.
2025-11-17 00:43:24 | DEBUG    | Executing BUY legs: 2 orders
2025-11-17 00:43:25 | ERROR    | Failed to place order: BANKNIFTY51800CE | error=Incorrect `api_key` or `access_token`.
Traceback (most recent call last):
  File "/Users/rohan/Downloads/Vridhi_Capital_Trading_System/src/trading_system/oms/order_manager.py", line 743, in _place_market_order
    order_id=fake_id,
           ^^^^^^^^^^
  File "/opt/anaconda3/lib/python3.12/site-packages/kiteconnect/connect.py", line 361, in place_order
    return self._post("order.place",
           ^^^^^^^^^^^^^^^^^^^^^^^^^
  File "/opt/anaconda3/lib/python3.12/site-packages/kiteconnect/connect.py", line 865, in _post
    return self._request(route, "POST", url_args=url_args, params=params, is_json=is_json, query_params=query_params)
           ^^^^^^^^^^^^^^^^^^^^^^^^^^^^^^^^^^^^^^^^^^^^^^^^^^^^^^^^^^^^^^^^^^^^^^^^^^^^^^^^^^^^^^^^^^^^^^^^^^^^^^^^^^
  File "/opt/anaconda3/lib/python3.12/site-packages/kiteconnect/connect.py", line 937, in _request
    raise exp(data["message"], code=r.status_code)
kiteconnect.exceptions.TokenException: Incorrect `api_key` or `access_token`.
2025-11-17 00:43:25 | ERROR    | Failed to place order for BANKNIFTY51800CE
2025-11-17 00:43:25 | WARNING  | BUY legs failed for lot_size=2
2025-11-17 00:43:25 | ERROR    | Error exiting partial positions: Incorrect `api_key` or `access_token`.
Traceback (most recent call last):
  File "/Users/rohan/Downloads/Vridhi_Capital_Trading_System/src/trading_system/oms/order_manager.py", line 822, in _exit_partial_positions
    return 0, 0.0
                  
  File "/opt/anaconda3/lib/python3.12/site-packages/kiteconnect/connect.py", line 445, in positions
    return self._get("portfolio.positions")
           ^^^^^^^^^^^^^^^^^^^^^^^^^^^^^^^^
  File "/opt/anaconda3/lib/python3.12/site-packages/kiteconnect/connect.py", line 861, in _get
    return self._request(route, "GET", url_args=url_args, params=params, is_json=is_json)
           ^^^^^^^^^^^^^^^^^^^^^^^^^^^^^^^^^^^^^^^^^^^^^^^^^^^^^^^^^^^^^^^^^^^^^^^^^^^^^^
  File "/opt/anaconda3/lib/python3.12/site-packages/kiteconnect/connect.py", line 937, in _request
    raise exp(data["message"], code=r.status_code)
kiteconnect.exceptions.TokenException: Incorrect `api_key` or `access_token`.
2025-11-17 00:43:25 | DEBUG    | Executing BUY legs: 2 orders
2025-11-17 00:43:25 | ERROR    | Failed to place order: BANKNIFTY51800CE | error=Incorrect `api_key` or `access_token`.
Traceback (most recent call last):
  File "/Users/rohan/Downloads/Vridhi_Capital_Trading_System/src/trading_system/oms/order_manager.py", line 743, in _place_market_order
    order_id=fake_id,
           ^^^^^^^^^^
  File "/opt/anaconda3/lib/python3.12/site-packages/kiteconnect/connect.py", line 361, in place_order
    return self._post("order.place",
           ^^^^^^^^^^^^^^^^^^^^^^^^^
  File "/opt/anaconda3/lib/python3.12/site-packages/kiteconnect/connect.py", line 865, in _post
    return self._request(route, "POST", url_args=url_args, params=params, is_json=is_json, query_params=query_params)
           ^^^^^^^^^^^^^^^^^^^^^^^^^^^^^^^^^^^^^^^^^^^^^^^^^^^^^^^^^^^^^^^^^^^^^^^^^^^^^^^^^^^^^^^^^^^^^^^^^^^^^^^^^^
  File "/opt/anaconda3/lib/python3.12/site-packages/kiteconnect/connect.py", line 937, in _request
    raise exp(data["message"], code=r.status_code)
kiteconnect.exceptions.TokenException: Incorrect `api_key` or `access_token`.
2025-11-17 00:43:25 | ERROR    | Failed to place order for BANKNIFTY51800CE
2025-11-17 00:43:25 | WARNING  | BUY legs failed for lot_size=1
2025-11-17 00:43:25 | ERROR    | Error exiting partial positions: Incorrect `api_key` or `access_token`.
Traceback (most recent call last):
  File "/Users/rohan/Downloads/Vridhi_Capital_Trading_System/src/trading_system/oms/order_manager.py", line 822, in _exit_partial_positions
    return 0, 0.0
                  
  File "/opt/anaconda3/lib/python3.12/site-packages/kiteconnect/connect.py", line 445, in positions
    return self._get("portfolio.positions")
           ^^^^^^^^^^^^^^^^^^^^^^^^^^^^^^^^
  File "/opt/anaconda3/lib/python3.12/site-packages/kiteconnect/connect.py", line 861, in _get
    return self._request(route, "GET", url_args=url_args, params=params, is_json=is_json)
           ^^^^^^^^^^^^^^^^^^^^^^^^^^^^^^^^^^^^^^^^^^^^^^^^^^^^^^^^^^^^^^^^^^^^^^^^^^^^^^
  File "/opt/anaconda3/lib/python3.12/site-packages/kiteconnect/connect.py", line 937, in _request
    raise exp(data["message"], code=r.status_code)
kiteconnect.exceptions.TokenException: Incorrect `api_key` or `access_token`.
2025-11-17 00:43:25 | DEBUG    | ATM strike calculated: 51800 from futures price: 51790.05
2025-11-17 00:43:25 | INFO     | 🔵 LONG Entry initiated | futures_price=51790.05 | atm_strike=51800 | hedge_strike=49800 | lot_size=8
2025-11-17 00:43:25 | DEBUG    | Executing BUY legs: 2 orders
2025-11-17 00:43:25 | ERROR    | Failed to place order: BANKNIFTY51800CE | error=Incorrect `api_key` or `access_token`.
Traceback (most recent call last):
  File "/Users/rohan/Downloads/Vridhi_Capital_Trading_System/src/trading_system/oms/order_manager.py", line 743, in _place_market_order
    order_id=fake_id,
           ^^^^^^^^^^
  File "/opt/anaconda3/lib/python3.12/site-packages/kiteconnect/connect.py", line 361, in place_order
    return self._post("order.place",
           ^^^^^^^^^^^^^^^^^^^^^^^^^
  File "/opt/anaconda3/lib/python3.12/site-packages/kiteconnect/connect.py", line 865, in _post
    return self._request(route, "POST", url_args=url_args, params=params, is_json=is_json, query_params=query_params)
           ^^^^^^^^^^^^^^^^^^^^^^^^^^^^^^^^^^^^^^^^^^^^^^^^^^^^^^^^^^^^^^^^^^^^^^^^^^^^^^^^^^^^^^^^^^^^^^^^^^^^^^^^^^
  File "/opt/anaconda3/lib/python3.12/site-packages/kiteconnect/connect.py", line 937, in _request
    raise exp(data["message"], code=r.status_code)
kiteconnect.exceptions.TokenException: Incorrect `api_key` or `access_token`.
2025-11-17 00:43:25 | ERROR    | Failed to place order for BANKNIFTY51800CE
2025-11-17 00:43:25 | WARNING  | BUY legs failed for lot_size=8
2025-11-17 00:43:25 | ERROR    | Error exiting partial positions: Incorrect `api_key` or `access_token`.
Traceback (most recent call last):
  File "/Users/rohan/Downloads/Vridhi_Capital_Trading_System/src/trading_system/oms/order_manager.py", line 822, in _exit_partial_positions
    return 0, 0.0
                  
  File "/opt/anaconda3/lib/python3.12/site-packages/kiteconnect/connect.py", line 445, in positions
    return self._get("portfolio.positions")
           ^^^^^^^^^^^^^^^^^^^^^^^^^^^^^^^^
  File "/opt/anaconda3/lib/python3.12/site-packages/kiteconnect/connect.py", line 861, in _get
    return self._request(route, "GET", url_args=url_args, params=params, is_json=is_json)
           ^^^^^^^^^^^^^^^^^^^^^^^^^^^^^^^^^^^^^^^^^^^^^^^^^^^^^^^^^^^^^^^^^^^^^^^^^^^^^^
  File "/opt/anaconda3/lib/python3.12/site-packages/kiteconnect/connect.py", line 937, in _request
    raise exp(data["message"], code=r.status_code)
kiteconnect.exceptions.TokenException: Incorrect `api_key` or `access_token`.
2025-11-17 00:43:25 | DEBUG    | Executing BUY legs: 2 orders
2025-11-17 00:43:25 | ERROR    | Failed to place order: BANKNIFTY51800CE | error=Incorrect `api_key` or `access_token`.
Traceback (most recent call last):
  File "/Users/rohan/Downloads/Vridhi_Capital_Trading_System/src/trading_system/oms/order_manager.py", line 743, in _place_market_order
    order_id=fake_id,
           ^^^^^^^^^^
  File "/opt/anaconda3/lib/python3.12/site-packages/kiteconnect/connect.py", line 361, in place_order
    return self._post("order.place",
           ^^^^^^^^^^^^^^^^^^^^^^^^^
  File "/opt/anaconda3/lib/python3.12/site-packages/kiteconnect/connect.py", line 865, in _post
    return self._request(route, "POST", url_args=url_args, params=params, is_json=is_json, query_params=query_params)
           ^^^^^^^^^^^^^^^^^^^^^^^^^^^^^^^^^^^^^^^^^^^^^^^^^^^^^^^^^^^^^^^^^^^^^^^^^^^^^^^^^^^^^^^^^^^^^^^^^^^^^^^^^^
  File "/opt/anaconda3/lib/python3.12/site-packages/kiteconnect/connect.py", line 937, in _request
    raise exp(data["message"], code=r.status_code)
kiteconnect.exceptions.TokenException: Incorrect `api_key` or `access_token`.
2025-11-17 00:43:25 | ERROR    | Failed to place order for BANKNIFTY51800CE
2025-11-17 00:43:25 | WARNING  | BUY legs failed for lot_size=4
2025-11-17 00:43:26 | ERROR    | Error exiting partial positions: Incorrect `api_key` or `access_token`.
Traceback (most recent call last):
  File "/Users/rohan/Downloads/Vridhi_Capital_Trading_System/src/trading_system/oms/order_manager.py", line 822, in _exit_partial_positions
    return 0, 0.0
                  
  File "/opt/anaconda3/lib/python3.12/site-packages/kiteconnect/connect.py", line 445, in positions
    return self._get("portfolio.positions")
           ^^^^^^^^^^^^^^^^^^^^^^^^^^^^^^^^
  File "/opt/anaconda3/lib/python3.12/site-packages/kiteconnect/connect.py", line 861, in _get
    return self._request(route, "GET", url_args=url_args, params=params, is_json=is_json)
           ^^^^^^^^^^^^^^^^^^^^^^^^^^^^^^^^^^^^^^^^^^^^^^^^^^^^^^^^^^^^^^^^^^^^^^^^^^^^^^
  File "/opt/anaconda3/lib/python3.12/site-packages/kiteconnect/connect.py", line 937, in _request
    raise exp(data["message"], code=r.status_code)
kiteconnect.exceptions.TokenException: Incorrect `api_key` or `access_token`.
2025-11-17 00:43:26 | DEBUG    | Executing BUY legs: 2 orders
2025-11-17 00:43:26 | ERROR    | Failed to place order: BANKNIFTY51800CE | error=Incorrect `api_key` or `access_token`.
Traceback (most recent call last):
  File "/Users/rohan/Downloads/Vridhi_Capital_Trading_System/src/trading_system/oms/order_manager.py", line 743, in _place_market_order
    order_id=fake_id,
           ^^^^^^^^^^
  File "/opt/anaconda3/lib/python3.12/site-packages/kiteconnect/connect.py", line 361, in place_order
    return self._post("order.place",
           ^^^^^^^^^^^^^^^^^^^^^^^^^
  File "/opt/anaconda3/lib/python3.12/site-packages/kiteconnect/connect.py", line 865, in _post
    return self._request(route, "POST", url_args=url_args, params=params, is_json=is_json, query_params=query_params)
           ^^^^^^^^^^^^^^^^^^^^^^^^^^^^^^^^^^^^^^^^^^^^^^^^^^^^^^^^^^^^^^^^^^^^^^^^^^^^^^^^^^^^^^^^^^^^^^^^^^^^^^^^^^
  File "/opt/anaconda3/lib/python3.12/site-packages/kiteconnect/connect.py", line 937, in _request
    raise exp(data["message"], code=r.status_code)
kiteconnect.exceptions.TokenException: Incorrect `api_key` or `access_token`.
2025-11-17 00:43:26 | ERROR    | Failed to place order for BANKNIFTY51800CE
2025-11-17 00:43:26 | WARNING  | BUY legs failed for lot_size=2
2025-11-17 00:43:26 | ERROR    | Error exiting partial positions: Incorrect `api_key` or `access_token`.
Traceback (most recent call last):
  File "/Users/rohan/Downloads/Vridhi_Capital_Trading_System/src/trading_system/oms/order_manager.py", line 822, in _exit_partial_positions
    return 0, 0.0
                  
  File "/opt/anaconda3/lib/python3.12/site-packages/kiteconnect/connect.py", line 445, in positions
    return self._get("portfolio.positions")
           ^^^^^^^^^^^^^^^^^^^^^^^^^^^^^^^^
  File "/opt/anaconda3/lib/python3.12/site-packages/kiteconnect/connect.py", line 861, in _get
    return self._request(route, "GET", url_args=url_args, params=params, is_json=is_json)
           ^^^^^^^^^^^^^^^^^^^^^^^^^^^^^^^^^^^^^^^^^^^^^^^^^^^^^^^^^^^^^^^^^^^^^^^^^^^^^^
  File "/opt/anaconda3/lib/python3.12/site-packages/kiteconnect/connect.py", line 937, in _request
    raise exp(data["message"], code=r.status_code)
kiteconnect.exceptions.TokenException: Incorrect `api_key` or `access_token`.
2025-11-17 00:43:26 | DEBUG    | Executing BUY legs: 2 orders
2025-11-17 00:43:26 | ERROR    | Failed to place order: BANKNIFTY51800CE | error=Incorrect `api_key` or `access_token`.
Traceback (most recent call last):
  File "/Users/rohan/Downloads/Vridhi_Capital_Trading_System/src/trading_system/oms/order_manager.py", line 743, in _place_market_order
    order_id=fake_id,
           ^^^^^^^^^^
  File "/opt/anaconda3/lib/python3.12/site-packages/kiteconnect/connect.py", line 361, in place_order
    return self._post("order.place",
           ^^^^^^^^^^^^^^^^^^^^^^^^^
  File "/opt/anaconda3/lib/python3.12/site-packages/kiteconnect/connect.py", line 865, in _post
    return self._request(route, "POST", url_args=url_args, params=params, is_json=is_json, query_params=query_params)
           ^^^^^^^^^^^^^^^^^^^^^^^^^^^^^^^^^^^^^^^^^^^^^^^^^^^^^^^^^^^^^^^^^^^^^^^^^^^^^^^^^^^^^^^^^^^^^^^^^^^^^^^^^^
  File "/opt/anaconda3/lib/python3.12/site-packages/kiteconnect/connect.py", line 937, in _request
    raise exp(data["message"], code=r.status_code)
kiteconnect.exceptions.TokenException: Incorrect `api_key` or `access_token`.
2025-11-17 00:43:26 | ERROR    | Failed to place order for BANKNIFTY51800CE
2025-11-17 00:43:26 | WARNING  | BUY legs failed for lot_size=1
2025-11-17 00:43:26 | ERROR    | Error exiting partial positions: Incorrect `api_key` or `access_token`.
Traceback (most recent call last):
  File "/Users/rohan/Downloads/Vridhi_Capital_Trading_System/src/trading_system/oms/order_manager.py", line 822, in _exit_partial_positions
    return 0, 0.0
                  
  File "/opt/anaconda3/lib/python3.12/site-packages/kiteconnect/connect.py", line 445, in positions
    return self._get("portfolio.positions")
           ^^^^^^^^^^^^^^^^^^^^^^^^^^^^^^^^
  File "/opt/anaconda3/lib/python3.12/site-packages/kiteconnect/connect.py", line 861, in _get
    return self._request(route, "GET", url_args=url_args, params=params, is_json=is_json)
           ^^^^^^^^^^^^^^^^^^^^^^^^^^^^^^^^^^^^^^^^^^^^^^^^^^^^^^^^^^^^^^^^^^^^^^^^^^^^^^
  File "/opt/anaconda3/lib/python3.12/site-packages/kiteconnect/connect.py", line 937, in _request
    raise exp(data["message"], code=r.status_code)
kiteconnect.exceptions.TokenException: Incorrect `api_key` or `access_token`.
2025-11-17 00:45:26 | DEBUG    | ATM strike calculated: 51800 from futures price: 51806.45
2025-11-17 00:45:26 | INFO     | 🔵 LONG Entry initiated | futures_price=51806.45 | atm_strike=51800 | hedge_strike=49800 | lot_size=8
2025-11-17 00:45:26 | DEBUG    | Executing BUY legs: 2 orders
2025-11-17 00:45:26 | ERROR    | Failed to place order: BANKNIFTY51800CE | error=Incorrect `api_key` or `access_token`.
Traceback (most recent call last):
  File "/Users/rohan/Downloads/Vridhi_Capital_Trading_System/src/trading_system/oms/order_manager.py", line 743, in _place_market_order
    order_id=fake_id,
           ^^^^^^^^^^
  File "/opt/anaconda3/lib/python3.12/site-packages/kiteconnect/connect.py", line 361, in place_order
    return self._post("order.place",
           ^^^^^^^^^^^^^^^^^^^^^^^^^
  File "/opt/anaconda3/lib/python3.12/site-packages/kiteconnect/connect.py", line 865, in _post
    return self._request(route, "POST", url_args=url_args, params=params, is_json=is_json, query_params=query_params)
           ^^^^^^^^^^^^^^^^^^^^^^^^^^^^^^^^^^^^^^^^^^^^^^^^^^^^^^^^^^^^^^^^^^^^^^^^^^^^^^^^^^^^^^^^^^^^^^^^^^^^^^^^^^
  File "/opt/anaconda3/lib/python3.12/site-packages/kiteconnect/connect.py", line 937, in _request
    raise exp(data["message"], code=r.status_code)
kiteconnect.exceptions.TokenException: Incorrect `api_key` or `access_token`.
2025-11-17 00:45:26 | ERROR    | Failed to place order for BANKNIFTY51800CE
2025-11-17 00:45:26 | WARNING  | BUY legs failed for lot_size=8
2025-11-17 00:45:27 | ERROR    | Error exiting partial positions: Incorrect `api_key` or `access_token`.
Traceback (most recent call last):
  File "/Users/rohan/Downloads/Vridhi_Capital_Trading_System/src/trading_system/oms/order_manager.py", line 822, in _exit_partial_positions
    return 0, 0.0
                  
  File "/opt/anaconda3/lib/python3.12/site-packages/kiteconnect/connect.py", line 445, in positions
    return self._get("portfolio.positions")
           ^^^^^^^^^^^^^^^^^^^^^^^^^^^^^^^^
  File "/opt/anaconda3/lib/python3.12/site-packages/kiteconnect/connect.py", line 861, in _get
    return self._request(route, "GET", url_args=url_args, params=params, is_json=is_json)
           ^^^^^^^^^^^^^^^^^^^^^^^^^^^^^^^^^^^^^^^^^^^^^^^^^^^^^^^^^^^^^^^^^^^^^^^^^^^^^^
  File "/opt/anaconda3/lib/python3.12/site-packages/kiteconnect/connect.py", line 937, in _request
    raise exp(data["message"], code=r.status_code)
kiteconnect.exceptions.TokenException: Incorrect `api_key` or `access_token`.
2025-11-17 00:45:27 | DEBUG    | Executing BUY legs: 2 orders
2025-11-17 00:45:27 | ERROR    | Failed to place order: BANKNIFTY51800CE | error=Incorrect `api_key` or `access_token`.
Traceback (most recent call last):
  File "/Users/rohan/Downloads/Vridhi_Capital_Trading_System/src/trading_system/oms/order_manager.py", line 743, in _place_market_order
    order_id=fake_id,
           ^^^^^^^^^^
  File "/opt/anaconda3/lib/python3.12/site-packages/kiteconnect/connect.py", line 361, in place_order
    return self._post("order.place",
           ^^^^^^^^^^^^^^^^^^^^^^^^^
  File "/opt/anaconda3/lib/python3.12/site-packages/kiteconnect/connect.py", line 865, in _post
    return self._request(route, "POST", url_args=url_args, params=params, is_json=is_json, query_params=query_params)
           ^^^^^^^^^^^^^^^^^^^^^^^^^^^^^^^^^^^^^^^^^^^^^^^^^^^^^^^^^^^^^^^^^^^^^^^^^^^^^^^^^^^^^^^^^^^^^^^^^^^^^^^^^^
  File "/opt/anaconda3/lib/python3.12/site-packages/kiteconnect/connect.py", line 937, in _request
    raise exp(data["message"], code=r.status_code)
kiteconnect.exceptions.TokenException: Incorrect `api_key` or `access_token`.
2025-11-17 00:45:27 | ERROR    | Failed to place order for BANKNIFTY51800CE
2025-11-17 00:45:27 | WARNING  | BUY legs failed for lot_size=4
2025-11-17 00:45:27 | ERROR    | Error exiting partial positions: Incorrect `api_key` or `access_token`.
Traceback (most recent call last):
  File "/Users/rohan/Downloads/Vridhi_Capital_Trading_System/src/trading_system/oms/order_manager.py", line 822, in _exit_partial_positions
    return 0, 0.0
                  
  File "/opt/anaconda3/lib/python3.12/site-packages/kiteconnect/connect.py", line 445, in positions
    return self._get("portfolio.positions")
           ^^^^^^^^^^^^^^^^^^^^^^^^^^^^^^^^
  File "/opt/anaconda3/lib/python3.12/site-packages/kiteconnect/connect.py", line 861, in _get
    return self._request(route, "GET", url_args=url_args, params=params, is_json=is_json)
           ^^^^^^^^^^^^^^^^^^^^^^^^^^^^^^^^^^^^^^^^^^^^^^^^^^^^^^^^^^^^^^^^^^^^^^^^^^^^^^
  File "/opt/anaconda3/lib/python3.12/site-packages/kiteconnect/connect.py", line 937, in _request
    raise exp(data["message"], code=r.status_code)
kiteconnect.exceptions.TokenException: Incorrect `api_key` or `access_token`.
2025-11-17 00:45:27 | DEBUG    | Executing BUY legs: 2 orders
2025-11-17 00:45:27 | ERROR    | Failed to place order: BANKNIFTY51800CE | error=Incorrect `api_key` or `access_token`.
Traceback (most recent call last):
  File "/Users/rohan/Downloads/Vridhi_Capital_Trading_System/src/trading_system/oms/order_manager.py", line 743, in _place_market_order
    order_id=fake_id,
           ^^^^^^^^^^
  File "/opt/anaconda3/lib/python3.12/site-packages/kiteconnect/connect.py", line 361, in place_order
    return self._post("order.place",
           ^^^^^^^^^^^^^^^^^^^^^^^^^
  File "/opt/anaconda3/lib/python3.12/site-packages/kiteconnect/connect.py", line 865, in _post
    return self._request(route, "POST", url_args=url_args, params=params, is_json=is_json, query_params=query_params)
           ^^^^^^^^^^^^^^^^^^^^^^^^^^^^^^^^^^^^^^^^^^^^^^^^^^^^^^^^^^^^^^^^^^^^^^^^^^^^^^^^^^^^^^^^^^^^^^^^^^^^^^^^^^
  File "/opt/anaconda3/lib/python3.12/site-packages/kiteconnect/connect.py", line 937, in _request
    raise exp(data["message"], code=r.status_code)
kiteconnect.exceptions.TokenException: Incorrect `api_key` or `access_token`.
2025-11-17 00:45:27 | ERROR    | Failed to place order for BANKNIFTY51800CE
2025-11-17 00:45:27 | WARNING  | BUY legs failed for lot_size=2
2025-11-17 00:45:28 | ERROR    | Error exiting partial positions: Incorrect `api_key` or `access_token`.
Traceback (most recent call last):
  File "/Users/rohan/Downloads/Vridhi_Capital_Trading_System/src/trading_system/oms/order_manager.py", line 822, in _exit_partial_positions
    return 0, 0.0
                  
  File "/opt/anaconda3/lib/python3.12/site-packages/kiteconnect/connect.py", line 445, in positions
    return self._get("portfolio.positions")
           ^^^^^^^^^^^^^^^^^^^^^^^^^^^^^^^^
  File "/opt/anaconda3/lib/python3.12/site-packages/kiteconnect/connect.py", line 861, in _get
    return self._request(route, "GET", url_args=url_args, params=params, is_json=is_json)
           ^^^^^^^^^^^^^^^^^^^^^^^^^^^^^^^^^^^^^^^^^^^^^^^^^^^^^^^^^^^^^^^^^^^^^^^^^^^^^^
  File "/opt/anaconda3/lib/python3.12/site-packages/kiteconnect/connect.py", line 937, in _request
    raise exp(data["message"], code=r.status_code)
kiteconnect.exceptions.TokenException: Incorrect `api_key` or `access_token`.
2025-11-17 00:45:28 | DEBUG    | Executing BUY legs: 2 orders
2025-11-17 00:45:28 | ERROR    | Failed to place order: BANKNIFTY51800CE | error=Incorrect `api_key` or `access_token`.
Traceback (most recent call last):
  File "/Users/rohan/Downloads/Vridhi_Capital_Trading_System/src/trading_system/oms/order_manager.py", line 743, in _place_market_order
    order_id=fake_id,
           ^^^^^^^^^^
  File "/opt/anaconda3/lib/python3.12/site-packages/kiteconnect/connect.py", line 361, in place_order
    return self._post("order.place",
           ^^^^^^^^^^^^^^^^^^^^^^^^^
  File "/opt/anaconda3/lib/python3.12/site-packages/kiteconnect/connect.py", line 865, in _post
    return self._request(route, "POST", url_args=url_args, params=params, is_json=is_json, query_params=query_params)
           ^^^^^^^^^^^^^^^^^^^^^^^^^^^^^^^^^^^^^^^^^^^^^^^^^^^^^^^^^^^^^^^^^^^^^^^^^^^^^^^^^^^^^^^^^^^^^^^^^^^^^^^^^^
  File "/opt/anaconda3/lib/python3.12/site-packages/kiteconnect/connect.py", line 937, in _request
    raise exp(data["message"], code=r.status_code)
kiteconnect.exceptions.TokenException: Incorrect `api_key` or `access_token`.
2025-11-17 00:45:28 | ERROR    | Failed to place order for BANKNIFTY51800CE
2025-11-17 00:45:28 | WARNING  | BUY legs failed for lot_size=1
2025-11-17 00:45:28 | ERROR    | Error exiting partial positions: Incorrect `api_key` or `access_token`.
Traceback (most recent call last):
  File "/Users/rohan/Downloads/Vridhi_Capital_Trading_System/src/trading_system/oms/order_manager.py", line 822, in _exit_partial_positions
    return 0, 0.0
                  
  File "/opt/anaconda3/lib/python3.12/site-packages/kiteconnect/connect.py", line 445, in positions
    return self._get("portfolio.positions")
           ^^^^^^^^^^^^^^^^^^^^^^^^^^^^^^^^
  File "/opt/anaconda3/lib/python3.12/site-packages/kiteconnect/connect.py", line 861, in _get
    return self._request(route, "GET", url_args=url_args, params=params, is_json=is_json)
           ^^^^^^^^^^^^^^^^^^^^^^^^^^^^^^^^^^^^^^^^^^^^^^^^^^^^^^^^^^^^^^^^^^^^^^^^^^^^^^
  File "/opt/anaconda3/lib/python3.12/site-packages/kiteconnect/connect.py", line 937, in _request
    raise exp(data["message"], code=r.status_code)
kiteconnect.exceptions.TokenException: Incorrect `api_key` or `access_token`.
2025-11-17 00:45:28 | DEBUG    | ATM strike calculated: 51800 from futures price: 51806.45
2025-11-17 00:45:28 | INFO     | 🔵 LONG Entry initiated | futures_price=51806.45 | atm_strike=51800 | hedge_strike=49800 | lot_size=8
2025-11-17 00:45:28 | DEBUG    | Executing BUY legs: 2 orders
2025-11-17 00:45:28 | ERROR    | Failed to place order: BANKNIFTY51800CE | error=Incorrect `api_key` or `access_token`.
Traceback (most recent call last):
  File "/Users/rohan/Downloads/Vridhi_Capital_Trading_System/src/trading_system/oms/order_manager.py", line 743, in _place_market_order
    order_id=fake_id,
           ^^^^^^^^^^
  File "/opt/anaconda3/lib/python3.12/site-packages/kiteconnect/connect.py", line 361, in place_order
    return self._post("order.place",
           ^^^^^^^^^^^^^^^^^^^^^^^^^
  File "/opt/anaconda3/lib/python3.12/site-packages/kiteconnect/connect.py", line 865, in _post
    return self._request(route, "POST", url_args=url_args, params=params, is_json=is_json, query_params=query_params)
           ^^^^^^^^^^^^^^^^^^^^^^^^^^^^^^^^^^^^^^^^^^^^^^^^^^^^^^^^^^^^^^^^^^^^^^^^^^^^^^^^^^^^^^^^^^^^^^^^^^^^^^^^^^
  File "/opt/anaconda3/lib/python3.12/site-packages/kiteconnect/connect.py", line 937, in _request
    raise exp(data["message"], code=r.status_code)
kiteconnect.exceptions.TokenException: Incorrect `api_key` or `access_token`.
2025-11-17 00:45:28 | ERROR    | Failed to place order for BANKNIFTY51800CE
2025-11-17 00:45:28 | WARNING  | BUY legs failed for lot_size=8
2025-11-17 00:45:28 | ERROR    | Error exiting partial positions: Incorrect `api_key` or `access_token`.
Traceback (most recent call last):
  File "/Users/rohan/Downloads/Vridhi_Capital_Trading_System/src/trading_system/oms/order_manager.py", line 822, in _exit_partial_positions
    return 0, 0.0
                  
  File "/opt/anaconda3/lib/python3.12/site-packages/kiteconnect/connect.py", line 445, in positions
    return self._get("portfolio.positions")
           ^^^^^^^^^^^^^^^^^^^^^^^^^^^^^^^^
  File "/opt/anaconda3/lib/python3.12/site-packages/kiteconnect/connect.py", line 861, in _get
    return self._request(route, "GET", url_args=url_args, params=params, is_json=is_json)
           ^^^^^^^^^^^^^^^^^^^^^^^^^^^^^^^^^^^^^^^^^^^^^^^^^^^^^^^^^^^^^^^^^^^^^^^^^^^^^^
  File "/opt/anaconda3/lib/python3.12/site-packages/kiteconnect/connect.py", line 937, in _request
    raise exp(data["message"], code=r.status_code)
kiteconnect.exceptions.TokenException: Incorrect `api_key` or `access_token`.
2025-11-17 00:45:28 | DEBUG    | Executing BUY legs: 2 orders
2025-11-17 00:45:28 | ERROR    | Failed to place order: BANKNIFTY51800CE | error=Incorrect `api_key` or `access_token`.
Traceback (most recent call last):
  File "/Users/rohan/Downloads/Vridhi_Capital_Trading_System/src/trading_system/oms/order_manager.py", line 743, in _place_market_order
    order_id=fake_id,
           ^^^^^^^^^^
  File "/opt/anaconda3/lib/python3.12/site-packages/kiteconnect/connect.py", line 361, in place_order
    return self._post("order.place",
           ^^^^^^^^^^^^^^^^^^^^^^^^^
  File "/opt/anaconda3/lib/python3.12/site-packages/kiteconnect/connect.py", line 865, in _post
    return self._request(route, "POST", url_args=url_args, params=params, is_json=is_json, query_params=query_params)
           ^^^^^^^^^^^^^^^^^^^^^^^^^^^^^^^^^^^^^^^^^^^^^^^^^^^^^^^^^^^^^^^^^^^^^^^^^^^^^^^^^^^^^^^^^^^^^^^^^^^^^^^^^^
  File "/opt/anaconda3/lib/python3.12/site-packages/kiteconnect/connect.py", line 937, in _request
    raise exp(data["message"], code=r.status_code)
kiteconnect.exceptions.TokenException: Incorrect `api_key` or `access_token`.
2025-11-17 00:45:28 | ERROR    | Failed to place order for BANKNIFTY51800CE
2025-11-17 00:45:28 | WARNING  | BUY legs failed for lot_size=4
2025-11-17 00:45:28 | ERROR    | Error exiting partial positions: Incorrect `api_key` or `access_token`.
Traceback (most recent call last):
  File "/Users/rohan/Downloads/Vridhi_Capital_Trading_System/src/trading_system/oms/order_manager.py", line 822, in _exit_partial_positions
    return 0, 0.0
                  
  File "/opt/anaconda3/lib/python3.12/site-packages/kiteconnect/connect.py", line 445, in positions
    return self._get("portfolio.positions")
           ^^^^^^^^^^^^^^^^^^^^^^^^^^^^^^^^
  File "/opt/anaconda3/lib/python3.12/site-packages/kiteconnect/connect.py", line 861, in _get
    return self._request(route, "GET", url_args=url_args, params=params, is_json=is_json)
           ^^^^^^^^^^^^^^^^^^^^^^^^^^^^^^^^^^^^^^^^^^^^^^^^^^^^^^^^^^^^^^^^^^^^^^^^^^^^^^
  File "/opt/anaconda3/lib/python3.12/site-packages/kiteconnect/connect.py", line 937, in _request
    raise exp(data["message"], code=r.status_code)
kiteconnect.exceptions.TokenException: Incorrect `api_key` or `access_token`.
2025-11-17 00:45:28 | DEBUG    | Executing BUY legs: 2 orders
2025-11-17 00:45:29 | ERROR    | Failed to place order: BANKNIFTY51800CE | error=Incorrect `api_key` or `access_token`.
Traceback (most recent call last):
  File "/Users/rohan/Downloads/Vridhi_Capital_Trading_System/src/trading_system/oms/order_manager.py", line 743, in _place_market_order
    order_id=fake_id,
           ^^^^^^^^^^
  File "/opt/anaconda3/lib/python3.12/site-packages/kiteconnect/connect.py", line 361, in place_order
    return self._post("order.place",
           ^^^^^^^^^^^^^^^^^^^^^^^^^
  File "/opt/anaconda3/lib/python3.12/site-packages/kiteconnect/connect.py", line 865, in _post
    return self._request(route, "POST", url_args=url_args, params=params, is_json=is_json, query_params=query_params)
           ^^^^^^^^^^^^^^^^^^^^^^^^^^^^^^^^^^^^^^^^^^^^^^^^^^^^^^^^^^^^^^^^^^^^^^^^^^^^^^^^^^^^^^^^^^^^^^^^^^^^^^^^^^
  File "/opt/anaconda3/lib/python3.12/site-packages/kiteconnect/connect.py", line 937, in _request
    raise exp(data["message"], code=r.status_code)
kiteconnect.exceptions.TokenException: Incorrect `api_key` or `access_token`.
2025-11-17 00:45:29 | ERROR    | Failed to place order for BANKNIFTY51800CE
2025-11-17 00:45:29 | WARNING  | BUY legs failed for lot_size=2
2025-11-17 00:45:29 | ERROR    | Error exiting partial positions: Incorrect `api_key` or `access_token`.
Traceback (most recent call last):
  File "/Users/rohan/Downloads/Vridhi_Capital_Trading_System/src/trading_system/oms/order_manager.py", line 822, in _exit_partial_positions
    return 0, 0.0
                  
  File "/opt/anaconda3/lib/python3.12/site-packages/kiteconnect/connect.py", line 445, in positions
    return self._get("portfolio.positions")
           ^^^^^^^^^^^^^^^^^^^^^^^^^^^^^^^^
  File "/opt/anaconda3/lib/python3.12/site-packages/kiteconnect/connect.py", line 861, in _get
    return self._request(route, "GET", url_args=url_args, params=params, is_json=is_json)
           ^^^^^^^^^^^^^^^^^^^^^^^^^^^^^^^^^^^^^^^^^^^^^^^^^^^^^^^^^^^^^^^^^^^^^^^^^^^^^^
  File "/opt/anaconda3/lib/python3.12/site-packages/kiteconnect/connect.py", line 937, in _request
    raise exp(data["message"], code=r.status_code)
kiteconnect.exceptions.TokenException: Incorrect `api_key` or `access_token`.
2025-11-17 00:45:29 | DEBUG    | Executing BUY legs: 2 orders
2025-11-17 00:45:29 | ERROR    | Failed to place order: BANKNIFTY51800CE | error=Incorrect `api_key` or `access_token`.
Traceback (most recent call last):
  File "/Users/rohan/Downloads/Vridhi_Capital_Trading_System/src/trading_system/oms/order_manager.py", line 743, in _place_market_order
    order_id=fake_id,
           ^^^^^^^^^^
  File "/opt/anaconda3/lib/python3.12/site-packages/kiteconnect/connect.py", line 361, in place_order
    return self._post("order.place",
           ^^^^^^^^^^^^^^^^^^^^^^^^^
  File "/opt/anaconda3/lib/python3.12/site-packages/kiteconnect/connect.py", line 865, in _post
    return self._request(route, "POST", url_args=url_args, params=params, is_json=is_json, query_params=query_params)
           ^^^^^^^^^^^^^^^^^^^^^^^^^^^^^^^^^^^^^^^^^^^^^^^^^^^^^^^^^^^^^^^^^^^^^^^^^^^^^^^^^^^^^^^^^^^^^^^^^^^^^^^^^^
  File "/opt/anaconda3/lib/python3.12/site-packages/kiteconnect/connect.py", line 937, in _request
    raise exp(data["message"], code=r.status_code)
kiteconnect.exceptions.TokenException: Incorrect `api_key` or `access_token`.
2025-11-17 00:45:29 | ERROR    | Failed to place order for BANKNIFTY51800CE
2025-11-17 00:45:29 | WARNING  | BUY legs failed for lot_size=1
2025-11-17 00:45:29 | ERROR    | Error exiting partial positions: Incorrect `api_key` or `access_token`.
Traceback (most recent call last):
  File "/Users/rohan/Downloads/Vridhi_Capital_Trading_System/src/trading_system/oms/order_manager.py", line 822, in _exit_partial_positions
    return 0, 0.0
                  
  File "/opt/anaconda3/lib/python3.12/site-packages/kiteconnect/connect.py", line 445, in positions
    return self._get("portfolio.positions")
           ^^^^^^^^^^^^^^^^^^^^^^^^^^^^^^^^
  File "/opt/anaconda3/lib/python3.12/site-packages/kiteconnect/connect.py", line 861, in _get
    return self._request(route, "GET", url_args=url_args, params=params, is_json=is_json)
           ^^^^^^^^^^^^^^^^^^^^^^^^^^^^^^^^^^^^^^^^^^^^^^^^^^^^^^^^^^^^^^^^^^^^^^^^^^^^^^
  File "/opt/anaconda3/lib/python3.12/site-packages/kiteconnect/connect.py", line 937, in _request
    raise exp(data["message"], code=r.status_code)
kiteconnect.exceptions.TokenException: Incorrect `api_key` or `access_token`.
2025-11-17 00:47:29 | DEBUG    | ATM strike calculated: 51900 from futures price: 51863.25
2025-11-17 00:47:29 | INFO     | 🔵 LONG Entry initiated | futures_price=51863.25 | atm_strike=51900 | hedge_strike=49900 | lot_size=8
2025-11-17 00:47:29 | DEBUG    | Executing BUY legs: 2 orders
2025-11-17 00:47:30 | ERROR    | Failed to place order: BANKNIFTY51900CE | error=Incorrect `api_key` or `access_token`.
Traceback (most recent call last):
  File "/Users/rohan/Downloads/Vridhi_Capital_Trading_System/src/trading_system/oms/order_manager.py", line 743, in _place_market_order
    order_id=fake_id,
           ^^^^^^^^^^
  File "/opt/anaconda3/lib/python3.12/site-packages/kiteconnect/connect.py", line 361, in place_order
    return self._post("order.place",
           ^^^^^^^^^^^^^^^^^^^^^^^^^
  File "/opt/anaconda3/lib/python3.12/site-packages/kiteconnect/connect.py", line 865, in _post
    return self._request(route, "POST", url_args=url_args, params=params, is_json=is_json, query_params=query_params)
           ^^^^^^^^^^^^^^^^^^^^^^^^^^^^^^^^^^^^^^^^^^^^^^^^^^^^^^^^^^^^^^^^^^^^^^^^^^^^^^^^^^^^^^^^^^^^^^^^^^^^^^^^^^
  File "/opt/anaconda3/lib/python3.12/site-packages/kiteconnect/connect.py", line 937, in _request
    raise exp(data["message"], code=r.status_code)
kiteconnect.exceptions.TokenException: Incorrect `api_key` or `access_token`.
2025-11-17 00:47:30 | ERROR    | Failed to place order for BANKNIFTY51900CE
2025-11-17 00:47:30 | WARNING  | BUY legs failed for lot_size=8
2025-11-17 00:47:30 | ERROR    | Error exiting partial positions: Incorrect `api_key` or `access_token`.
Traceback (most recent call last):
  File "/Users/rohan/Downloads/Vridhi_Capital_Trading_System/src/trading_system/oms/order_manager.py", line 822, in _exit_partial_positions
    return 0, 0.0
                  
  File "/opt/anaconda3/lib/python3.12/site-packages/kiteconnect/connect.py", line 445, in positions
    return self._get("portfolio.positions")
           ^^^^^^^^^^^^^^^^^^^^^^^^^^^^^^^^
  File "/opt/anaconda3/lib/python3.12/site-packages/kiteconnect/connect.py", line 861, in _get
    return self._request(route, "GET", url_args=url_args, params=params, is_json=is_json)
           ^^^^^^^^^^^^^^^^^^^^^^^^^^^^^^^^^^^^^^^^^^^^^^^^^^^^^^^^^^^^^^^^^^^^^^^^^^^^^^
  File "/opt/anaconda3/lib/python3.12/site-packages/kiteconnect/connect.py", line 937, in _request
    raise exp(data["message"], code=r.status_code)
kiteconnect.exceptions.TokenException: Incorrect `api_key` or `access_token`.
2025-11-17 00:47:30 | DEBUG    | Executing BUY legs: 2 orders
2025-11-17 00:47:30 | ERROR    | Failed to place order: BANKNIFTY51900CE | error=Incorrect `api_key` or `access_token`.
Traceback (most recent call last):
  File "/Users/rohan/Downloads/Vridhi_Capital_Trading_System/src/trading_system/oms/order_manager.py", line 743, in _place_market_order
    order_id=fake_id,
           ^^^^^^^^^^
  File "/opt/anaconda3/lib/python3.12/site-packages/kiteconnect/connect.py", line 361, in place_order
    return self._post("order.place",
           ^^^^^^^^^^^^^^^^^^^^^^^^^
  File "/opt/anaconda3/lib/python3.12/site-packages/kiteconnect/connect.py", line 865, in _post
    return self._request(route, "POST", url_args=url_args, params=params, is_json=is_json, query_params=query_params)
           ^^^^^^^^^^^^^^^^^^^^^^^^^^^^^^^^^^^^^^^^^^^^^^^^^^^^^^^^^^^^^^^^^^^^^^^^^^^^^^^^^^^^^^^^^^^^^^^^^^^^^^^^^^
  File "/opt/anaconda3/lib/python3.12/site-packages/kiteconnect/connect.py", line 937, in _request
    raise exp(data["message"], code=r.status_code)
kiteconnect.exceptions.TokenException: Incorrect `api_key` or `access_token`.
2025-11-17 00:47:30 | ERROR    | Failed to place order for BANKNIFTY51900CE
2025-11-17 00:47:30 | WARNING  | BUY legs failed for lot_size=4
2025-11-17 00:47:30 | ERROR    | Error exiting partial positions: Incorrect `api_key` or `access_token`.
Traceback (most recent call last):
  File "/Users/rohan/Downloads/Vridhi_Capital_Trading_System/src/trading_system/oms/order_manager.py", line 822, in _exit_partial_positions
    return 0, 0.0
                  
  File "/opt/anaconda3/lib/python3.12/site-packages/kiteconnect/connect.py", line 445, in positions
    return self._get("portfolio.positions")
           ^^^^^^^^^^^^^^^^^^^^^^^^^^^^^^^^
  File "/opt/anaconda3/lib/python3.12/site-packages/kiteconnect/connect.py", line 861, in _get
    return self._request(route, "GET", url_args=url_args, params=params, is_json=is_json)
           ^^^^^^^^^^^^^^^^^^^^^^^^^^^^^^^^^^^^^^^^^^^^^^^^^^^^^^^^^^^^^^^^^^^^^^^^^^^^^^
  File "/opt/anaconda3/lib/python3.12/site-packages/kiteconnect/connect.py", line 937, in _request
    raise exp(data["message"], code=r.status_code)
kiteconnect.exceptions.TokenException: Incorrect `api_key` or `access_token`.
2025-11-17 00:47:30 | DEBUG    | Executing BUY legs: 2 orders
2025-11-17 00:47:30 | ERROR    | Failed to place order: BANKNIFTY51900CE | error=Incorrect `api_key` or `access_token`.
Traceback (most recent call last):
  File "/Users/rohan/Downloads/Vridhi_Capital_Trading_System/src/trading_system/oms/order_manager.py", line 743, in _place_market_order
    order_id=fake_id,
           ^^^^^^^^^^
  File "/opt/anaconda3/lib/python3.12/site-packages/kiteconnect/connect.py", line 361, in place_order
    return self._post("order.place",
           ^^^^^^^^^^^^^^^^^^^^^^^^^
  File "/opt/anaconda3/lib/python3.12/site-packages/kiteconnect/connect.py", line 865, in _post
    return self._request(route, "POST", url_args=url_args, params=params, is_json=is_json, query_params=query_params)
           ^^^^^^^^^^^^^^^^^^^^^^^^^^^^^^^^^^^^^^^^^^^^^^^^^^^^^^^^^^^^^^^^^^^^^^^^^^^^^^^^^^^^^^^^^^^^^^^^^^^^^^^^^^
  File "/opt/anaconda3/lib/python3.12/site-packages/kiteconnect/connect.py", line 937, in _request
    raise exp(data["message"], code=r.status_code)
kiteconnect.exceptions.TokenException: Incorrect `api_key` or `access_token`.
2025-11-17 00:47:30 | ERROR    | Failed to place order for BANKNIFTY51900CE
2025-11-17 00:47:30 | WARNING  | BUY legs failed for lot_size=2
2025-11-17 00:47:30 | ERROR    | Error exiting partial positions: Incorrect `api_key` or `access_token`.
Traceback (most recent call last):
  File "/Users/rohan/Downloads/Vridhi_Capital_Trading_System/src/trading_system/oms/order_manager.py", line 822, in _exit_partial_positions
    return 0, 0.0
                  
  File "/opt/anaconda3/lib/python3.12/site-packages/kiteconnect/connect.py", line 445, in positions
    return self._get("portfolio.positions")
           ^^^^^^^^^^^^^^^^^^^^^^^^^^^^^^^^
  File "/opt/anaconda3/lib/python3.12/site-packages/kiteconnect/connect.py", line 861, in _get
    return self._request(route, "GET", url_args=url_args, params=params, is_json=is_json)
           ^^^^^^^^^^^^^^^^^^^^^^^^^^^^^^^^^^^^^^^^^^^^^^^^^^^^^^^^^^^^^^^^^^^^^^^^^^^^^^
  File "/opt/anaconda3/lib/python3.12/site-packages/kiteconnect/connect.py", line 937, in _request
    raise exp(data["message"], code=r.status_code)
kiteconnect.exceptions.TokenException: Incorrect `api_key` or `access_token`.
2025-11-17 00:47:30 | DEBUG    | Executing BUY legs: 2 orders
2025-11-17 00:47:30 | ERROR    | Failed to place order: BANKNIFTY51900CE | error=Incorrect `api_key` or `access_token`.
Traceback (most recent call last):
  File "/Users/rohan/Downloads/Vridhi_Capital_Trading_System/src/trading_system/oms/order_manager.py", line 743, in _place_market_order
    order_id=fake_id,
           ^^^^^^^^^^
  File "/opt/anaconda3/lib/python3.12/site-packages/kiteconnect/connect.py", line 361, in place_order
    return self._post("order.place",
           ^^^^^^^^^^^^^^^^^^^^^^^^^
  File "/opt/anaconda3/lib/python3.12/site-packages/kiteconnect/connect.py", line 865, in _post
    return self._request(route, "POST", url_args=url_args, params=params, is_json=is_json, query_params=query_params)
           ^^^^^^^^^^^^^^^^^^^^^^^^^^^^^^^^^^^^^^^^^^^^^^^^^^^^^^^^^^^^^^^^^^^^^^^^^^^^^^^^^^^^^^^^^^^^^^^^^^^^^^^^^^
  File "/opt/anaconda3/lib/python3.12/site-packages/kiteconnect/connect.py", line 937, in _request
    raise exp(data["message"], code=r.status_code)
kiteconnect.exceptions.TokenException: Incorrect `api_key` or `access_token`.
2025-11-17 00:47:30 | ERROR    | Failed to place order for BANKNIFTY51900CE
2025-11-17 00:47:30 | WARNING  | BUY legs failed for lot_size=1
2025-11-17 00:47:31 | ERROR    | Error exiting partial positions: Incorrect `api_key` or `access_token`.
Traceback (most recent call last):
  File "/Users/rohan/Downloads/Vridhi_Capital_Trading_System/src/trading_system/oms/order_manager.py", line 822, in _exit_partial_positions
    return 0, 0.0
                  
  File "/opt/anaconda3/lib/python3.12/site-packages/kiteconnect/connect.py", line 445, in positions
    return self._get("portfolio.positions")
           ^^^^^^^^^^^^^^^^^^^^^^^^^^^^^^^^
  File "/opt/anaconda3/lib/python3.12/site-packages/kiteconnect/connect.py", line 861, in _get
    return self._request(route, "GET", url_args=url_args, params=params, is_json=is_json)
           ^^^^^^^^^^^^^^^^^^^^^^^^^^^^^^^^^^^^^^^^^^^^^^^^^^^^^^^^^^^^^^^^^^^^^^^^^^^^^^
  File "/opt/anaconda3/lib/python3.12/site-packages/kiteconnect/connect.py", line 937, in _request
    raise exp(data["message"], code=r.status_code)
kiteconnect.exceptions.TokenException: Incorrect `api_key` or `access_token`.
2025-11-17 00:47:31 | DEBUG    | ATM strike calculated: 51900 from futures price: 51863.25
2025-11-17 00:47:31 | INFO     | 🔵 LONG Entry initiated | futures_price=51863.25 | atm_strike=51900 | hedge_strike=49900 | lot_size=8
2025-11-17 00:47:31 | DEBUG    | Executing BUY legs: 2 orders
2025-11-17 00:47:31 | ERROR    | Failed to place order: BANKNIFTY51900CE | error=Incorrect `api_key` or `access_token`.
Traceback (most recent call last):
  File "/Users/rohan/Downloads/Vridhi_Capital_Trading_System/src/trading_system/oms/order_manager.py", line 743, in _place_market_order
    order_id=fake_id,
           ^^^^^^^^^^
  File "/opt/anaconda3/lib/python3.12/site-packages/kiteconnect/connect.py", line 361, in place_order
    return self._post("order.place",
           ^^^^^^^^^^^^^^^^^^^^^^^^^
  File "/opt/anaconda3/lib/python3.12/site-packages/kiteconnect/connect.py", line 865, in _post
    return self._request(route, "POST", url_args=url_args, params=params, is_json=is_json, query_params=query_params)
           ^^^^^^^^^^^^^^^^^^^^^^^^^^^^^^^^^^^^^^^^^^^^^^^^^^^^^^^^^^^^^^^^^^^^^^^^^^^^^^^^^^^^^^^^^^^^^^^^^^^^^^^^^^
  File "/opt/anaconda3/lib/python3.12/site-packages/kiteconnect/connect.py", line 937, in _request
    raise exp(data["message"], code=r.status_code)
kiteconnect.exceptions.TokenException: Incorrect `api_key` or `access_token`.
2025-11-17 00:47:31 | ERROR    | Failed to place order for BANKNIFTY51900CE
2025-11-17 00:47:31 | WARNING  | BUY legs failed for lot_size=8
2025-11-17 00:47:31 | ERROR    | Error exiting partial positions: Incorrect `api_key` or `access_token`.
Traceback (most recent call last):
  File "/Users/rohan/Downloads/Vridhi_Capital_Trading_System/src/trading_system/oms/order_manager.py", line 822, in _exit_partial_positions
    return 0, 0.0
                  
  File "/opt/anaconda3/lib/python3.12/site-packages/kiteconnect/connect.py", line 445, in positions
    return self._get("portfolio.positions")
           ^^^^^^^^^^^^^^^^^^^^^^^^^^^^^^^^
  File "/opt/anaconda3/lib/python3.12/site-packages/kiteconnect/connect.py", line 861, in _get
    return self._request(route, "GET", url_args=url_args, params=params, is_json=is_json)
           ^^^^^^^^^^^^^^^^^^^^^^^^^^^^^^^^^^^^^^^^^^^^^^^^^^^^^^^^^^^^^^^^^^^^^^^^^^^^^^
  File "/opt/anaconda3/lib/python3.12/site-packages/kiteconnect/connect.py", line 937, in _request
    raise exp(data["message"], code=r.status_code)
kiteconnect.exceptions.TokenException: Incorrect `api_key` or `access_token`.
2025-11-17 00:47:31 | DEBUG    | Executing BUY legs: 2 orders
2025-11-17 00:47:31 | ERROR    | Failed to place order: BANKNIFTY51900CE | error=Incorrect `api_key` or `access_token`.
Traceback (most recent call last):
  File "/Users/rohan/Downloads/Vridhi_Capital_Trading_System/src/trading_system/oms/order_manager.py", line 743, in _place_market_order
    order_id=fake_id,
           ^^^^^^^^^^
  File "/opt/anaconda3/lib/python3.12/site-packages/kiteconnect/connect.py", line 361, in place_order
    return self._post("order.place",
           ^^^^^^^^^^^^^^^^^^^^^^^^^
  File "/opt/anaconda3/lib/python3.12/site-packages/kiteconnect/connect.py", line 865, in _post
    return self._request(route, "POST", url_args=url_args, params=params, is_json=is_json, query_params=query_params)
           ^^^^^^^^^^^^^^^^^^^^^^^^^^^^^^^^^^^^^^^^^^^^^^^^^^^^^^^^^^^^^^^^^^^^^^^^^^^^^^^^^^^^^^^^^^^^^^^^^^^^^^^^^^
  File "/opt/anaconda3/lib/python3.12/site-packages/kiteconnect/connect.py", line 937, in _request
    raise exp(data["message"], code=r.status_code)
kiteconnect.exceptions.TokenException: Incorrect `api_key` or `access_token`.
2025-11-17 00:47:31 | ERROR    | Failed to place order for BANKNIFTY51900CE
2025-11-17 00:47:31 | WARNING  | BUY legs failed for lot_size=4
2025-11-17 00:47:31 | ERROR    | Error exiting partial positions: Incorrect `api_key` or `access_token`.
Traceback (most recent call last):
  File "/Users/rohan/Downloads/Vridhi_Capital_Trading_System/src/trading_system/oms/order_manager.py", line 822, in _exit_partial_positions
    return 0, 0.0
                  
  File "/opt/anaconda3/lib/python3.12/site-packages/kiteconnect/connect.py", line 445, in positions
    return self._get("portfolio.positions")
           ^^^^^^^^^^^^^^^^^^^^^^^^^^^^^^^^
  File "/opt/anaconda3/lib/python3.12/site-packages/kiteconnect/connect.py", line 861, in _get
    return self._request(route, "GET", url_args=url_args, params=params, is_json=is_json)
           ^^^^^^^^^^^^^^^^^^^^^^^^^^^^^^^^^^^^^^^^^^^^^^^^^^^^^^^^^^^^^^^^^^^^^^^^^^^^^^
  File "/opt/anaconda3/lib/python3.12/site-packages/kiteconnect/connect.py", line 937, in _request
    raise exp(data["message"], code=r.status_code)
kiteconnect.exceptions.TokenException: Incorrect `api_key` or `access_token`.
2025-11-17 00:47:31 | DEBUG    | Executing BUY legs: 2 orders
2025-11-17 00:47:31 | ERROR    | Failed to place order: BANKNIFTY51900CE | error=Incorrect `api_key` or `access_token`.
Traceback (most recent call last):
  File "/Users/rohan/Downloads/Vridhi_Capital_Trading_System/src/trading_system/oms/order_manager.py", line 743, in _place_market_order
    order_id=fake_id,
           ^^^^^^^^^^
  File "/opt/anaconda3/lib/python3.12/site-packages/kiteconnect/connect.py", line 361, in place_order
    return self._post("order.place",
           ^^^^^^^^^^^^^^^^^^^^^^^^^
  File "/opt/anaconda3/lib/python3.12/site-packages/kiteconnect/connect.py", line 865, in _post
    return self._request(route, "POST", url_args=url_args, params=params, is_json=is_json, query_params=query_params)
           ^^^^^^^^^^^^^^^^^^^^^^^^^^^^^^^^^^^^^^^^^^^^^^^^^^^^^^^^^^^^^^^^^^^^^^^^^^^^^^^^^^^^^^^^^^^^^^^^^^^^^^^^^^
  File "/opt/anaconda3/lib/python3.12/site-packages/kiteconnect/connect.py", line 937, in _request
    raise exp(data["message"], code=r.status_code)
kiteconnect.exceptions.TokenException: Incorrect `api_key` or `access_token`.
2025-11-17 00:47:31 | ERROR    | Failed to place order for BANKNIFTY51900CE
2025-11-17 00:47:31 | WARNING  | BUY legs failed for lot_size=2
2025-11-17 00:47:31 | ERROR    | Error exiting partial positions: Incorrect `api_key` or `access_token`.
Traceback (most recent call last):
  File "/Users/rohan/Downloads/Vridhi_Capital_Trading_System/src/trading_system/oms/order_manager.py", line 822, in _exit_partial_positions
    return 0, 0.0
                  
  File "/opt/anaconda3/lib/python3.12/site-packages/kiteconnect/connect.py", line 445, in positions
    return self._get("portfolio.positions")
           ^^^^^^^^^^^^^^^^^^^^^^^^^^^^^^^^
  File "/opt/anaconda3/lib/python3.12/site-packages/kiteconnect/connect.py", line 861, in _get
    return self._request(route, "GET", url_args=url_args, params=params, is_json=is_json)
           ^^^^^^^^^^^^^^^^^^^^^^^^^^^^^^^^^^^^^^^^^^^^^^^^^^^^^^^^^^^^^^^^^^^^^^^^^^^^^^
  File "/opt/anaconda3/lib/python3.12/site-packages/kiteconnect/connect.py", line 937, in _request
    raise exp(data["message"], code=r.status_code)
kiteconnect.exceptions.TokenException: Incorrect `api_key` or `access_token`.
2025-11-17 00:47:31 | DEBUG    | Executing BUY legs: 2 orders
2025-11-17 00:47:32 | ERROR    | Failed to place order: BANKNIFTY51900CE | error=Incorrect `api_key` or `access_token`.
Traceback (most recent call last):
  File "/Users/rohan/Downloads/Vridhi_Capital_Trading_System/src/trading_system/oms/order_manager.py", line 743, in _place_market_order
    order_id=fake_id,
           ^^^^^^^^^^
  File "/opt/anaconda3/lib/python3.12/site-packages/kiteconnect/connect.py", line 361, in place_order
    return self._post("order.place",
           ^^^^^^^^^^^^^^^^^^^^^^^^^
  File "/opt/anaconda3/lib/python3.12/site-packages/kiteconnect/connect.py", line 865, in _post
    return self._request(route, "POST", url_args=url_args, params=params, is_json=is_json, query_params=query_params)
           ^^^^^^^^^^^^^^^^^^^^^^^^^^^^^^^^^^^^^^^^^^^^^^^^^^^^^^^^^^^^^^^^^^^^^^^^^^^^^^^^^^^^^^^^^^^^^^^^^^^^^^^^^^
  File "/opt/anaconda3/lib/python3.12/site-packages/kiteconnect/connect.py", line 937, in _request
    raise exp(data["message"], code=r.status_code)
kiteconnect.exceptions.TokenException: Incorrect `api_key` or `access_token`.
2025-11-17 00:47:32 | ERROR    | Failed to place order for BANKNIFTY51900CE
2025-11-17 00:47:32 | WARNING  | BUY legs failed for lot_size=1
2025-11-17 00:47:32 | ERROR    | Error exiting partial positions: Incorrect `api_key` or `access_token`.
Traceback (most recent call last):
  File "/Users/rohan/Downloads/Vridhi_Capital_Trading_System/src/trading_system/oms/order_manager.py", line 822, in _exit_partial_positions
    return 0, 0.0
                  
  File "/opt/anaconda3/lib/python3.12/site-packages/kiteconnect/connect.py", line 445, in positions
    return self._get("portfolio.positions")
           ^^^^^^^^^^^^^^^^^^^^^^^^^^^^^^^^
  File "/opt/anaconda3/lib/python3.12/site-packages/kiteconnect/connect.py", line 861, in _get
    return self._request(route, "GET", url_args=url_args, params=params, is_json=is_json)
           ^^^^^^^^^^^^^^^^^^^^^^^^^^^^^^^^^^^^^^^^^^^^^^^^^^^^^^^^^^^^^^^^^^^^^^^^^^^^^^
  File "/opt/anaconda3/lib/python3.12/site-packages/kiteconnect/connect.py", line 937, in _request
    raise exp(data["message"], code=r.status_code)
kiteconnect.exceptions.TokenException: Incorrect `api_key` or `access_token`.
2025-11-17 00:49:32 | DEBUG    | ATM strike calculated: 51900 from futures price: 51890.0
2025-11-17 00:49:32 | INFO     | 🔵 LONG Entry initiated | futures_price=51890.0 | atm_strike=51900 | hedge_strike=49900 | lot_size=8
2025-11-17 00:49:32 | DEBUG    | Executing BUY legs: 2 orders
2025-11-17 00:49:32 | ERROR    | Failed to place order: BANKNIFTY51900CE | error=Incorrect `api_key` or `access_token`.
Traceback (most recent call last):
  File "/Users/rohan/Downloads/Vridhi_Capital_Trading_System/src/trading_system/oms/order_manager.py", line 743, in _place_market_order
    order_id=fake_id,
           ^^^^^^^^^^
  File "/opt/anaconda3/lib/python3.12/site-packages/kiteconnect/connect.py", line 361, in place_order
    return self._post("order.place",
           ^^^^^^^^^^^^^^^^^^^^^^^^^
  File "/opt/anaconda3/lib/python3.12/site-packages/kiteconnect/connect.py", line 865, in _post
    return self._request(route, "POST", url_args=url_args, params=params, is_json=is_json, query_params=query_params)
           ^^^^^^^^^^^^^^^^^^^^^^^^^^^^^^^^^^^^^^^^^^^^^^^^^^^^^^^^^^^^^^^^^^^^^^^^^^^^^^^^^^^^^^^^^^^^^^^^^^^^^^^^^^
  File "/opt/anaconda3/lib/python3.12/site-packages/kiteconnect/connect.py", line 937, in _request
    raise exp(data["message"], code=r.status_code)
kiteconnect.exceptions.TokenException: Incorrect `api_key` or `access_token`.
2025-11-17 00:49:32 | ERROR    | Failed to place order for BANKNIFTY51900CE
2025-11-17 00:49:32 | WARNING  | BUY legs failed for lot_size=8
2025-11-17 00:49:32 | ERROR    | Error exiting partial positions: Incorrect `api_key` or `access_token`.
Traceback (most recent call last):
  File "/Users/rohan/Downloads/Vridhi_Capital_Trading_System/src/trading_system/oms/order_manager.py", line 822, in _exit_partial_positions
    return 0, 0.0
                  
  File "/opt/anaconda3/lib/python3.12/site-packages/kiteconnect/connect.py", line 445, in positions
    return self._get("portfolio.positions")
           ^^^^^^^^^^^^^^^^^^^^^^^^^^^^^^^^
  File "/opt/anaconda3/lib/python3.12/site-packages/kiteconnect/connect.py", line 861, in _get
    return self._request(route, "GET", url_args=url_args, params=params, is_json=is_json)
           ^^^^^^^^^^^^^^^^^^^^^^^^^^^^^^^^^^^^^^^^^^^^^^^^^^^^^^^^^^^^^^^^^^^^^^^^^^^^^^
  File "/opt/anaconda3/lib/python3.12/site-packages/kiteconnect/connect.py", line 937, in _request
    raise exp(data["message"], code=r.status_code)
kiteconnect.exceptions.TokenException: Incorrect `api_key` or `access_token`.
2025-11-17 00:49:32 | DEBUG    | Executing BUY legs: 2 orders
2025-11-17 00:49:33 | ERROR    | Failed to place order: BANKNIFTY51900CE | error=Incorrect `api_key` or `access_token`.
Traceback (most recent call last):
  File "/Users/rohan/Downloads/Vridhi_Capital_Trading_System/src/trading_system/oms/order_manager.py", line 743, in _place_market_order
    order_id=fake_id,
           ^^^^^^^^^^
  File "/opt/anaconda3/lib/python3.12/site-packages/kiteconnect/connect.py", line 361, in place_order
    return self._post("order.place",
           ^^^^^^^^^^^^^^^^^^^^^^^^^
  File "/opt/anaconda3/lib/python3.12/site-packages/kiteconnect/connect.py", line 865, in _post
    return self._request(route, "POST", url_args=url_args, params=params, is_json=is_json, query_params=query_params)
           ^^^^^^^^^^^^^^^^^^^^^^^^^^^^^^^^^^^^^^^^^^^^^^^^^^^^^^^^^^^^^^^^^^^^^^^^^^^^^^^^^^^^^^^^^^^^^^^^^^^^^^^^^^
  File "/opt/anaconda3/lib/python3.12/site-packages/kiteconnect/connect.py", line 937, in _request
    raise exp(data["message"], code=r.status_code)
kiteconnect.exceptions.TokenException: Incorrect `api_key` or `access_token`.
2025-11-17 00:49:33 | ERROR    | Failed to place order for BANKNIFTY51900CE
2025-11-17 00:49:33 | WARNING  | BUY legs failed for lot_size=4
2025-11-17 00:49:33 | ERROR    | Error exiting partial positions: Incorrect `api_key` or `access_token`.
Traceback (most recent call last):
  File "/Users/rohan/Downloads/Vridhi_Capital_Trading_System/src/trading_system/oms/order_manager.py", line 822, in _exit_partial_positions
    return 0, 0.0
                  
  File "/opt/anaconda3/lib/python3.12/site-packages/kiteconnect/connect.py", line 445, in positions
    return self._get("portfolio.positions")
           ^^^^^^^^^^^^^^^^^^^^^^^^^^^^^^^^
  File "/opt/anaconda3/lib/python3.12/site-packages/kiteconnect/connect.py", line 861, in _get
    return self._request(route, "GET", url_args=url_args, params=params, is_json=is_json)
           ^^^^^^^^^^^^^^^^^^^^^^^^^^^^^^^^^^^^^^^^^^^^^^^^^^^^^^^^^^^^^^^^^^^^^^^^^^^^^^
  File "/opt/anaconda3/lib/python3.12/site-packages/kiteconnect/connect.py", line 937, in _request
    raise exp(data["message"], code=r.status_code)
kiteconnect.exceptions.TokenException: Incorrect `api_key` or `access_token`.
2025-11-17 00:49:33 | DEBUG    | Executing BUY legs: 2 orders
2025-11-17 00:49:33 | ERROR    | Failed to place order: BANKNIFTY51900CE | error=Incorrect `api_key` or `access_token`.
Traceback (most recent call last):
  File "/Users/rohan/Downloads/Vridhi_Capital_Trading_System/src/trading_system/oms/order_manager.py", line 743, in _place_market_order
    order_id=fake_id,
           ^^^^^^^^^^
  File "/opt/anaconda3/lib/python3.12/site-packages/kiteconnect/connect.py", line 361, in place_order
    return self._post("order.place",
           ^^^^^^^^^^^^^^^^^^^^^^^^^
  File "/opt/anaconda3/lib/python3.12/site-packages/kiteconnect/connect.py", line 865, in _post
    return self._request(route, "POST", url_args=url_args, params=params, is_json=is_json, query_params=query_params)
           ^^^^^^^^^^^^^^^^^^^^^^^^^^^^^^^^^^^^^^^^^^^^^^^^^^^^^^^^^^^^^^^^^^^^^^^^^^^^^^^^^^^^^^^^^^^^^^^^^^^^^^^^^^
  File "/opt/anaconda3/lib/python3.12/site-packages/kiteconnect/connect.py", line 937, in _request
    raise exp(data["message"], code=r.status_code)
kiteconnect.exceptions.TokenException: Incorrect `api_key` or `access_token`.
2025-11-17 00:49:33 | ERROR    | Failed to place order for BANKNIFTY51900CE
2025-11-17 00:49:33 | WARNING  | BUY legs failed for lot_size=2
2025-11-17 00:49:33 | ERROR    | Error exiting partial positions: Incorrect `api_key` or `access_token`.
Traceback (most recent call last):
  File "/Users/rohan/Downloads/Vridhi_Capital_Trading_System/src/trading_system/oms/order_manager.py", line 822, in _exit_partial_positions
    return 0, 0.0
                  
  File "/opt/anaconda3/lib/python3.12/site-packages/kiteconnect/connect.py", line 445, in positions
    return self._get("portfolio.positions")
           ^^^^^^^^^^^^^^^^^^^^^^^^^^^^^^^^
  File "/opt/anaconda3/lib/python3.12/site-packages/kiteconnect/connect.py", line 861, in _get
    return self._request(route, "GET", url_args=url_args, params=params, is_json=is_json)
           ^^^^^^^^^^^^^^^^^^^^^^^^^^^^^^^^^^^^^^^^^^^^^^^^^^^^^^^^^^^^^^^^^^^^^^^^^^^^^^
  File "/opt/anaconda3/lib/python3.12/site-packages/kiteconnect/connect.py", line 937, in _request
    raise exp(data["message"], code=r.status_code)
kiteconnect.exceptions.TokenException: Incorrect `api_key` or `access_token`.
2025-11-17 00:49:33 | DEBUG    | Executing BUY legs: 2 orders
2025-11-17 00:49:33 | ERROR    | Failed to place order: BANKNIFTY51900CE | error=Incorrect `api_key` or `access_token`.
Traceback (most recent call last):
  File "/Users/rohan/Downloads/Vridhi_Capital_Trading_System/src/trading_system/oms/order_manager.py", line 743, in _place_market_order
    order_id=fake_id,
           ^^^^^^^^^^
  File "/opt/anaconda3/lib/python3.12/site-packages/kiteconnect/connect.py", line 361, in place_order
    return self._post("order.place",
           ^^^^^^^^^^^^^^^^^^^^^^^^^
  File "/opt/anaconda3/lib/python3.12/site-packages/kiteconnect/connect.py", line 865, in _post
    return self._request(route, "POST", url_args=url_args, params=params, is_json=is_json, query_params=query_params)
           ^^^^^^^^^^^^^^^^^^^^^^^^^^^^^^^^^^^^^^^^^^^^^^^^^^^^^^^^^^^^^^^^^^^^^^^^^^^^^^^^^^^^^^^^^^^^^^^^^^^^^^^^^^
  File "/opt/anaconda3/lib/python3.12/site-packages/kiteconnect/connect.py", line 937, in _request
    raise exp(data["message"], code=r.status_code)
kiteconnect.exceptions.TokenException: Incorrect `api_key` or `access_token`.
2025-11-17 00:49:33 | ERROR    | Failed to place order for BANKNIFTY51900CE
2025-11-17 00:49:33 | WARNING  | BUY legs failed for lot_size=1
2025-11-17 00:49:33 | ERROR    | Error exiting partial positions: Incorrect `api_key` or `access_token`.
Traceback (most recent call last):
  File "/Users/rohan/Downloads/Vridhi_Capital_Trading_System/src/trading_system/oms/order_manager.py", line 822, in _exit_partial_positions
    return 0, 0.0
                  
  File "/opt/anaconda3/lib/python3.12/site-packages/kiteconnect/connect.py", line 445, in positions
    return self._get("portfolio.positions")
           ^^^^^^^^^^^^^^^^^^^^^^^^^^^^^^^^
  File "/opt/anaconda3/lib/python3.12/site-packages/kiteconnect/connect.py", line 861, in _get
    return self._request(route, "GET", url_args=url_args, params=params, is_json=is_json)
           ^^^^^^^^^^^^^^^^^^^^^^^^^^^^^^^^^^^^^^^^^^^^^^^^^^^^^^^^^^^^^^^^^^^^^^^^^^^^^^
  File "/opt/anaconda3/lib/python3.12/site-packages/kiteconnect/connect.py", line 937, in _request
    raise exp(data["message"], code=r.status_code)
kiteconnect.exceptions.TokenException: Incorrect `api_key` or `access_token`.
2025-11-17 00:49:33 | DEBUG    | ATM strike calculated: 51900 from futures price: 51890.0
2025-11-17 00:49:33 | INFO     | 🔵 LONG Entry initiated | futures_price=51890.0 | atm_strike=51900 | hedge_strike=49900 | lot_size=8
2025-11-17 00:49:33 | DEBUG    | Executing BUY legs: 2 orders
2025-11-17 00:49:33 | ERROR    | Failed to place order: BANKNIFTY51900CE | error=Incorrect `api_key` or `access_token`.
Traceback (most recent call last):
  File "/Users/rohan/Downloads/Vridhi_Capital_Trading_System/src/trading_system/oms/order_manager.py", line 743, in _place_market_order
    order_id=fake_id,
           ^^^^^^^^^^
  File "/opt/anaconda3/lib/python3.12/site-packages/kiteconnect/connect.py", line 361, in place_order
    return self._post("order.place",
           ^^^^^^^^^^^^^^^^^^^^^^^^^
  File "/opt/anaconda3/lib/python3.12/site-packages/kiteconnect/connect.py", line 865, in _post
    return self._request(route, "POST", url_args=url_args, params=params, is_json=is_json, query_params=query_params)
           ^^^^^^^^^^^^^^^^^^^^^^^^^^^^^^^^^^^^^^^^^^^^^^^^^^^^^^^^^^^^^^^^^^^^^^^^^^^^^^^^^^^^^^^^^^^^^^^^^^^^^^^^^^
  File "/opt/anaconda3/lib/python3.12/site-packages/kiteconnect/connect.py", line 937, in _request
    raise exp(data["message"], code=r.status_code)
kiteconnect.exceptions.TokenException: Incorrect `api_key` or `access_token`.
2025-11-17 00:49:33 | ERROR    | Failed to place order for BANKNIFTY51900CE
2025-11-17 00:49:33 | WARNING  | BUY legs failed for lot_size=8
2025-11-17 00:49:34 | ERROR    | Error exiting partial positions: Incorrect `api_key` or `access_token`.
Traceback (most recent call last):
  File "/Users/rohan/Downloads/Vridhi_Capital_Trading_System/src/trading_system/oms/order_manager.py", line 822, in _exit_partial_positions
    return 0, 0.0
                  
  File "/opt/anaconda3/lib/python3.12/site-packages/kiteconnect/connect.py", line 445, in positions
    return self._get("portfolio.positions")
           ^^^^^^^^^^^^^^^^^^^^^^^^^^^^^^^^
  File "/opt/anaconda3/lib/python3.12/site-packages/kiteconnect/connect.py", line 861, in _get
    return self._request(route, "GET", url_args=url_args, params=params, is_json=is_json)
           ^^^^^^^^^^^^^^^^^^^^^^^^^^^^^^^^^^^^^^^^^^^^^^^^^^^^^^^^^^^^^^^^^^^^^^^^^^^^^^
  File "/opt/anaconda3/lib/python3.12/site-packages/kiteconnect/connect.py", line 937, in _request
    raise exp(data["message"], code=r.status_code)
kiteconnect.exceptions.TokenException: Incorrect `api_key` or `access_token`.
2025-11-17 00:49:34 | DEBUG    | Executing BUY legs: 2 orders
2025-11-17 00:49:34 | ERROR    | Failed to place order: BANKNIFTY51900CE | error=Incorrect `api_key` or `access_token`.
Traceback (most recent call last):
  File "/Users/rohan/Downloads/Vridhi_Capital_Trading_System/src/trading_system/oms/order_manager.py", line 743, in _place_market_order
    order_id=fake_id,
           ^^^^^^^^^^
  File "/opt/anaconda3/lib/python3.12/site-packages/kiteconnect/connect.py", line 361, in place_order
    return self._post("order.place",
           ^^^^^^^^^^^^^^^^^^^^^^^^^
  File "/opt/anaconda3/lib/python3.12/site-packages/kiteconnect/connect.py", line 865, in _post
    return self._request(route, "POST", url_args=url_args, params=params, is_json=is_json, query_params=query_params)
           ^^^^^^^^^^^^^^^^^^^^^^^^^^^^^^^^^^^^^^^^^^^^^^^^^^^^^^^^^^^^^^^^^^^^^^^^^^^^^^^^^^^^^^^^^^^^^^^^^^^^^^^^^^
  File "/opt/anaconda3/lib/python3.12/site-packages/kiteconnect/connect.py", line 937, in _request
    raise exp(data["message"], code=r.status_code)
kiteconnect.exceptions.TokenException: Incorrect `api_key` or `access_token`.
2025-11-17 00:49:34 | ERROR    | Failed to place order for BANKNIFTY51900CE
2025-11-17 00:49:34 | WARNING  | BUY legs failed for lot_size=4
2025-11-17 00:49:34 | ERROR    | Error exiting partial positions: Incorrect `api_key` or `access_token`.
Traceback (most recent call last):
  File "/Users/rohan/Downloads/Vridhi_Capital_Trading_System/src/trading_system/oms/order_manager.py", line 822, in _exit_partial_positions
    return 0, 0.0
                  
  File "/opt/anaconda3/lib/python3.12/site-packages/kiteconnect/connect.py", line 445, in positions
    return self._get("portfolio.positions")
           ^^^^^^^^^^^^^^^^^^^^^^^^^^^^^^^^
  File "/opt/anaconda3/lib/python3.12/site-packages/kiteconnect/connect.py", line 861, in _get
    return self._request(route, "GET", url_args=url_args, params=params, is_json=is_json)
           ^^^^^^^^^^^^^^^^^^^^^^^^^^^^^^^^^^^^^^^^^^^^^^^^^^^^^^^^^^^^^^^^^^^^^^^^^^^^^^
  File "/opt/anaconda3/lib/python3.12/site-packages/kiteconnect/connect.py", line 937, in _request
    raise exp(data["message"], code=r.status_code)
kiteconnect.exceptions.TokenException: Incorrect `api_key` or `access_token`.
2025-11-17 00:49:34 | DEBUG    | Executing BUY legs: 2 orders
2025-11-17 00:49:34 | ERROR    | Failed to place order: BANKNIFTY51900CE | error=Incorrect `api_key` or `access_token`.
Traceback (most recent call last):
  File "/Users/rohan/Downloads/Vridhi_Capital_Trading_System/src/trading_system/oms/order_manager.py", line 743, in _place_market_order
    order_id=fake_id,
           ^^^^^^^^^^
  File "/opt/anaconda3/lib/python3.12/site-packages/kiteconnect/connect.py", line 361, in place_order
    return self._post("order.place",
           ^^^^^^^^^^^^^^^^^^^^^^^^^
  File "/opt/anaconda3/lib/python3.12/site-packages/kiteconnect/connect.py", line 865, in _post
    return self._request(route, "POST", url_args=url_args, params=params, is_json=is_json, query_params=query_params)
           ^^^^^^^^^^^^^^^^^^^^^^^^^^^^^^^^^^^^^^^^^^^^^^^^^^^^^^^^^^^^^^^^^^^^^^^^^^^^^^^^^^^^^^^^^^^^^^^^^^^^^^^^^^
  File "/opt/anaconda3/lib/python3.12/site-packages/kiteconnect/connect.py", line 937, in _request
    raise exp(data["message"], code=r.status_code)
kiteconnect.exceptions.TokenException: Incorrect `api_key` or `access_token`.
2025-11-17 00:49:34 | ERROR    | Failed to place order for BANKNIFTY51900CE
2025-11-17 00:49:34 | WARNING  | BUY legs failed for lot_size=2
2025-11-17 00:49:34 | ERROR    | Error exiting partial positions: Incorrect `api_key` or `access_token`.
Traceback (most recent call last):
  File "/Users/rohan/Downloads/Vridhi_Capital_Trading_System/src/trading_system/oms/order_manager.py", line 822, in _exit_partial_positions
    return 0, 0.0
                  
  File "/opt/anaconda3/lib/python3.12/site-packages/kiteconnect/connect.py", line 445, in positions
    return self._get("portfolio.positions")
           ^^^^^^^^^^^^^^^^^^^^^^^^^^^^^^^^
  File "/opt/anaconda3/lib/python3.12/site-packages/kiteconnect/connect.py", line 861, in _get
    return self._request(route, "GET", url_args=url_args, params=params, is_json=is_json)
           ^^^^^^^^^^^^^^^^^^^^^^^^^^^^^^^^^^^^^^^^^^^^^^^^^^^^^^^^^^^^^^^^^^^^^^^^^^^^^^
  File "/opt/anaconda3/lib/python3.12/site-packages/kiteconnect/connect.py", line 937, in _request
    raise exp(data["message"], code=r.status_code)
kiteconnect.exceptions.TokenException: Incorrect `api_key` or `access_token`.
2025-11-17 00:49:34 | DEBUG    | Executing BUY legs: 2 orders
2025-11-17 00:49:34 | ERROR    | Failed to place order: BANKNIFTY51900CE | error=Incorrect `api_key` or `access_token`.
Traceback (most recent call last):
  File "/Users/rohan/Downloads/Vridhi_Capital_Trading_System/src/trading_system/oms/order_manager.py", line 743, in _place_market_order
    order_id=fake_id,
           ^^^^^^^^^^
  File "/opt/anaconda3/lib/python3.12/site-packages/kiteconnect/connect.py", line 361, in place_order
    return self._post("order.place",
           ^^^^^^^^^^^^^^^^^^^^^^^^^
  File "/opt/anaconda3/lib/python3.12/site-packages/kiteconnect/connect.py", line 865, in _post
    return self._request(route, "POST", url_args=url_args, params=params, is_json=is_json, query_params=query_params)
           ^^^^^^^^^^^^^^^^^^^^^^^^^^^^^^^^^^^^^^^^^^^^^^^^^^^^^^^^^^^^^^^^^^^^^^^^^^^^^^^^^^^^^^^^^^^^^^^^^^^^^^^^^^
  File "/opt/anaconda3/lib/python3.12/site-packages/kiteconnect/connect.py", line 937, in _request
    raise exp(data["message"], code=r.status_code)
kiteconnect.exceptions.TokenException: Incorrect `api_key` or `access_token`.
2025-11-17 00:49:34 | ERROR    | Failed to place order for BANKNIFTY51900CE
2025-11-17 00:49:34 | WARNING  | BUY legs failed for lot_size=1
2025-11-17 00:49:34 | ERROR    | Error exiting partial positions: Incorrect `api_key` or `access_token`.
Traceback (most recent call last):
  File "/Users/rohan/Downloads/Vridhi_Capital_Trading_System/src/trading_system/oms/order_manager.py", line 822, in _exit_partial_positions
    return 0, 0.0
                  
  File "/opt/anaconda3/lib/python3.12/site-packages/kiteconnect/connect.py", line 445, in positions
    return self._get("portfolio.positions")
           ^^^^^^^^^^^^^^^^^^^^^^^^^^^^^^^^
  File "/opt/anaconda3/lib/python3.12/site-packages/kiteconnect/connect.py", line 861, in _get
    return self._request(route, "GET", url_args=url_args, params=params, is_json=is_json)
           ^^^^^^^^^^^^^^^^^^^^^^^^^^^^^^^^^^^^^^^^^^^^^^^^^^^^^^^^^^^^^^^^^^^^^^^^^^^^^^
  File "/opt/anaconda3/lib/python3.12/site-packages/kiteconnect/connect.py", line 937, in _request
    raise exp(data["message"], code=r.status_code)
kiteconnect.exceptions.TokenException: Incorrect `api_key` or `access_token`.
2025-11-17 00:51:34 | DEBUG    | ATM strike calculated: 51900 from futures price: 51857.0
2025-11-17 00:51:34 | INFO     | 🔴 SHORT Entry initiated | futures_price=51857.0 | atm_strike=51900 | hedge_strike=53900 | lot_size=8
2025-11-17 00:51:34 | DEBUG    | Executing BUY legs: 2 orders
2025-11-17 00:51:35 | ERROR    | Failed to place order: BANKNIFTY51900PE | error=Incorrect `api_key` or `access_token`.
Traceback (most recent call last):
  File "/Users/rohan/Downloads/Vridhi_Capital_Trading_System/src/trading_system/oms/order_manager.py", line 743, in _place_market_order
    order_id=fake_id,
           ^^^^^^^^^^
  File "/opt/anaconda3/lib/python3.12/site-packages/kiteconnect/connect.py", line 361, in place_order
    return self._post("order.place",
           ^^^^^^^^^^^^^^^^^^^^^^^^^
  File "/opt/anaconda3/lib/python3.12/site-packages/kiteconnect/connect.py", line 865, in _post
    return self._request(route, "POST", url_args=url_args, params=params, is_json=is_json, query_params=query_params)
           ^^^^^^^^^^^^^^^^^^^^^^^^^^^^^^^^^^^^^^^^^^^^^^^^^^^^^^^^^^^^^^^^^^^^^^^^^^^^^^^^^^^^^^^^^^^^^^^^^^^^^^^^^^
  File "/opt/anaconda3/lib/python3.12/site-packages/kiteconnect/connect.py", line 937, in _request
    raise exp(data["message"], code=r.status_code)
kiteconnect.exceptions.TokenException: Incorrect `api_key` or `access_token`.
2025-11-17 00:51:35 | ERROR    | Failed to place order for BANKNIFTY51900PE
2025-11-17 00:51:35 | WARNING  | BUY legs failed for lot_size=8
2025-11-17 00:51:35 | ERROR    | Error exiting partial positions: Incorrect `api_key` or `access_token`.
Traceback (most recent call last):
  File "/Users/rohan/Downloads/Vridhi_Capital_Trading_System/src/trading_system/oms/order_manager.py", line 822, in _exit_partial_positions
    return 0, 0.0
                  
  File "/opt/anaconda3/lib/python3.12/site-packages/kiteconnect/connect.py", line 445, in positions
    return self._get("portfolio.positions")
           ^^^^^^^^^^^^^^^^^^^^^^^^^^^^^^^^
  File "/opt/anaconda3/lib/python3.12/site-packages/kiteconnect/connect.py", line 861, in _get
    return self._request(route, "GET", url_args=url_args, params=params, is_json=is_json)
           ^^^^^^^^^^^^^^^^^^^^^^^^^^^^^^^^^^^^^^^^^^^^^^^^^^^^^^^^^^^^^^^^^^^^^^^^^^^^^^
  File "/opt/anaconda3/lib/python3.12/site-packages/kiteconnect/connect.py", line 937, in _request
    raise exp(data["message"], code=r.status_code)
kiteconnect.exceptions.TokenException: Incorrect `api_key` or `access_token`.
2025-11-17 00:51:35 | DEBUG    | Executing BUY legs: 2 orders
2025-11-17 00:51:35 | ERROR    | Failed to place order: BANKNIFTY51900PE | error=Incorrect `api_key` or `access_token`.
Traceback (most recent call last):
  File "/Users/rohan/Downloads/Vridhi_Capital_Trading_System/src/trading_system/oms/order_manager.py", line 743, in _place_market_order
    order_id=fake_id,
           ^^^^^^^^^^
  File "/opt/anaconda3/lib/python3.12/site-packages/kiteconnect/connect.py", line 361, in place_order
    return self._post("order.place",
           ^^^^^^^^^^^^^^^^^^^^^^^^^
  File "/opt/anaconda3/lib/python3.12/site-packages/kiteconnect/connect.py", line 865, in _post
    return self._request(route, "POST", url_args=url_args, params=params, is_json=is_json, query_params=query_params)
           ^^^^^^^^^^^^^^^^^^^^^^^^^^^^^^^^^^^^^^^^^^^^^^^^^^^^^^^^^^^^^^^^^^^^^^^^^^^^^^^^^^^^^^^^^^^^^^^^^^^^^^^^^^
  File "/opt/anaconda3/lib/python3.12/site-packages/kiteconnect/connect.py", line 937, in _request
    raise exp(data["message"], code=r.status_code)
kiteconnect.exceptions.TokenException: Incorrect `api_key` or `access_token`.
2025-11-17 00:51:35 | ERROR    | Failed to place order for BANKNIFTY51900PE
2025-11-17 00:51:35 | WARNING  | BUY legs failed for lot_size=4
2025-11-17 00:51:35 | ERROR    | Error exiting partial positions: Incorrect `api_key` or `access_token`.
Traceback (most recent call last):
  File "/Users/rohan/Downloads/Vridhi_Capital_Trading_System/src/trading_system/oms/order_manager.py", line 822, in _exit_partial_positions
    return 0, 0.0
                  
  File "/opt/anaconda3/lib/python3.12/site-packages/kiteconnect/connect.py", line 445, in positions
    return self._get("portfolio.positions")
           ^^^^^^^^^^^^^^^^^^^^^^^^^^^^^^^^
  File "/opt/anaconda3/lib/python3.12/site-packages/kiteconnect/connect.py", line 861, in _get
    return self._request(route, "GET", url_args=url_args, params=params, is_json=is_json)
           ^^^^^^^^^^^^^^^^^^^^^^^^^^^^^^^^^^^^^^^^^^^^^^^^^^^^^^^^^^^^^^^^^^^^^^^^^^^^^^
  File "/opt/anaconda3/lib/python3.12/site-packages/kiteconnect/connect.py", line 937, in _request
    raise exp(data["message"], code=r.status_code)
kiteconnect.exceptions.TokenException: Incorrect `api_key` or `access_token`.
2025-11-17 00:51:35 | DEBUG    | Executing BUY legs: 2 orders
2025-11-17 00:51:35 | ERROR    | Failed to place order: BANKNIFTY51900PE | error=Incorrect `api_key` or `access_token`.
Traceback (most recent call last):
  File "/Users/rohan/Downloads/Vridhi_Capital_Trading_System/src/trading_system/oms/order_manager.py", line 743, in _place_market_order
    order_id=fake_id,
           ^^^^^^^^^^
  File "/opt/anaconda3/lib/python3.12/site-packages/kiteconnect/connect.py", line 361, in place_order
    return self._post("order.place",
           ^^^^^^^^^^^^^^^^^^^^^^^^^
  File "/opt/anaconda3/lib/python3.12/site-packages/kiteconnect/connect.py", line 865, in _post
    return self._request(route, "POST", url_args=url_args, params=params, is_json=is_json, query_params=query_params)
           ^^^^^^^^^^^^^^^^^^^^^^^^^^^^^^^^^^^^^^^^^^^^^^^^^^^^^^^^^^^^^^^^^^^^^^^^^^^^^^^^^^^^^^^^^^^^^^^^^^^^^^^^^^
  File "/opt/anaconda3/lib/python3.12/site-packages/kiteconnect/connect.py", line 937, in _request
    raise exp(data["message"], code=r.status_code)
kiteconnect.exceptions.TokenException: Incorrect `api_key` or `access_token`.
2025-11-17 00:51:35 | ERROR    | Failed to place order for BANKNIFTY51900PE
2025-11-17 00:51:35 | WARNING  | BUY legs failed for lot_size=2
2025-11-17 00:51:35 | ERROR    | Error exiting partial positions: Incorrect `api_key` or `access_token`.
Traceback (most recent call last):
  File "/Users/rohan/Downloads/Vridhi_Capital_Trading_System/src/trading_system/oms/order_manager.py", line 822, in _exit_partial_positions
    return 0, 0.0
                  
  File "/opt/anaconda3/lib/python3.12/site-packages/kiteconnect/connect.py", line 445, in positions
    return self._get("portfolio.positions")
           ^^^^^^^^^^^^^^^^^^^^^^^^^^^^^^^^
  File "/opt/anaconda3/lib/python3.12/site-packages/kiteconnect/connect.py", line 861, in _get
    return self._request(route, "GET", url_args=url_args, params=params, is_json=is_json)
           ^^^^^^^^^^^^^^^^^^^^^^^^^^^^^^^^^^^^^^^^^^^^^^^^^^^^^^^^^^^^^^^^^^^^^^^^^^^^^^
  File "/opt/anaconda3/lib/python3.12/site-packages/kiteconnect/connect.py", line 937, in _request
    raise exp(data["message"], code=r.status_code)
kiteconnect.exceptions.TokenException: Incorrect `api_key` or `access_token`.
2025-11-17 00:51:35 | DEBUG    | Executing BUY legs: 2 orders
2025-11-17 00:51:36 | ERROR    | Failed to place order: BANKNIFTY51900PE | error=Incorrect `api_key` or `access_token`.
Traceback (most recent call last):
  File "/Users/rohan/Downloads/Vridhi_Capital_Trading_System/src/trading_system/oms/order_manager.py", line 743, in _place_market_order
    order_id=fake_id,
           ^^^^^^^^^^
  File "/opt/anaconda3/lib/python3.12/site-packages/kiteconnect/connect.py", line 361, in place_order
    return self._post("order.place",
           ^^^^^^^^^^^^^^^^^^^^^^^^^
  File "/opt/anaconda3/lib/python3.12/site-packages/kiteconnect/connect.py", line 865, in _post
    return self._request(route, "POST", url_args=url_args, params=params, is_json=is_json, query_params=query_params)
           ^^^^^^^^^^^^^^^^^^^^^^^^^^^^^^^^^^^^^^^^^^^^^^^^^^^^^^^^^^^^^^^^^^^^^^^^^^^^^^^^^^^^^^^^^^^^^^^^^^^^^^^^^^
  File "/opt/anaconda3/lib/python3.12/site-packages/kiteconnect/connect.py", line 937, in _request
    raise exp(data["message"], code=r.status_code)
kiteconnect.exceptions.TokenException: Incorrect `api_key` or `access_token`.
2025-11-17 00:51:36 | ERROR    | Failed to place order for BANKNIFTY51900PE
2025-11-17 00:51:36 | WARNING  | BUY legs failed for lot_size=1
2025-11-17 00:51:36 | ERROR    | Error exiting partial positions: Incorrect `api_key` or `access_token`.
Traceback (most recent call last):
  File "/Users/rohan/Downloads/Vridhi_Capital_Trading_System/src/trading_system/oms/order_manager.py", line 822, in _exit_partial_positions
    return 0, 0.0
                  
  File "/opt/anaconda3/lib/python3.12/site-packages/kiteconnect/connect.py", line 445, in positions
    return self._get("portfolio.positions")
           ^^^^^^^^^^^^^^^^^^^^^^^^^^^^^^^^
  File "/opt/anaconda3/lib/python3.12/site-packages/kiteconnect/connect.py", line 861, in _get
    return self._request(route, "GET", url_args=url_args, params=params, is_json=is_json)
           ^^^^^^^^^^^^^^^^^^^^^^^^^^^^^^^^^^^^^^^^^^^^^^^^^^^^^^^^^^^^^^^^^^^^^^^^^^^^^^
  File "/opt/anaconda3/lib/python3.12/site-packages/kiteconnect/connect.py", line 937, in _request
    raise exp(data["message"], code=r.status_code)
kiteconnect.exceptions.TokenException: Incorrect `api_key` or `access_token`.
2025-11-17 00:51:36 | DEBUG    | ATM strike calculated: 51900 from futures price: 51857.0
2025-11-17 00:51:36 | INFO     | 🔴 SHORT Entry initiated | futures_price=51857.0 | atm_strike=51900 | hedge_strike=53900 | lot_size=8
2025-11-17 00:51:36 | DEBUG    | Executing BUY legs: 2 orders
2025-11-17 00:51:36 | ERROR    | Failed to place order: BANKNIFTY51900PE | error=Incorrect `api_key` or `access_token`.
Traceback (most recent call last):
  File "/Users/rohan/Downloads/Vridhi_Capital_Trading_System/src/trading_system/oms/order_manager.py", line 743, in _place_market_order
    order_id=fake_id,
           ^^^^^^^^^^
  File "/opt/anaconda3/lib/python3.12/site-packages/kiteconnect/connect.py", line 361, in place_order
    return self._post("order.place",
           ^^^^^^^^^^^^^^^^^^^^^^^^^
  File "/opt/anaconda3/lib/python3.12/site-packages/kiteconnect/connect.py", line 865, in _post
    return self._request(route, "POST", url_args=url_args, params=params, is_json=is_json, query_params=query_params)
           ^^^^^^^^^^^^^^^^^^^^^^^^^^^^^^^^^^^^^^^^^^^^^^^^^^^^^^^^^^^^^^^^^^^^^^^^^^^^^^^^^^^^^^^^^^^^^^^^^^^^^^^^^^
  File "/opt/anaconda3/lib/python3.12/site-packages/kiteconnect/connect.py", line 937, in _request
    raise exp(data["message"], code=r.status_code)
kiteconnect.exceptions.TokenException: Incorrect `api_key` or `access_token`.
2025-11-17 00:51:36 | ERROR    | Failed to place order for BANKNIFTY51900PE
2025-11-17 00:51:36 | WARNING  | BUY legs failed for lot_size=8
2025-11-17 00:51:36 | ERROR    | Error exiting partial positions: Incorrect `api_key` or `access_token`.
Traceback (most recent call last):
  File "/Users/rohan/Downloads/Vridhi_Capital_Trading_System/src/trading_system/oms/order_manager.py", line 822, in _exit_partial_positions
    return 0, 0.0
                  
  File "/opt/anaconda3/lib/python3.12/site-packages/kiteconnect/connect.py", line 445, in positions
    return self._get("portfolio.positions")
           ^^^^^^^^^^^^^^^^^^^^^^^^^^^^^^^^
  File "/opt/anaconda3/lib/python3.12/site-packages/kiteconnect/connect.py", line 861, in _get
    return self._request(route, "GET", url_args=url_args, params=params, is_json=is_json)
           ^^^^^^^^^^^^^^^^^^^^^^^^^^^^^^^^^^^^^^^^^^^^^^^^^^^^^^^^^^^^^^^^^^^^^^^^^^^^^^
  File "/opt/anaconda3/lib/python3.12/site-packages/kiteconnect/connect.py", line 937, in _request
    raise exp(data["message"], code=r.status_code)
kiteconnect.exceptions.TokenException: Incorrect `api_key` or `access_token`.
2025-11-17 00:51:36 | DEBUG    | Executing BUY legs: 2 orders
2025-11-17 00:51:36 | ERROR    | Failed to place order: BANKNIFTY51900PE | error=Incorrect `api_key` or `access_token`.
Traceback (most recent call last):
  File "/Users/rohan/Downloads/Vridhi_Capital_Trading_System/src/trading_system/oms/order_manager.py", line 743, in _place_market_order
    order_id=fake_id,
           ^^^^^^^^^^
  File "/opt/anaconda3/lib/python3.12/site-packages/kiteconnect/connect.py", line 361, in place_order
    return self._post("order.place",
           ^^^^^^^^^^^^^^^^^^^^^^^^^
  File "/opt/anaconda3/lib/python3.12/site-packages/kiteconnect/connect.py", line 865, in _post
    return self._request(route, "POST", url_args=url_args, params=params, is_json=is_json, query_params=query_params)
           ^^^^^^^^^^^^^^^^^^^^^^^^^^^^^^^^^^^^^^^^^^^^^^^^^^^^^^^^^^^^^^^^^^^^^^^^^^^^^^^^^^^^^^^^^^^^^^^^^^^^^^^^^^
  File "/opt/anaconda3/lib/python3.12/site-packages/kiteconnect/connect.py", line 937, in _request
    raise exp(data["message"], code=r.status_code)
kiteconnect.exceptions.TokenException: Incorrect `api_key` or `access_token`.
2025-11-17 00:51:36 | ERROR    | Failed to place order for BANKNIFTY51900PE
2025-11-17 00:51:36 | WARNING  | BUY legs failed for lot_size=4
2025-11-17 00:51:36 | ERROR    | Error exiting partial positions: Incorrect `api_key` or `access_token`.
Traceback (most recent call last):
  File "/Users/rohan/Downloads/Vridhi_Capital_Trading_System/src/trading_system/oms/order_manager.py", line 822, in _exit_partial_positions
    return 0, 0.0
                  
  File "/opt/anaconda3/lib/python3.12/site-packages/kiteconnect/connect.py", line 445, in positions
    return self._get("portfolio.positions")
           ^^^^^^^^^^^^^^^^^^^^^^^^^^^^^^^^
  File "/opt/anaconda3/lib/python3.12/site-packages/kiteconnect/connect.py", line 861, in _get
    return self._request(route, "GET", url_args=url_args, params=params, is_json=is_json)
           ^^^^^^^^^^^^^^^^^^^^^^^^^^^^^^^^^^^^^^^^^^^^^^^^^^^^^^^^^^^^^^^^^^^^^^^^^^^^^^
  File "/opt/anaconda3/lib/python3.12/site-packages/kiteconnect/connect.py", line 937, in _request
    raise exp(data["message"], code=r.status_code)
kiteconnect.exceptions.TokenException: Incorrect `api_key` or `access_token`.
2025-11-17 00:51:36 | DEBUG    | Executing BUY legs: 2 orders
2025-11-17 00:51:36 | ERROR    | Failed to place order: BANKNIFTY51900PE | error=Incorrect `api_key` or `access_token`.
Traceback (most recent call last):
  File "/Users/rohan/Downloads/Vridhi_Capital_Trading_System/src/trading_system/oms/order_manager.py", line 743, in _place_market_order
    order_id=fake_id,
           ^^^^^^^^^^
  File "/opt/anaconda3/lib/python3.12/site-packages/kiteconnect/connect.py", line 361, in place_order
    return self._post("order.place",
           ^^^^^^^^^^^^^^^^^^^^^^^^^
  File "/opt/anaconda3/lib/python3.12/site-packages/kiteconnect/connect.py", line 865, in _post
    return self._request(route, "POST", url_args=url_args, params=params, is_json=is_json, query_params=query_params)
           ^^^^^^^^^^^^^^^^^^^^^^^^^^^^^^^^^^^^^^^^^^^^^^^^^^^^^^^^^^^^^^^^^^^^^^^^^^^^^^^^^^^^^^^^^^^^^^^^^^^^^^^^^^
  File "/opt/anaconda3/lib/python3.12/site-packages/kiteconnect/connect.py", line 937, in _request
    raise exp(data["message"], code=r.status_code)
kiteconnect.exceptions.TokenException: Incorrect `api_key` or `access_token`.
2025-11-17 00:51:36 | ERROR    | Failed to place order for BANKNIFTY51900PE
2025-11-17 00:51:36 | WARNING  | BUY legs failed for lot_size=2
2025-11-17 00:51:36 | ERROR    | Error exiting partial positions: Incorrect `api_key` or `access_token`.
Traceback (most recent call last):
  File "/Users/rohan/Downloads/Vridhi_Capital_Trading_System/src/trading_system/oms/order_manager.py", line 822, in _exit_partial_positions
    return 0, 0.0
                  
  File "/opt/anaconda3/lib/python3.12/site-packages/kiteconnect/connect.py", line 445, in positions
    return self._get("portfolio.positions")
           ^^^^^^^^^^^^^^^^^^^^^^^^^^^^^^^^
  File "/opt/anaconda3/lib/python3.12/site-packages/kiteconnect/connect.py", line 861, in _get
    return self._request(route, "GET", url_args=url_args, params=params, is_json=is_json)
           ^^^^^^^^^^^^^^^^^^^^^^^^^^^^^^^^^^^^^^^^^^^^^^^^^^^^^^^^^^^^^^^^^^^^^^^^^^^^^^
  File "/opt/anaconda3/lib/python3.12/site-packages/kiteconnect/connect.py", line 937, in _request
    raise exp(data["message"], code=r.status_code)
kiteconnect.exceptions.TokenException: Incorrect `api_key` or `access_token`.
2025-11-17 00:51:36 | DEBUG    | Executing BUY legs: 2 orders
2025-11-17 00:51:37 | ERROR    | Failed to place order: BANKNIFTY51900PE | error=Incorrect `api_key` or `access_token`.
Traceback (most recent call last):
  File "/Users/rohan/Downloads/Vridhi_Capital_Trading_System/src/trading_system/oms/order_manager.py", line 743, in _place_market_order
    order_id=fake_id,
           ^^^^^^^^^^
  File "/opt/anaconda3/lib/python3.12/site-packages/kiteconnect/connect.py", line 361, in place_order
    return self._post("order.place",
           ^^^^^^^^^^^^^^^^^^^^^^^^^
  File "/opt/anaconda3/lib/python3.12/site-packages/kiteconnect/connect.py", line 865, in _post
    return self._request(route, "POST", url_args=url_args, params=params, is_json=is_json, query_params=query_params)
           ^^^^^^^^^^^^^^^^^^^^^^^^^^^^^^^^^^^^^^^^^^^^^^^^^^^^^^^^^^^^^^^^^^^^^^^^^^^^^^^^^^^^^^^^^^^^^^^^^^^^^^^^^^
  File "/opt/anaconda3/lib/python3.12/site-packages/kiteconnect/connect.py", line 937, in _request
    raise exp(data["message"], code=r.status_code)
kiteconnect.exceptions.TokenException: Incorrect `api_key` or `access_token`.
2025-11-17 00:51:37 | ERROR    | Failed to place order for BANKNIFTY51900PE
2025-11-17 00:51:37 | WARNING  | BUY legs failed for lot_size=1
2025-11-17 00:51:37 | ERROR    | Error exiting partial positions: Incorrect `api_key` or `access_token`.
Traceback (most recent call last):
  File "/Users/rohan/Downloads/Vridhi_Capital_Trading_System/src/trading_system/oms/order_manager.py", line 822, in _exit_partial_positions
    return 0, 0.0
                  
  File "/opt/anaconda3/lib/python3.12/site-packages/kiteconnect/connect.py", line 445, in positions
    return self._get("portfolio.positions")
           ^^^^^^^^^^^^^^^^^^^^^^^^^^^^^^^^
  File "/opt/anaconda3/lib/python3.12/site-packages/kiteconnect/connect.py", line 861, in _get
    return self._request(route, "GET", url_args=url_args, params=params, is_json=is_json)
           ^^^^^^^^^^^^^^^^^^^^^^^^^^^^^^^^^^^^^^^^^^^^^^^^^^^^^^^^^^^^^^^^^^^^^^^^^^^^^^
  File "/opt/anaconda3/lib/python3.12/site-packages/kiteconnect/connect.py", line 937, in _request
    raise exp(data["message"], code=r.status_code)
kiteconnect.exceptions.TokenException: Incorrect `api_key` or `access_token`.
2025-11-17 00:53:37 | DEBUG    | ATM strike calculated: 51900 from futures price: 51875.75
2025-11-17 00:53:37 | INFO     | 🔵 LONG Entry initiated | futures_price=51875.75 | atm_strike=51900 | hedge_strike=49900 | lot_size=8
2025-11-17 00:53:37 | DEBUG    | Executing BUY legs: 2 orders
2025-11-17 00:53:37 | ERROR    | Failed to place order: BANKNIFTY51900CE | error=Incorrect `api_key` or `access_token`.
Traceback (most recent call last):
  File "/Users/rohan/Downloads/Vridhi_Capital_Trading_System/src/trading_system/oms/order_manager.py", line 743, in _place_market_order
    order_id=fake_id,
           ^^^^^^^^^^
  File "/opt/anaconda3/lib/python3.12/site-packages/kiteconnect/connect.py", line 361, in place_order
    return self._post("order.place",
           ^^^^^^^^^^^^^^^^^^^^^^^^^
  File "/opt/anaconda3/lib/python3.12/site-packages/kiteconnect/connect.py", line 865, in _post
    return self._request(route, "POST", url_args=url_args, params=params, is_json=is_json, query_params=query_params)
           ^^^^^^^^^^^^^^^^^^^^^^^^^^^^^^^^^^^^^^^^^^^^^^^^^^^^^^^^^^^^^^^^^^^^^^^^^^^^^^^^^^^^^^^^^^^^^^^^^^^^^^^^^^
  File "/opt/anaconda3/lib/python3.12/site-packages/kiteconnect/connect.py", line 937, in _request
    raise exp(data["message"], code=r.status_code)
kiteconnect.exceptions.TokenException: Incorrect `api_key` or `access_token`.
2025-11-17 00:53:37 | ERROR    | Failed to place order for BANKNIFTY51900CE
2025-11-17 00:53:37 | WARNING  | BUY legs failed for lot_size=8
2025-11-17 00:53:37 | ERROR    | Error exiting partial positions: Incorrect `api_key` or `access_token`.
Traceback (most recent call last):
  File "/Users/rohan/Downloads/Vridhi_Capital_Trading_System/src/trading_system/oms/order_manager.py", line 822, in _exit_partial_positions
    return 0, 0.0
                  
  File "/opt/anaconda3/lib/python3.12/site-packages/kiteconnect/connect.py", line 445, in positions
    return self._get("portfolio.positions")
           ^^^^^^^^^^^^^^^^^^^^^^^^^^^^^^^^
  File "/opt/anaconda3/lib/python3.12/site-packages/kiteconnect/connect.py", line 861, in _get
    return self._request(route, "GET", url_args=url_args, params=params, is_json=is_json)
           ^^^^^^^^^^^^^^^^^^^^^^^^^^^^^^^^^^^^^^^^^^^^^^^^^^^^^^^^^^^^^^^^^^^^^^^^^^^^^^
  File "/opt/anaconda3/lib/python3.12/site-packages/kiteconnect/connect.py", line 937, in _request
    raise exp(data["message"], code=r.status_code)
kiteconnect.exceptions.TokenException: Incorrect `api_key` or `access_token`.
2025-11-17 00:53:37 | DEBUG    | Executing BUY legs: 2 orders
2025-11-17 00:53:37 | ERROR    | Failed to place order: BANKNIFTY51900CE | error=Incorrect `api_key` or `access_token`.
Traceback (most recent call last):
  File "/Users/rohan/Downloads/Vridhi_Capital_Trading_System/src/trading_system/oms/order_manager.py", line 743, in _place_market_order
    order_id=fake_id,
           ^^^^^^^^^^
  File "/opt/anaconda3/lib/python3.12/site-packages/kiteconnect/connect.py", line 361, in place_order
    return self._post("order.place",
           ^^^^^^^^^^^^^^^^^^^^^^^^^
  File "/opt/anaconda3/lib/python3.12/site-packages/kiteconnect/connect.py", line 865, in _post
    return self._request(route, "POST", url_args=url_args, params=params, is_json=is_json, query_params=query_params)
           ^^^^^^^^^^^^^^^^^^^^^^^^^^^^^^^^^^^^^^^^^^^^^^^^^^^^^^^^^^^^^^^^^^^^^^^^^^^^^^^^^^^^^^^^^^^^^^^^^^^^^^^^^^
  File "/opt/anaconda3/lib/python3.12/site-packages/kiteconnect/connect.py", line 937, in _request
    raise exp(data["message"], code=r.status_code)
kiteconnect.exceptions.TokenException: Incorrect `api_key` or `access_token`.
2025-11-17 00:53:37 | ERROR    | Failed to place order for BANKNIFTY51900CE
2025-11-17 00:53:37 | WARNING  | BUY legs failed for lot_size=4
2025-11-17 00:53:37 | ERROR    | Error exiting partial positions: Incorrect `api_key` or `access_token`.
Traceback (most recent call last):
  File "/Users/rohan/Downloads/Vridhi_Capital_Trading_System/src/trading_system/oms/order_manager.py", line 822, in _exit_partial_positions
    return 0, 0.0
                  
  File "/opt/anaconda3/lib/python3.12/site-packages/kiteconnect/connect.py", line 445, in positions
    return self._get("portfolio.positions")
           ^^^^^^^^^^^^^^^^^^^^^^^^^^^^^^^^
  File "/opt/anaconda3/lib/python3.12/site-packages/kiteconnect/connect.py", line 861, in _get
    return self._request(route, "GET", url_args=url_args, params=params, is_json=is_json)
           ^^^^^^^^^^^^^^^^^^^^^^^^^^^^^^^^^^^^^^^^^^^^^^^^^^^^^^^^^^^^^^^^^^^^^^^^^^^^^^
  File "/opt/anaconda3/lib/python3.12/site-packages/kiteconnect/connect.py", line 937, in _request
    raise exp(data["message"], code=r.status_code)
kiteconnect.exceptions.TokenException: Incorrect `api_key` or `access_token`.
2025-11-17 00:53:37 | DEBUG    | Executing BUY legs: 2 orders
2025-11-17 00:53:37 | ERROR    | Failed to place order: BANKNIFTY51900CE | error=Incorrect `api_key` or `access_token`.
Traceback (most recent call last):
  File "/Users/rohan/Downloads/Vridhi_Capital_Trading_System/src/trading_system/oms/order_manager.py", line 743, in _place_market_order
    order_id=fake_id,
           ^^^^^^^^^^
  File "/opt/anaconda3/lib/python3.12/site-packages/kiteconnect/connect.py", line 361, in place_order
    return self._post("order.place",
           ^^^^^^^^^^^^^^^^^^^^^^^^^
  File "/opt/anaconda3/lib/python3.12/site-packages/kiteconnect/connect.py", line 865, in _post
    return self._request(route, "POST", url_args=url_args, params=params, is_json=is_json, query_params=query_params)
           ^^^^^^^^^^^^^^^^^^^^^^^^^^^^^^^^^^^^^^^^^^^^^^^^^^^^^^^^^^^^^^^^^^^^^^^^^^^^^^^^^^^^^^^^^^^^^^^^^^^^^^^^^^
  File "/opt/anaconda3/lib/python3.12/site-packages/kiteconnect/connect.py", line 937, in _request
    raise exp(data["message"], code=r.status_code)
kiteconnect.exceptions.TokenException: Incorrect `api_key` or `access_token`.
2025-11-17 00:53:37 | ERROR    | Failed to place order for BANKNIFTY51900CE
2025-11-17 00:53:37 | WARNING  | BUY legs failed for lot_size=2
2025-11-17 00:53:38 | ERROR    | Error exiting partial positions: Incorrect `api_key` or `access_token`.
Traceback (most recent call last):
  File "/Users/rohan/Downloads/Vridhi_Capital_Trading_System/src/trading_system/oms/order_manager.py", line 822, in _exit_partial_positions
    return 0, 0.0
                  
  File "/opt/anaconda3/lib/python3.12/site-packages/kiteconnect/connect.py", line 445, in positions
    return self._get("portfolio.positions")
           ^^^^^^^^^^^^^^^^^^^^^^^^^^^^^^^^
  File "/opt/anaconda3/lib/python3.12/site-packages/kiteconnect/connect.py", line 861, in _get
    return self._request(route, "GET", url_args=url_args, params=params, is_json=is_json)
           ^^^^^^^^^^^^^^^^^^^^^^^^^^^^^^^^^^^^^^^^^^^^^^^^^^^^^^^^^^^^^^^^^^^^^^^^^^^^^^
  File "/opt/anaconda3/lib/python3.12/site-packages/kiteconnect/connect.py", line 937, in _request
    raise exp(data["message"], code=r.status_code)
kiteconnect.exceptions.TokenException: Incorrect `api_key` or `access_token`.
2025-11-17 00:53:38 | DEBUG    | Executing BUY legs: 2 orders
2025-11-17 00:53:38 | ERROR    | Failed to place order: BANKNIFTY51900CE | error=Incorrect `api_key` or `access_token`.
Traceback (most recent call last):
  File "/Users/rohan/Downloads/Vridhi_Capital_Trading_System/src/trading_system/oms/order_manager.py", line 743, in _place_market_order
    order_id=fake_id,
           ^^^^^^^^^^
  File "/opt/anaconda3/lib/python3.12/site-packages/kiteconnect/connect.py", line 361, in place_order
    return self._post("order.place",
           ^^^^^^^^^^^^^^^^^^^^^^^^^
  File "/opt/anaconda3/lib/python3.12/site-packages/kiteconnect/connect.py", line 865, in _post
    return self._request(route, "POST", url_args=url_args, params=params, is_json=is_json, query_params=query_params)
           ^^^^^^^^^^^^^^^^^^^^^^^^^^^^^^^^^^^^^^^^^^^^^^^^^^^^^^^^^^^^^^^^^^^^^^^^^^^^^^^^^^^^^^^^^^^^^^^^^^^^^^^^^^
  File "/opt/anaconda3/lib/python3.12/site-packages/kiteconnect/connect.py", line 937, in _request
    raise exp(data["message"], code=r.status_code)
kiteconnect.exceptions.TokenException: Incorrect `api_key` or `access_token`.
2025-11-17 00:53:38 | ERROR    | Failed to place order for BANKNIFTY51900CE
2025-11-17 00:53:38 | WARNING  | BUY legs failed for lot_size=1
2025-11-17 00:53:38 | ERROR    | Error exiting partial positions: Incorrect `api_key` or `access_token`.
Traceback (most recent call last):
  File "/Users/rohan/Downloads/Vridhi_Capital_Trading_System/src/trading_system/oms/order_manager.py", line 822, in _exit_partial_positions
    return 0, 0.0
                  
  File "/opt/anaconda3/lib/python3.12/site-packages/kiteconnect/connect.py", line 445, in positions
    return self._get("portfolio.positions")
           ^^^^^^^^^^^^^^^^^^^^^^^^^^^^^^^^
  File "/opt/anaconda3/lib/python3.12/site-packages/kiteconnect/connect.py", line 861, in _get
    return self._request(route, "GET", url_args=url_args, params=params, is_json=is_json)
           ^^^^^^^^^^^^^^^^^^^^^^^^^^^^^^^^^^^^^^^^^^^^^^^^^^^^^^^^^^^^^^^^^^^^^^^^^^^^^^
  File "/opt/anaconda3/lib/python3.12/site-packages/kiteconnect/connect.py", line 937, in _request
    raise exp(data["message"], code=r.status_code)
kiteconnect.exceptions.TokenException: Incorrect `api_key` or `access_token`.
2025-11-17 00:53:38 | DEBUG    | ATM strike calculated: 51900 from futures price: 51875.75
2025-11-17 00:53:38 | INFO     | 🔵 LONG Entry initiated | futures_price=51875.75 | atm_strike=51900 | hedge_strike=49900 | lot_size=8
2025-11-17 00:53:38 | DEBUG    | Executing BUY legs: 2 orders
2025-11-17 00:53:38 | ERROR    | Failed to place order: BANKNIFTY51900CE | error=Incorrect `api_key` or `access_token`.
Traceback (most recent call last):
  File "/Users/rohan/Downloads/Vridhi_Capital_Trading_System/src/trading_system/oms/order_manager.py", line 743, in _place_market_order
    order_id=fake_id,
           ^^^^^^^^^^
  File "/opt/anaconda3/lib/python3.12/site-packages/kiteconnect/connect.py", line 361, in place_order
    return self._post("order.place",
           ^^^^^^^^^^^^^^^^^^^^^^^^^
  File "/opt/anaconda3/lib/python3.12/site-packages/kiteconnect/connect.py", line 865, in _post
    return self._request(route, "POST", url_args=url_args, params=params, is_json=is_json, query_params=query_params)
           ^^^^^^^^^^^^^^^^^^^^^^^^^^^^^^^^^^^^^^^^^^^^^^^^^^^^^^^^^^^^^^^^^^^^^^^^^^^^^^^^^^^^^^^^^^^^^^^^^^^^^^^^^^
  File "/opt/anaconda3/lib/python3.12/site-packages/kiteconnect/connect.py", line 937, in _request
    raise exp(data["message"], code=r.status_code)
kiteconnect.exceptions.TokenException: Incorrect `api_key` or `access_token`.
2025-11-17 00:53:38 | ERROR    | Failed to place order for BANKNIFTY51900CE
2025-11-17 00:53:38 | WARNING  | BUY legs failed for lot_size=8
2025-11-17 00:53:38 | ERROR    | Error exiting partial positions: Incorrect `api_key` or `access_token`.
Traceback (most recent call last):
  File "/Users/rohan/Downloads/Vridhi_Capital_Trading_System/src/trading_system/oms/order_manager.py", line 822, in _exit_partial_positions
    return 0, 0.0
                  
  File "/opt/anaconda3/lib/python3.12/site-packages/kiteconnect/connect.py", line 445, in positions
    return self._get("portfolio.positions")
           ^^^^^^^^^^^^^^^^^^^^^^^^^^^^^^^^
  File "/opt/anaconda3/lib/python3.12/site-packages/kiteconnect/connect.py", line 861, in _get
    return self._request(route, "GET", url_args=url_args, params=params, is_json=is_json)
           ^^^^^^^^^^^^^^^^^^^^^^^^^^^^^^^^^^^^^^^^^^^^^^^^^^^^^^^^^^^^^^^^^^^^^^^^^^^^^^
  File "/opt/anaconda3/lib/python3.12/site-packages/kiteconnect/connect.py", line 937, in _request
    raise exp(data["message"], code=r.status_code)
kiteconnect.exceptions.TokenException: Incorrect `api_key` or `access_token`.
2025-11-17 00:53:38 | DEBUG    | Executing BUY legs: 2 orders
2025-11-17 00:53:38 | ERROR    | Failed to place order: BANKNIFTY51900CE | error=Incorrect `api_key` or `access_token`.
Traceback (most recent call last):
  File "/Users/rohan/Downloads/Vridhi_Capital_Trading_System/src/trading_system/oms/order_manager.py", line 743, in _place_market_order
    order_id=fake_id,
           ^^^^^^^^^^
  File "/opt/anaconda3/lib/python3.12/site-packages/kiteconnect/connect.py", line 361, in place_order
    return self._post("order.place",
           ^^^^^^^^^^^^^^^^^^^^^^^^^
  File "/opt/anaconda3/lib/python3.12/site-packages/kiteconnect/connect.py", line 865, in _post
    return self._request(route, "POST", url_args=url_args, params=params, is_json=is_json, query_params=query_params)
           ^^^^^^^^^^^^^^^^^^^^^^^^^^^^^^^^^^^^^^^^^^^^^^^^^^^^^^^^^^^^^^^^^^^^^^^^^^^^^^^^^^^^^^^^^^^^^^^^^^^^^^^^^^
  File "/opt/anaconda3/lib/python3.12/site-packages/kiteconnect/connect.py", line 937, in _request
    raise exp(data["message"], code=r.status_code)
kiteconnect.exceptions.TokenException: Incorrect `api_key` or `access_token`.
2025-11-17 00:53:38 | ERROR    | Failed to place order for BANKNIFTY51900CE
2025-11-17 00:53:38 | WARNING  | BUY legs failed for lot_size=4
2025-11-17 00:53:38 | ERROR    | Error exiting partial positions: Incorrect `api_key` or `access_token`.
Traceback (most recent call last):
  File "/Users/rohan/Downloads/Vridhi_Capital_Trading_System/src/trading_system/oms/order_manager.py", line 822, in _exit_partial_positions
    return 0, 0.0
                  
  File "/opt/anaconda3/lib/python3.12/site-packages/kiteconnect/connect.py", line 445, in positions
    return self._get("portfolio.positions")
           ^^^^^^^^^^^^^^^^^^^^^^^^^^^^^^^^
  File "/opt/anaconda3/lib/python3.12/site-packages/kiteconnect/connect.py", line 861, in _get
    return self._request(route, "GET", url_args=url_args, params=params, is_json=is_json)
           ^^^^^^^^^^^^^^^^^^^^^^^^^^^^^^^^^^^^^^^^^^^^^^^^^^^^^^^^^^^^^^^^^^^^^^^^^^^^^^
  File "/opt/anaconda3/lib/python3.12/site-packages/kiteconnect/connect.py", line 937, in _request
    raise exp(data["message"], code=r.status_code)
kiteconnect.exceptions.TokenException: Incorrect `api_key` or `access_token`.
2025-11-17 00:53:38 | DEBUG    | Executing BUY legs: 2 orders
2025-11-17 00:53:39 | ERROR    | Failed to place order: BANKNIFTY51900CE | error=Incorrect `api_key` or `access_token`.
Traceback (most recent call last):
  File "/Users/rohan/Downloads/Vridhi_Capital_Trading_System/src/trading_system/oms/order_manager.py", line 743, in _place_market_order
    order_id=fake_id,
           ^^^^^^^^^^
  File "/opt/anaconda3/lib/python3.12/site-packages/kiteconnect/connect.py", line 361, in place_order
    return self._post("order.place",
           ^^^^^^^^^^^^^^^^^^^^^^^^^
  File "/opt/anaconda3/lib/python3.12/site-packages/kiteconnect/connect.py", line 865, in _post
    return self._request(route, "POST", url_args=url_args, params=params, is_json=is_json, query_params=query_params)
           ^^^^^^^^^^^^^^^^^^^^^^^^^^^^^^^^^^^^^^^^^^^^^^^^^^^^^^^^^^^^^^^^^^^^^^^^^^^^^^^^^^^^^^^^^^^^^^^^^^^^^^^^^^
  File "/opt/anaconda3/lib/python3.12/site-packages/kiteconnect/connect.py", line 937, in _request
    raise exp(data["message"], code=r.status_code)
kiteconnect.exceptions.TokenException: Incorrect `api_key` or `access_token`.
2025-11-17 00:53:39 | ERROR    | Failed to place order for BANKNIFTY51900CE
2025-11-17 00:53:39 | WARNING  | BUY legs failed for lot_size=2
2025-11-17 00:53:39 | ERROR    | Error exiting partial positions: Incorrect `api_key` or `access_token`.
Traceback (most recent call last):
  File "/Users/rohan/Downloads/Vridhi_Capital_Trading_System/src/trading_system/oms/order_manager.py", line 822, in _exit_partial_positions
    return 0, 0.0
                  
  File "/opt/anaconda3/lib/python3.12/site-packages/kiteconnect/connect.py", line 445, in positions
    return self._get("portfolio.positions")
           ^^^^^^^^^^^^^^^^^^^^^^^^^^^^^^^^
  File "/opt/anaconda3/lib/python3.12/site-packages/kiteconnect/connect.py", line 861, in _get
    return self._request(route, "GET", url_args=url_args, params=params, is_json=is_json)
           ^^^^^^^^^^^^^^^^^^^^^^^^^^^^^^^^^^^^^^^^^^^^^^^^^^^^^^^^^^^^^^^^^^^^^^^^^^^^^^
  File "/opt/anaconda3/lib/python3.12/site-packages/kiteconnect/connect.py", line 937, in _request
    raise exp(data["message"], code=r.status_code)
kiteconnect.exceptions.TokenException: Incorrect `api_key` or `access_token`.
2025-11-17 00:53:39 | DEBUG    | Executing BUY legs: 2 orders
2025-11-17 00:53:39 | ERROR    | Failed to place order: BANKNIFTY51900CE | error=Incorrect `api_key` or `access_token`.
Traceback (most recent call last):
  File "/Users/rohan/Downloads/Vridhi_Capital_Trading_System/src/trading_system/oms/order_manager.py", line 743, in _place_market_order
    order_id=fake_id,
           ^^^^^^^^^^
  File "/opt/anaconda3/lib/python3.12/site-packages/kiteconnect/connect.py", line 361, in place_order
    return self._post("order.place",
           ^^^^^^^^^^^^^^^^^^^^^^^^^
  File "/opt/anaconda3/lib/python3.12/site-packages/kiteconnect/connect.py", line 865, in _post
    return self._request(route, "POST", url_args=url_args, params=params, is_json=is_json, query_params=query_params)
           ^^^^^^^^^^^^^^^^^^^^^^^^^^^^^^^^^^^^^^^^^^^^^^^^^^^^^^^^^^^^^^^^^^^^^^^^^^^^^^^^^^^^^^^^^^^^^^^^^^^^^^^^^^
  File "/opt/anaconda3/lib/python3.12/site-packages/kiteconnect/connect.py", line 937, in _request
    raise exp(data["message"], code=r.status_code)
kiteconnect.exceptions.TokenException: Incorrect `api_key` or `access_token`.
2025-11-17 00:53:39 | ERROR    | Failed to place order for BANKNIFTY51900CE
2025-11-17 00:53:39 | WARNING  | BUY legs failed for lot_size=1
2025-11-17 00:53:39 | ERROR    | Error exiting partial positions: Incorrect `api_key` or `access_token`.
Traceback (most recent call last):
  File "/Users/rohan/Downloads/Vridhi_Capital_Trading_System/src/trading_system/oms/order_manager.py", line 822, in _exit_partial_positions
    return 0, 0.0
                  
  File "/opt/anaconda3/lib/python3.12/site-packages/kiteconnect/connect.py", line 445, in positions
    return self._get("portfolio.positions")
           ^^^^^^^^^^^^^^^^^^^^^^^^^^^^^^^^
  File "/opt/anaconda3/lib/python3.12/site-packages/kiteconnect/connect.py", line 861, in _get
    return self._request(route, "GET", url_args=url_args, params=params, is_json=is_json)
           ^^^^^^^^^^^^^^^^^^^^^^^^^^^^^^^^^^^^^^^^^^^^^^^^^^^^^^^^^^^^^^^^^^^^^^^^^^^^^^
  File "/opt/anaconda3/lib/python3.12/site-packages/kiteconnect/connect.py", line 937, in _request
    raise exp(data["message"], code=r.status_code)
kiteconnect.exceptions.TokenException: Incorrect `api_key` or `access_token`.
2025-11-17 00:55:39 | DEBUG    | ATM strike calculated: 51700 from futures price: 51740.0
2025-11-17 00:55:39 | INFO     | 🔴 SHORT Entry initiated | futures_price=51740.0 | atm_strike=51700 | hedge_strike=53700 | lot_size=8
2025-11-17 00:55:39 | DEBUG    | Executing BUY legs: 2 orders
2025-11-17 00:55:39 | ERROR    | Failed to place order: BANKNIFTY51700PE | error=Incorrect `api_key` or `access_token`.
Traceback (most recent call last):
  File "/Users/rohan/Downloads/Vridhi_Capital_Trading_System/src/trading_system/oms/order_manager.py", line 743, in _place_market_order
    order_id=fake_id,
           ^^^^^^^^^^
  File "/opt/anaconda3/lib/python3.12/site-packages/kiteconnect/connect.py", line 361, in place_order
    return self._post("order.place",
           ^^^^^^^^^^^^^^^^^^^^^^^^^
  File "/opt/anaconda3/lib/python3.12/site-packages/kiteconnect/connect.py", line 865, in _post
    return self._request(route, "POST", url_args=url_args, params=params, is_json=is_json, query_params=query_params)
           ^^^^^^^^^^^^^^^^^^^^^^^^^^^^^^^^^^^^^^^^^^^^^^^^^^^^^^^^^^^^^^^^^^^^^^^^^^^^^^^^^^^^^^^^^^^^^^^^^^^^^^^^^^
  File "/opt/anaconda3/lib/python3.12/site-packages/kiteconnect/connect.py", line 937, in _request
    raise exp(data["message"], code=r.status_code)
kiteconnect.exceptions.TokenException: Incorrect `api_key` or `access_token`.
2025-11-17 00:55:39 | ERROR    | Failed to place order for BANKNIFTY51700PE
2025-11-17 00:55:39 | WARNING  | BUY legs failed for lot_size=8
2025-11-17 00:55:39 | ERROR    | Error exiting partial positions: Incorrect `api_key` or `access_token`.
Traceback (most recent call last):
  File "/Users/rohan/Downloads/Vridhi_Capital_Trading_System/src/trading_system/oms/order_manager.py", line 822, in _exit_partial_positions
    return 0, 0.0
                  
  File "/opt/anaconda3/lib/python3.12/site-packages/kiteconnect/connect.py", line 445, in positions
    return self._get("portfolio.positions")
           ^^^^^^^^^^^^^^^^^^^^^^^^^^^^^^^^
  File "/opt/anaconda3/lib/python3.12/site-packages/kiteconnect/connect.py", line 861, in _get
    return self._request(route, "GET", url_args=url_args, params=params, is_json=is_json)
           ^^^^^^^^^^^^^^^^^^^^^^^^^^^^^^^^^^^^^^^^^^^^^^^^^^^^^^^^^^^^^^^^^^^^^^^^^^^^^^
  File "/opt/anaconda3/lib/python3.12/site-packages/kiteconnect/connect.py", line 937, in _request
    raise exp(data["message"], code=r.status_code)
kiteconnect.exceptions.TokenException: Incorrect `api_key` or `access_token`.
2025-11-17 00:55:39 | DEBUG    | Executing BUY legs: 2 orders
2025-11-17 00:55:40 | ERROR    | Failed to place order: BANKNIFTY51700PE | error=Incorrect `api_key` or `access_token`.
Traceback (most recent call last):
  File "/Users/rohan/Downloads/Vridhi_Capital_Trading_System/src/trading_system/oms/order_manager.py", line 743, in _place_market_order
    order_id=fake_id,
           ^^^^^^^^^^
  File "/opt/anaconda3/lib/python3.12/site-packages/kiteconnect/connect.py", line 361, in place_order
    return self._post("order.place",
           ^^^^^^^^^^^^^^^^^^^^^^^^^
  File "/opt/anaconda3/lib/python3.12/site-packages/kiteconnect/connect.py", line 865, in _post
    return self._request(route, "POST", url_args=url_args, params=params, is_json=is_json, query_params=query_params)
           ^^^^^^^^^^^^^^^^^^^^^^^^^^^^^^^^^^^^^^^^^^^^^^^^^^^^^^^^^^^^^^^^^^^^^^^^^^^^^^^^^^^^^^^^^^^^^^^^^^^^^^^^^^
  File "/opt/anaconda3/lib/python3.12/site-packages/kiteconnect/connect.py", line 937, in _request
    raise exp(data["message"], code=r.status_code)
kiteconnect.exceptions.TokenException: Incorrect `api_key` or `access_token`.
2025-11-17 00:55:40 | ERROR    | Failed to place order for BANKNIFTY51700PE
2025-11-17 00:55:40 | WARNING  | BUY legs failed for lot_size=4
2025-11-17 00:55:40 | ERROR    | Error exiting partial positions: Incorrect `api_key` or `access_token`.
Traceback (most recent call last):
  File "/Users/rohan/Downloads/Vridhi_Capital_Trading_System/src/trading_system/oms/order_manager.py", line 822, in _exit_partial_positions
    return 0, 0.0
                  
  File "/opt/anaconda3/lib/python3.12/site-packages/kiteconnect/connect.py", line 445, in positions
    return self._get("portfolio.positions")
           ^^^^^^^^^^^^^^^^^^^^^^^^^^^^^^^^
  File "/opt/anaconda3/lib/python3.12/site-packages/kiteconnect/connect.py", line 861, in _get
    return self._request(route, "GET", url_args=url_args, params=params, is_json=is_json)
           ^^^^^^^^^^^^^^^^^^^^^^^^^^^^^^^^^^^^^^^^^^^^^^^^^^^^^^^^^^^^^^^^^^^^^^^^^^^^^^
  File "/opt/anaconda3/lib/python3.12/site-packages/kiteconnect/connect.py", line 937, in _request
    raise exp(data["message"], code=r.status_code)
kiteconnect.exceptions.TokenException: Incorrect `api_key` or `access_token`.
2025-11-17 00:55:40 | DEBUG    | Executing BUY legs: 2 orders
2025-11-17 00:55:40 | ERROR    | Failed to place order: BANKNIFTY51700PE | error=Incorrect `api_key` or `access_token`.
Traceback (most recent call last):
  File "/Users/rohan/Downloads/Vridhi_Capital_Trading_System/src/trading_system/oms/order_manager.py", line 743, in _place_market_order
    order_id=fake_id,
           ^^^^^^^^^^
  File "/opt/anaconda3/lib/python3.12/site-packages/kiteconnect/connect.py", line 361, in place_order
    return self._post("order.place",
           ^^^^^^^^^^^^^^^^^^^^^^^^^
  File "/opt/anaconda3/lib/python3.12/site-packages/kiteconnect/connect.py", line 865, in _post
    return self._request(route, "POST", url_args=url_args, params=params, is_json=is_json, query_params=query_params)
           ^^^^^^^^^^^^^^^^^^^^^^^^^^^^^^^^^^^^^^^^^^^^^^^^^^^^^^^^^^^^^^^^^^^^^^^^^^^^^^^^^^^^^^^^^^^^^^^^^^^^^^^^^^
  File "/opt/anaconda3/lib/python3.12/site-packages/kiteconnect/connect.py", line 937, in _request
    raise exp(data["message"], code=r.status_code)
kiteconnect.exceptions.TokenException: Incorrect `api_key` or `access_token`.
2025-11-17 00:55:40 | ERROR    | Failed to place order for BANKNIFTY51700PE
2025-11-17 00:55:40 | WARNING  | BUY legs failed for lot_size=2
2025-11-17 00:55:40 | ERROR    | Error exiting partial positions: Incorrect `api_key` or `access_token`.
Traceback (most recent call last):
  File "/Users/rohan/Downloads/Vridhi_Capital_Trading_System/src/trading_system/oms/order_manager.py", line 822, in _exit_partial_positions
    return 0, 0.0
                  
  File "/opt/anaconda3/lib/python3.12/site-packages/kiteconnect/connect.py", line 445, in positions
    return self._get("portfolio.positions")
           ^^^^^^^^^^^^^^^^^^^^^^^^^^^^^^^^
  File "/opt/anaconda3/lib/python3.12/site-packages/kiteconnect/connect.py", line 861, in _get
    return self._request(route, "GET", url_args=url_args, params=params, is_json=is_json)
           ^^^^^^^^^^^^^^^^^^^^^^^^^^^^^^^^^^^^^^^^^^^^^^^^^^^^^^^^^^^^^^^^^^^^^^^^^^^^^^
  File "/opt/anaconda3/lib/python3.12/site-packages/kiteconnect/connect.py", line 937, in _request
    raise exp(data["message"], code=r.status_code)
kiteconnect.exceptions.TokenException: Incorrect `api_key` or `access_token`.
2025-11-17 00:55:40 | DEBUG    | Executing BUY legs: 2 orders
2025-11-17 00:55:40 | ERROR    | Failed to place order: BANKNIFTY51700PE | error=Incorrect `api_key` or `access_token`.
Traceback (most recent call last):
  File "/Users/rohan/Downloads/Vridhi_Capital_Trading_System/src/trading_system/oms/order_manager.py", line 743, in _place_market_order
    order_id=fake_id,
           ^^^^^^^^^^
  File "/opt/anaconda3/lib/python3.12/site-packages/kiteconnect/connect.py", line 361, in place_order
    return self._post("order.place",
           ^^^^^^^^^^^^^^^^^^^^^^^^^
  File "/opt/anaconda3/lib/python3.12/site-packages/kiteconnect/connect.py", line 865, in _post
    return self._request(route, "POST", url_args=url_args, params=params, is_json=is_json, query_params=query_params)
           ^^^^^^^^^^^^^^^^^^^^^^^^^^^^^^^^^^^^^^^^^^^^^^^^^^^^^^^^^^^^^^^^^^^^^^^^^^^^^^^^^^^^^^^^^^^^^^^^^^^^^^^^^^
  File "/opt/anaconda3/lib/python3.12/site-packages/kiteconnect/connect.py", line 937, in _request
    raise exp(data["message"], code=r.status_code)
kiteconnect.exceptions.TokenException: Incorrect `api_key` or `access_token`.
2025-11-17 00:55:40 | ERROR    | Failed to place order for BANKNIFTY51700PE
2025-11-17 00:55:40 | WARNING  | BUY legs failed for lot_size=1
2025-11-17 00:55:41 | ERROR    | Error exiting partial positions: Incorrect `api_key` or `access_token`.
Traceback (most recent call last):
  File "/Users/rohan/Downloads/Vridhi_Capital_Trading_System/src/trading_system/oms/order_manager.py", line 822, in _exit_partial_positions
    return 0, 0.0
                  
  File "/opt/anaconda3/lib/python3.12/site-packages/kiteconnect/connect.py", line 445, in positions
    return self._get("portfolio.positions")
           ^^^^^^^^^^^^^^^^^^^^^^^^^^^^^^^^
  File "/opt/anaconda3/lib/python3.12/site-packages/kiteconnect/connect.py", line 861, in _get
    return self._request(route, "GET", url_args=url_args, params=params, is_json=is_json)
           ^^^^^^^^^^^^^^^^^^^^^^^^^^^^^^^^^^^^^^^^^^^^^^^^^^^^^^^^^^^^^^^^^^^^^^^^^^^^^^
  File "/opt/anaconda3/lib/python3.12/site-packages/kiteconnect/connect.py", line 937, in _request
    raise exp(data["message"], code=r.status_code)
kiteconnect.exceptions.TokenException: Incorrect `api_key` or `access_token`.
2025-11-17 00:55:41 | DEBUG    | ATM strike calculated: 51700 from futures price: 51740.0
2025-11-17 00:55:41 | INFO     | 🔴 SHORT Entry initiated | futures_price=51740.0 | atm_strike=51700 | hedge_strike=53700 | lot_size=8
2025-11-17 00:55:41 | DEBUG    | Executing BUY legs: 2 orders
2025-11-17 00:55:41 | ERROR    | Failed to place order: BANKNIFTY51700PE | error=Incorrect `api_key` or `access_token`.
Traceback (most recent call last):
  File "/Users/rohan/Downloads/Vridhi_Capital_Trading_System/src/trading_system/oms/order_manager.py", line 743, in _place_market_order
    order_id=fake_id,
           ^^^^^^^^^^
  File "/opt/anaconda3/lib/python3.12/site-packages/kiteconnect/connect.py", line 361, in place_order
    return self._post("order.place",
           ^^^^^^^^^^^^^^^^^^^^^^^^^
  File "/opt/anaconda3/lib/python3.12/site-packages/kiteconnect/connect.py", line 865, in _post
    return self._request(route, "POST", url_args=url_args, params=params, is_json=is_json, query_params=query_params)
           ^^^^^^^^^^^^^^^^^^^^^^^^^^^^^^^^^^^^^^^^^^^^^^^^^^^^^^^^^^^^^^^^^^^^^^^^^^^^^^^^^^^^^^^^^^^^^^^^^^^^^^^^^^
  File "/opt/anaconda3/lib/python3.12/site-packages/kiteconnect/connect.py", line 937, in _request
    raise exp(data["message"], code=r.status_code)
kiteconnect.exceptions.TokenException: Incorrect `api_key` or `access_token`.
2025-11-17 00:55:41 | ERROR    | Failed to place order for BANKNIFTY51700PE
2025-11-17 00:55:41 | WARNING  | BUY legs failed for lot_size=8
2025-11-17 00:55:41 | ERROR    | Error exiting partial positions: Incorrect `api_key` or `access_token`.
Traceback (most recent call last):
  File "/Users/rohan/Downloads/Vridhi_Capital_Trading_System/src/trading_system/oms/order_manager.py", line 822, in _exit_partial_positions
    return 0, 0.0
                  
  File "/opt/anaconda3/lib/python3.12/site-packages/kiteconnect/connect.py", line 445, in positions
    return self._get("portfolio.positions")
           ^^^^^^^^^^^^^^^^^^^^^^^^^^^^^^^^
  File "/opt/anaconda3/lib/python3.12/site-packages/kiteconnect/connect.py", line 861, in _get
    return self._request(route, "GET", url_args=url_args, params=params, is_json=is_json)
           ^^^^^^^^^^^^^^^^^^^^^^^^^^^^^^^^^^^^^^^^^^^^^^^^^^^^^^^^^^^^^^^^^^^^^^^^^^^^^^
  File "/opt/anaconda3/lib/python3.12/site-packages/kiteconnect/connect.py", line 937, in _request
    raise exp(data["message"], code=r.status_code)
kiteconnect.exceptions.TokenException: Incorrect `api_key` or `access_token`.
2025-11-17 00:55:41 | DEBUG    | Executing BUY legs: 2 orders
2025-11-17 00:55:41 | ERROR    | Failed to place order: BANKNIFTY51700PE | error=Incorrect `api_key` or `access_token`.
Traceback (most recent call last):
  File "/Users/rohan/Downloads/Vridhi_Capital_Trading_System/src/trading_system/oms/order_manager.py", line 743, in _place_market_order
    order_id=fake_id,
           ^^^^^^^^^^
  File "/opt/anaconda3/lib/python3.12/site-packages/kiteconnect/connect.py", line 361, in place_order
    return self._post("order.place",
           ^^^^^^^^^^^^^^^^^^^^^^^^^
  File "/opt/anaconda3/lib/python3.12/site-packages/kiteconnect/connect.py", line 865, in _post
    return self._request(route, "POST", url_args=url_args, params=params, is_json=is_json, query_params=query_params)
           ^^^^^^^^^^^^^^^^^^^^^^^^^^^^^^^^^^^^^^^^^^^^^^^^^^^^^^^^^^^^^^^^^^^^^^^^^^^^^^^^^^^^^^^^^^^^^^^^^^^^^^^^^^
  File "/opt/anaconda3/lib/python3.12/site-packages/kiteconnect/connect.py", line 937, in _request
    raise exp(data["message"], code=r.status_code)
kiteconnect.exceptions.TokenException: Incorrect `api_key` or `access_token`.
2025-11-17 00:55:41 | ERROR    | Failed to place order for BANKNIFTY51700PE
2025-11-17 00:55:41 | WARNING  | BUY legs failed for lot_size=4
2025-11-17 00:55:41 | ERROR    | Error exiting partial positions: Incorrect `api_key` or `access_token`.
Traceback (most recent call last):
  File "/Users/rohan/Downloads/Vridhi_Capital_Trading_System/src/trading_system/oms/order_manager.py", line 822, in _exit_partial_positions
    return 0, 0.0
                  
  File "/opt/anaconda3/lib/python3.12/site-packages/kiteconnect/connect.py", line 445, in positions
    return self._get("portfolio.positions")
           ^^^^^^^^^^^^^^^^^^^^^^^^^^^^^^^^
  File "/opt/anaconda3/lib/python3.12/site-packages/kiteconnect/connect.py", line 861, in _get
    return self._request(route, "GET", url_args=url_args, params=params, is_json=is_json)
           ^^^^^^^^^^^^^^^^^^^^^^^^^^^^^^^^^^^^^^^^^^^^^^^^^^^^^^^^^^^^^^^^^^^^^^^^^^^^^^
  File "/opt/anaconda3/lib/python3.12/site-packages/kiteconnect/connect.py", line 937, in _request
    raise exp(data["message"], code=r.status_code)
kiteconnect.exceptions.TokenException: Incorrect `api_key` or `access_token`.
2025-11-17 00:55:41 | DEBUG    | Executing BUY legs: 2 orders
2025-11-17 00:55:41 | ERROR    | Failed to place order: BANKNIFTY51700PE | error=Incorrect `api_key` or `access_token`.
Traceback (most recent call last):
  File "/Users/rohan/Downloads/Vridhi_Capital_Trading_System/src/trading_system/oms/order_manager.py", line 743, in _place_market_order
    order_id=fake_id,
           ^^^^^^^^^^
  File "/opt/anaconda3/lib/python3.12/site-packages/kiteconnect/connect.py", line 361, in place_order
    return self._post("order.place",
           ^^^^^^^^^^^^^^^^^^^^^^^^^
  File "/opt/anaconda3/lib/python3.12/site-packages/kiteconnect/connect.py", line 865, in _post
    return self._request(route, "POST", url_args=url_args, params=params, is_json=is_json, query_params=query_params)
           ^^^^^^^^^^^^^^^^^^^^^^^^^^^^^^^^^^^^^^^^^^^^^^^^^^^^^^^^^^^^^^^^^^^^^^^^^^^^^^^^^^^^^^^^^^^^^^^^^^^^^^^^^^
  File "/opt/anaconda3/lib/python3.12/site-packages/kiteconnect/connect.py", line 937, in _request
    raise exp(data["message"], code=r.status_code)
kiteconnect.exceptions.TokenException: Incorrect `api_key` or `access_token`.
2025-11-17 00:55:41 | ERROR    | Failed to place order for BANKNIFTY51700PE
2025-11-17 00:55:41 | WARNING  | BUY legs failed for lot_size=2
2025-11-17 00:55:42 | ERROR    | Error exiting partial positions: Incorrect `api_key` or `access_token`.
Traceback (most recent call last):
  File "/Users/rohan/Downloads/Vridhi_Capital_Trading_System/src/trading_system/oms/order_manager.py", line 822, in _exit_partial_positions
    return 0, 0.0
                  
  File "/opt/anaconda3/lib/python3.12/site-packages/kiteconnect/connect.py", line 445, in positions
    return self._get("portfolio.positions")
           ^^^^^^^^^^^^^^^^^^^^^^^^^^^^^^^^
  File "/opt/anaconda3/lib/python3.12/site-packages/kiteconnect/connect.py", line 861, in _get
    return self._request(route, "GET", url_args=url_args, params=params, is_json=is_json)
           ^^^^^^^^^^^^^^^^^^^^^^^^^^^^^^^^^^^^^^^^^^^^^^^^^^^^^^^^^^^^^^^^^^^^^^^^^^^^^^
  File "/opt/anaconda3/lib/python3.12/site-packages/kiteconnect/connect.py", line 937, in _request
    raise exp(data["message"], code=r.status_code)
kiteconnect.exceptions.TokenException: Incorrect `api_key` or `access_token`.
2025-11-17 00:55:42 | DEBUG    | Executing BUY legs: 2 orders
2025-11-17 00:55:42 | ERROR    | Failed to place order: BANKNIFTY51700PE | error=Incorrect `api_key` or `access_token`.
Traceback (most recent call last):
  File "/Users/rohan/Downloads/Vridhi_Capital_Trading_System/src/trading_system/oms/order_manager.py", line 743, in _place_market_order
    order_id=fake_id,
           ^^^^^^^^^^
  File "/opt/anaconda3/lib/python3.12/site-packages/kiteconnect/connect.py", line 361, in place_order
    return self._post("order.place",
           ^^^^^^^^^^^^^^^^^^^^^^^^^
  File "/opt/anaconda3/lib/python3.12/site-packages/kiteconnect/connect.py", line 865, in _post
    return self._request(route, "POST", url_args=url_args, params=params, is_json=is_json, query_params=query_params)
           ^^^^^^^^^^^^^^^^^^^^^^^^^^^^^^^^^^^^^^^^^^^^^^^^^^^^^^^^^^^^^^^^^^^^^^^^^^^^^^^^^^^^^^^^^^^^^^^^^^^^^^^^^^
  File "/opt/anaconda3/lib/python3.12/site-packages/kiteconnect/connect.py", line 937, in _request
    raise exp(data["message"], code=r.status_code)
kiteconnect.exceptions.TokenException: Incorrect `api_key` or `access_token`.
2025-11-17 00:55:42 | ERROR    | Failed to place order for BANKNIFTY51700PE
2025-11-17 00:55:42 | WARNING  | BUY legs failed for lot_size=1
2025-11-17 00:55:42 | ERROR    | Error exiting partial positions: Incorrect `api_key` or `access_token`.
Traceback (most recent call last):
  File "/Users/rohan/Downloads/Vridhi_Capital_Trading_System/src/trading_system/oms/order_manager.py", line 822, in _exit_partial_positions
    return 0, 0.0
                  
  File "/opt/anaconda3/lib/python3.12/site-packages/kiteconnect/connect.py", line 445, in positions
    return self._get("portfolio.positions")
           ^^^^^^^^^^^^^^^^^^^^^^^^^^^^^^^^
  File "/opt/anaconda3/lib/python3.12/site-packages/kiteconnect/connect.py", line 861, in _get
    return self._request(route, "GET", url_args=url_args, params=params, is_json=is_json)
           ^^^^^^^^^^^^^^^^^^^^^^^^^^^^^^^^^^^^^^^^^^^^^^^^^^^^^^^^^^^^^^^^^^^^^^^^^^^^^^
  File "/opt/anaconda3/lib/python3.12/site-packages/kiteconnect/connect.py", line 937, in _request
    raise exp(data["message"], code=r.status_code)
kiteconnect.exceptions.TokenException: Incorrect `api_key` or `access_token`.
2025-11-17 00:57:42 | DEBUG    | ATM strike calculated: 51600 from futures price: 51615.65
2025-11-17 00:57:42 | INFO     | 🔴 SHORT Entry initiated | futures_price=51615.65 | atm_strike=51600 | hedge_strike=53600 | lot_size=8
2025-11-17 00:57:42 | DEBUG    | Executing BUY legs: 2 orders
2025-11-17 00:57:42 | ERROR    | Failed to place order: BANKNIFTY51600PE | error=Incorrect `api_key` or `access_token`.
Traceback (most recent call last):
  File "/Users/rohan/Downloads/Vridhi_Capital_Trading_System/src/trading_system/oms/order_manager.py", line 743, in _place_market_order
    order_id=fake_id,
           ^^^^^^^^^^
  File "/opt/anaconda3/lib/python3.12/site-packages/kiteconnect/connect.py", line 361, in place_order
    return self._post("order.place",
           ^^^^^^^^^^^^^^^^^^^^^^^^^
  File "/opt/anaconda3/lib/python3.12/site-packages/kiteconnect/connect.py", line 865, in _post
    return self._request(route, "POST", url_args=url_args, params=params, is_json=is_json, query_params=query_params)
           ^^^^^^^^^^^^^^^^^^^^^^^^^^^^^^^^^^^^^^^^^^^^^^^^^^^^^^^^^^^^^^^^^^^^^^^^^^^^^^^^^^^^^^^^^^^^^^^^^^^^^^^^^^
  File "/opt/anaconda3/lib/python3.12/site-packages/kiteconnect/connect.py", line 937, in _request
    raise exp(data["message"], code=r.status_code)
kiteconnect.exceptions.TokenException: Incorrect `api_key` or `access_token`.
2025-11-17 00:57:42 | ERROR    | Failed to place order for BANKNIFTY51600PE
2025-11-17 00:57:42 | WARNING  | BUY legs failed for lot_size=8
2025-11-17 00:57:42 | ERROR    | Error exiting partial positions: Incorrect `api_key` or `access_token`.
Traceback (most recent call last):
  File "/Users/rohan/Downloads/Vridhi_Capital_Trading_System/src/trading_system/oms/order_manager.py", line 822, in _exit_partial_positions
    return 0, 0.0
                  
  File "/opt/anaconda3/lib/python3.12/site-packages/kiteconnect/connect.py", line 445, in positions
    return self._get("portfolio.positions")
           ^^^^^^^^^^^^^^^^^^^^^^^^^^^^^^^^
  File "/opt/anaconda3/lib/python3.12/site-packages/kiteconnect/connect.py", line 861, in _get
    return self._request(route, "GET", url_args=url_args, params=params, is_json=is_json)
           ^^^^^^^^^^^^^^^^^^^^^^^^^^^^^^^^^^^^^^^^^^^^^^^^^^^^^^^^^^^^^^^^^^^^^^^^^^^^^^
  File "/opt/anaconda3/lib/python3.12/site-packages/kiteconnect/connect.py", line 937, in _request
    raise exp(data["message"], code=r.status_code)
kiteconnect.exceptions.TokenException: Incorrect `api_key` or `access_token`.
2025-11-17 00:57:42 | DEBUG    | Executing BUY legs: 2 orders
2025-11-17 00:57:43 | ERROR    | Failed to place order: BANKNIFTY51600PE | error=Incorrect `api_key` or `access_token`.
Traceback (most recent call last):
  File "/Users/rohan/Downloads/Vridhi_Capital_Trading_System/src/trading_system/oms/order_manager.py", line 743, in _place_market_order
    order_id=fake_id,
           ^^^^^^^^^^
  File "/opt/anaconda3/lib/python3.12/site-packages/kiteconnect/connect.py", line 361, in place_order
    return self._post("order.place",
           ^^^^^^^^^^^^^^^^^^^^^^^^^
  File "/opt/anaconda3/lib/python3.12/site-packages/kiteconnect/connect.py", line 865, in _post
    return self._request(route, "POST", url_args=url_args, params=params, is_json=is_json, query_params=query_params)
           ^^^^^^^^^^^^^^^^^^^^^^^^^^^^^^^^^^^^^^^^^^^^^^^^^^^^^^^^^^^^^^^^^^^^^^^^^^^^^^^^^^^^^^^^^^^^^^^^^^^^^^^^^^
  File "/opt/anaconda3/lib/python3.12/site-packages/kiteconnect/connect.py", line 937, in _request
    raise exp(data["message"], code=r.status_code)
kiteconnect.exceptions.TokenException: Incorrect `api_key` or `access_token`.
2025-11-17 00:57:43 | ERROR    | Failed to place order for BANKNIFTY51600PE
2025-11-17 00:57:43 | WARNING  | BUY legs failed for lot_size=4
2025-11-17 00:57:43 | ERROR    | Error exiting partial positions: Incorrect `api_key` or `access_token`.
Traceback (most recent call last):
  File "/Users/rohan/Downloads/Vridhi_Capital_Trading_System/src/trading_system/oms/order_manager.py", line 822, in _exit_partial_positions
    return 0, 0.0
                  
  File "/opt/anaconda3/lib/python3.12/site-packages/kiteconnect/connect.py", line 445, in positions
    return self._get("portfolio.positions")
           ^^^^^^^^^^^^^^^^^^^^^^^^^^^^^^^^
  File "/opt/anaconda3/lib/python3.12/site-packages/kiteconnect/connect.py", line 861, in _get
    return self._request(route, "GET", url_args=url_args, params=params, is_json=is_json)
           ^^^^^^^^^^^^^^^^^^^^^^^^^^^^^^^^^^^^^^^^^^^^^^^^^^^^^^^^^^^^^^^^^^^^^^^^^^^^^^
  File "/opt/anaconda3/lib/python3.12/site-packages/kiteconnect/connect.py", line 937, in _request
    raise exp(data["message"], code=r.status_code)
kiteconnect.exceptions.TokenException: Incorrect `api_key` or `access_token`.
2025-11-17 00:57:43 | DEBUG    | Executing BUY legs: 2 orders
2025-11-17 00:57:43 | ERROR    | Failed to place order: BANKNIFTY51600PE | error=Incorrect `api_key` or `access_token`.
Traceback (most recent call last):
  File "/Users/rohan/Downloads/Vridhi_Capital_Trading_System/src/trading_system/oms/order_manager.py", line 743, in _place_market_order
    order_id=fake_id,
           ^^^^^^^^^^
  File "/opt/anaconda3/lib/python3.12/site-packages/kiteconnect/connect.py", line 361, in place_order
    return self._post("order.place",
           ^^^^^^^^^^^^^^^^^^^^^^^^^
  File "/opt/anaconda3/lib/python3.12/site-packages/kiteconnect/connect.py", line 865, in _post
    return self._request(route, "POST", url_args=url_args, params=params, is_json=is_json, query_params=query_params)
           ^^^^^^^^^^^^^^^^^^^^^^^^^^^^^^^^^^^^^^^^^^^^^^^^^^^^^^^^^^^^^^^^^^^^^^^^^^^^^^^^^^^^^^^^^^^^^^^^^^^^^^^^^^
  File "/opt/anaconda3/lib/python3.12/site-packages/kiteconnect/connect.py", line 937, in _request
    raise exp(data["message"], code=r.status_code)
kiteconnect.exceptions.TokenException: Incorrect `api_key` or `access_token`.
2025-11-17 00:57:43 | ERROR    | Failed to place order for BANKNIFTY51600PE
2025-11-17 00:57:43 | WARNING  | BUY legs failed for lot_size=2
2025-11-17 00:57:43 | ERROR    | Error exiting partial positions: Incorrect `api_key` or `access_token`.
Traceback (most recent call last):
  File "/Users/rohan/Downloads/Vridhi_Capital_Trading_System/src/trading_system/oms/order_manager.py", line 822, in _exit_partial_positions
    return 0, 0.0
                  
  File "/opt/anaconda3/lib/python3.12/site-packages/kiteconnect/connect.py", line 445, in positions
    return self._get("portfolio.positions")
           ^^^^^^^^^^^^^^^^^^^^^^^^^^^^^^^^
  File "/opt/anaconda3/lib/python3.12/site-packages/kiteconnect/connect.py", line 861, in _get
    return self._request(route, "GET", url_args=url_args, params=params, is_json=is_json)
           ^^^^^^^^^^^^^^^^^^^^^^^^^^^^^^^^^^^^^^^^^^^^^^^^^^^^^^^^^^^^^^^^^^^^^^^^^^^^^^
  File "/opt/anaconda3/lib/python3.12/site-packages/kiteconnect/connect.py", line 937, in _request
    raise exp(data["message"], code=r.status_code)
kiteconnect.exceptions.TokenException: Incorrect `api_key` or `access_token`.
2025-11-17 00:57:43 | DEBUG    | Executing BUY legs: 2 orders
2025-11-17 00:57:43 | ERROR    | Failed to place order: BANKNIFTY51600PE | error=Incorrect `api_key` or `access_token`.
Traceback (most recent call last):
  File "/Users/rohan/Downloads/Vridhi_Capital_Trading_System/src/trading_system/oms/order_manager.py", line 743, in _place_market_order
    order_id=fake_id,
           ^^^^^^^^^^
  File "/opt/anaconda3/lib/python3.12/site-packages/kiteconnect/connect.py", line 361, in place_order
    return self._post("order.place",
           ^^^^^^^^^^^^^^^^^^^^^^^^^
  File "/opt/anaconda3/lib/python3.12/site-packages/kiteconnect/connect.py", line 865, in _post
    return self._request(route, "POST", url_args=url_args, params=params, is_json=is_json, query_params=query_params)
           ^^^^^^^^^^^^^^^^^^^^^^^^^^^^^^^^^^^^^^^^^^^^^^^^^^^^^^^^^^^^^^^^^^^^^^^^^^^^^^^^^^^^^^^^^^^^^^^^^^^^^^^^^^
  File "/opt/anaconda3/lib/python3.12/site-packages/kiteconnect/connect.py", line 937, in _request
    raise exp(data["message"], code=r.status_code)
kiteconnect.exceptions.TokenException: Incorrect `api_key` or `access_token`.
2025-11-17 00:57:43 | ERROR    | Failed to place order for BANKNIFTY51600PE
2025-11-17 00:57:43 | WARNING  | BUY legs failed for lot_size=1
2025-11-17 00:57:43 | ERROR    | Error exiting partial positions: Incorrect `api_key` or `access_token`.
Traceback (most recent call last):
  File "/Users/rohan/Downloads/Vridhi_Capital_Trading_System/src/trading_system/oms/order_manager.py", line 822, in _exit_partial_positions
    return 0, 0.0
                  
  File "/opt/anaconda3/lib/python3.12/site-packages/kiteconnect/connect.py", line 445, in positions
    return self._get("portfolio.positions")
           ^^^^^^^^^^^^^^^^^^^^^^^^^^^^^^^^
  File "/opt/anaconda3/lib/python3.12/site-packages/kiteconnect/connect.py", line 861, in _get
    return self._request(route, "GET", url_args=url_args, params=params, is_json=is_json)
           ^^^^^^^^^^^^^^^^^^^^^^^^^^^^^^^^^^^^^^^^^^^^^^^^^^^^^^^^^^^^^^^^^^^^^^^^^^^^^^
  File "/opt/anaconda3/lib/python3.12/site-packages/kiteconnect/connect.py", line 937, in _request
    raise exp(data["message"], code=r.status_code)
kiteconnect.exceptions.TokenException: Incorrect `api_key` or `access_token`.
2025-11-17 00:57:43 | DEBUG    | ATM strike calculated: 51600 from futures price: 51615.65
2025-11-17 00:57:43 | INFO     | 🔴 SHORT Entry initiated | futures_price=51615.65 | atm_strike=51600 | hedge_strike=53600 | lot_size=8
2025-11-17 00:57:43 | DEBUG    | Executing BUY legs: 2 orders
2025-11-17 00:57:43 | ERROR    | Failed to place order: BANKNIFTY51600PE | error=Incorrect `api_key` or `access_token`.
Traceback (most recent call last):
  File "/Users/rohan/Downloads/Vridhi_Capital_Trading_System/src/trading_system/oms/order_manager.py", line 743, in _place_market_order
    order_id=fake_id,
           ^^^^^^^^^^
  File "/opt/anaconda3/lib/python3.12/site-packages/kiteconnect/connect.py", line 361, in place_order
    return self._post("order.place",
           ^^^^^^^^^^^^^^^^^^^^^^^^^
  File "/opt/anaconda3/lib/python3.12/site-packages/kiteconnect/connect.py", line 865, in _post
    return self._request(route, "POST", url_args=url_args, params=params, is_json=is_json, query_params=query_params)
           ^^^^^^^^^^^^^^^^^^^^^^^^^^^^^^^^^^^^^^^^^^^^^^^^^^^^^^^^^^^^^^^^^^^^^^^^^^^^^^^^^^^^^^^^^^^^^^^^^^^^^^^^^^
  File "/opt/anaconda3/lib/python3.12/site-packages/kiteconnect/connect.py", line 937, in _request
    raise exp(data["message"], code=r.status_code)
kiteconnect.exceptions.TokenException: Incorrect `api_key` or `access_token`.
2025-11-17 00:57:43 | ERROR    | Failed to place order for BANKNIFTY51600PE
2025-11-17 00:57:43 | WARNING  | BUY legs failed for lot_size=8
2025-11-17 00:57:44 | ERROR    | Error exiting partial positions: Incorrect `api_key` or `access_token`.
Traceback (most recent call last):
  File "/Users/rohan/Downloads/Vridhi_Capital_Trading_System/src/trading_system/oms/order_manager.py", line 822, in _exit_partial_positions
    return 0, 0.0
                  
  File "/opt/anaconda3/lib/python3.12/site-packages/kiteconnect/connect.py", line 445, in positions
    return self._get("portfolio.positions")
           ^^^^^^^^^^^^^^^^^^^^^^^^^^^^^^^^
  File "/opt/anaconda3/lib/python3.12/site-packages/kiteconnect/connect.py", line 861, in _get
    return self._request(route, "GET", url_args=url_args, params=params, is_json=is_json)
           ^^^^^^^^^^^^^^^^^^^^^^^^^^^^^^^^^^^^^^^^^^^^^^^^^^^^^^^^^^^^^^^^^^^^^^^^^^^^^^
  File "/opt/anaconda3/lib/python3.12/site-packages/kiteconnect/connect.py", line 937, in _request
    raise exp(data["message"], code=r.status_code)
kiteconnect.exceptions.TokenException: Incorrect `api_key` or `access_token`.
2025-11-17 00:57:44 | DEBUG    | Executing BUY legs: 2 orders
2025-11-17 00:57:44 | ERROR    | Failed to place order: BANKNIFTY51600PE | error=Incorrect `api_key` or `access_token`.
Traceback (most recent call last):
  File "/Users/rohan/Downloads/Vridhi_Capital_Trading_System/src/trading_system/oms/order_manager.py", line 743, in _place_market_order
    order_id=fake_id,
           ^^^^^^^^^^
  File "/opt/anaconda3/lib/python3.12/site-packages/kiteconnect/connect.py", line 361, in place_order
    return self._post("order.place",
           ^^^^^^^^^^^^^^^^^^^^^^^^^
  File "/opt/anaconda3/lib/python3.12/site-packages/kiteconnect/connect.py", line 865, in _post
    return self._request(route, "POST", url_args=url_args, params=params, is_json=is_json, query_params=query_params)
           ^^^^^^^^^^^^^^^^^^^^^^^^^^^^^^^^^^^^^^^^^^^^^^^^^^^^^^^^^^^^^^^^^^^^^^^^^^^^^^^^^^^^^^^^^^^^^^^^^^^^^^^^^^
  File "/opt/anaconda3/lib/python3.12/site-packages/kiteconnect/connect.py", line 937, in _request
    raise exp(data["message"], code=r.status_code)
kiteconnect.exceptions.TokenException: Incorrect `api_key` or `access_token`.
2025-11-17 00:57:44 | ERROR    | Failed to place order for BANKNIFTY51600PE
2025-11-17 00:57:44 | WARNING  | BUY legs failed for lot_size=4
2025-11-17 00:57:44 | ERROR    | Error exiting partial positions: Incorrect `api_key` or `access_token`.
Traceback (most recent call last):
  File "/Users/rohan/Downloads/Vridhi_Capital_Trading_System/src/trading_system/oms/order_manager.py", line 822, in _exit_partial_positions
    return 0, 0.0
                  
  File "/opt/anaconda3/lib/python3.12/site-packages/kiteconnect/connect.py", line 445, in positions
    return self._get("portfolio.positions")
           ^^^^^^^^^^^^^^^^^^^^^^^^^^^^^^^^
  File "/opt/anaconda3/lib/python3.12/site-packages/kiteconnect/connect.py", line 861, in _get
    return self._request(route, "GET", url_args=url_args, params=params, is_json=is_json)
           ^^^^^^^^^^^^^^^^^^^^^^^^^^^^^^^^^^^^^^^^^^^^^^^^^^^^^^^^^^^^^^^^^^^^^^^^^^^^^^
  File "/opt/anaconda3/lib/python3.12/site-packages/kiteconnect/connect.py", line 937, in _request
    raise exp(data["message"], code=r.status_code)
kiteconnect.exceptions.TokenException: Incorrect `api_key` or `access_token`.
2025-11-17 00:57:44 | DEBUG    | Executing BUY legs: 2 orders
2025-11-17 00:57:44 | ERROR    | Failed to place order: BANKNIFTY51600PE | error=Incorrect `api_key` or `access_token`.
Traceback (most recent call last):
  File "/Users/rohan/Downloads/Vridhi_Capital_Trading_System/src/trading_system/oms/order_manager.py", line 743, in _place_market_order
    order_id=fake_id,
           ^^^^^^^^^^
  File "/opt/anaconda3/lib/python3.12/site-packages/kiteconnect/connect.py", line 361, in place_order
    return self._post("order.place",
           ^^^^^^^^^^^^^^^^^^^^^^^^^
  File "/opt/anaconda3/lib/python3.12/site-packages/kiteconnect/connect.py", line 865, in _post
    return self._request(route, "POST", url_args=url_args, params=params, is_json=is_json, query_params=query_params)
           ^^^^^^^^^^^^^^^^^^^^^^^^^^^^^^^^^^^^^^^^^^^^^^^^^^^^^^^^^^^^^^^^^^^^^^^^^^^^^^^^^^^^^^^^^^^^^^^^^^^^^^^^^^
  File "/opt/anaconda3/lib/python3.12/site-packages/kiteconnect/connect.py", line 937, in _request
    raise exp(data["message"], code=r.status_code)
kiteconnect.exceptions.TokenException: Incorrect `api_key` or `access_token`.
2025-11-17 00:57:44 | ERROR    | Failed to place order for BANKNIFTY51600PE
2025-11-17 00:57:44 | WARNING  | BUY legs failed for lot_size=2
2025-11-17 00:57:44 | ERROR    | Error exiting partial positions: Incorrect `api_key` or `access_token`.
Traceback (most recent call last):
  File "/Users/rohan/Downloads/Vridhi_Capital_Trading_System/src/trading_system/oms/order_manager.py", line 822, in _exit_partial_positions
    return 0, 0.0
                  
  File "/opt/anaconda3/lib/python3.12/site-packages/kiteconnect/connect.py", line 445, in positions
    return self._get("portfolio.positions")
           ^^^^^^^^^^^^^^^^^^^^^^^^^^^^^^^^
  File "/opt/anaconda3/lib/python3.12/site-packages/kiteconnect/connect.py", line 861, in _get
    return self._request(route, "GET", url_args=url_args, params=params, is_json=is_json)
           ^^^^^^^^^^^^^^^^^^^^^^^^^^^^^^^^^^^^^^^^^^^^^^^^^^^^^^^^^^^^^^^^^^^^^^^^^^^^^^
  File "/opt/anaconda3/lib/python3.12/site-packages/kiteconnect/connect.py", line 937, in _request
    raise exp(data["message"], code=r.status_code)
kiteconnect.exceptions.TokenException: Incorrect `api_key` or `access_token`.
2025-11-17 00:57:44 | DEBUG    | Executing BUY legs: 2 orders
2025-11-17 00:57:44 | ERROR    | Failed to place order: BANKNIFTY51600PE | error=Incorrect `api_key` or `access_token`.
Traceback (most recent call last):
  File "/Users/rohan/Downloads/Vridhi_Capital_Trading_System/src/trading_system/oms/order_manager.py", line 743, in _place_market_order
    order_id=fake_id,
           ^^^^^^^^^^
  File "/opt/anaconda3/lib/python3.12/site-packages/kiteconnect/connect.py", line 361, in place_order
    return self._post("order.place",
           ^^^^^^^^^^^^^^^^^^^^^^^^^
  File "/opt/anaconda3/lib/python3.12/site-packages/kiteconnect/connect.py", line 865, in _post
    return self._request(route, "POST", url_args=url_args, params=params, is_json=is_json, query_params=query_params)
           ^^^^^^^^^^^^^^^^^^^^^^^^^^^^^^^^^^^^^^^^^^^^^^^^^^^^^^^^^^^^^^^^^^^^^^^^^^^^^^^^^^^^^^^^^^^^^^^^^^^^^^^^^^
  File "/opt/anaconda3/lib/python3.12/site-packages/kiteconnect/connect.py", line 937, in _request
    raise exp(data["message"], code=r.status_code)
kiteconnect.exceptions.TokenException: Incorrect `api_key` or `access_token`.
2025-11-17 00:57:44 | ERROR    | Failed to place order for BANKNIFTY51600PE
2025-11-17 00:57:44 | WARNING  | BUY legs failed for lot_size=1
2025-11-17 00:57:44 | ERROR    | Error exiting partial positions: Incorrect `api_key` or `access_token`.
Traceback (most recent call last):
  File "/Users/rohan/Downloads/Vridhi_Capital_Trading_System/src/trading_system/oms/order_manager.py", line 822, in _exit_partial_positions
    return 0, 0.0
                  
  File "/opt/anaconda3/lib/python3.12/site-packages/kiteconnect/connect.py", line 445, in positions
    return self._get("portfolio.positions")
           ^^^^^^^^^^^^^^^^^^^^^^^^^^^^^^^^
  File "/opt/anaconda3/lib/python3.12/site-packages/kiteconnect/connect.py", line 861, in _get
    return self._request(route, "GET", url_args=url_args, params=params, is_json=is_json)
           ^^^^^^^^^^^^^^^^^^^^^^^^^^^^^^^^^^^^^^^^^^^^^^^^^^^^^^^^^^^^^^^^^^^^^^^^^^^^^^
  File "/opt/anaconda3/lib/python3.12/site-packages/kiteconnect/connect.py", line 937, in _request
    raise exp(data["message"], code=r.status_code)
kiteconnect.exceptions.TokenException: Incorrect `api_key` or `access_token`.
2025-11-17 00:59:44 | DEBUG    | ATM strike calculated: 51600 from futures price: 51570.0
2025-11-17 00:59:44 | INFO     | 🔴 SHORT Entry initiated | futures_price=51570.0 | atm_strike=51600 | hedge_strike=53600 | lot_size=8
2025-11-17 00:59:44 | DEBUG    | Executing BUY legs: 2 orders
2025-11-17 00:59:45 | ERROR    | Failed to place order: BANKNIFTY51600PE | error=Incorrect `api_key` or `access_token`.
Traceback (most recent call last):
  File "/Users/rohan/Downloads/Vridhi_Capital_Trading_System/src/trading_system/oms/order_manager.py", line 743, in _place_market_order
    order_id=fake_id,
           ^^^^^^^^^^
  File "/opt/anaconda3/lib/python3.12/site-packages/kiteconnect/connect.py", line 361, in place_order
    return self._post("order.place",
           ^^^^^^^^^^^^^^^^^^^^^^^^^
  File "/opt/anaconda3/lib/python3.12/site-packages/kiteconnect/connect.py", line 865, in _post
    return self._request(route, "POST", url_args=url_args, params=params, is_json=is_json, query_params=query_params)
           ^^^^^^^^^^^^^^^^^^^^^^^^^^^^^^^^^^^^^^^^^^^^^^^^^^^^^^^^^^^^^^^^^^^^^^^^^^^^^^^^^^^^^^^^^^^^^^^^^^^^^^^^^^
  File "/opt/anaconda3/lib/python3.12/site-packages/kiteconnect/connect.py", line 937, in _request
    raise exp(data["message"], code=r.status_code)
kiteconnect.exceptions.TokenException: Incorrect `api_key` or `access_token`.
2025-11-17 00:59:45 | ERROR    | Failed to place order for BANKNIFTY51600PE
2025-11-17 00:59:45 | WARNING  | BUY legs failed for lot_size=8
2025-11-17 00:59:45 | ERROR    | Error exiting partial positions: Incorrect `api_key` or `access_token`.
Traceback (most recent call last):
  File "/Users/rohan/Downloads/Vridhi_Capital_Trading_System/src/trading_system/oms/order_manager.py", line 822, in _exit_partial_positions
    return 0, 0.0
                  
  File "/opt/anaconda3/lib/python3.12/site-packages/kiteconnect/connect.py", line 445, in positions
    return self._get("portfolio.positions")
           ^^^^^^^^^^^^^^^^^^^^^^^^^^^^^^^^
  File "/opt/anaconda3/lib/python3.12/site-packages/kiteconnect/connect.py", line 861, in _get
    return self._request(route, "GET", url_args=url_args, params=params, is_json=is_json)
           ^^^^^^^^^^^^^^^^^^^^^^^^^^^^^^^^^^^^^^^^^^^^^^^^^^^^^^^^^^^^^^^^^^^^^^^^^^^^^^
  File "/opt/anaconda3/lib/python3.12/site-packages/kiteconnect/connect.py", line 937, in _request
    raise exp(data["message"], code=r.status_code)
kiteconnect.exceptions.TokenException: Incorrect `api_key` or `access_token`.
2025-11-17 00:59:45 | DEBUG    | Executing BUY legs: 2 orders
2025-11-17 00:59:45 | ERROR    | Failed to place order: BANKNIFTY51600PE | error=Incorrect `api_key` or `access_token`.
Traceback (most recent call last):
  File "/Users/rohan/Downloads/Vridhi_Capital_Trading_System/src/trading_system/oms/order_manager.py", line 743, in _place_market_order
    order_id=fake_id,
           ^^^^^^^^^^
  File "/opt/anaconda3/lib/python3.12/site-packages/kiteconnect/connect.py", line 361, in place_order
    return self._post("order.place",
           ^^^^^^^^^^^^^^^^^^^^^^^^^
  File "/opt/anaconda3/lib/python3.12/site-packages/kiteconnect/connect.py", line 865, in _post
    return self._request(route, "POST", url_args=url_args, params=params, is_json=is_json, query_params=query_params)
           ^^^^^^^^^^^^^^^^^^^^^^^^^^^^^^^^^^^^^^^^^^^^^^^^^^^^^^^^^^^^^^^^^^^^^^^^^^^^^^^^^^^^^^^^^^^^^^^^^^^^^^^^^^
  File "/opt/anaconda3/lib/python3.12/site-packages/kiteconnect/connect.py", line 937, in _request
    raise exp(data["message"], code=r.status_code)
kiteconnect.exceptions.TokenException: Incorrect `api_key` or `access_token`.
2025-11-17 00:59:45 | ERROR    | Failed to place order for BANKNIFTY51600PE
2025-11-17 00:59:45 | WARNING  | BUY legs failed for lot_size=4
2025-11-17 00:59:45 | ERROR    | Error exiting partial positions: Incorrect `api_key` or `access_token`.
Traceback (most recent call last):
  File "/Users/rohan/Downloads/Vridhi_Capital_Trading_System/src/trading_system/oms/order_manager.py", line 822, in _exit_partial_positions
    return 0, 0.0
                  
  File "/opt/anaconda3/lib/python3.12/site-packages/kiteconnect/connect.py", line 445, in positions
    return self._get("portfolio.positions")
           ^^^^^^^^^^^^^^^^^^^^^^^^^^^^^^^^
  File "/opt/anaconda3/lib/python3.12/site-packages/kiteconnect/connect.py", line 861, in _get
    return self._request(route, "GET", url_args=url_args, params=params, is_json=is_json)
           ^^^^^^^^^^^^^^^^^^^^^^^^^^^^^^^^^^^^^^^^^^^^^^^^^^^^^^^^^^^^^^^^^^^^^^^^^^^^^^
  File "/opt/anaconda3/lib/python3.12/site-packages/kiteconnect/connect.py", line 937, in _request
    raise exp(data["message"], code=r.status_code)
kiteconnect.exceptions.TokenException: Incorrect `api_key` or `access_token`.
2025-11-17 00:59:45 | DEBUG    | Executing BUY legs: 2 orders
2025-11-17 00:59:46 | ERROR    | Failed to place order: BANKNIFTY51600PE | error=Incorrect `api_key` or `access_token`.
Traceback (most recent call last):
  File "/Users/rohan/Downloads/Vridhi_Capital_Trading_System/src/trading_system/oms/order_manager.py", line 743, in _place_market_order
    order_id=fake_id,
           ^^^^^^^^^^
  File "/opt/anaconda3/lib/python3.12/site-packages/kiteconnect/connect.py", line 361, in place_order
    return self._post("order.place",
           ^^^^^^^^^^^^^^^^^^^^^^^^^
  File "/opt/anaconda3/lib/python3.12/site-packages/kiteconnect/connect.py", line 865, in _post
    return self._request(route, "POST", url_args=url_args, params=params, is_json=is_json, query_params=query_params)
           ^^^^^^^^^^^^^^^^^^^^^^^^^^^^^^^^^^^^^^^^^^^^^^^^^^^^^^^^^^^^^^^^^^^^^^^^^^^^^^^^^^^^^^^^^^^^^^^^^^^^^^^^^^
  File "/opt/anaconda3/lib/python3.12/site-packages/kiteconnect/connect.py", line 937, in _request
    raise exp(data["message"], code=r.status_code)
kiteconnect.exceptions.TokenException: Incorrect `api_key` or `access_token`.
2025-11-17 00:59:46 | ERROR    | Failed to place order for BANKNIFTY51600PE
2025-11-17 00:59:46 | WARNING  | BUY legs failed for lot_size=2
2025-11-17 00:59:46 | ERROR    | Error exiting partial positions: Incorrect `api_key` or `access_token`.
Traceback (most recent call last):
  File "/Users/rohan/Downloads/Vridhi_Capital_Trading_System/src/trading_system/oms/order_manager.py", line 822, in _exit_partial_positions
    return 0, 0.0
                  
  File "/opt/anaconda3/lib/python3.12/site-packages/kiteconnect/connect.py", line 445, in positions
    return self._get("portfolio.positions")
           ^^^^^^^^^^^^^^^^^^^^^^^^^^^^^^^^
  File "/opt/anaconda3/lib/python3.12/site-packages/kiteconnect/connect.py", line 861, in _get
    return self._request(route, "GET", url_args=url_args, params=params, is_json=is_json)
           ^^^^^^^^^^^^^^^^^^^^^^^^^^^^^^^^^^^^^^^^^^^^^^^^^^^^^^^^^^^^^^^^^^^^^^^^^^^^^^
  File "/opt/anaconda3/lib/python3.12/site-packages/kiteconnect/connect.py", line 937, in _request
    raise exp(data["message"], code=r.status_code)
kiteconnect.exceptions.TokenException: Incorrect `api_key` or `access_token`.
2025-11-17 00:59:46 | DEBUG    | Executing BUY legs: 2 orders
2025-11-17 00:59:46 | ERROR    | Failed to place order: BANKNIFTY51600PE | error=Incorrect `api_key` or `access_token`.
Traceback (most recent call last):
  File "/Users/rohan/Downloads/Vridhi_Capital_Trading_System/src/trading_system/oms/order_manager.py", line 743, in _place_market_order
    order_id=fake_id,
           ^^^^^^^^^^
  File "/opt/anaconda3/lib/python3.12/site-packages/kiteconnect/connect.py", line 361, in place_order
    return self._post("order.place",
           ^^^^^^^^^^^^^^^^^^^^^^^^^
  File "/opt/anaconda3/lib/python3.12/site-packages/kiteconnect/connect.py", line 865, in _post
    return self._request(route, "POST", url_args=url_args, params=params, is_json=is_json, query_params=query_params)
           ^^^^^^^^^^^^^^^^^^^^^^^^^^^^^^^^^^^^^^^^^^^^^^^^^^^^^^^^^^^^^^^^^^^^^^^^^^^^^^^^^^^^^^^^^^^^^^^^^^^^^^^^^^
  File "/opt/anaconda3/lib/python3.12/site-packages/kiteconnect/connect.py", line 937, in _request
    raise exp(data["message"], code=r.status_code)
kiteconnect.exceptions.TokenException: Incorrect `api_key` or `access_token`.
2025-11-17 00:59:46 | ERROR    | Failed to place order for BANKNIFTY51600PE
2025-11-17 00:59:46 | WARNING  | BUY legs failed for lot_size=1
2025-11-17 00:59:46 | ERROR    | Error exiting partial positions: Incorrect `api_key` or `access_token`.
Traceback (most recent call last):
  File "/Users/rohan/Downloads/Vridhi_Capital_Trading_System/src/trading_system/oms/order_manager.py", line 822, in _exit_partial_positions
    return 0, 0.0
                  
  File "/opt/anaconda3/lib/python3.12/site-packages/kiteconnect/connect.py", line 445, in positions
    return self._get("portfolio.positions")
           ^^^^^^^^^^^^^^^^^^^^^^^^^^^^^^^^
  File "/opt/anaconda3/lib/python3.12/site-packages/kiteconnect/connect.py", line 861, in _get
    return self._request(route, "GET", url_args=url_args, params=params, is_json=is_json)
           ^^^^^^^^^^^^^^^^^^^^^^^^^^^^^^^^^^^^^^^^^^^^^^^^^^^^^^^^^^^^^^^^^^^^^^^^^^^^^^
  File "/opt/anaconda3/lib/python3.12/site-packages/kiteconnect/connect.py", line 937, in _request
    raise exp(data["message"], code=r.status_code)
kiteconnect.exceptions.TokenException: Incorrect `api_key` or `access_token`.
2025-11-17 00:59:46 | DEBUG    | ATM strike calculated: 51600 from futures price: 51570.0
2025-11-17 00:59:46 | INFO     | 🔴 SHORT Entry initiated | futures_price=51570.0 | atm_strike=51600 | hedge_strike=53600 | lot_size=8
2025-11-17 00:59:46 | DEBUG    | Executing BUY legs: 2 orders
2025-11-17 00:59:46 | ERROR    | Failed to place order: BANKNIFTY51600PE | error=Incorrect `api_key` or `access_token`.
Traceback (most recent call last):
  File "/Users/rohan/Downloads/Vridhi_Capital_Trading_System/src/trading_system/oms/order_manager.py", line 743, in _place_market_order
    order_id=fake_id,
           ^^^^^^^^^^
  File "/opt/anaconda3/lib/python3.12/site-packages/kiteconnect/connect.py", line 361, in place_order
    return self._post("order.place",
           ^^^^^^^^^^^^^^^^^^^^^^^^^
  File "/opt/anaconda3/lib/python3.12/site-packages/kiteconnect/connect.py", line 865, in _post
    return self._request(route, "POST", url_args=url_args, params=params, is_json=is_json, query_params=query_params)
           ^^^^^^^^^^^^^^^^^^^^^^^^^^^^^^^^^^^^^^^^^^^^^^^^^^^^^^^^^^^^^^^^^^^^^^^^^^^^^^^^^^^^^^^^^^^^^^^^^^^^^^^^^^
  File "/opt/anaconda3/lib/python3.12/site-packages/kiteconnect/connect.py", line 937, in _request
    raise exp(data["message"], code=r.status_code)
kiteconnect.exceptions.TokenException: Incorrect `api_key` or `access_token`.
2025-11-17 00:59:46 | ERROR    | Failed to place order for BANKNIFTY51600PE
2025-11-17 00:59:46 | WARNING  | BUY legs failed for lot_size=8
2025-11-17 00:59:46 | ERROR    | Error exiting partial positions: Incorrect `api_key` or `access_token`.
Traceback (most recent call last):
  File "/Users/rohan/Downloads/Vridhi_Capital_Trading_System/src/trading_system/oms/order_manager.py", line 822, in _exit_partial_positions
    return 0, 0.0
                  
  File "/opt/anaconda3/lib/python3.12/site-packages/kiteconnect/connect.py", line 445, in positions
    return self._get("portfolio.positions")
           ^^^^^^^^^^^^^^^^^^^^^^^^^^^^^^^^
  File "/opt/anaconda3/lib/python3.12/site-packages/kiteconnect/connect.py", line 861, in _get
    return self._request(route, "GET", url_args=url_args, params=params, is_json=is_json)
           ^^^^^^^^^^^^^^^^^^^^^^^^^^^^^^^^^^^^^^^^^^^^^^^^^^^^^^^^^^^^^^^^^^^^^^^^^^^^^^
  File "/opt/anaconda3/lib/python3.12/site-packages/kiteconnect/connect.py", line 937, in _request
    raise exp(data["message"], code=r.status_code)
kiteconnect.exceptions.TokenException: Incorrect `api_key` or `access_token`.
2025-11-17 00:59:46 | DEBUG    | Executing BUY legs: 2 orders
2025-11-17 00:59:46 | ERROR    | Failed to place order: BANKNIFTY51600PE | error=Incorrect `api_key` or `access_token`.
Traceback (most recent call last):
  File "/Users/rohan/Downloads/Vridhi_Capital_Trading_System/src/trading_system/oms/order_manager.py", line 743, in _place_market_order
    order_id=fake_id,
           ^^^^^^^^^^
  File "/opt/anaconda3/lib/python3.12/site-packages/kiteconnect/connect.py", line 361, in place_order
    return self._post("order.place",
           ^^^^^^^^^^^^^^^^^^^^^^^^^
  File "/opt/anaconda3/lib/python3.12/site-packages/kiteconnect/connect.py", line 865, in _post
    return self._request(route, "POST", url_args=url_args, params=params, is_json=is_json, query_params=query_params)
           ^^^^^^^^^^^^^^^^^^^^^^^^^^^^^^^^^^^^^^^^^^^^^^^^^^^^^^^^^^^^^^^^^^^^^^^^^^^^^^^^^^^^^^^^^^^^^^^^^^^^^^^^^^
  File "/opt/anaconda3/lib/python3.12/site-packages/kiteconnect/connect.py", line 937, in _request
    raise exp(data["message"], code=r.status_code)
kiteconnect.exceptions.TokenException: Incorrect `api_key` or `access_token`.
2025-11-17 00:59:46 | ERROR    | Failed to place order for BANKNIFTY51600PE
2025-11-17 00:59:46 | WARNING  | BUY legs failed for lot_size=4
2025-11-17 00:59:47 | ERROR    | Error exiting partial positions: Incorrect `api_key` or `access_token`.
Traceback (most recent call last):
  File "/Users/rohan/Downloads/Vridhi_Capital_Trading_System/src/trading_system/oms/order_manager.py", line 822, in _exit_partial_positions
    return 0, 0.0
                  
  File "/opt/anaconda3/lib/python3.12/site-packages/kiteconnect/connect.py", line 445, in positions
    return self._get("portfolio.positions")
           ^^^^^^^^^^^^^^^^^^^^^^^^^^^^^^^^
  File "/opt/anaconda3/lib/python3.12/site-packages/kiteconnect/connect.py", line 861, in _get
    return self._request(route, "GET", url_args=url_args, params=params, is_json=is_json)
           ^^^^^^^^^^^^^^^^^^^^^^^^^^^^^^^^^^^^^^^^^^^^^^^^^^^^^^^^^^^^^^^^^^^^^^^^^^^^^^
  File "/opt/anaconda3/lib/python3.12/site-packages/kiteconnect/connect.py", line 937, in _request
    raise exp(data["message"], code=r.status_code)
kiteconnect.exceptions.TokenException: Incorrect `api_key` or `access_token`.
2025-11-17 00:59:47 | DEBUG    | Executing BUY legs: 2 orders
2025-11-17 00:59:47 | ERROR    | Failed to place order: BANKNIFTY51600PE | error=Incorrect `api_key` or `access_token`.
Traceback (most recent call last):
  File "/Users/rohan/Downloads/Vridhi_Capital_Trading_System/src/trading_system/oms/order_manager.py", line 743, in _place_market_order
    order_id=fake_id,
           ^^^^^^^^^^
  File "/opt/anaconda3/lib/python3.12/site-packages/kiteconnect/connect.py", line 361, in place_order
    return self._post("order.place",
           ^^^^^^^^^^^^^^^^^^^^^^^^^
  File "/opt/anaconda3/lib/python3.12/site-packages/kiteconnect/connect.py", line 865, in _post
    return self._request(route, "POST", url_args=url_args, params=params, is_json=is_json, query_params=query_params)
           ^^^^^^^^^^^^^^^^^^^^^^^^^^^^^^^^^^^^^^^^^^^^^^^^^^^^^^^^^^^^^^^^^^^^^^^^^^^^^^^^^^^^^^^^^^^^^^^^^^^^^^^^^^
  File "/opt/anaconda3/lib/python3.12/site-packages/kiteconnect/connect.py", line 937, in _request
    raise exp(data["message"], code=r.status_code)
kiteconnect.exceptions.TokenException: Incorrect `api_key` or `access_token`.
2025-11-17 00:59:47 | ERROR    | Failed to place order for BANKNIFTY51600PE
2025-11-17 00:59:47 | WARNING  | BUY legs failed for lot_size=2
2025-11-17 00:59:47 | ERROR    | Error exiting partial positions: Incorrect `api_key` or `access_token`.
Traceback (most recent call last):
  File "/Users/rohan/Downloads/Vridhi_Capital_Trading_System/src/trading_system/oms/order_manager.py", line 822, in _exit_partial_positions
    return 0, 0.0
                  
  File "/opt/anaconda3/lib/python3.12/site-packages/kiteconnect/connect.py", line 445, in positions
    return self._get("portfolio.positions")
           ^^^^^^^^^^^^^^^^^^^^^^^^^^^^^^^^
  File "/opt/anaconda3/lib/python3.12/site-packages/kiteconnect/connect.py", line 861, in _get
    return self._request(route, "GET", url_args=url_args, params=params, is_json=is_json)
           ^^^^^^^^^^^^^^^^^^^^^^^^^^^^^^^^^^^^^^^^^^^^^^^^^^^^^^^^^^^^^^^^^^^^^^^^^^^^^^
  File "/opt/anaconda3/lib/python3.12/site-packages/kiteconnect/connect.py", line 937, in _request
    raise exp(data["message"], code=r.status_code)
kiteconnect.exceptions.TokenException: Incorrect `api_key` or `access_token`.
2025-11-17 00:59:47 | DEBUG    | Executing BUY legs: 2 orders
2025-11-17 00:59:47 | ERROR    | Failed to place order: BANKNIFTY51600PE | error=Incorrect `api_key` or `access_token`.
Traceback (most recent call last):
  File "/Users/rohan/Downloads/Vridhi_Capital_Trading_System/src/trading_system/oms/order_manager.py", line 743, in _place_market_order
    order_id=fake_id,
           ^^^^^^^^^^
  File "/opt/anaconda3/lib/python3.12/site-packages/kiteconnect/connect.py", line 361, in place_order
    return self._post("order.place",
           ^^^^^^^^^^^^^^^^^^^^^^^^^
  File "/opt/anaconda3/lib/python3.12/site-packages/kiteconnect/connect.py", line 865, in _post
    return self._request(route, "POST", url_args=url_args, params=params, is_json=is_json, query_params=query_params)
           ^^^^^^^^^^^^^^^^^^^^^^^^^^^^^^^^^^^^^^^^^^^^^^^^^^^^^^^^^^^^^^^^^^^^^^^^^^^^^^^^^^^^^^^^^^^^^^^^^^^^^^^^^^
  File "/opt/anaconda3/lib/python3.12/site-packages/kiteconnect/connect.py", line 937, in _request
    raise exp(data["message"], code=r.status_code)
kiteconnect.exceptions.TokenException: Incorrect `api_key` or `access_token`.
2025-11-17 00:59:47 | ERROR    | Failed to place order for BANKNIFTY51600PE
2025-11-17 00:59:47 | WARNING  | BUY legs failed for lot_size=1
2025-11-17 00:59:47 | ERROR    | Error exiting partial positions: Incorrect `api_key` or `access_token`.
Traceback (most recent call last):
  File "/Users/rohan/Downloads/Vridhi_Capital_Trading_System/src/trading_system/oms/order_manager.py", line 822, in _exit_partial_positions
    return 0, 0.0
                  
  File "/opt/anaconda3/lib/python3.12/site-packages/kiteconnect/connect.py", line 445, in positions
    return self._get("portfolio.positions")
           ^^^^^^^^^^^^^^^^^^^^^^^^^^^^^^^^
  File "/opt/anaconda3/lib/python3.12/site-packages/kiteconnect/connect.py", line 861, in _get
    return self._request(route, "GET", url_args=url_args, params=params, is_json=is_json)
           ^^^^^^^^^^^^^^^^^^^^^^^^^^^^^^^^^^^^^^^^^^^^^^^^^^^^^^^^^^^^^^^^^^^^^^^^^^^^^^
  File "/opt/anaconda3/lib/python3.12/site-packages/kiteconnect/connect.py", line 937, in _request
    raise exp(data["message"], code=r.status_code)
kiteconnect.exceptions.TokenException: Incorrect `api_key` or `access_token`.
2025-11-17 01:01:47 | DEBUG    | ATM strike calculated: 51500 from futures price: 51500.2
2025-11-17 01:01:47 | INFO     | 🔴 SHORT Entry initiated | futures_price=51500.2 | atm_strike=51500 | hedge_strike=53500 | lot_size=8
2025-11-17 01:01:47 | DEBUG    | Executing BUY legs: 2 orders
2025-11-17 01:01:47 | ERROR    | Failed to place order: BANKNIFTY51500PE | error=Incorrect `api_key` or `access_token`.
Traceback (most recent call last):
  File "/Users/rohan/Downloads/Vridhi_Capital_Trading_System/src/trading_system/oms/order_manager.py", line 743, in _place_market_order
    order_id=fake_id,
           ^^^^^^^^^^
  File "/opt/anaconda3/lib/python3.12/site-packages/kiteconnect/connect.py", line 361, in place_order
    return self._post("order.place",
           ^^^^^^^^^^^^^^^^^^^^^^^^^
  File "/opt/anaconda3/lib/python3.12/site-packages/kiteconnect/connect.py", line 865, in _post
    return self._request(route, "POST", url_args=url_args, params=params, is_json=is_json, query_params=query_params)
           ^^^^^^^^^^^^^^^^^^^^^^^^^^^^^^^^^^^^^^^^^^^^^^^^^^^^^^^^^^^^^^^^^^^^^^^^^^^^^^^^^^^^^^^^^^^^^^^^^^^^^^^^^^
  File "/opt/anaconda3/lib/python3.12/site-packages/kiteconnect/connect.py", line 937, in _request
    raise exp(data["message"], code=r.status_code)
kiteconnect.exceptions.TokenException: Incorrect `api_key` or `access_token`.
2025-11-17 01:01:47 | ERROR    | Failed to place order for BANKNIFTY51500PE
2025-11-17 01:01:47 | WARNING  | BUY legs failed for lot_size=8
2025-11-17 01:01:48 | ERROR    | Error exiting partial positions: Incorrect `api_key` or `access_token`.
Traceback (most recent call last):
  File "/Users/rohan/Downloads/Vridhi_Capital_Trading_System/src/trading_system/oms/order_manager.py", line 822, in _exit_partial_positions
    return 0, 0.0
                  
  File "/opt/anaconda3/lib/python3.12/site-packages/kiteconnect/connect.py", line 445, in positions
    return self._get("portfolio.positions")
           ^^^^^^^^^^^^^^^^^^^^^^^^^^^^^^^^
  File "/opt/anaconda3/lib/python3.12/site-packages/kiteconnect/connect.py", line 861, in _get
    return self._request(route, "GET", url_args=url_args, params=params, is_json=is_json)
           ^^^^^^^^^^^^^^^^^^^^^^^^^^^^^^^^^^^^^^^^^^^^^^^^^^^^^^^^^^^^^^^^^^^^^^^^^^^^^^
  File "/opt/anaconda3/lib/python3.12/site-packages/kiteconnect/connect.py", line 937, in _request
    raise exp(data["message"], code=r.status_code)
kiteconnect.exceptions.TokenException: Incorrect `api_key` or `access_token`.
2025-11-17 01:01:48 | DEBUG    | Executing BUY legs: 2 orders
2025-11-17 01:01:48 | ERROR    | Failed to place order: BANKNIFTY51500PE | error=Incorrect `api_key` or `access_token`.
Traceback (most recent call last):
  File "/Users/rohan/Downloads/Vridhi_Capital_Trading_System/src/trading_system/oms/order_manager.py", line 743, in _place_market_order
    order_id=fake_id,
           ^^^^^^^^^^
  File "/opt/anaconda3/lib/python3.12/site-packages/kiteconnect/connect.py", line 361, in place_order
    return self._post("order.place",
           ^^^^^^^^^^^^^^^^^^^^^^^^^
  File "/opt/anaconda3/lib/python3.12/site-packages/kiteconnect/connect.py", line 865, in _post
    return self._request(route, "POST", url_args=url_args, params=params, is_json=is_json, query_params=query_params)
           ^^^^^^^^^^^^^^^^^^^^^^^^^^^^^^^^^^^^^^^^^^^^^^^^^^^^^^^^^^^^^^^^^^^^^^^^^^^^^^^^^^^^^^^^^^^^^^^^^^^^^^^^^^
  File "/opt/anaconda3/lib/python3.12/site-packages/kiteconnect/connect.py", line 937, in _request
    raise exp(data["message"], code=r.status_code)
kiteconnect.exceptions.TokenException: Incorrect `api_key` or `access_token`.
2025-11-17 01:01:48 | ERROR    | Failed to place order for BANKNIFTY51500PE
2025-11-17 01:01:48 | WARNING  | BUY legs failed for lot_size=4
2025-11-17 01:01:48 | ERROR    | Error exiting partial positions: Incorrect `api_key` or `access_token`.
Traceback (most recent call last):
  File "/Users/rohan/Downloads/Vridhi_Capital_Trading_System/src/trading_system/oms/order_manager.py", line 822, in _exit_partial_positions
    return 0, 0.0
                  
  File "/opt/anaconda3/lib/python3.12/site-packages/kiteconnect/connect.py", line 445, in positions
    return self._get("portfolio.positions")
           ^^^^^^^^^^^^^^^^^^^^^^^^^^^^^^^^
  File "/opt/anaconda3/lib/python3.12/site-packages/kiteconnect/connect.py", line 861, in _get
    return self._request(route, "GET", url_args=url_args, params=params, is_json=is_json)
           ^^^^^^^^^^^^^^^^^^^^^^^^^^^^^^^^^^^^^^^^^^^^^^^^^^^^^^^^^^^^^^^^^^^^^^^^^^^^^^
  File "/opt/anaconda3/lib/python3.12/site-packages/kiteconnect/connect.py", line 937, in _request
    raise exp(data["message"], code=r.status_code)
kiteconnect.exceptions.TokenException: Incorrect `api_key` or `access_token`.
2025-11-17 01:01:48 | DEBUG    | Executing BUY legs: 2 orders
2025-11-17 01:01:48 | ERROR    | Failed to place order: BANKNIFTY51500PE | error=Incorrect `api_key` or `access_token`.
Traceback (most recent call last):
  File "/Users/rohan/Downloads/Vridhi_Capital_Trading_System/src/trading_system/oms/order_manager.py", line 743, in _place_market_order
    order_id=fake_id,
           ^^^^^^^^^^
  File "/opt/anaconda3/lib/python3.12/site-packages/kiteconnect/connect.py", line 361, in place_order
    return self._post("order.place",
           ^^^^^^^^^^^^^^^^^^^^^^^^^
  File "/opt/anaconda3/lib/python3.12/site-packages/kiteconnect/connect.py", line 865, in _post
    return self._request(route, "POST", url_args=url_args, params=params, is_json=is_json, query_params=query_params)
           ^^^^^^^^^^^^^^^^^^^^^^^^^^^^^^^^^^^^^^^^^^^^^^^^^^^^^^^^^^^^^^^^^^^^^^^^^^^^^^^^^^^^^^^^^^^^^^^^^^^^^^^^^^
  File "/opt/anaconda3/lib/python3.12/site-packages/kiteconnect/connect.py", line 937, in _request
    raise exp(data["message"], code=r.status_code)
kiteconnect.exceptions.TokenException: Incorrect `api_key` or `access_token`.
2025-11-17 01:01:48 | ERROR    | Failed to place order for BANKNIFTY51500PE
2025-11-17 01:01:48 | WARNING  | BUY legs failed for lot_size=2
2025-11-17 01:01:48 | ERROR    | Error exiting partial positions: Incorrect `api_key` or `access_token`.
Traceback (most recent call last):
  File "/Users/rohan/Downloads/Vridhi_Capital_Trading_System/src/trading_system/oms/order_manager.py", line 822, in _exit_partial_positions
    return 0, 0.0
                  
  File "/opt/anaconda3/lib/python3.12/site-packages/kiteconnect/connect.py", line 445, in positions
    return self._get("portfolio.positions")
           ^^^^^^^^^^^^^^^^^^^^^^^^^^^^^^^^
  File "/opt/anaconda3/lib/python3.12/site-packages/kiteconnect/connect.py", line 861, in _get
    return self._request(route, "GET", url_args=url_args, params=params, is_json=is_json)
           ^^^^^^^^^^^^^^^^^^^^^^^^^^^^^^^^^^^^^^^^^^^^^^^^^^^^^^^^^^^^^^^^^^^^^^^^^^^^^^
  File "/opt/anaconda3/lib/python3.12/site-packages/kiteconnect/connect.py", line 937, in _request
    raise exp(data["message"], code=r.status_code)
kiteconnect.exceptions.TokenException: Incorrect `api_key` or `access_token`.
2025-11-17 01:01:48 | DEBUG    | Executing BUY legs: 2 orders
2025-11-17 01:01:49 | ERROR    | Failed to place order: BANKNIFTY51500PE | error=Incorrect `api_key` or `access_token`.
Traceback (most recent call last):
  File "/Users/rohan/Downloads/Vridhi_Capital_Trading_System/src/trading_system/oms/order_manager.py", line 743, in _place_market_order
    order_id=fake_id,
           ^^^^^^^^^^
  File "/opt/anaconda3/lib/python3.12/site-packages/kiteconnect/connect.py", line 361, in place_order
    return self._post("order.place",
           ^^^^^^^^^^^^^^^^^^^^^^^^^
  File "/opt/anaconda3/lib/python3.12/site-packages/kiteconnect/connect.py", line 865, in _post
    return self._request(route, "POST", url_args=url_args, params=params, is_json=is_json, query_params=query_params)
           ^^^^^^^^^^^^^^^^^^^^^^^^^^^^^^^^^^^^^^^^^^^^^^^^^^^^^^^^^^^^^^^^^^^^^^^^^^^^^^^^^^^^^^^^^^^^^^^^^^^^^^^^^^
  File "/opt/anaconda3/lib/python3.12/site-packages/kiteconnect/connect.py", line 937, in _request
    raise exp(data["message"], code=r.status_code)
kiteconnect.exceptions.TokenException: Incorrect `api_key` or `access_token`.
2025-11-17 01:01:49 | ERROR    | Failed to place order for BANKNIFTY51500PE
2025-11-17 01:01:49 | WARNING  | BUY legs failed for lot_size=1
2025-11-17 01:01:49 | ERROR    | Error exiting partial positions: Incorrect `api_key` or `access_token`.
Traceback (most recent call last):
  File "/Users/rohan/Downloads/Vridhi_Capital_Trading_System/src/trading_system/oms/order_manager.py", line 822, in _exit_partial_positions
    return 0, 0.0
                  
  File "/opt/anaconda3/lib/python3.12/site-packages/kiteconnect/connect.py", line 445, in positions
    return self._get("portfolio.positions")
           ^^^^^^^^^^^^^^^^^^^^^^^^^^^^^^^^
  File "/opt/anaconda3/lib/python3.12/site-packages/kiteconnect/connect.py", line 861, in _get
    return self._request(route, "GET", url_args=url_args, params=params, is_json=is_json)
           ^^^^^^^^^^^^^^^^^^^^^^^^^^^^^^^^^^^^^^^^^^^^^^^^^^^^^^^^^^^^^^^^^^^^^^^^^^^^^^
  File "/opt/anaconda3/lib/python3.12/site-packages/kiteconnect/connect.py", line 937, in _request
    raise exp(data["message"], code=r.status_code)
kiteconnect.exceptions.TokenException: Incorrect `api_key` or `access_token`.
2025-11-17 01:01:49 | DEBUG    | ATM strike calculated: 51500 from futures price: 51500.2
2025-11-17 01:01:49 | INFO     | 🔴 SHORT Entry initiated | futures_price=51500.2 | atm_strike=51500 | hedge_strike=53500 | lot_size=8
2025-11-17 01:01:49 | DEBUG    | Executing BUY legs: 2 orders
2025-11-17 01:01:49 | ERROR    | Failed to place order: BANKNIFTY51500PE | error=Incorrect `api_key` or `access_token`.
Traceback (most recent call last):
  File "/Users/rohan/Downloads/Vridhi_Capital_Trading_System/src/trading_system/oms/order_manager.py", line 743, in _place_market_order
    order_id=fake_id,
           ^^^^^^^^^^
  File "/opt/anaconda3/lib/python3.12/site-packages/kiteconnect/connect.py", line 361, in place_order
    return self._post("order.place",
           ^^^^^^^^^^^^^^^^^^^^^^^^^
  File "/opt/anaconda3/lib/python3.12/site-packages/kiteconnect/connect.py", line 865, in _post
    return self._request(route, "POST", url_args=url_args, params=params, is_json=is_json, query_params=query_params)
           ^^^^^^^^^^^^^^^^^^^^^^^^^^^^^^^^^^^^^^^^^^^^^^^^^^^^^^^^^^^^^^^^^^^^^^^^^^^^^^^^^^^^^^^^^^^^^^^^^^^^^^^^^^
  File "/opt/anaconda3/lib/python3.12/site-packages/kiteconnect/connect.py", line 937, in _request
    raise exp(data["message"], code=r.status_code)
kiteconnect.exceptions.TokenException: Incorrect `api_key` or `access_token`.
2025-11-17 01:01:49 | ERROR    | Failed to place order for BANKNIFTY51500PE
2025-11-17 01:01:49 | WARNING  | BUY legs failed for lot_size=8
2025-11-17 01:01:49 | ERROR    | Error exiting partial positions: Incorrect `api_key` or `access_token`.
Traceback (most recent call last):
  File "/Users/rohan/Downloads/Vridhi_Capital_Trading_System/src/trading_system/oms/order_manager.py", line 822, in _exit_partial_positions
    return 0, 0.0
                  
  File "/opt/anaconda3/lib/python3.12/site-packages/kiteconnect/connect.py", line 445, in positions
    return self._get("portfolio.positions")
           ^^^^^^^^^^^^^^^^^^^^^^^^^^^^^^^^
  File "/opt/anaconda3/lib/python3.12/site-packages/kiteconnect/connect.py", line 861, in _get
    return self._request(route, "GET", url_args=url_args, params=params, is_json=is_json)
           ^^^^^^^^^^^^^^^^^^^^^^^^^^^^^^^^^^^^^^^^^^^^^^^^^^^^^^^^^^^^^^^^^^^^^^^^^^^^^^
  File "/opt/anaconda3/lib/python3.12/site-packages/kiteconnect/connect.py", line 937, in _request
    raise exp(data["message"], code=r.status_code)
kiteconnect.exceptions.TokenException: Incorrect `api_key` or `access_token`.
2025-11-17 01:01:49 | DEBUG    | Executing BUY legs: 2 orders
2025-11-17 01:01:49 | ERROR    | Failed to place order: BANKNIFTY51500PE | error=Incorrect `api_key` or `access_token`.
Traceback (most recent call last):
  File "/Users/rohan/Downloads/Vridhi_Capital_Trading_System/src/trading_system/oms/order_manager.py", line 743, in _place_market_order
    order_id=fake_id,
           ^^^^^^^^^^
  File "/opt/anaconda3/lib/python3.12/site-packages/kiteconnect/connect.py", line 361, in place_order
    return self._post("order.place",
           ^^^^^^^^^^^^^^^^^^^^^^^^^
  File "/opt/anaconda3/lib/python3.12/site-packages/kiteconnect/connect.py", line 865, in _post
    return self._request(route, "POST", url_args=url_args, params=params, is_json=is_json, query_params=query_params)
           ^^^^^^^^^^^^^^^^^^^^^^^^^^^^^^^^^^^^^^^^^^^^^^^^^^^^^^^^^^^^^^^^^^^^^^^^^^^^^^^^^^^^^^^^^^^^^^^^^^^^^^^^^^
  File "/opt/anaconda3/lib/python3.12/site-packages/kiteconnect/connect.py", line 937, in _request
    raise exp(data["message"], code=r.status_code)
kiteconnect.exceptions.TokenException: Incorrect `api_key` or `access_token`.
2025-11-17 01:01:49 | ERROR    | Failed to place order for BANKNIFTY51500PE
2025-11-17 01:01:49 | WARNING  | BUY legs failed for lot_size=4
2025-11-17 01:01:49 | ERROR    | Error exiting partial positions: Incorrect `api_key` or `access_token`.
Traceback (most recent call last):
  File "/Users/rohan/Downloads/Vridhi_Capital_Trading_System/src/trading_system/oms/order_manager.py", line 822, in _exit_partial_positions
    return 0, 0.0
                  
  File "/opt/anaconda3/lib/python3.12/site-packages/kiteconnect/connect.py", line 445, in positions
    return self._get("portfolio.positions")
           ^^^^^^^^^^^^^^^^^^^^^^^^^^^^^^^^
  File "/opt/anaconda3/lib/python3.12/site-packages/kiteconnect/connect.py", line 861, in _get
    return self._request(route, "GET", url_args=url_args, params=params, is_json=is_json)
           ^^^^^^^^^^^^^^^^^^^^^^^^^^^^^^^^^^^^^^^^^^^^^^^^^^^^^^^^^^^^^^^^^^^^^^^^^^^^^^
  File "/opt/anaconda3/lib/python3.12/site-packages/kiteconnect/connect.py", line 937, in _request
    raise exp(data["message"], code=r.status_code)
kiteconnect.exceptions.TokenException: Incorrect `api_key` or `access_token`.
2025-11-17 01:01:49 | DEBUG    | Executing BUY legs: 2 orders
2025-11-17 01:01:50 | ERROR    | Failed to place order: BANKNIFTY51500PE | error=Incorrect `api_key` or `access_token`.
Traceback (most recent call last):
  File "/Users/rohan/Downloads/Vridhi_Capital_Trading_System/src/trading_system/oms/order_manager.py", line 743, in _place_market_order
    order_id=fake_id,
           ^^^^^^^^^^
  File "/opt/anaconda3/lib/python3.12/site-packages/kiteconnect/connect.py", line 361, in place_order
    return self._post("order.place",
           ^^^^^^^^^^^^^^^^^^^^^^^^^
  File "/opt/anaconda3/lib/python3.12/site-packages/kiteconnect/connect.py", line 865, in _post
    return self._request(route, "POST", url_args=url_args, params=params, is_json=is_json, query_params=query_params)
           ^^^^^^^^^^^^^^^^^^^^^^^^^^^^^^^^^^^^^^^^^^^^^^^^^^^^^^^^^^^^^^^^^^^^^^^^^^^^^^^^^^^^^^^^^^^^^^^^^^^^^^^^^^
  File "/opt/anaconda3/lib/python3.12/site-packages/kiteconnect/connect.py", line 937, in _request
    raise exp(data["message"], code=r.status_code)
kiteconnect.exceptions.TokenException: Incorrect `api_key` or `access_token`.
2025-11-17 01:01:50 | ERROR    | Failed to place order for BANKNIFTY51500PE
2025-11-17 01:01:50 | WARNING  | BUY legs failed for lot_size=2
2025-11-17 01:01:50 | ERROR    | Error exiting partial positions: Incorrect `api_key` or `access_token`.
Traceback (most recent call last):
  File "/Users/rohan/Downloads/Vridhi_Capital_Trading_System/src/trading_system/oms/order_manager.py", line 822, in _exit_partial_positions
    return 0, 0.0
                  
  File "/opt/anaconda3/lib/python3.12/site-packages/kiteconnect/connect.py", line 445, in positions
    return self._get("portfolio.positions")
           ^^^^^^^^^^^^^^^^^^^^^^^^^^^^^^^^
  File "/opt/anaconda3/lib/python3.12/site-packages/kiteconnect/connect.py", line 861, in _get
    return self._request(route, "GET", url_args=url_args, params=params, is_json=is_json)
           ^^^^^^^^^^^^^^^^^^^^^^^^^^^^^^^^^^^^^^^^^^^^^^^^^^^^^^^^^^^^^^^^^^^^^^^^^^^^^^
  File "/opt/anaconda3/lib/python3.12/site-packages/kiteconnect/connect.py", line 937, in _request
    raise exp(data["message"], code=r.status_code)
kiteconnect.exceptions.TokenException: Incorrect `api_key` or `access_token`.
2025-11-17 01:01:50 | DEBUG    | Executing BUY legs: 2 orders
2025-11-17 01:01:50 | ERROR    | Failed to place order: BANKNIFTY51500PE | error=Incorrect `api_key` or `access_token`.
Traceback (most recent call last):
  File "/Users/rohan/Downloads/Vridhi_Capital_Trading_System/src/trading_system/oms/order_manager.py", line 743, in _place_market_order
    order_id=fake_id,
           ^^^^^^^^^^
  File "/opt/anaconda3/lib/python3.12/site-packages/kiteconnect/connect.py", line 361, in place_order
    return self._post("order.place",
           ^^^^^^^^^^^^^^^^^^^^^^^^^
  File "/opt/anaconda3/lib/python3.12/site-packages/kiteconnect/connect.py", line 865, in _post
    return self._request(route, "POST", url_args=url_args, params=params, is_json=is_json, query_params=query_params)
           ^^^^^^^^^^^^^^^^^^^^^^^^^^^^^^^^^^^^^^^^^^^^^^^^^^^^^^^^^^^^^^^^^^^^^^^^^^^^^^^^^^^^^^^^^^^^^^^^^^^^^^^^^^
  File "/opt/anaconda3/lib/python3.12/site-packages/kiteconnect/connect.py", line 937, in _request
    raise exp(data["message"], code=r.status_code)
kiteconnect.exceptions.TokenException: Incorrect `api_key` or `access_token`.
2025-11-17 01:01:50 | ERROR    | Failed to place order for BANKNIFTY51500PE
2025-11-17 01:01:50 | WARNING  | BUY legs failed for lot_size=1
2025-11-17 01:01:50 | ERROR    | Error exiting partial positions: Incorrect `api_key` or `access_token`.
Traceback (most recent call last):
  File "/Users/rohan/Downloads/Vridhi_Capital_Trading_System/src/trading_system/oms/order_manager.py", line 822, in _exit_partial_positions
    return 0, 0.0
                  
  File "/opt/anaconda3/lib/python3.12/site-packages/kiteconnect/connect.py", line 445, in positions
    return self._get("portfolio.positions")
           ^^^^^^^^^^^^^^^^^^^^^^^^^^^^^^^^
  File "/opt/anaconda3/lib/python3.12/site-packages/kiteconnect/connect.py", line 861, in _get
    return self._request(route, "GET", url_args=url_args, params=params, is_json=is_json)
           ^^^^^^^^^^^^^^^^^^^^^^^^^^^^^^^^^^^^^^^^^^^^^^^^^^^^^^^^^^^^^^^^^^^^^^^^^^^^^^
  File "/opt/anaconda3/lib/python3.12/site-packages/kiteconnect/connect.py", line 937, in _request
    raise exp(data["message"], code=r.status_code)
kiteconnect.exceptions.TokenException: Incorrect `api_key` or `access_token`.
2025-11-17 01:03:50 | DEBUG    | ATM strike calculated: 51500 from futures price: 51490.0
2025-11-17 01:03:50 | INFO     | 🔴 SHORT Entry initiated | futures_price=51490.0 | atm_strike=51500 | hedge_strike=53500 | lot_size=8
2025-11-17 01:03:50 | DEBUG    | Executing BUY legs: 2 orders
2025-11-17 01:03:51 | ERROR    | Failed to place order: BANKNIFTY51500PE | error=Incorrect `api_key` or `access_token`.
Traceback (most recent call last):
  File "/Users/rohan/Downloads/Vridhi_Capital_Trading_System/src/trading_system/oms/order_manager.py", line 743, in _place_market_order
    order_id=fake_id,
           ^^^^^^^^^^
  File "/opt/anaconda3/lib/python3.12/site-packages/kiteconnect/connect.py", line 361, in place_order
    return self._post("order.place",
           ^^^^^^^^^^^^^^^^^^^^^^^^^
  File "/opt/anaconda3/lib/python3.12/site-packages/kiteconnect/connect.py", line 865, in _post
    return self._request(route, "POST", url_args=url_args, params=params, is_json=is_json, query_params=query_params)
           ^^^^^^^^^^^^^^^^^^^^^^^^^^^^^^^^^^^^^^^^^^^^^^^^^^^^^^^^^^^^^^^^^^^^^^^^^^^^^^^^^^^^^^^^^^^^^^^^^^^^^^^^^^
  File "/opt/anaconda3/lib/python3.12/site-packages/kiteconnect/connect.py", line 937, in _request
    raise exp(data["message"], code=r.status_code)
kiteconnect.exceptions.TokenException: Incorrect `api_key` or `access_token`.
2025-11-17 01:03:51 | ERROR    | Failed to place order for BANKNIFTY51500PE
2025-11-17 01:03:51 | WARNING  | BUY legs failed for lot_size=8
2025-11-17 01:03:51 | ERROR    | Error exiting partial positions: Incorrect `api_key` or `access_token`.
Traceback (most recent call last):
  File "/Users/rohan/Downloads/Vridhi_Capital_Trading_System/src/trading_system/oms/order_manager.py", line 822, in _exit_partial_positions
    return 0, 0.0
                  
  File "/opt/anaconda3/lib/python3.12/site-packages/kiteconnect/connect.py", line 445, in positions
    return self._get("portfolio.positions")
           ^^^^^^^^^^^^^^^^^^^^^^^^^^^^^^^^
  File "/opt/anaconda3/lib/python3.12/site-packages/kiteconnect/connect.py", line 861, in _get
    return self._request(route, "GET", url_args=url_args, params=params, is_json=is_json)
           ^^^^^^^^^^^^^^^^^^^^^^^^^^^^^^^^^^^^^^^^^^^^^^^^^^^^^^^^^^^^^^^^^^^^^^^^^^^^^^
  File "/opt/anaconda3/lib/python3.12/site-packages/kiteconnect/connect.py", line 937, in _request
    raise exp(data["message"], code=r.status_code)
kiteconnect.exceptions.TokenException: Incorrect `api_key` or `access_token`.
2025-11-17 01:03:51 | DEBUG    | Executing BUY legs: 2 orders
2025-11-17 01:03:51 | ERROR    | Failed to place order: BANKNIFTY51500PE | error=Incorrect `api_key` or `access_token`.
Traceback (most recent call last):
  File "/Users/rohan/Downloads/Vridhi_Capital_Trading_System/src/trading_system/oms/order_manager.py", line 743, in _place_market_order
    order_id=fake_id,
           ^^^^^^^^^^
  File "/opt/anaconda3/lib/python3.12/site-packages/kiteconnect/connect.py", line 361, in place_order
    return self._post("order.place",
           ^^^^^^^^^^^^^^^^^^^^^^^^^
  File "/opt/anaconda3/lib/python3.12/site-packages/kiteconnect/connect.py", line 865, in _post
    return self._request(route, "POST", url_args=url_args, params=params, is_json=is_json, query_params=query_params)
           ^^^^^^^^^^^^^^^^^^^^^^^^^^^^^^^^^^^^^^^^^^^^^^^^^^^^^^^^^^^^^^^^^^^^^^^^^^^^^^^^^^^^^^^^^^^^^^^^^^^^^^^^^^
  File "/opt/anaconda3/lib/python3.12/site-packages/kiteconnect/connect.py", line 937, in _request
    raise exp(data["message"], code=r.status_code)
kiteconnect.exceptions.TokenException: Incorrect `api_key` or `access_token`.
2025-11-17 01:03:51 | ERROR    | Failed to place order for BANKNIFTY51500PE
2025-11-17 01:03:51 | WARNING  | BUY legs failed for lot_size=4
2025-11-17 01:03:51 | ERROR    | Error exiting partial positions: Incorrect `api_key` or `access_token`.
Traceback (most recent call last):
  File "/Users/rohan/Downloads/Vridhi_Capital_Trading_System/src/trading_system/oms/order_manager.py", line 822, in _exit_partial_positions
    return 0, 0.0
                  
  File "/opt/anaconda3/lib/python3.12/site-packages/kiteconnect/connect.py", line 445, in positions
    return self._get("portfolio.positions")
           ^^^^^^^^^^^^^^^^^^^^^^^^^^^^^^^^
  File "/opt/anaconda3/lib/python3.12/site-packages/kiteconnect/connect.py", line 861, in _get
    return self._request(route, "GET", url_args=url_args, params=params, is_json=is_json)
           ^^^^^^^^^^^^^^^^^^^^^^^^^^^^^^^^^^^^^^^^^^^^^^^^^^^^^^^^^^^^^^^^^^^^^^^^^^^^^^
  File "/opt/anaconda3/lib/python3.12/site-packages/kiteconnect/connect.py", line 937, in _request
    raise exp(data["message"], code=r.status_code)
kiteconnect.exceptions.TokenException: Incorrect `api_key` or `access_token`.
2025-11-17 01:03:51 | DEBUG    | Executing BUY legs: 2 orders
2025-11-17 01:03:51 | ERROR    | Failed to place order: BANKNIFTY51500PE | error=Incorrect `api_key` or `access_token`.
Traceback (most recent call last):
  File "/Users/rohan/Downloads/Vridhi_Capital_Trading_System/src/trading_system/oms/order_manager.py", line 743, in _place_market_order
    order_id=fake_id,
           ^^^^^^^^^^
  File "/opt/anaconda3/lib/python3.12/site-packages/kiteconnect/connect.py", line 361, in place_order
    return self._post("order.place",
           ^^^^^^^^^^^^^^^^^^^^^^^^^
  File "/opt/anaconda3/lib/python3.12/site-packages/kiteconnect/connect.py", line 865, in _post
    return self._request(route, "POST", url_args=url_args, params=params, is_json=is_json, query_params=query_params)
           ^^^^^^^^^^^^^^^^^^^^^^^^^^^^^^^^^^^^^^^^^^^^^^^^^^^^^^^^^^^^^^^^^^^^^^^^^^^^^^^^^^^^^^^^^^^^^^^^^^^^^^^^^^
  File "/opt/anaconda3/lib/python3.12/site-packages/kiteconnect/connect.py", line 937, in _request
    raise exp(data["message"], code=r.status_code)
kiteconnect.exceptions.TokenException: Incorrect `api_key` or `access_token`.
2025-11-17 01:03:51 | ERROR    | Failed to place order for BANKNIFTY51500PE
2025-11-17 01:03:51 | WARNING  | BUY legs failed for lot_size=2
2025-11-17 01:03:51 | ERROR    | Error exiting partial positions: Incorrect `api_key` or `access_token`.
Traceback (most recent call last):
  File "/Users/rohan/Downloads/Vridhi_Capital_Trading_System/src/trading_system/oms/order_manager.py", line 822, in _exit_partial_positions
    return 0, 0.0
                  
  File "/opt/anaconda3/lib/python3.12/site-packages/kiteconnect/connect.py", line 445, in positions
    return self._get("portfolio.positions")
           ^^^^^^^^^^^^^^^^^^^^^^^^^^^^^^^^
  File "/opt/anaconda3/lib/python3.12/site-packages/kiteconnect/connect.py", line 861, in _get
    return self._request(route, "GET", url_args=url_args, params=params, is_json=is_json)
           ^^^^^^^^^^^^^^^^^^^^^^^^^^^^^^^^^^^^^^^^^^^^^^^^^^^^^^^^^^^^^^^^^^^^^^^^^^^^^^
  File "/opt/anaconda3/lib/python3.12/site-packages/kiteconnect/connect.py", line 937, in _request
    raise exp(data["message"], code=r.status_code)
kiteconnect.exceptions.TokenException: Incorrect `api_key` or `access_token`.
2025-11-17 01:03:51 | DEBUG    | Executing BUY legs: 2 orders
2025-11-17 01:03:51 | ERROR    | Failed to place order: BANKNIFTY51500PE | error=Incorrect `api_key` or `access_token`.
Traceback (most recent call last):
  File "/Users/rohan/Downloads/Vridhi_Capital_Trading_System/src/trading_system/oms/order_manager.py", line 743, in _place_market_order
    order_id=fake_id,
           ^^^^^^^^^^
  File "/opt/anaconda3/lib/python3.12/site-packages/kiteconnect/connect.py", line 361, in place_order
    return self._post("order.place",
           ^^^^^^^^^^^^^^^^^^^^^^^^^
  File "/opt/anaconda3/lib/python3.12/site-packages/kiteconnect/connect.py", line 865, in _post
    return self._request(route, "POST", url_args=url_args, params=params, is_json=is_json, query_params=query_params)
           ^^^^^^^^^^^^^^^^^^^^^^^^^^^^^^^^^^^^^^^^^^^^^^^^^^^^^^^^^^^^^^^^^^^^^^^^^^^^^^^^^^^^^^^^^^^^^^^^^^^^^^^^^^
  File "/opt/anaconda3/lib/python3.12/site-packages/kiteconnect/connect.py", line 937, in _request
    raise exp(data["message"], code=r.status_code)
kiteconnect.exceptions.TokenException: Incorrect `api_key` or `access_token`.
2025-11-17 01:03:51 | ERROR    | Failed to place order for BANKNIFTY51500PE
2025-11-17 01:03:51 | WARNING  | BUY legs failed for lot_size=1
2025-11-17 01:03:52 | ERROR    | Error exiting partial positions: Incorrect `api_key` or `access_token`.
Traceback (most recent call last):
  File "/Users/rohan/Downloads/Vridhi_Capital_Trading_System/src/trading_system/oms/order_manager.py", line 822, in _exit_partial_positions
    return 0, 0.0
                  
  File "/opt/anaconda3/lib/python3.12/site-packages/kiteconnect/connect.py", line 445, in positions
    return self._get("portfolio.positions")
           ^^^^^^^^^^^^^^^^^^^^^^^^^^^^^^^^
  File "/opt/anaconda3/lib/python3.12/site-packages/kiteconnect/connect.py", line 861, in _get
    return self._request(route, "GET", url_args=url_args, params=params, is_json=is_json)
           ^^^^^^^^^^^^^^^^^^^^^^^^^^^^^^^^^^^^^^^^^^^^^^^^^^^^^^^^^^^^^^^^^^^^^^^^^^^^^^
  File "/opt/anaconda3/lib/python3.12/site-packages/kiteconnect/connect.py", line 937, in _request
    raise exp(data["message"], code=r.status_code)
kiteconnect.exceptions.TokenException: Incorrect `api_key` or `access_token`.
2025-11-17 01:03:52 | DEBUG    | ATM strike calculated: 51500 from futures price: 51490.0
2025-11-17 01:03:52 | INFO     | 🔴 SHORT Entry initiated | futures_price=51490.0 | atm_strike=51500 | hedge_strike=53500 | lot_size=8
2025-11-17 01:03:52 | DEBUG    | Executing BUY legs: 2 orders
2025-11-17 01:03:52 | ERROR    | Failed to place order: BANKNIFTY51500PE | error=Incorrect `api_key` or `access_token`.
Traceback (most recent call last):
  File "/Users/rohan/Downloads/Vridhi_Capital_Trading_System/src/trading_system/oms/order_manager.py", line 743, in _place_market_order
    order_id=fake_id,
           ^^^^^^^^^^
  File "/opt/anaconda3/lib/python3.12/site-packages/kiteconnect/connect.py", line 361, in place_order
    return self._post("order.place",
           ^^^^^^^^^^^^^^^^^^^^^^^^^
  File "/opt/anaconda3/lib/python3.12/site-packages/kiteconnect/connect.py", line 865, in _post
    return self._request(route, "POST", url_args=url_args, params=params, is_json=is_json, query_params=query_params)
           ^^^^^^^^^^^^^^^^^^^^^^^^^^^^^^^^^^^^^^^^^^^^^^^^^^^^^^^^^^^^^^^^^^^^^^^^^^^^^^^^^^^^^^^^^^^^^^^^^^^^^^^^^^
  File "/opt/anaconda3/lib/python3.12/site-packages/kiteconnect/connect.py", line 937, in _request
    raise exp(data["message"], code=r.status_code)
kiteconnect.exceptions.TokenException: Incorrect `api_key` or `access_token`.
2025-11-17 01:03:52 | ERROR    | Failed to place order for BANKNIFTY51500PE
2025-11-17 01:03:52 | WARNING  | BUY legs failed for lot_size=8
2025-11-17 01:03:52 | ERROR    | Error exiting partial positions: Incorrect `api_key` or `access_token`.
Traceback (most recent call last):
  File "/Users/rohan/Downloads/Vridhi_Capital_Trading_System/src/trading_system/oms/order_manager.py", line 822, in _exit_partial_positions
    return 0, 0.0
                  
  File "/opt/anaconda3/lib/python3.12/site-packages/kiteconnect/connect.py", line 445, in positions
    return self._get("portfolio.positions")
           ^^^^^^^^^^^^^^^^^^^^^^^^^^^^^^^^
  File "/opt/anaconda3/lib/python3.12/site-packages/kiteconnect/connect.py", line 861, in _get
    return self._request(route, "GET", url_args=url_args, params=params, is_json=is_json)
           ^^^^^^^^^^^^^^^^^^^^^^^^^^^^^^^^^^^^^^^^^^^^^^^^^^^^^^^^^^^^^^^^^^^^^^^^^^^^^^
  File "/opt/anaconda3/lib/python3.12/site-packages/kiteconnect/connect.py", line 937, in _request
    raise exp(data["message"], code=r.status_code)
kiteconnect.exceptions.TokenException: Incorrect `api_key` or `access_token`.
2025-11-17 01:03:52 | DEBUG    | Executing BUY legs: 2 orders
2025-11-17 01:03:52 | ERROR    | Failed to place order: BANKNIFTY51500PE | error=Incorrect `api_key` or `access_token`.
Traceback (most recent call last):
  File "/Users/rohan/Downloads/Vridhi_Capital_Trading_System/src/trading_system/oms/order_manager.py", line 743, in _place_market_order
    order_id=fake_id,
           ^^^^^^^^^^
  File "/opt/anaconda3/lib/python3.12/site-packages/kiteconnect/connect.py", line 361, in place_order
    return self._post("order.place",
           ^^^^^^^^^^^^^^^^^^^^^^^^^
  File "/opt/anaconda3/lib/python3.12/site-packages/kiteconnect/connect.py", line 865, in _post
    return self._request(route, "POST", url_args=url_args, params=params, is_json=is_json, query_params=query_params)
           ^^^^^^^^^^^^^^^^^^^^^^^^^^^^^^^^^^^^^^^^^^^^^^^^^^^^^^^^^^^^^^^^^^^^^^^^^^^^^^^^^^^^^^^^^^^^^^^^^^^^^^^^^^
  File "/opt/anaconda3/lib/python3.12/site-packages/kiteconnect/connect.py", line 937, in _request
    raise exp(data["message"], code=r.status_code)
kiteconnect.exceptions.TokenException: Incorrect `api_key` or `access_token`.
2025-11-17 01:03:52 | ERROR    | Failed to place order for BANKNIFTY51500PE
2025-11-17 01:03:52 | WARNING  | BUY legs failed for lot_size=4
2025-11-17 01:03:52 | ERROR    | Error exiting partial positions: Incorrect `api_key` or `access_token`.
Traceback (most recent call last):
  File "/Users/rohan/Downloads/Vridhi_Capital_Trading_System/src/trading_system/oms/order_manager.py", line 822, in _exit_partial_positions
    return 0, 0.0
                  
  File "/opt/anaconda3/lib/python3.12/site-packages/kiteconnect/connect.py", line 445, in positions
    return self._get("portfolio.positions")
           ^^^^^^^^^^^^^^^^^^^^^^^^^^^^^^^^
  File "/opt/anaconda3/lib/python3.12/site-packages/kiteconnect/connect.py", line 861, in _get
    return self._request(route, "GET", url_args=url_args, params=params, is_json=is_json)
           ^^^^^^^^^^^^^^^^^^^^^^^^^^^^^^^^^^^^^^^^^^^^^^^^^^^^^^^^^^^^^^^^^^^^^^^^^^^^^^
  File "/opt/anaconda3/lib/python3.12/site-packages/kiteconnect/connect.py", line 937, in _request
    raise exp(data["message"], code=r.status_code)
kiteconnect.exceptions.TokenException: Incorrect `api_key` or `access_token`.
2025-11-17 01:03:52 | DEBUG    | Executing BUY legs: 2 orders
2025-11-17 01:03:52 | ERROR    | Failed to place order: BANKNIFTY51500PE | error=Incorrect `api_key` or `access_token`.
Traceback (most recent call last):
  File "/Users/rohan/Downloads/Vridhi_Capital_Trading_System/src/trading_system/oms/order_manager.py", line 743, in _place_market_order
    order_id=fake_id,
           ^^^^^^^^^^
  File "/opt/anaconda3/lib/python3.12/site-packages/kiteconnect/connect.py", line 361, in place_order
    return self._post("order.place",
           ^^^^^^^^^^^^^^^^^^^^^^^^^
  File "/opt/anaconda3/lib/python3.12/site-packages/kiteconnect/connect.py", line 865, in _post
    return self._request(route, "POST", url_args=url_args, params=params, is_json=is_json, query_params=query_params)
           ^^^^^^^^^^^^^^^^^^^^^^^^^^^^^^^^^^^^^^^^^^^^^^^^^^^^^^^^^^^^^^^^^^^^^^^^^^^^^^^^^^^^^^^^^^^^^^^^^^^^^^^^^^
  File "/opt/anaconda3/lib/python3.12/site-packages/kiteconnect/connect.py", line 937, in _request
    raise exp(data["message"], code=r.status_code)
kiteconnect.exceptions.TokenException: Incorrect `api_key` or `access_token`.
2025-11-17 01:03:52 | ERROR    | Failed to place order for BANKNIFTY51500PE
2025-11-17 01:03:52 | WARNING  | BUY legs failed for lot_size=2
2025-11-17 01:03:52 | ERROR    | Error exiting partial positions: Incorrect `api_key` or `access_token`.
Traceback (most recent call last):
  File "/Users/rohan/Downloads/Vridhi_Capital_Trading_System/src/trading_system/oms/order_manager.py", line 822, in _exit_partial_positions
    return 0, 0.0
                  
  File "/opt/anaconda3/lib/python3.12/site-packages/kiteconnect/connect.py", line 445, in positions
    return self._get("portfolio.positions")
           ^^^^^^^^^^^^^^^^^^^^^^^^^^^^^^^^
  File "/opt/anaconda3/lib/python3.12/site-packages/kiteconnect/connect.py", line 861, in _get
    return self._request(route, "GET", url_args=url_args, params=params, is_json=is_json)
           ^^^^^^^^^^^^^^^^^^^^^^^^^^^^^^^^^^^^^^^^^^^^^^^^^^^^^^^^^^^^^^^^^^^^^^^^^^^^^^
  File "/opt/anaconda3/lib/python3.12/site-packages/kiteconnect/connect.py", line 937, in _request
    raise exp(data["message"], code=r.status_code)
kiteconnect.exceptions.TokenException: Incorrect `api_key` or `access_token`.
2025-11-17 01:03:52 | DEBUG    | Executing BUY legs: 2 orders
2025-11-17 01:03:53 | ERROR    | Failed to place order: BANKNIFTY51500PE | error=Incorrect `api_key` or `access_token`.
Traceback (most recent call last):
  File "/Users/rohan/Downloads/Vridhi_Capital_Trading_System/src/trading_system/oms/order_manager.py", line 743, in _place_market_order
    order_id=fake_id,
           ^^^^^^^^^^
  File "/opt/anaconda3/lib/python3.12/site-packages/kiteconnect/connect.py", line 361, in place_order
    return self._post("order.place",
           ^^^^^^^^^^^^^^^^^^^^^^^^^
  File "/opt/anaconda3/lib/python3.12/site-packages/kiteconnect/connect.py", line 865, in _post
    return self._request(route, "POST", url_args=url_args, params=params, is_json=is_json, query_params=query_params)
           ^^^^^^^^^^^^^^^^^^^^^^^^^^^^^^^^^^^^^^^^^^^^^^^^^^^^^^^^^^^^^^^^^^^^^^^^^^^^^^^^^^^^^^^^^^^^^^^^^^^^^^^^^^
  File "/opt/anaconda3/lib/python3.12/site-packages/kiteconnect/connect.py", line 937, in _request
    raise exp(data["message"], code=r.status_code)
kiteconnect.exceptions.TokenException: Incorrect `api_key` or `access_token`.
2025-11-17 01:03:53 | ERROR    | Failed to place order for BANKNIFTY51500PE
2025-11-17 01:03:53 | WARNING  | BUY legs failed for lot_size=1
2025-11-17 01:03:53 | ERROR    | Error exiting partial positions: Incorrect `api_key` or `access_token`.
Traceback (most recent call last):
  File "/Users/rohan/Downloads/Vridhi_Capital_Trading_System/src/trading_system/oms/order_manager.py", line 822, in _exit_partial_positions
    return 0, 0.0
                  
  File "/opt/anaconda3/lib/python3.12/site-packages/kiteconnect/connect.py", line 445, in positions
    return self._get("portfolio.positions")
           ^^^^^^^^^^^^^^^^^^^^^^^^^^^^^^^^
  File "/opt/anaconda3/lib/python3.12/site-packages/kiteconnect/connect.py", line 861, in _get
    return self._request(route, "GET", url_args=url_args, params=params, is_json=is_json)
           ^^^^^^^^^^^^^^^^^^^^^^^^^^^^^^^^^^^^^^^^^^^^^^^^^^^^^^^^^^^^^^^^^^^^^^^^^^^^^^
  File "/opt/anaconda3/lib/python3.12/site-packages/kiteconnect/connect.py", line 937, in _request
    raise exp(data["message"], code=r.status_code)
kiteconnect.exceptions.TokenException: Incorrect `api_key` or `access_token`.
2025-11-17 01:05:53 | DEBUG    | ATM strike calculated: 51400 from futures price: 51403.0
2025-11-17 01:05:53 | INFO     | 🔴 SHORT Entry initiated | futures_price=51403.0 | atm_strike=51400 | hedge_strike=53400 | lot_size=8
2025-11-17 01:05:53 | DEBUG    | Executing BUY legs: 2 orders
2025-11-17 01:05:53 | ERROR    | Failed to place order: BANKNIFTY51400PE | error=Incorrect `api_key` or `access_token`.
Traceback (most recent call last):
  File "/Users/rohan/Downloads/Vridhi_Capital_Trading_System/src/trading_system/oms/order_manager.py", line 743, in _place_market_order
    order_id=fake_id,
           ^^^^^^^^^^
  File "/opt/anaconda3/lib/python3.12/site-packages/kiteconnect/connect.py", line 361, in place_order
    return self._post("order.place",
           ^^^^^^^^^^^^^^^^^^^^^^^^^
  File "/opt/anaconda3/lib/python3.12/site-packages/kiteconnect/connect.py", line 865, in _post
    return self._request(route, "POST", url_args=url_args, params=params, is_json=is_json, query_params=query_params)
           ^^^^^^^^^^^^^^^^^^^^^^^^^^^^^^^^^^^^^^^^^^^^^^^^^^^^^^^^^^^^^^^^^^^^^^^^^^^^^^^^^^^^^^^^^^^^^^^^^^^^^^^^^^
  File "/opt/anaconda3/lib/python3.12/site-packages/kiteconnect/connect.py", line 937, in _request
    raise exp(data["message"], code=r.status_code)
kiteconnect.exceptions.TokenException: Incorrect `api_key` or `access_token`.
2025-11-17 01:05:53 | ERROR    | Failed to place order for BANKNIFTY51400PE
2025-11-17 01:05:53 | WARNING  | BUY legs failed for lot_size=8
2025-11-17 01:05:53 | ERROR    | Error exiting partial positions: Incorrect `api_key` or `access_token`.
Traceback (most recent call last):
  File "/Users/rohan/Downloads/Vridhi_Capital_Trading_System/src/trading_system/oms/order_manager.py", line 822, in _exit_partial_positions
    return 0, 0.0
                  
  File "/opt/anaconda3/lib/python3.12/site-packages/kiteconnect/connect.py", line 445, in positions
    return self._get("portfolio.positions")
           ^^^^^^^^^^^^^^^^^^^^^^^^^^^^^^^^
  File "/opt/anaconda3/lib/python3.12/site-packages/kiteconnect/connect.py", line 861, in _get
    return self._request(route, "GET", url_args=url_args, params=params, is_json=is_json)
           ^^^^^^^^^^^^^^^^^^^^^^^^^^^^^^^^^^^^^^^^^^^^^^^^^^^^^^^^^^^^^^^^^^^^^^^^^^^^^^
  File "/opt/anaconda3/lib/python3.12/site-packages/kiteconnect/connect.py", line 937, in _request
    raise exp(data["message"], code=r.status_code)
kiteconnect.exceptions.TokenException: Incorrect `api_key` or `access_token`.
2025-11-17 01:05:53 | DEBUG    | Executing BUY legs: 2 orders
2025-11-17 01:05:54 | ERROR    | Failed to place order: BANKNIFTY51400PE | error=Incorrect `api_key` or `access_token`.
Traceback (most recent call last):
  File "/Users/rohan/Downloads/Vridhi_Capital_Trading_System/src/trading_system/oms/order_manager.py", line 743, in _place_market_order
    order_id=fake_id,
           ^^^^^^^^^^
  File "/opt/anaconda3/lib/python3.12/site-packages/kiteconnect/connect.py", line 361, in place_order
    return self._post("order.place",
           ^^^^^^^^^^^^^^^^^^^^^^^^^
  File "/opt/anaconda3/lib/python3.12/site-packages/kiteconnect/connect.py", line 865, in _post
    return self._request(route, "POST", url_args=url_args, params=params, is_json=is_json, query_params=query_params)
           ^^^^^^^^^^^^^^^^^^^^^^^^^^^^^^^^^^^^^^^^^^^^^^^^^^^^^^^^^^^^^^^^^^^^^^^^^^^^^^^^^^^^^^^^^^^^^^^^^^^^^^^^^^
  File "/opt/anaconda3/lib/python3.12/site-packages/kiteconnect/connect.py", line 937, in _request
    raise exp(data["message"], code=r.status_code)
kiteconnect.exceptions.TokenException: Incorrect `api_key` or `access_token`.
2025-11-17 01:05:54 | ERROR    | Failed to place order for BANKNIFTY51400PE
2025-11-17 01:05:54 | WARNING  | BUY legs failed for lot_size=4
2025-11-17 01:05:54 | ERROR    | Error exiting partial positions: Incorrect `api_key` or `access_token`.
Traceback (most recent call last):
  File "/Users/rohan/Downloads/Vridhi_Capital_Trading_System/src/trading_system/oms/order_manager.py", line 822, in _exit_partial_positions
    return 0, 0.0
                  
  File "/opt/anaconda3/lib/python3.12/site-packages/kiteconnect/connect.py", line 445, in positions
    return self._get("portfolio.positions")
           ^^^^^^^^^^^^^^^^^^^^^^^^^^^^^^^^
  File "/opt/anaconda3/lib/python3.12/site-packages/kiteconnect/connect.py", line 861, in _get
    return self._request(route, "GET", url_args=url_args, params=params, is_json=is_json)
           ^^^^^^^^^^^^^^^^^^^^^^^^^^^^^^^^^^^^^^^^^^^^^^^^^^^^^^^^^^^^^^^^^^^^^^^^^^^^^^
  File "/opt/anaconda3/lib/python3.12/site-packages/kiteconnect/connect.py", line 937, in _request
    raise exp(data["message"], code=r.status_code)
kiteconnect.exceptions.TokenException: Incorrect `api_key` or `access_token`.
2025-11-17 01:05:54 | DEBUG    | Executing BUY legs: 2 orders
2025-11-17 01:05:54 | ERROR    | Failed to place order: BANKNIFTY51400PE | error=Incorrect `api_key` or `access_token`.
Traceback (most recent call last):
  File "/Users/rohan/Downloads/Vridhi_Capital_Trading_System/src/trading_system/oms/order_manager.py", line 743, in _place_market_order
    order_id=fake_id,
           ^^^^^^^^^^
  File "/opt/anaconda3/lib/python3.12/site-packages/kiteconnect/connect.py", line 361, in place_order
    return self._post("order.place",
           ^^^^^^^^^^^^^^^^^^^^^^^^^
  File "/opt/anaconda3/lib/python3.12/site-packages/kiteconnect/connect.py", line 865, in _post
    return self._request(route, "POST", url_args=url_args, params=params, is_json=is_json, query_params=query_params)
           ^^^^^^^^^^^^^^^^^^^^^^^^^^^^^^^^^^^^^^^^^^^^^^^^^^^^^^^^^^^^^^^^^^^^^^^^^^^^^^^^^^^^^^^^^^^^^^^^^^^^^^^^^^
  File "/opt/anaconda3/lib/python3.12/site-packages/kiteconnect/connect.py", line 937, in _request
    raise exp(data["message"], code=r.status_code)
kiteconnect.exceptions.TokenException: Incorrect `api_key` or `access_token`.
2025-11-17 01:05:54 | ERROR    | Failed to place order for BANKNIFTY51400PE
2025-11-17 01:05:54 | WARNING  | BUY legs failed for lot_size=2
2025-11-17 01:05:54 | ERROR    | Error exiting partial positions: Incorrect `api_key` or `access_token`.
Traceback (most recent call last):
  File "/Users/rohan/Downloads/Vridhi_Capital_Trading_System/src/trading_system/oms/order_manager.py", line 822, in _exit_partial_positions
    return 0, 0.0
                  
  File "/opt/anaconda3/lib/python3.12/site-packages/kiteconnect/connect.py", line 445, in positions
    return self._get("portfolio.positions")
           ^^^^^^^^^^^^^^^^^^^^^^^^^^^^^^^^
  File "/opt/anaconda3/lib/python3.12/site-packages/kiteconnect/connect.py", line 861, in _get
    return self._request(route, "GET", url_args=url_args, params=params, is_json=is_json)
           ^^^^^^^^^^^^^^^^^^^^^^^^^^^^^^^^^^^^^^^^^^^^^^^^^^^^^^^^^^^^^^^^^^^^^^^^^^^^^^
  File "/opt/anaconda3/lib/python3.12/site-packages/kiteconnect/connect.py", line 937, in _request
    raise exp(data["message"], code=r.status_code)
kiteconnect.exceptions.TokenException: Incorrect `api_key` or `access_token`.
2025-11-17 01:05:54 | DEBUG    | Executing BUY legs: 2 orders
2025-11-17 01:05:54 | ERROR    | Failed to place order: BANKNIFTY51400PE | error=Incorrect `api_key` or `access_token`.
Traceback (most recent call last):
  File "/Users/rohan/Downloads/Vridhi_Capital_Trading_System/src/trading_system/oms/order_manager.py", line 743, in _place_market_order
    order_id=fake_id,
           ^^^^^^^^^^
  File "/opt/anaconda3/lib/python3.12/site-packages/kiteconnect/connect.py", line 361, in place_order
    return self._post("order.place",
           ^^^^^^^^^^^^^^^^^^^^^^^^^
  File "/opt/anaconda3/lib/python3.12/site-packages/kiteconnect/connect.py", line 865, in _post
    return self._request(route, "POST", url_args=url_args, params=params, is_json=is_json, query_params=query_params)
           ^^^^^^^^^^^^^^^^^^^^^^^^^^^^^^^^^^^^^^^^^^^^^^^^^^^^^^^^^^^^^^^^^^^^^^^^^^^^^^^^^^^^^^^^^^^^^^^^^^^^^^^^^^
  File "/opt/anaconda3/lib/python3.12/site-packages/kiteconnect/connect.py", line 937, in _request
    raise exp(data["message"], code=r.status_code)
kiteconnect.exceptions.TokenException: Incorrect `api_key` or `access_token`.
2025-11-17 01:05:54 | ERROR    | Failed to place order for BANKNIFTY51400PE
2025-11-17 01:05:54 | WARNING  | BUY legs failed for lot_size=1
2025-11-17 01:05:54 | ERROR    | Error exiting partial positions: Incorrect `api_key` or `access_token`.
Traceback (most recent call last):
  File "/Users/rohan/Downloads/Vridhi_Capital_Trading_System/src/trading_system/oms/order_manager.py", line 822, in _exit_partial_positions
    return 0, 0.0
                  
  File "/opt/anaconda3/lib/python3.12/site-packages/kiteconnect/connect.py", line 445, in positions
    return self._get("portfolio.positions")
           ^^^^^^^^^^^^^^^^^^^^^^^^^^^^^^^^
  File "/opt/anaconda3/lib/python3.12/site-packages/kiteconnect/connect.py", line 861, in _get
    return self._request(route, "GET", url_args=url_args, params=params, is_json=is_json)
           ^^^^^^^^^^^^^^^^^^^^^^^^^^^^^^^^^^^^^^^^^^^^^^^^^^^^^^^^^^^^^^^^^^^^^^^^^^^^^^
  File "/opt/anaconda3/lib/python3.12/site-packages/kiteconnect/connect.py", line 937, in _request
    raise exp(data["message"], code=r.status_code)
kiteconnect.exceptions.TokenException: Incorrect `api_key` or `access_token`.
2025-11-17 01:05:54 | DEBUG    | ATM strike calculated: 51400 from futures price: 51403.0
2025-11-17 01:05:54 | INFO     | 🔴 SHORT Entry initiated | futures_price=51403.0 | atm_strike=51400 | hedge_strike=53400 | lot_size=8
2025-11-17 01:05:54 | DEBUG    | Executing BUY legs: 2 orders
2025-11-17 01:05:54 | ERROR    | Failed to place order: BANKNIFTY51400PE | error=Incorrect `api_key` or `access_token`.
Traceback (most recent call last):
  File "/Users/rohan/Downloads/Vridhi_Capital_Trading_System/src/trading_system/oms/order_manager.py", line 743, in _place_market_order
    order_id=fake_id,
           ^^^^^^^^^^
  File "/opt/anaconda3/lib/python3.12/site-packages/kiteconnect/connect.py", line 361, in place_order
    return self._post("order.place",
           ^^^^^^^^^^^^^^^^^^^^^^^^^
  File "/opt/anaconda3/lib/python3.12/site-packages/kiteconnect/connect.py", line 865, in _post
    return self._request(route, "POST", url_args=url_args, params=params, is_json=is_json, query_params=query_params)
           ^^^^^^^^^^^^^^^^^^^^^^^^^^^^^^^^^^^^^^^^^^^^^^^^^^^^^^^^^^^^^^^^^^^^^^^^^^^^^^^^^^^^^^^^^^^^^^^^^^^^^^^^^^
  File "/opt/anaconda3/lib/python3.12/site-packages/kiteconnect/connect.py", line 937, in _request
    raise exp(data["message"], code=r.status_code)
kiteconnect.exceptions.TokenException: Incorrect `api_key` or `access_token`.
2025-11-17 01:05:54 | ERROR    | Failed to place order for BANKNIFTY51400PE
2025-11-17 01:05:54 | WARNING  | BUY legs failed for lot_size=8
2025-11-17 01:05:55 | ERROR    | Error exiting partial positions: Incorrect `api_key` or `access_token`.
Traceback (most recent call last):
  File "/Users/rohan/Downloads/Vridhi_Capital_Trading_System/src/trading_system/oms/order_manager.py", line 822, in _exit_partial_positions
    return 0, 0.0
                  
  File "/opt/anaconda3/lib/python3.12/site-packages/kiteconnect/connect.py", line 445, in positions
    return self._get("portfolio.positions")
           ^^^^^^^^^^^^^^^^^^^^^^^^^^^^^^^^
  File "/opt/anaconda3/lib/python3.12/site-packages/kiteconnect/connect.py", line 861, in _get
    return self._request(route, "GET", url_args=url_args, params=params, is_json=is_json)
           ^^^^^^^^^^^^^^^^^^^^^^^^^^^^^^^^^^^^^^^^^^^^^^^^^^^^^^^^^^^^^^^^^^^^^^^^^^^^^^
  File "/opt/anaconda3/lib/python3.12/site-packages/kiteconnect/connect.py", line 937, in _request
    raise exp(data["message"], code=r.status_code)
kiteconnect.exceptions.TokenException: Incorrect `api_key` or `access_token`.
2025-11-17 01:05:55 | DEBUG    | Executing BUY legs: 2 orders
2025-11-17 01:05:55 | ERROR    | Failed to place order: BANKNIFTY51400PE | error=Incorrect `api_key` or `access_token`.
Traceback (most recent call last):
  File "/Users/rohan/Downloads/Vridhi_Capital_Trading_System/src/trading_system/oms/order_manager.py", line 743, in _place_market_order
    order_id=fake_id,
           ^^^^^^^^^^
  File "/opt/anaconda3/lib/python3.12/site-packages/kiteconnect/connect.py", line 361, in place_order
    return self._post("order.place",
           ^^^^^^^^^^^^^^^^^^^^^^^^^
  File "/opt/anaconda3/lib/python3.12/site-packages/kiteconnect/connect.py", line 865, in _post
    return self._request(route, "POST", url_args=url_args, params=params, is_json=is_json, query_params=query_params)
           ^^^^^^^^^^^^^^^^^^^^^^^^^^^^^^^^^^^^^^^^^^^^^^^^^^^^^^^^^^^^^^^^^^^^^^^^^^^^^^^^^^^^^^^^^^^^^^^^^^^^^^^^^^
  File "/opt/anaconda3/lib/python3.12/site-packages/kiteconnect/connect.py", line 937, in _request
    raise exp(data["message"], code=r.status_code)
kiteconnect.exceptions.TokenException: Incorrect `api_key` or `access_token`.
2025-11-17 01:05:55 | ERROR    | Failed to place order for BANKNIFTY51400PE
2025-11-17 01:05:55 | WARNING  | BUY legs failed for lot_size=4
2025-11-17 01:05:55 | ERROR    | Error exiting partial positions: Incorrect `api_key` or `access_token`.
Traceback (most recent call last):
  File "/Users/rohan/Downloads/Vridhi_Capital_Trading_System/src/trading_system/oms/order_manager.py", line 822, in _exit_partial_positions
    return 0, 0.0
                  
  File "/opt/anaconda3/lib/python3.12/site-packages/kiteconnect/connect.py", line 445, in positions
    return self._get("portfolio.positions")
           ^^^^^^^^^^^^^^^^^^^^^^^^^^^^^^^^
  File "/opt/anaconda3/lib/python3.12/site-packages/kiteconnect/connect.py", line 861, in _get
    return self._request(route, "GET", url_args=url_args, params=params, is_json=is_json)
           ^^^^^^^^^^^^^^^^^^^^^^^^^^^^^^^^^^^^^^^^^^^^^^^^^^^^^^^^^^^^^^^^^^^^^^^^^^^^^^
  File "/opt/anaconda3/lib/python3.12/site-packages/kiteconnect/connect.py", line 937, in _request
    raise exp(data["message"], code=r.status_code)
kiteconnect.exceptions.TokenException: Incorrect `api_key` or `access_token`.
2025-11-17 01:05:55 | DEBUG    | Executing BUY legs: 2 orders
2025-11-17 01:05:55 | ERROR    | Failed to place order: BANKNIFTY51400PE | error=Incorrect `api_key` or `access_token`.
Traceback (most recent call last):
  File "/Users/rohan/Downloads/Vridhi_Capital_Trading_System/src/trading_system/oms/order_manager.py", line 743, in _place_market_order
    order_id=fake_id,
           ^^^^^^^^^^
  File "/opt/anaconda3/lib/python3.12/site-packages/kiteconnect/connect.py", line 361, in place_order
    return self._post("order.place",
           ^^^^^^^^^^^^^^^^^^^^^^^^^
  File "/opt/anaconda3/lib/python3.12/site-packages/kiteconnect/connect.py", line 865, in _post
    return self._request(route, "POST", url_args=url_args, params=params, is_json=is_json, query_params=query_params)
           ^^^^^^^^^^^^^^^^^^^^^^^^^^^^^^^^^^^^^^^^^^^^^^^^^^^^^^^^^^^^^^^^^^^^^^^^^^^^^^^^^^^^^^^^^^^^^^^^^^^^^^^^^^
  File "/opt/anaconda3/lib/python3.12/site-packages/kiteconnect/connect.py", line 937, in _request
    raise exp(data["message"], code=r.status_code)
kiteconnect.exceptions.TokenException: Incorrect `api_key` or `access_token`.
2025-11-17 01:05:55 | ERROR    | Failed to place order for BANKNIFTY51400PE
2025-11-17 01:05:55 | WARNING  | BUY legs failed for lot_size=2
2025-11-17 01:05:55 | ERROR    | Error exiting partial positions: Incorrect `api_key` or `access_token`.
Traceback (most recent call last):
  File "/Users/rohan/Downloads/Vridhi_Capital_Trading_System/src/trading_system/oms/order_manager.py", line 822, in _exit_partial_positions
    return 0, 0.0
                  
  File "/opt/anaconda3/lib/python3.12/site-packages/kiteconnect/connect.py", line 445, in positions
    return self._get("portfolio.positions")
           ^^^^^^^^^^^^^^^^^^^^^^^^^^^^^^^^
  File "/opt/anaconda3/lib/python3.12/site-packages/kiteconnect/connect.py", line 861, in _get
    return self._request(route, "GET", url_args=url_args, params=params, is_json=is_json)
           ^^^^^^^^^^^^^^^^^^^^^^^^^^^^^^^^^^^^^^^^^^^^^^^^^^^^^^^^^^^^^^^^^^^^^^^^^^^^^^
  File "/opt/anaconda3/lib/python3.12/site-packages/kiteconnect/connect.py", line 937, in _request
    raise exp(data["message"], code=r.status_code)
kiteconnect.exceptions.TokenException: Incorrect `api_key` or `access_token`.
2025-11-17 01:05:55 | DEBUG    | Executing BUY legs: 2 orders
2025-11-17 01:05:55 | ERROR    | Failed to place order: BANKNIFTY51400PE | error=Incorrect `api_key` or `access_token`.
Traceback (most recent call last):
  File "/Users/rohan/Downloads/Vridhi_Capital_Trading_System/src/trading_system/oms/order_manager.py", line 743, in _place_market_order
    order_id=fake_id,
           ^^^^^^^^^^
  File "/opt/anaconda3/lib/python3.12/site-packages/kiteconnect/connect.py", line 361, in place_order
    return self._post("order.place",
           ^^^^^^^^^^^^^^^^^^^^^^^^^
  File "/opt/anaconda3/lib/python3.12/site-packages/kiteconnect/connect.py", line 865, in _post
    return self._request(route, "POST", url_args=url_args, params=params, is_json=is_json, query_params=query_params)
           ^^^^^^^^^^^^^^^^^^^^^^^^^^^^^^^^^^^^^^^^^^^^^^^^^^^^^^^^^^^^^^^^^^^^^^^^^^^^^^^^^^^^^^^^^^^^^^^^^^^^^^^^^^
  File "/opt/anaconda3/lib/python3.12/site-packages/kiteconnect/connect.py", line 937, in _request
    raise exp(data["message"], code=r.status_code)
kiteconnect.exceptions.TokenException: Incorrect `api_key` or `access_token`.
2025-11-17 01:05:55 | ERROR    | Failed to place order for BANKNIFTY51400PE
2025-11-17 01:05:55 | WARNING  | BUY legs failed for lot_size=1
2025-11-17 01:05:55 | ERROR    | Error exiting partial positions: Incorrect `api_key` or `access_token`.
Traceback (most recent call last):
  File "/Users/rohan/Downloads/Vridhi_Capital_Trading_System/src/trading_system/oms/order_manager.py", line 822, in _exit_partial_positions
    return 0, 0.0
                  
  File "/opt/anaconda3/lib/python3.12/site-packages/kiteconnect/connect.py", line 445, in positions
    return self._get("portfolio.positions")
           ^^^^^^^^^^^^^^^^^^^^^^^^^^^^^^^^
  File "/opt/anaconda3/lib/python3.12/site-packages/kiteconnect/connect.py", line 861, in _get
    return self._request(route, "GET", url_args=url_args, params=params, is_json=is_json)
           ^^^^^^^^^^^^^^^^^^^^^^^^^^^^^^^^^^^^^^^^^^^^^^^^^^^^^^^^^^^^^^^^^^^^^^^^^^^^^^
  File "/opt/anaconda3/lib/python3.12/site-packages/kiteconnect/connect.py", line 937, in _request
    raise exp(data["message"], code=r.status_code)
kiteconnect.exceptions.TokenException: Incorrect `api_key` or `access_token`.
2025-11-17 01:07:55 | DEBUG    | ATM strike calculated: 51400 from futures price: 51404.3
2025-11-17 01:07:55 | INFO     | 🔵 LONG Entry initiated | futures_price=51404.3 | atm_strike=51400 | hedge_strike=49400 | lot_size=8
2025-11-17 01:07:55 | DEBUG    | Executing BUY legs: 2 orders
2025-11-17 01:07:56 | ERROR    | Failed to place order: BANKNIFTY51400CE | error=Incorrect `api_key` or `access_token`.
Traceback (most recent call last):
  File "/Users/rohan/Downloads/Vridhi_Capital_Trading_System/src/trading_system/oms/order_manager.py", line 743, in _place_market_order
    order_id=fake_id,
           ^^^^^^^^^^
  File "/opt/anaconda3/lib/python3.12/site-packages/kiteconnect/connect.py", line 361, in place_order
    return self._post("order.place",
           ^^^^^^^^^^^^^^^^^^^^^^^^^
  File "/opt/anaconda3/lib/python3.12/site-packages/kiteconnect/connect.py", line 865, in _post
    return self._request(route, "POST", url_args=url_args, params=params, is_json=is_json, query_params=query_params)
           ^^^^^^^^^^^^^^^^^^^^^^^^^^^^^^^^^^^^^^^^^^^^^^^^^^^^^^^^^^^^^^^^^^^^^^^^^^^^^^^^^^^^^^^^^^^^^^^^^^^^^^^^^^
  File "/opt/anaconda3/lib/python3.12/site-packages/kiteconnect/connect.py", line 937, in _request
    raise exp(data["message"], code=r.status_code)
kiteconnect.exceptions.TokenException: Incorrect `api_key` or `access_token`.
2025-11-17 01:07:56 | ERROR    | Failed to place order for BANKNIFTY51400CE
2025-11-17 01:07:56 | WARNING  | BUY legs failed for lot_size=8
2025-11-17 01:07:56 | ERROR    | Error exiting partial positions: Incorrect `api_key` or `access_token`.
Traceback (most recent call last):
  File "/Users/rohan/Downloads/Vridhi_Capital_Trading_System/src/trading_system/oms/order_manager.py", line 822, in _exit_partial_positions
    return 0, 0.0
                  
  File "/opt/anaconda3/lib/python3.12/site-packages/kiteconnect/connect.py", line 445, in positions
    return self._get("portfolio.positions")
           ^^^^^^^^^^^^^^^^^^^^^^^^^^^^^^^^
  File "/opt/anaconda3/lib/python3.12/site-packages/kiteconnect/connect.py", line 861, in _get
    return self._request(route, "GET", url_args=url_args, params=params, is_json=is_json)
           ^^^^^^^^^^^^^^^^^^^^^^^^^^^^^^^^^^^^^^^^^^^^^^^^^^^^^^^^^^^^^^^^^^^^^^^^^^^^^^
  File "/opt/anaconda3/lib/python3.12/site-packages/kiteconnect/connect.py", line 937, in _request
    raise exp(data["message"], code=r.status_code)
kiteconnect.exceptions.TokenException: Incorrect `api_key` or `access_token`.
2025-11-17 01:07:56 | DEBUG    | Executing BUY legs: 2 orders
2025-11-17 01:07:56 | ERROR    | Failed to place order: BANKNIFTY51400CE | error=Incorrect `api_key` or `access_token`.
Traceback (most recent call last):
  File "/Users/rohan/Downloads/Vridhi_Capital_Trading_System/src/trading_system/oms/order_manager.py", line 743, in _place_market_order
    order_id=fake_id,
           ^^^^^^^^^^
  File "/opt/anaconda3/lib/python3.12/site-packages/kiteconnect/connect.py", line 361, in place_order
    return self._post("order.place",
           ^^^^^^^^^^^^^^^^^^^^^^^^^
  File "/opt/anaconda3/lib/python3.12/site-packages/kiteconnect/connect.py", line 865, in _post
    return self._request(route, "POST", url_args=url_args, params=params, is_json=is_json, query_params=query_params)
           ^^^^^^^^^^^^^^^^^^^^^^^^^^^^^^^^^^^^^^^^^^^^^^^^^^^^^^^^^^^^^^^^^^^^^^^^^^^^^^^^^^^^^^^^^^^^^^^^^^^^^^^^^^
  File "/opt/anaconda3/lib/python3.12/site-packages/kiteconnect/connect.py", line 937, in _request
    raise exp(data["message"], code=r.status_code)
kiteconnect.exceptions.TokenException: Incorrect `api_key` or `access_token`.
2025-11-17 01:07:56 | ERROR    | Failed to place order for BANKNIFTY51400CE
2025-11-17 01:07:56 | WARNING  | BUY legs failed for lot_size=4
2025-11-17 01:07:56 | ERROR    | Error exiting partial positions: Incorrect `api_key` or `access_token`.
Traceback (most recent call last):
  File "/Users/rohan/Downloads/Vridhi_Capital_Trading_System/src/trading_system/oms/order_manager.py", line 822, in _exit_partial_positions
    return 0, 0.0
                  
  File "/opt/anaconda3/lib/python3.12/site-packages/kiteconnect/connect.py", line 445, in positions
    return self._get("portfolio.positions")
           ^^^^^^^^^^^^^^^^^^^^^^^^^^^^^^^^
  File "/opt/anaconda3/lib/python3.12/site-packages/kiteconnect/connect.py", line 861, in _get
    return self._request(route, "GET", url_args=url_args, params=params, is_json=is_json)
           ^^^^^^^^^^^^^^^^^^^^^^^^^^^^^^^^^^^^^^^^^^^^^^^^^^^^^^^^^^^^^^^^^^^^^^^^^^^^^^
  File "/opt/anaconda3/lib/python3.12/site-packages/kiteconnect/connect.py", line 937, in _request
    raise exp(data["message"], code=r.status_code)
kiteconnect.exceptions.TokenException: Incorrect `api_key` or `access_token`.
2025-11-17 01:07:56 | DEBUG    | Executing BUY legs: 2 orders
2025-11-17 01:07:57 | ERROR    | Failed to place order: BANKNIFTY51400CE | error=Incorrect `api_key` or `access_token`.
Traceback (most recent call last):
  File "/Users/rohan/Downloads/Vridhi_Capital_Trading_System/src/trading_system/oms/order_manager.py", line 743, in _place_market_order
    order_id=fake_id,
           ^^^^^^^^^^
  File "/opt/anaconda3/lib/python3.12/site-packages/kiteconnect/connect.py", line 361, in place_order
    return self._post("order.place",
           ^^^^^^^^^^^^^^^^^^^^^^^^^
  File "/opt/anaconda3/lib/python3.12/site-packages/kiteconnect/connect.py", line 865, in _post
    return self._request(route, "POST", url_args=url_args, params=params, is_json=is_json, query_params=query_params)
           ^^^^^^^^^^^^^^^^^^^^^^^^^^^^^^^^^^^^^^^^^^^^^^^^^^^^^^^^^^^^^^^^^^^^^^^^^^^^^^^^^^^^^^^^^^^^^^^^^^^^^^^^^^
  File "/opt/anaconda3/lib/python3.12/site-packages/kiteconnect/connect.py", line 937, in _request
    raise exp(data["message"], code=r.status_code)
kiteconnect.exceptions.TokenException: Incorrect `api_key` or `access_token`.
2025-11-17 01:07:57 | ERROR    | Failed to place order for BANKNIFTY51400CE
2025-11-17 01:07:57 | WARNING  | BUY legs failed for lot_size=2
2025-11-17 01:07:57 | ERROR    | Error exiting partial positions: Incorrect `api_key` or `access_token`.
Traceback (most recent call last):
  File "/Users/rohan/Downloads/Vridhi_Capital_Trading_System/src/trading_system/oms/order_manager.py", line 822, in _exit_partial_positions
    return 0, 0.0
                  
  File "/opt/anaconda3/lib/python3.12/site-packages/kiteconnect/connect.py", line 445, in positions
    return self._get("portfolio.positions")
           ^^^^^^^^^^^^^^^^^^^^^^^^^^^^^^^^
  File "/opt/anaconda3/lib/python3.12/site-packages/kiteconnect/connect.py", line 861, in _get
    return self._request(route, "GET", url_args=url_args, params=params, is_json=is_json)
           ^^^^^^^^^^^^^^^^^^^^^^^^^^^^^^^^^^^^^^^^^^^^^^^^^^^^^^^^^^^^^^^^^^^^^^^^^^^^^^
  File "/opt/anaconda3/lib/python3.12/site-packages/kiteconnect/connect.py", line 937, in _request
    raise exp(data["message"], code=r.status_code)
kiteconnect.exceptions.TokenException: Incorrect `api_key` or `access_token`.
2025-11-17 01:07:57 | DEBUG    | Executing BUY legs: 2 orders
2025-11-17 01:07:57 | ERROR    | Failed to place order: BANKNIFTY51400CE | error=Incorrect `api_key` or `access_token`.
Traceback (most recent call last):
  File "/Users/rohan/Downloads/Vridhi_Capital_Trading_System/src/trading_system/oms/order_manager.py", line 743, in _place_market_order
    order_id=fake_id,
           ^^^^^^^^^^
  File "/opt/anaconda3/lib/python3.12/site-packages/kiteconnect/connect.py", line 361, in place_order
    return self._post("order.place",
           ^^^^^^^^^^^^^^^^^^^^^^^^^
  File "/opt/anaconda3/lib/python3.12/site-packages/kiteconnect/connect.py", line 865, in _post
    return self._request(route, "POST", url_args=url_args, params=params, is_json=is_json, query_params=query_params)
           ^^^^^^^^^^^^^^^^^^^^^^^^^^^^^^^^^^^^^^^^^^^^^^^^^^^^^^^^^^^^^^^^^^^^^^^^^^^^^^^^^^^^^^^^^^^^^^^^^^^^^^^^^^
  File "/opt/anaconda3/lib/python3.12/site-packages/kiteconnect/connect.py", line 937, in _request
    raise exp(data["message"], code=r.status_code)
kiteconnect.exceptions.TokenException: Incorrect `api_key` or `access_token`.
2025-11-17 01:07:57 | ERROR    | Failed to place order for BANKNIFTY51400CE
2025-11-17 01:07:57 | WARNING  | BUY legs failed for lot_size=1
2025-11-17 01:07:57 | ERROR    | Error exiting partial positions: Incorrect `api_key` or `access_token`.
Traceback (most recent call last):
  File "/Users/rohan/Downloads/Vridhi_Capital_Trading_System/src/trading_system/oms/order_manager.py", line 822, in _exit_partial_positions
    return 0, 0.0
                  
  File "/opt/anaconda3/lib/python3.12/site-packages/kiteconnect/connect.py", line 445, in positions
    return self._get("portfolio.positions")
           ^^^^^^^^^^^^^^^^^^^^^^^^^^^^^^^^
  File "/opt/anaconda3/lib/python3.12/site-packages/kiteconnect/connect.py", line 861, in _get
    return self._request(route, "GET", url_args=url_args, params=params, is_json=is_json)
           ^^^^^^^^^^^^^^^^^^^^^^^^^^^^^^^^^^^^^^^^^^^^^^^^^^^^^^^^^^^^^^^^^^^^^^^^^^^^^^
  File "/opt/anaconda3/lib/python3.12/site-packages/kiteconnect/connect.py", line 937, in _request
    raise exp(data["message"], code=r.status_code)
kiteconnect.exceptions.TokenException: Incorrect `api_key` or `access_token`.
2025-11-17 01:07:57 | DEBUG    | ATM strike calculated: 51400 from futures price: 51404.3
2025-11-17 01:07:57 | INFO     | 🔵 LONG Entry initiated | futures_price=51404.3 | atm_strike=51400 | hedge_strike=49400 | lot_size=8
2025-11-17 01:07:57 | DEBUG    | Executing BUY legs: 2 orders
2025-11-17 01:07:57 | ERROR    | Failed to place order: BANKNIFTY51400CE | error=Incorrect `api_key` or `access_token`.
Traceback (most recent call last):
  File "/Users/rohan/Downloads/Vridhi_Capital_Trading_System/src/trading_system/oms/order_manager.py", line 743, in _place_market_order
    order_id=fake_id,
           ^^^^^^^^^^
  File "/opt/anaconda3/lib/python3.12/site-packages/kiteconnect/connect.py", line 361, in place_order
    return self._post("order.place",
           ^^^^^^^^^^^^^^^^^^^^^^^^^
  File "/opt/anaconda3/lib/python3.12/site-packages/kiteconnect/connect.py", line 865, in _post
    return self._request(route, "POST", url_args=url_args, params=params, is_json=is_json, query_params=query_params)
           ^^^^^^^^^^^^^^^^^^^^^^^^^^^^^^^^^^^^^^^^^^^^^^^^^^^^^^^^^^^^^^^^^^^^^^^^^^^^^^^^^^^^^^^^^^^^^^^^^^^^^^^^^^
  File "/opt/anaconda3/lib/python3.12/site-packages/kiteconnect/connect.py", line 937, in _request
    raise exp(data["message"], code=r.status_code)
kiteconnect.exceptions.TokenException: Incorrect `api_key` or `access_token`.
2025-11-17 01:07:57 | ERROR    | Failed to place order for BANKNIFTY51400CE
2025-11-17 01:07:57 | WARNING  | BUY legs failed for lot_size=8
2025-11-17 01:07:57 | ERROR    | Error exiting partial positions: Incorrect `api_key` or `access_token`.
Traceback (most recent call last):
  File "/Users/rohan/Downloads/Vridhi_Capital_Trading_System/src/trading_system/oms/order_manager.py", line 822, in _exit_partial_positions
    return 0, 0.0
                  
  File "/opt/anaconda3/lib/python3.12/site-packages/kiteconnect/connect.py", line 445, in positions
    return self._get("portfolio.positions")
           ^^^^^^^^^^^^^^^^^^^^^^^^^^^^^^^^
  File "/opt/anaconda3/lib/python3.12/site-packages/kiteconnect/connect.py", line 861, in _get
    return self._request(route, "GET", url_args=url_args, params=params, is_json=is_json)
           ^^^^^^^^^^^^^^^^^^^^^^^^^^^^^^^^^^^^^^^^^^^^^^^^^^^^^^^^^^^^^^^^^^^^^^^^^^^^^^
  File "/opt/anaconda3/lib/python3.12/site-packages/kiteconnect/connect.py", line 937, in _request
    raise exp(data["message"], code=r.status_code)
kiteconnect.exceptions.TokenException: Incorrect `api_key` or `access_token`.
2025-11-17 01:07:57 | DEBUG    | Executing BUY legs: 2 orders
2025-11-17 01:07:57 | ERROR    | Failed to place order: BANKNIFTY51400CE | error=Incorrect `api_key` or `access_token`.
Traceback (most recent call last):
  File "/Users/rohan/Downloads/Vridhi_Capital_Trading_System/src/trading_system/oms/order_manager.py", line 743, in _place_market_order
    order_id=fake_id,
           ^^^^^^^^^^
  File "/opt/anaconda3/lib/python3.12/site-packages/kiteconnect/connect.py", line 361, in place_order
    return self._post("order.place",
           ^^^^^^^^^^^^^^^^^^^^^^^^^
  File "/opt/anaconda3/lib/python3.12/site-packages/kiteconnect/connect.py", line 865, in _post
    return self._request(route, "POST", url_args=url_args, params=params, is_json=is_json, query_params=query_params)
           ^^^^^^^^^^^^^^^^^^^^^^^^^^^^^^^^^^^^^^^^^^^^^^^^^^^^^^^^^^^^^^^^^^^^^^^^^^^^^^^^^^^^^^^^^^^^^^^^^^^^^^^^^^
  File "/opt/anaconda3/lib/python3.12/site-packages/kiteconnect/connect.py", line 937, in _request
    raise exp(data["message"], code=r.status_code)
kiteconnect.exceptions.TokenException: Incorrect `api_key` or `access_token`.
2025-11-17 01:07:57 | ERROR    | Failed to place order for BANKNIFTY51400CE
2025-11-17 01:07:57 | WARNING  | BUY legs failed for lot_size=4
2025-11-17 01:07:58 | ERROR    | Error exiting partial positions: Incorrect `api_key` or `access_token`.
Traceback (most recent call last):
  File "/Users/rohan/Downloads/Vridhi_Capital_Trading_System/src/trading_system/oms/order_manager.py", line 822, in _exit_partial_positions
    return 0, 0.0
                  
  File "/opt/anaconda3/lib/python3.12/site-packages/kiteconnect/connect.py", line 445, in positions
    return self._get("portfolio.positions")
           ^^^^^^^^^^^^^^^^^^^^^^^^^^^^^^^^
  File "/opt/anaconda3/lib/python3.12/site-packages/kiteconnect/connect.py", line 861, in _get
    return self._request(route, "GET", url_args=url_args, params=params, is_json=is_json)
           ^^^^^^^^^^^^^^^^^^^^^^^^^^^^^^^^^^^^^^^^^^^^^^^^^^^^^^^^^^^^^^^^^^^^^^^^^^^^^^
  File "/opt/anaconda3/lib/python3.12/site-packages/kiteconnect/connect.py", line 937, in _request
    raise exp(data["message"], code=r.status_code)
kiteconnect.exceptions.TokenException: Incorrect `api_key` or `access_token`.
2025-11-17 01:07:58 | DEBUG    | Executing BUY legs: 2 orders
2025-11-17 01:07:58 | ERROR    | Failed to place order: BANKNIFTY51400CE | error=Incorrect `api_key` or `access_token`.
Traceback (most recent call last):
  File "/Users/rohan/Downloads/Vridhi_Capital_Trading_System/src/trading_system/oms/order_manager.py", line 743, in _place_market_order
    order_id=fake_id,
           ^^^^^^^^^^
  File "/opt/anaconda3/lib/python3.12/site-packages/kiteconnect/connect.py", line 361, in place_order
    return self._post("order.place",
           ^^^^^^^^^^^^^^^^^^^^^^^^^
  File "/opt/anaconda3/lib/python3.12/site-packages/kiteconnect/connect.py", line 865, in _post
    return self._request(route, "POST", url_args=url_args, params=params, is_json=is_json, query_params=query_params)
           ^^^^^^^^^^^^^^^^^^^^^^^^^^^^^^^^^^^^^^^^^^^^^^^^^^^^^^^^^^^^^^^^^^^^^^^^^^^^^^^^^^^^^^^^^^^^^^^^^^^^^^^^^^
  File "/opt/anaconda3/lib/python3.12/site-packages/kiteconnect/connect.py", line 937, in _request
    raise exp(data["message"], code=r.status_code)
kiteconnect.exceptions.TokenException: Incorrect `api_key` or `access_token`.
2025-11-17 01:07:58 | ERROR    | Failed to place order for BANKNIFTY51400CE
2025-11-17 01:07:58 | WARNING  | BUY legs failed for lot_size=2
2025-11-17 01:07:58 | ERROR    | Error exiting partial positions: Incorrect `api_key` or `access_token`.
Traceback (most recent call last):
  File "/Users/rohan/Downloads/Vridhi_Capital_Trading_System/src/trading_system/oms/order_manager.py", line 822, in _exit_partial_positions
    return 0, 0.0
                  
  File "/opt/anaconda3/lib/python3.12/site-packages/kiteconnect/connect.py", line 445, in positions
    return self._get("portfolio.positions")
           ^^^^^^^^^^^^^^^^^^^^^^^^^^^^^^^^
  File "/opt/anaconda3/lib/python3.12/site-packages/kiteconnect/connect.py", line 861, in _get
    return self._request(route, "GET", url_args=url_args, params=params, is_json=is_json)
           ^^^^^^^^^^^^^^^^^^^^^^^^^^^^^^^^^^^^^^^^^^^^^^^^^^^^^^^^^^^^^^^^^^^^^^^^^^^^^^
  File "/opt/anaconda3/lib/python3.12/site-packages/kiteconnect/connect.py", line 937, in _request
    raise exp(data["message"], code=r.status_code)
kiteconnect.exceptions.TokenException: Incorrect `api_key` or `access_token`.
2025-11-17 01:07:58 | DEBUG    | Executing BUY legs: 2 orders
2025-11-17 01:07:58 | ERROR    | Failed to place order: BANKNIFTY51400CE | error=Incorrect `api_key` or `access_token`.
Traceback (most recent call last):
  File "/Users/rohan/Downloads/Vridhi_Capital_Trading_System/src/trading_system/oms/order_manager.py", line 743, in _place_market_order
    order_id=fake_id,
           ^^^^^^^^^^
  File "/opt/anaconda3/lib/python3.12/site-packages/kiteconnect/connect.py", line 361, in place_order
    return self._post("order.place",
           ^^^^^^^^^^^^^^^^^^^^^^^^^
  File "/opt/anaconda3/lib/python3.12/site-packages/kiteconnect/connect.py", line 865, in _post
    return self._request(route, "POST", url_args=url_args, params=params, is_json=is_json, query_params=query_params)
           ^^^^^^^^^^^^^^^^^^^^^^^^^^^^^^^^^^^^^^^^^^^^^^^^^^^^^^^^^^^^^^^^^^^^^^^^^^^^^^^^^^^^^^^^^^^^^^^^^^^^^^^^^^
  File "/opt/anaconda3/lib/python3.12/site-packages/kiteconnect/connect.py", line 937, in _request
    raise exp(data["message"], code=r.status_code)
kiteconnect.exceptions.TokenException: Incorrect `api_key` or `access_token`.
2025-11-17 01:07:58 | ERROR    | Failed to place order for BANKNIFTY51400CE
2025-11-17 01:07:58 | WARNING  | BUY legs failed for lot_size=1
2025-11-17 01:07:58 | ERROR    | Error exiting partial positions: Incorrect `api_key` or `access_token`.
Traceback (most recent call last):
  File "/Users/rohan/Downloads/Vridhi_Capital_Trading_System/src/trading_system/oms/order_manager.py", line 822, in _exit_partial_positions
    return 0, 0.0
                  
  File "/opt/anaconda3/lib/python3.12/site-packages/kiteconnect/connect.py", line 445, in positions
    return self._get("portfolio.positions")
           ^^^^^^^^^^^^^^^^^^^^^^^^^^^^^^^^
  File "/opt/anaconda3/lib/python3.12/site-packages/kiteconnect/connect.py", line 861, in _get
    return self._request(route, "GET", url_args=url_args, params=params, is_json=is_json)
           ^^^^^^^^^^^^^^^^^^^^^^^^^^^^^^^^^^^^^^^^^^^^^^^^^^^^^^^^^^^^^^^^^^^^^^^^^^^^^^
  File "/opt/anaconda3/lib/python3.12/site-packages/kiteconnect/connect.py", line 937, in _request
    raise exp(data["message"], code=r.status_code)
kiteconnect.exceptions.TokenException: Incorrect `api_key` or `access_token`.
2025-11-17 01:09:58 | DEBUG    | ATM strike calculated: 51500 from futures price: 51513.0
2025-11-17 01:09:58 | INFO     | 🔵 LONG Entry initiated | futures_price=51513.0 | atm_strike=51500 | hedge_strike=49500 | lot_size=8
2025-11-17 01:09:58 | DEBUG    | Executing BUY legs: 2 orders
2025-11-17 01:09:59 | ERROR    | Failed to place order: BANKNIFTY51500CE | error=Incorrect `api_key` or `access_token`.
Traceback (most recent call last):
  File "/Users/rohan/Downloads/Vridhi_Capital_Trading_System/src/trading_system/oms/order_manager.py", line 743, in _place_market_order
    order_id=fake_id,
           ^^^^^^^^^^
  File "/opt/anaconda3/lib/python3.12/site-packages/kiteconnect/connect.py", line 361, in place_order
    return self._post("order.place",
           ^^^^^^^^^^^^^^^^^^^^^^^^^
  File "/opt/anaconda3/lib/python3.12/site-packages/kiteconnect/connect.py", line 865, in _post
    return self._request(route, "POST", url_args=url_args, params=params, is_json=is_json, query_params=query_params)
           ^^^^^^^^^^^^^^^^^^^^^^^^^^^^^^^^^^^^^^^^^^^^^^^^^^^^^^^^^^^^^^^^^^^^^^^^^^^^^^^^^^^^^^^^^^^^^^^^^^^^^^^^^^
  File "/opt/anaconda3/lib/python3.12/site-packages/kiteconnect/connect.py", line 937, in _request
    raise exp(data["message"], code=r.status_code)
kiteconnect.exceptions.TokenException: Incorrect `api_key` or `access_token`.
2025-11-17 01:09:59 | ERROR    | Failed to place order for BANKNIFTY51500CE
2025-11-17 01:09:59 | WARNING  | BUY legs failed for lot_size=8
2025-11-17 01:09:59 | ERROR    | Error exiting partial positions: Incorrect `api_key` or `access_token`.
Traceback (most recent call last):
  File "/Users/rohan/Downloads/Vridhi_Capital_Trading_System/src/trading_system/oms/order_manager.py", line 822, in _exit_partial_positions
    return 0, 0.0
                  
  File "/opt/anaconda3/lib/python3.12/site-packages/kiteconnect/connect.py", line 445, in positions
    return self._get("portfolio.positions")
           ^^^^^^^^^^^^^^^^^^^^^^^^^^^^^^^^
  File "/opt/anaconda3/lib/python3.12/site-packages/kiteconnect/connect.py", line 861, in _get
    return self._request(route, "GET", url_args=url_args, params=params, is_json=is_json)
           ^^^^^^^^^^^^^^^^^^^^^^^^^^^^^^^^^^^^^^^^^^^^^^^^^^^^^^^^^^^^^^^^^^^^^^^^^^^^^^
  File "/opt/anaconda3/lib/python3.12/site-packages/kiteconnect/connect.py", line 937, in _request
    raise exp(data["message"], code=r.status_code)
kiteconnect.exceptions.TokenException: Incorrect `api_key` or `access_token`.
2025-11-17 01:09:59 | DEBUG    | Executing BUY legs: 2 orders
2025-11-17 01:09:59 | ERROR    | Failed to place order: BANKNIFTY51500CE | error=Incorrect `api_key` or `access_token`.
Traceback (most recent call last):
  File "/Users/rohan/Downloads/Vridhi_Capital_Trading_System/src/trading_system/oms/order_manager.py", line 743, in _place_market_order
    order_id=fake_id,
           ^^^^^^^^^^
  File "/opt/anaconda3/lib/python3.12/site-packages/kiteconnect/connect.py", line 361, in place_order
    return self._post("order.place",
           ^^^^^^^^^^^^^^^^^^^^^^^^^
  File "/opt/anaconda3/lib/python3.12/site-packages/kiteconnect/connect.py", line 865, in _post
    return self._request(route, "POST", url_args=url_args, params=params, is_json=is_json, query_params=query_params)
           ^^^^^^^^^^^^^^^^^^^^^^^^^^^^^^^^^^^^^^^^^^^^^^^^^^^^^^^^^^^^^^^^^^^^^^^^^^^^^^^^^^^^^^^^^^^^^^^^^^^^^^^^^^
  File "/opt/anaconda3/lib/python3.12/site-packages/kiteconnect/connect.py", line 937, in _request
    raise exp(data["message"], code=r.status_code)
kiteconnect.exceptions.TokenException: Incorrect `api_key` or `access_token`.
2025-11-17 01:09:59 | ERROR    | Failed to place order for BANKNIFTY51500CE
2025-11-17 01:09:59 | WARNING  | BUY legs failed for lot_size=4
2025-11-17 01:09:59 | ERROR    | Error exiting partial positions: Incorrect `api_key` or `access_token`.
Traceback (most recent call last):
  File "/Users/rohan/Downloads/Vridhi_Capital_Trading_System/src/trading_system/oms/order_manager.py", line 822, in _exit_partial_positions
    return 0, 0.0
                  
  File "/opt/anaconda3/lib/python3.12/site-packages/kiteconnect/connect.py", line 445, in positions
    return self._get("portfolio.positions")
           ^^^^^^^^^^^^^^^^^^^^^^^^^^^^^^^^
  File "/opt/anaconda3/lib/python3.12/site-packages/kiteconnect/connect.py", line 861, in _get
    return self._request(route, "GET", url_args=url_args, params=params, is_json=is_json)
           ^^^^^^^^^^^^^^^^^^^^^^^^^^^^^^^^^^^^^^^^^^^^^^^^^^^^^^^^^^^^^^^^^^^^^^^^^^^^^^
  File "/opt/anaconda3/lib/python3.12/site-packages/kiteconnect/connect.py", line 937, in _request
    raise exp(data["message"], code=r.status_code)
kiteconnect.exceptions.TokenException: Incorrect `api_key` or `access_token`.
2025-11-17 01:09:59 | DEBUG    | Executing BUY legs: 2 orders
2025-11-17 01:09:59 | ERROR    | Failed to place order: BANKNIFTY51500CE | error=Incorrect `api_key` or `access_token`.
Traceback (most recent call last):
  File "/Users/rohan/Downloads/Vridhi_Capital_Trading_System/src/trading_system/oms/order_manager.py", line 743, in _place_market_order
    order_id=fake_id,
           ^^^^^^^^^^
  File "/opt/anaconda3/lib/python3.12/site-packages/kiteconnect/connect.py", line 361, in place_order
    return self._post("order.place",
           ^^^^^^^^^^^^^^^^^^^^^^^^^
  File "/opt/anaconda3/lib/python3.12/site-packages/kiteconnect/connect.py", line 865, in _post
    return self._request(route, "POST", url_args=url_args, params=params, is_json=is_json, query_params=query_params)
           ^^^^^^^^^^^^^^^^^^^^^^^^^^^^^^^^^^^^^^^^^^^^^^^^^^^^^^^^^^^^^^^^^^^^^^^^^^^^^^^^^^^^^^^^^^^^^^^^^^^^^^^^^^
  File "/opt/anaconda3/lib/python3.12/site-packages/kiteconnect/connect.py", line 937, in _request
    raise exp(data["message"], code=r.status_code)
kiteconnect.exceptions.TokenException: Incorrect `api_key` or `access_token`.
2025-11-17 01:09:59 | ERROR    | Failed to place order for BANKNIFTY51500CE
2025-11-17 01:09:59 | WARNING  | BUY legs failed for lot_size=2
2025-11-17 01:09:59 | ERROR    | Error exiting partial positions: Incorrect `api_key` or `access_token`.
Traceback (most recent call last):
  File "/Users/rohan/Downloads/Vridhi_Capital_Trading_System/src/trading_system/oms/order_manager.py", line 822, in _exit_partial_positions
    return 0, 0.0
                  
  File "/opt/anaconda3/lib/python3.12/site-packages/kiteconnect/connect.py", line 445, in positions
    return self._get("portfolio.positions")
           ^^^^^^^^^^^^^^^^^^^^^^^^^^^^^^^^
  File "/opt/anaconda3/lib/python3.12/site-packages/kiteconnect/connect.py", line 861, in _get
    return self._request(route, "GET", url_args=url_args, params=params, is_json=is_json)
           ^^^^^^^^^^^^^^^^^^^^^^^^^^^^^^^^^^^^^^^^^^^^^^^^^^^^^^^^^^^^^^^^^^^^^^^^^^^^^^
  File "/opt/anaconda3/lib/python3.12/site-packages/kiteconnect/connect.py", line 937, in _request
    raise exp(data["message"], code=r.status_code)
kiteconnect.exceptions.TokenException: Incorrect `api_key` or `access_token`.
2025-11-17 01:09:59 | DEBUG    | Executing BUY legs: 2 orders
2025-11-17 01:10:00 | ERROR    | Failed to place order: BANKNIFTY51500CE | error=Incorrect `api_key` or `access_token`.
Traceback (most recent call last):
  File "/Users/rohan/Downloads/Vridhi_Capital_Trading_System/src/trading_system/oms/order_manager.py", line 743, in _place_market_order
    order_id=fake_id,
           ^^^^^^^^^^
  File "/opt/anaconda3/lib/python3.12/site-packages/kiteconnect/connect.py", line 361, in place_order
    return self._post("order.place",
           ^^^^^^^^^^^^^^^^^^^^^^^^^
  File "/opt/anaconda3/lib/python3.12/site-packages/kiteconnect/connect.py", line 865, in _post
    return self._request(route, "POST", url_args=url_args, params=params, is_json=is_json, query_params=query_params)
           ^^^^^^^^^^^^^^^^^^^^^^^^^^^^^^^^^^^^^^^^^^^^^^^^^^^^^^^^^^^^^^^^^^^^^^^^^^^^^^^^^^^^^^^^^^^^^^^^^^^^^^^^^^
  File "/opt/anaconda3/lib/python3.12/site-packages/kiteconnect/connect.py", line 937, in _request
    raise exp(data["message"], code=r.status_code)
kiteconnect.exceptions.TokenException: Incorrect `api_key` or `access_token`.
2025-11-17 01:10:00 | ERROR    | Failed to place order for BANKNIFTY51500CE
2025-11-17 01:10:00 | WARNING  | BUY legs failed for lot_size=1
2025-11-17 01:10:00 | ERROR    | Error exiting partial positions: Incorrect `api_key` or `access_token`.
Traceback (most recent call last):
  File "/Users/rohan/Downloads/Vridhi_Capital_Trading_System/src/trading_system/oms/order_manager.py", line 822, in _exit_partial_positions
    return 0, 0.0
                  
  File "/opt/anaconda3/lib/python3.12/site-packages/kiteconnect/connect.py", line 445, in positions
    return self._get("portfolio.positions")
           ^^^^^^^^^^^^^^^^^^^^^^^^^^^^^^^^
  File "/opt/anaconda3/lib/python3.12/site-packages/kiteconnect/connect.py", line 861, in _get
    return self._request(route, "GET", url_args=url_args, params=params, is_json=is_json)
           ^^^^^^^^^^^^^^^^^^^^^^^^^^^^^^^^^^^^^^^^^^^^^^^^^^^^^^^^^^^^^^^^^^^^^^^^^^^^^^
  File "/opt/anaconda3/lib/python3.12/site-packages/kiteconnect/connect.py", line 937, in _request
    raise exp(data["message"], code=r.status_code)
kiteconnect.exceptions.TokenException: Incorrect `api_key` or `access_token`.
2025-11-17 01:10:00 | DEBUG    | ATM strike calculated: 51500 from futures price: 51513.0
2025-11-17 01:10:00 | INFO     | 🔵 LONG Entry initiated | futures_price=51513.0 | atm_strike=51500 | hedge_strike=49500 | lot_size=8
2025-11-17 01:10:00 | DEBUG    | Executing BUY legs: 2 orders
2025-11-17 01:10:00 | ERROR    | Failed to place order: BANKNIFTY51500CE | error=Incorrect `api_key` or `access_token`.
Traceback (most recent call last):
  File "/Users/rohan/Downloads/Vridhi_Capital_Trading_System/src/trading_system/oms/order_manager.py", line 743, in _place_market_order
    order_id=fake_id,
           ^^^^^^^^^^
  File "/opt/anaconda3/lib/python3.12/site-packages/kiteconnect/connect.py", line 361, in place_order
    return self._post("order.place",
           ^^^^^^^^^^^^^^^^^^^^^^^^^
  File "/opt/anaconda3/lib/python3.12/site-packages/kiteconnect/connect.py", line 865, in _post
    return self._request(route, "POST", url_args=url_args, params=params, is_json=is_json, query_params=query_params)
           ^^^^^^^^^^^^^^^^^^^^^^^^^^^^^^^^^^^^^^^^^^^^^^^^^^^^^^^^^^^^^^^^^^^^^^^^^^^^^^^^^^^^^^^^^^^^^^^^^^^^^^^^^^
  File "/opt/anaconda3/lib/python3.12/site-packages/kiteconnect/connect.py", line 937, in _request
    raise exp(data["message"], code=r.status_code)
kiteconnect.exceptions.TokenException: Incorrect `api_key` or `access_token`.
2025-11-17 01:10:00 | ERROR    | Failed to place order for BANKNIFTY51500CE
2025-11-17 01:10:00 | WARNING  | BUY legs failed for lot_size=8
2025-11-17 01:10:00 | ERROR    | Error exiting partial positions: Incorrect `api_key` or `access_token`.
Traceback (most recent call last):
  File "/Users/rohan/Downloads/Vridhi_Capital_Trading_System/src/trading_system/oms/order_manager.py", line 822, in _exit_partial_positions
    return 0, 0.0
                  
  File "/opt/anaconda3/lib/python3.12/site-packages/kiteconnect/connect.py", line 445, in positions
    return self._get("portfolio.positions")
           ^^^^^^^^^^^^^^^^^^^^^^^^^^^^^^^^
  File "/opt/anaconda3/lib/python3.12/site-packages/kiteconnect/connect.py", line 861, in _get
    return self._request(route, "GET", url_args=url_args, params=params, is_json=is_json)
           ^^^^^^^^^^^^^^^^^^^^^^^^^^^^^^^^^^^^^^^^^^^^^^^^^^^^^^^^^^^^^^^^^^^^^^^^^^^^^^
  File "/opt/anaconda3/lib/python3.12/site-packages/kiteconnect/connect.py", line 937, in _request
    raise exp(data["message"], code=r.status_code)
kiteconnect.exceptions.TokenException: Incorrect `api_key` or `access_token`.
2025-11-17 01:10:00 | DEBUG    | Executing BUY legs: 2 orders
2025-11-17 01:10:00 | ERROR    | Failed to place order: BANKNIFTY51500CE | error=Incorrect `api_key` or `access_token`.
Traceback (most recent call last):
  File "/Users/rohan/Downloads/Vridhi_Capital_Trading_System/src/trading_system/oms/order_manager.py", line 743, in _place_market_order
    order_id=fake_id,
           ^^^^^^^^^^
  File "/opt/anaconda3/lib/python3.12/site-packages/kiteconnect/connect.py", line 361, in place_order
    return self._post("order.place",
           ^^^^^^^^^^^^^^^^^^^^^^^^^
  File "/opt/anaconda3/lib/python3.12/site-packages/kiteconnect/connect.py", line 865, in _post
    return self._request(route, "POST", url_args=url_args, params=params, is_json=is_json, query_params=query_params)
           ^^^^^^^^^^^^^^^^^^^^^^^^^^^^^^^^^^^^^^^^^^^^^^^^^^^^^^^^^^^^^^^^^^^^^^^^^^^^^^^^^^^^^^^^^^^^^^^^^^^^^^^^^^
  File "/opt/anaconda3/lib/python3.12/site-packages/kiteconnect/connect.py", line 937, in _request
    raise exp(data["message"], code=r.status_code)
kiteconnect.exceptions.TokenException: Incorrect `api_key` or `access_token`.
2025-11-17 01:10:00 | ERROR    | Failed to place order for BANKNIFTY51500CE
2025-11-17 01:10:00 | WARNING  | BUY legs failed for lot_size=4
2025-11-17 01:10:00 | ERROR    | Error exiting partial positions: Incorrect `api_key` or `access_token`.
Traceback (most recent call last):
  File "/Users/rohan/Downloads/Vridhi_Capital_Trading_System/src/trading_system/oms/order_manager.py", line 822, in _exit_partial_positions
    return 0, 0.0
                  
  File "/opt/anaconda3/lib/python3.12/site-packages/kiteconnect/connect.py", line 445, in positions
    return self._get("portfolio.positions")
           ^^^^^^^^^^^^^^^^^^^^^^^^^^^^^^^^
  File "/opt/anaconda3/lib/python3.12/site-packages/kiteconnect/connect.py", line 861, in _get
    return self._request(route, "GET", url_args=url_args, params=params, is_json=is_json)
           ^^^^^^^^^^^^^^^^^^^^^^^^^^^^^^^^^^^^^^^^^^^^^^^^^^^^^^^^^^^^^^^^^^^^^^^^^^^^^^
  File "/opt/anaconda3/lib/python3.12/site-packages/kiteconnect/connect.py", line 937, in _request
    raise exp(data["message"], code=r.status_code)
kiteconnect.exceptions.TokenException: Incorrect `api_key` or `access_token`.
2025-11-17 01:10:00 | DEBUG    | Executing BUY legs: 2 orders
2025-11-17 01:10:00 | ERROR    | Failed to place order: BANKNIFTY51500CE | error=Incorrect `api_key` or `access_token`.
Traceback (most recent call last):
  File "/Users/rohan/Downloads/Vridhi_Capital_Trading_System/src/trading_system/oms/order_manager.py", line 743, in _place_market_order
    order_id=fake_id,
           ^^^^^^^^^^
  File "/opt/anaconda3/lib/python3.12/site-packages/kiteconnect/connect.py", line 361, in place_order
    return self._post("order.place",
           ^^^^^^^^^^^^^^^^^^^^^^^^^
  File "/opt/anaconda3/lib/python3.12/site-packages/kiteconnect/connect.py", line 865, in _post
    return self._request(route, "POST", url_args=url_args, params=params, is_json=is_json, query_params=query_params)
           ^^^^^^^^^^^^^^^^^^^^^^^^^^^^^^^^^^^^^^^^^^^^^^^^^^^^^^^^^^^^^^^^^^^^^^^^^^^^^^^^^^^^^^^^^^^^^^^^^^^^^^^^^^
  File "/opt/anaconda3/lib/python3.12/site-packages/kiteconnect/connect.py", line 937, in _request
    raise exp(data["message"], code=r.status_code)
kiteconnect.exceptions.TokenException: Incorrect `api_key` or `access_token`.
2025-11-17 01:10:00 | ERROR    | Failed to place order for BANKNIFTY51500CE
2025-11-17 01:10:00 | WARNING  | BUY legs failed for lot_size=2
2025-11-17 01:10:01 | ERROR    | Error exiting partial positions: Incorrect `api_key` or `access_token`.
Traceback (most recent call last):
  File "/Users/rohan/Downloads/Vridhi_Capital_Trading_System/src/trading_system/oms/order_manager.py", line 822, in _exit_partial_positions
    return 0, 0.0
                  
  File "/opt/anaconda3/lib/python3.12/site-packages/kiteconnect/connect.py", line 445, in positions
    return self._get("portfolio.positions")
           ^^^^^^^^^^^^^^^^^^^^^^^^^^^^^^^^
  File "/opt/anaconda3/lib/python3.12/site-packages/kiteconnect/connect.py", line 861, in _get
    return self._request(route, "GET", url_args=url_args, params=params, is_json=is_json)
           ^^^^^^^^^^^^^^^^^^^^^^^^^^^^^^^^^^^^^^^^^^^^^^^^^^^^^^^^^^^^^^^^^^^^^^^^^^^^^^
  File "/opt/anaconda3/lib/python3.12/site-packages/kiteconnect/connect.py", line 937, in _request
    raise exp(data["message"], code=r.status_code)
kiteconnect.exceptions.TokenException: Incorrect `api_key` or `access_token`.
2025-11-17 01:10:01 | DEBUG    | Executing BUY legs: 2 orders
2025-11-17 01:10:01 | ERROR    | Failed to place order: BANKNIFTY51500CE | error=Incorrect `api_key` or `access_token`.
Traceback (most recent call last):
  File "/Users/rohan/Downloads/Vridhi_Capital_Trading_System/src/trading_system/oms/order_manager.py", line 743, in _place_market_order
    order_id=fake_id,
           ^^^^^^^^^^
  File "/opt/anaconda3/lib/python3.12/site-packages/kiteconnect/connect.py", line 361, in place_order
    return self._post("order.place",
           ^^^^^^^^^^^^^^^^^^^^^^^^^
  File "/opt/anaconda3/lib/python3.12/site-packages/kiteconnect/connect.py", line 865, in _post
    return self._request(route, "POST", url_args=url_args, params=params, is_json=is_json, query_params=query_params)
           ^^^^^^^^^^^^^^^^^^^^^^^^^^^^^^^^^^^^^^^^^^^^^^^^^^^^^^^^^^^^^^^^^^^^^^^^^^^^^^^^^^^^^^^^^^^^^^^^^^^^^^^^^^
  File "/opt/anaconda3/lib/python3.12/site-packages/kiteconnect/connect.py", line 937, in _request
    raise exp(data["message"], code=r.status_code)
kiteconnect.exceptions.TokenException: Incorrect `api_key` or `access_token`.
2025-11-17 01:10:01 | ERROR    | Failed to place order for BANKNIFTY51500CE
2025-11-17 01:10:01 | WARNING  | BUY legs failed for lot_size=1
2025-11-17 01:10:01 | ERROR    | Error exiting partial positions: Incorrect `api_key` or `access_token`.
Traceback (most recent call last):
  File "/Users/rohan/Downloads/Vridhi_Capital_Trading_System/src/trading_system/oms/order_manager.py", line 822, in _exit_partial_positions
    return 0, 0.0
                  
  File "/opt/anaconda3/lib/python3.12/site-packages/kiteconnect/connect.py", line 445, in positions
    return self._get("portfolio.positions")
           ^^^^^^^^^^^^^^^^^^^^^^^^^^^^^^^^
  File "/opt/anaconda3/lib/python3.12/site-packages/kiteconnect/connect.py", line 861, in _get
    return self._request(route, "GET", url_args=url_args, params=params, is_json=is_json)
           ^^^^^^^^^^^^^^^^^^^^^^^^^^^^^^^^^^^^^^^^^^^^^^^^^^^^^^^^^^^^^^^^^^^^^^^^^^^^^^
  File "/opt/anaconda3/lib/python3.12/site-packages/kiteconnect/connect.py", line 937, in _request
    raise exp(data["message"], code=r.status_code)
kiteconnect.exceptions.TokenException: Incorrect `api_key` or `access_token`.
2025-11-17 01:12:01 | DEBUG    | ATM strike calculated: 51600 from futures price: 51590.0
2025-11-17 01:12:01 | INFO     | 🔵 LONG Entry initiated | futures_price=51590.0 | atm_strike=51600 | hedge_strike=49600 | lot_size=8
2025-11-17 01:12:01 | DEBUG    | Executing BUY legs: 2 orders
2025-11-17 01:12:01 | ERROR    | Failed to place order: BANKNIFTY51600CE | error=Incorrect `api_key` or `access_token`.
Traceback (most recent call last):
  File "/Users/rohan/Downloads/Vridhi_Capital_Trading_System/src/trading_system/oms/order_manager.py", line 743, in _place_market_order
    order_id=fake_id,
           ^^^^^^^^^^
  File "/opt/anaconda3/lib/python3.12/site-packages/kiteconnect/connect.py", line 361, in place_order
    return self._post("order.place",
           ^^^^^^^^^^^^^^^^^^^^^^^^^
  File "/opt/anaconda3/lib/python3.12/site-packages/kiteconnect/connect.py", line 865, in _post
    return self._request(route, "POST", url_args=url_args, params=params, is_json=is_json, query_params=query_params)
           ^^^^^^^^^^^^^^^^^^^^^^^^^^^^^^^^^^^^^^^^^^^^^^^^^^^^^^^^^^^^^^^^^^^^^^^^^^^^^^^^^^^^^^^^^^^^^^^^^^^^^^^^^^
  File "/opt/anaconda3/lib/python3.12/site-packages/kiteconnect/connect.py", line 937, in _request
    raise exp(data["message"], code=r.status_code)
kiteconnect.exceptions.TokenException: Incorrect `api_key` or `access_token`.
2025-11-17 01:12:01 | ERROR    | Failed to place order for BANKNIFTY51600CE
2025-11-17 01:12:01 | WARNING  | BUY legs failed for lot_size=8
2025-11-17 01:12:01 | ERROR    | Error exiting partial positions: Incorrect `api_key` or `access_token`.
Traceback (most recent call last):
  File "/Users/rohan/Downloads/Vridhi_Capital_Trading_System/src/trading_system/oms/order_manager.py", line 822, in _exit_partial_positions
    return 0, 0.0
                  
  File "/opt/anaconda3/lib/python3.12/site-packages/kiteconnect/connect.py", line 445, in positions
    return self._get("portfolio.positions")
           ^^^^^^^^^^^^^^^^^^^^^^^^^^^^^^^^
  File "/opt/anaconda3/lib/python3.12/site-packages/kiteconnect/connect.py", line 861, in _get
    return self._request(route, "GET", url_args=url_args, params=params, is_json=is_json)
           ^^^^^^^^^^^^^^^^^^^^^^^^^^^^^^^^^^^^^^^^^^^^^^^^^^^^^^^^^^^^^^^^^^^^^^^^^^^^^^
  File "/opt/anaconda3/lib/python3.12/site-packages/kiteconnect/connect.py", line 937, in _request
    raise exp(data["message"], code=r.status_code)
kiteconnect.exceptions.TokenException: Incorrect `api_key` or `access_token`.
2025-11-17 01:12:01 | DEBUG    | Executing BUY legs: 2 orders
2025-11-17 01:12:01 | ERROR    | Failed to place order: BANKNIFTY51600CE | error=Incorrect `api_key` or `access_token`.
Traceback (most recent call last):
  File "/Users/rohan/Downloads/Vridhi_Capital_Trading_System/src/trading_system/oms/order_manager.py", line 743, in _place_market_order
    order_id=fake_id,
           ^^^^^^^^^^
  File "/opt/anaconda3/lib/python3.12/site-packages/kiteconnect/connect.py", line 361, in place_order
    return self._post("order.place",
           ^^^^^^^^^^^^^^^^^^^^^^^^^
  File "/opt/anaconda3/lib/python3.12/site-packages/kiteconnect/connect.py", line 865, in _post
    return self._request(route, "POST", url_args=url_args, params=params, is_json=is_json, query_params=query_params)
           ^^^^^^^^^^^^^^^^^^^^^^^^^^^^^^^^^^^^^^^^^^^^^^^^^^^^^^^^^^^^^^^^^^^^^^^^^^^^^^^^^^^^^^^^^^^^^^^^^^^^^^^^^^
  File "/opt/anaconda3/lib/python3.12/site-packages/kiteconnect/connect.py", line 937, in _request
    raise exp(data["message"], code=r.status_code)
kiteconnect.exceptions.TokenException: Incorrect `api_key` or `access_token`.
2025-11-17 01:12:01 | ERROR    | Failed to place order for BANKNIFTY51600CE
2025-11-17 01:12:01 | WARNING  | BUY legs failed for lot_size=4
2025-11-17 01:12:01 | ERROR    | Error exiting partial positions: Incorrect `api_key` or `access_token`.
Traceback (most recent call last):
  File "/Users/rohan/Downloads/Vridhi_Capital_Trading_System/src/trading_system/oms/order_manager.py", line 822, in _exit_partial_positions
    return 0, 0.0
                  
  File "/opt/anaconda3/lib/python3.12/site-packages/kiteconnect/connect.py", line 445, in positions
    return self._get("portfolio.positions")
           ^^^^^^^^^^^^^^^^^^^^^^^^^^^^^^^^
  File "/opt/anaconda3/lib/python3.12/site-packages/kiteconnect/connect.py", line 861, in _get
    return self._request(route, "GET", url_args=url_args, params=params, is_json=is_json)
           ^^^^^^^^^^^^^^^^^^^^^^^^^^^^^^^^^^^^^^^^^^^^^^^^^^^^^^^^^^^^^^^^^^^^^^^^^^^^^^
  File "/opt/anaconda3/lib/python3.12/site-packages/kiteconnect/connect.py", line 937, in _request
    raise exp(data["message"], code=r.status_code)
kiteconnect.exceptions.TokenException: Incorrect `api_key` or `access_token`.
2025-11-17 01:12:01 | DEBUG    | Executing BUY legs: 2 orders
2025-11-17 01:12:02 | ERROR    | Failed to place order: BANKNIFTY51600CE | error=Incorrect `api_key` or `access_token`.
Traceback (most recent call last):
  File "/Users/rohan/Downloads/Vridhi_Capital_Trading_System/src/trading_system/oms/order_manager.py", line 743, in _place_market_order
    order_id=fake_id,
           ^^^^^^^^^^
  File "/opt/anaconda3/lib/python3.12/site-packages/kiteconnect/connect.py", line 361, in place_order
    return self._post("order.place",
           ^^^^^^^^^^^^^^^^^^^^^^^^^
  File "/opt/anaconda3/lib/python3.12/site-packages/kiteconnect/connect.py", line 865, in _post
    return self._request(route, "POST", url_args=url_args, params=params, is_json=is_json, query_params=query_params)
           ^^^^^^^^^^^^^^^^^^^^^^^^^^^^^^^^^^^^^^^^^^^^^^^^^^^^^^^^^^^^^^^^^^^^^^^^^^^^^^^^^^^^^^^^^^^^^^^^^^^^^^^^^^
  File "/opt/anaconda3/lib/python3.12/site-packages/kiteconnect/connect.py", line 937, in _request
    raise exp(data["message"], code=r.status_code)
kiteconnect.exceptions.TokenException: Incorrect `api_key` or `access_token`.
2025-11-17 01:12:02 | ERROR    | Failed to place order for BANKNIFTY51600CE
2025-11-17 01:12:02 | WARNING  | BUY legs failed for lot_size=2
2025-11-17 01:12:02 | ERROR    | Error exiting partial positions: Incorrect `api_key` or `access_token`.
Traceback (most recent call last):
  File "/Users/rohan/Downloads/Vridhi_Capital_Trading_System/src/trading_system/oms/order_manager.py", line 822, in _exit_partial_positions
    return 0, 0.0
                  
  File "/opt/anaconda3/lib/python3.12/site-packages/kiteconnect/connect.py", line 445, in positions
    return self._get("portfolio.positions")
           ^^^^^^^^^^^^^^^^^^^^^^^^^^^^^^^^
  File "/opt/anaconda3/lib/python3.12/site-packages/kiteconnect/connect.py", line 861, in _get
    return self._request(route, "GET", url_args=url_args, params=params, is_json=is_json)
           ^^^^^^^^^^^^^^^^^^^^^^^^^^^^^^^^^^^^^^^^^^^^^^^^^^^^^^^^^^^^^^^^^^^^^^^^^^^^^^
  File "/opt/anaconda3/lib/python3.12/site-packages/kiteconnect/connect.py", line 937, in _request
    raise exp(data["message"], code=r.status_code)
kiteconnect.exceptions.TokenException: Incorrect `api_key` or `access_token`.
2025-11-17 01:12:02 | DEBUG    | Executing BUY legs: 2 orders
2025-11-17 01:12:02 | ERROR    | Failed to place order: BANKNIFTY51600CE | error=Incorrect `api_key` or `access_token`.
Traceback (most recent call last):
  File "/Users/rohan/Downloads/Vridhi_Capital_Trading_System/src/trading_system/oms/order_manager.py", line 743, in _place_market_order
    order_id=fake_id,
           ^^^^^^^^^^
  File "/opt/anaconda3/lib/python3.12/site-packages/kiteconnect/connect.py", line 361, in place_order
    return self._post("order.place",
           ^^^^^^^^^^^^^^^^^^^^^^^^^
  File "/opt/anaconda3/lib/python3.12/site-packages/kiteconnect/connect.py", line 865, in _post
    return self._request(route, "POST", url_args=url_args, params=params, is_json=is_json, query_params=query_params)
           ^^^^^^^^^^^^^^^^^^^^^^^^^^^^^^^^^^^^^^^^^^^^^^^^^^^^^^^^^^^^^^^^^^^^^^^^^^^^^^^^^^^^^^^^^^^^^^^^^^^^^^^^^^
  File "/opt/anaconda3/lib/python3.12/site-packages/kiteconnect/connect.py", line 937, in _request
    raise exp(data["message"], code=r.status_code)
kiteconnect.exceptions.TokenException: Incorrect `api_key` or `access_token`.
2025-11-17 01:12:02 | ERROR    | Failed to place order for BANKNIFTY51600CE
2025-11-17 01:12:02 | WARNING  | BUY legs failed for lot_size=1
2025-11-17 01:12:02 | ERROR    | Error exiting partial positions: Incorrect `api_key` or `access_token`.
Traceback (most recent call last):
  File "/Users/rohan/Downloads/Vridhi_Capital_Trading_System/src/trading_system/oms/order_manager.py", line 822, in _exit_partial_positions
    return 0, 0.0
                  
  File "/opt/anaconda3/lib/python3.12/site-packages/kiteconnect/connect.py", line 445, in positions
    return self._get("portfolio.positions")
           ^^^^^^^^^^^^^^^^^^^^^^^^^^^^^^^^
  File "/opt/anaconda3/lib/python3.12/site-packages/kiteconnect/connect.py", line 861, in _get
    return self._request(route, "GET", url_args=url_args, params=params, is_json=is_json)
           ^^^^^^^^^^^^^^^^^^^^^^^^^^^^^^^^^^^^^^^^^^^^^^^^^^^^^^^^^^^^^^^^^^^^^^^^^^^^^^
  File "/opt/anaconda3/lib/python3.12/site-packages/kiteconnect/connect.py", line 937, in _request
    raise exp(data["message"], code=r.status_code)
kiteconnect.exceptions.TokenException: Incorrect `api_key` or `access_token`.
2025-11-17 01:12:02 | DEBUG    | ATM strike calculated: 51600 from futures price: 51590.0
2025-11-17 01:12:02 | INFO     | 🔵 LONG Entry initiated | futures_price=51590.0 | atm_strike=51600 | hedge_strike=49600 | lot_size=8
2025-11-17 01:12:02 | DEBUG    | Executing BUY legs: 2 orders
2025-11-17 01:12:02 | ERROR    | Failed to place order: BANKNIFTY51600CE | error=Incorrect `api_key` or `access_token`.
Traceback (most recent call last):
  File "/Users/rohan/Downloads/Vridhi_Capital_Trading_System/src/trading_system/oms/order_manager.py", line 743, in _place_market_order
    order_id=fake_id,
           ^^^^^^^^^^
  File "/opt/anaconda3/lib/python3.12/site-packages/kiteconnect/connect.py", line 361, in place_order
    return self._post("order.place",
           ^^^^^^^^^^^^^^^^^^^^^^^^^
  File "/opt/anaconda3/lib/python3.12/site-packages/kiteconnect/connect.py", line 865, in _post
    return self._request(route, "POST", url_args=url_args, params=params, is_json=is_json, query_params=query_params)
           ^^^^^^^^^^^^^^^^^^^^^^^^^^^^^^^^^^^^^^^^^^^^^^^^^^^^^^^^^^^^^^^^^^^^^^^^^^^^^^^^^^^^^^^^^^^^^^^^^^^^^^^^^^
  File "/opt/anaconda3/lib/python3.12/site-packages/kiteconnect/connect.py", line 937, in _request
    raise exp(data["message"], code=r.status_code)
kiteconnect.exceptions.TokenException: Incorrect `api_key` or `access_token`.
2025-11-17 01:12:02 | ERROR    | Failed to place order for BANKNIFTY51600CE
2025-11-17 01:12:02 | WARNING  | BUY legs failed for lot_size=8
2025-11-17 01:12:03 | ERROR    | Error exiting partial positions: Incorrect `api_key` or `access_token`.
Traceback (most recent call last):
  File "/Users/rohan/Downloads/Vridhi_Capital_Trading_System/src/trading_system/oms/order_manager.py", line 822, in _exit_partial_positions
    return 0, 0.0
                  
  File "/opt/anaconda3/lib/python3.12/site-packages/kiteconnect/connect.py", line 445, in positions
    return self._get("portfolio.positions")
           ^^^^^^^^^^^^^^^^^^^^^^^^^^^^^^^^
  File "/opt/anaconda3/lib/python3.12/site-packages/kiteconnect/connect.py", line 861, in _get
    return self._request(route, "GET", url_args=url_args, params=params, is_json=is_json)
           ^^^^^^^^^^^^^^^^^^^^^^^^^^^^^^^^^^^^^^^^^^^^^^^^^^^^^^^^^^^^^^^^^^^^^^^^^^^^^^
  File "/opt/anaconda3/lib/python3.12/site-packages/kiteconnect/connect.py", line 937, in _request
    raise exp(data["message"], code=r.status_code)
kiteconnect.exceptions.TokenException: Incorrect `api_key` or `access_token`.
2025-11-17 01:12:03 | DEBUG    | Executing BUY legs: 2 orders
2025-11-17 01:12:03 | ERROR    | Failed to place order: BANKNIFTY51600CE | error=Incorrect `api_key` or `access_token`.
Traceback (most recent call last):
  File "/Users/rohan/Downloads/Vridhi_Capital_Trading_System/src/trading_system/oms/order_manager.py", line 743, in _place_market_order
    order_id=fake_id,
           ^^^^^^^^^^
  File "/opt/anaconda3/lib/python3.12/site-packages/kiteconnect/connect.py", line 361, in place_order
    return self._post("order.place",
           ^^^^^^^^^^^^^^^^^^^^^^^^^
  File "/opt/anaconda3/lib/python3.12/site-packages/kiteconnect/connect.py", line 865, in _post
    return self._request(route, "POST", url_args=url_args, params=params, is_json=is_json, query_params=query_params)
           ^^^^^^^^^^^^^^^^^^^^^^^^^^^^^^^^^^^^^^^^^^^^^^^^^^^^^^^^^^^^^^^^^^^^^^^^^^^^^^^^^^^^^^^^^^^^^^^^^^^^^^^^^^
  File "/opt/anaconda3/lib/python3.12/site-packages/kiteconnect/connect.py", line 937, in _request
    raise exp(data["message"], code=r.status_code)
kiteconnect.exceptions.TokenException: Incorrect `api_key` or `access_token`.
2025-11-17 01:12:03 | ERROR    | Failed to place order for BANKNIFTY51600CE
2025-11-17 01:12:03 | WARNING  | BUY legs failed for lot_size=4
2025-11-17 01:12:03 | ERROR    | Error exiting partial positions: Incorrect `api_key` or `access_token`.
Traceback (most recent call last):
  File "/Users/rohan/Downloads/Vridhi_Capital_Trading_System/src/trading_system/oms/order_manager.py", line 822, in _exit_partial_positions
    return 0, 0.0
                  
  File "/opt/anaconda3/lib/python3.12/site-packages/kiteconnect/connect.py", line 445, in positions
    return self._get("portfolio.positions")
           ^^^^^^^^^^^^^^^^^^^^^^^^^^^^^^^^
  File "/opt/anaconda3/lib/python3.12/site-packages/kiteconnect/connect.py", line 861, in _get
    return self._request(route, "GET", url_args=url_args, params=params, is_json=is_json)
           ^^^^^^^^^^^^^^^^^^^^^^^^^^^^^^^^^^^^^^^^^^^^^^^^^^^^^^^^^^^^^^^^^^^^^^^^^^^^^^
  File "/opt/anaconda3/lib/python3.12/site-packages/kiteconnect/connect.py", line 937, in _request
    raise exp(data["message"], code=r.status_code)
kiteconnect.exceptions.TokenException: Incorrect `api_key` or `access_token`.
2025-11-17 01:12:03 | DEBUG    | Executing BUY legs: 2 orders
2025-11-17 01:12:03 | ERROR    | Failed to place order: BANKNIFTY51600CE | error=Incorrect `api_key` or `access_token`.
Traceback (most recent call last):
  File "/Users/rohan/Downloads/Vridhi_Capital_Trading_System/src/trading_system/oms/order_manager.py", line 743, in _place_market_order
    order_id=fake_id,
           ^^^^^^^^^^
  File "/opt/anaconda3/lib/python3.12/site-packages/kiteconnect/connect.py", line 361, in place_order
    return self._post("order.place",
           ^^^^^^^^^^^^^^^^^^^^^^^^^
  File "/opt/anaconda3/lib/python3.12/site-packages/kiteconnect/connect.py", line 865, in _post
    return self._request(route, "POST", url_args=url_args, params=params, is_json=is_json, query_params=query_params)
           ^^^^^^^^^^^^^^^^^^^^^^^^^^^^^^^^^^^^^^^^^^^^^^^^^^^^^^^^^^^^^^^^^^^^^^^^^^^^^^^^^^^^^^^^^^^^^^^^^^^^^^^^^^
  File "/opt/anaconda3/lib/python3.12/site-packages/kiteconnect/connect.py", line 937, in _request
    raise exp(data["message"], code=r.status_code)
kiteconnect.exceptions.TokenException: Incorrect `api_key` or `access_token`.
2025-11-17 01:12:03 | ERROR    | Failed to place order for BANKNIFTY51600CE
2025-11-17 01:12:03 | WARNING  | BUY legs failed for lot_size=2
2025-11-17 01:12:03 | ERROR    | Error exiting partial positions: Incorrect `api_key` or `access_token`.
Traceback (most recent call last):
  File "/Users/rohan/Downloads/Vridhi_Capital_Trading_System/src/trading_system/oms/order_manager.py", line 822, in _exit_partial_positions
    return 0, 0.0
                  
  File "/opt/anaconda3/lib/python3.12/site-packages/kiteconnect/connect.py", line 445, in positions
    return self._get("portfolio.positions")
           ^^^^^^^^^^^^^^^^^^^^^^^^^^^^^^^^
  File "/opt/anaconda3/lib/python3.12/site-packages/kiteconnect/connect.py", line 861, in _get
    return self._request(route, "GET", url_args=url_args, params=params, is_json=is_json)
           ^^^^^^^^^^^^^^^^^^^^^^^^^^^^^^^^^^^^^^^^^^^^^^^^^^^^^^^^^^^^^^^^^^^^^^^^^^^^^^
  File "/opt/anaconda3/lib/python3.12/site-packages/kiteconnect/connect.py", line 937, in _request
    raise exp(data["message"], code=r.status_code)
kiteconnect.exceptions.TokenException: Incorrect `api_key` or `access_token`.
2025-11-17 01:12:03 | DEBUG    | Executing BUY legs: 2 orders
2025-11-17 01:12:03 | ERROR    | Failed to place order: BANKNIFTY51600CE | error=Incorrect `api_key` or `access_token`.
Traceback (most recent call last):
  File "/Users/rohan/Downloads/Vridhi_Capital_Trading_System/src/trading_system/oms/order_manager.py", line 743, in _place_market_order
    order_id=fake_id,
           ^^^^^^^^^^
  File "/opt/anaconda3/lib/python3.12/site-packages/kiteconnect/connect.py", line 361, in place_order
    return self._post("order.place",
           ^^^^^^^^^^^^^^^^^^^^^^^^^
  File "/opt/anaconda3/lib/python3.12/site-packages/kiteconnect/connect.py", line 865, in _post
    return self._request(route, "POST", url_args=url_args, params=params, is_json=is_json, query_params=query_params)
           ^^^^^^^^^^^^^^^^^^^^^^^^^^^^^^^^^^^^^^^^^^^^^^^^^^^^^^^^^^^^^^^^^^^^^^^^^^^^^^^^^^^^^^^^^^^^^^^^^^^^^^^^^^
  File "/opt/anaconda3/lib/python3.12/site-packages/kiteconnect/connect.py", line 937, in _request
    raise exp(data["message"], code=r.status_code)
kiteconnect.exceptions.TokenException: Incorrect `api_key` or `access_token`.
2025-11-17 01:12:03 | ERROR    | Failed to place order for BANKNIFTY51600CE
2025-11-17 01:12:03 | WARNING  | BUY legs failed for lot_size=1
2025-11-17 01:12:03 | ERROR    | Error exiting partial positions: Incorrect `api_key` or `access_token`.
Traceback (most recent call last):
  File "/Users/rohan/Downloads/Vridhi_Capital_Trading_System/src/trading_system/oms/order_manager.py", line 822, in _exit_partial_positions
    return 0, 0.0
                  
  File "/opt/anaconda3/lib/python3.12/site-packages/kiteconnect/connect.py", line 445, in positions
    return self._get("portfolio.positions")
           ^^^^^^^^^^^^^^^^^^^^^^^^^^^^^^^^
  File "/opt/anaconda3/lib/python3.12/site-packages/kiteconnect/connect.py", line 861, in _get
    return self._request(route, "GET", url_args=url_args, params=params, is_json=is_json)
           ^^^^^^^^^^^^^^^^^^^^^^^^^^^^^^^^^^^^^^^^^^^^^^^^^^^^^^^^^^^^^^^^^^^^^^^^^^^^^^
  File "/opt/anaconda3/lib/python3.12/site-packages/kiteconnect/connect.py", line 937, in _request
    raise exp(data["message"], code=r.status_code)
kiteconnect.exceptions.TokenException: Incorrect `api_key` or `access_token`.
2025-11-17 01:14:03 | DEBUG    | ATM strike calculated: 51600 from futures price: 51611.0
2025-11-17 01:14:03 | INFO     | 🔵 LONG Entry initiated | futures_price=51611.0 | atm_strike=51600 | hedge_strike=49600 | lot_size=8
2025-11-17 01:14:03 | DEBUG    | Executing BUY legs: 2 orders
2025-11-17 01:14:04 | ERROR    | Failed to place order: BANKNIFTY51600CE | error=Incorrect `api_key` or `access_token`.
Traceback (most recent call last):
  File "/Users/rohan/Downloads/Vridhi_Capital_Trading_System/src/trading_system/oms/order_manager.py", line 743, in _place_market_order
    order_id=fake_id,
           ^^^^^^^^^^
  File "/opt/anaconda3/lib/python3.12/site-packages/kiteconnect/connect.py", line 361, in place_order
    return self._post("order.place",
           ^^^^^^^^^^^^^^^^^^^^^^^^^
  File "/opt/anaconda3/lib/python3.12/site-packages/kiteconnect/connect.py", line 865, in _post
    return self._request(route, "POST", url_args=url_args, params=params, is_json=is_json, query_params=query_params)
           ^^^^^^^^^^^^^^^^^^^^^^^^^^^^^^^^^^^^^^^^^^^^^^^^^^^^^^^^^^^^^^^^^^^^^^^^^^^^^^^^^^^^^^^^^^^^^^^^^^^^^^^^^^
  File "/opt/anaconda3/lib/python3.12/site-packages/kiteconnect/connect.py", line 937, in _request
    raise exp(data["message"], code=r.status_code)
kiteconnect.exceptions.TokenException: Incorrect `api_key` or `access_token`.
2025-11-17 01:14:04 | ERROR    | Failed to place order for BANKNIFTY51600CE
2025-11-17 01:14:04 | WARNING  | BUY legs failed for lot_size=8
2025-11-17 01:14:04 | ERROR    | Error exiting partial positions: Incorrect `api_key` or `access_token`.
Traceback (most recent call last):
  File "/Users/rohan/Downloads/Vridhi_Capital_Trading_System/src/trading_system/oms/order_manager.py", line 822, in _exit_partial_positions
    return 0, 0.0
                  
  File "/opt/anaconda3/lib/python3.12/site-packages/kiteconnect/connect.py", line 445, in positions
    return self._get("portfolio.positions")
           ^^^^^^^^^^^^^^^^^^^^^^^^^^^^^^^^
  File "/opt/anaconda3/lib/python3.12/site-packages/kiteconnect/connect.py", line 861, in _get
    return self._request(route, "GET", url_args=url_args, params=params, is_json=is_json)
           ^^^^^^^^^^^^^^^^^^^^^^^^^^^^^^^^^^^^^^^^^^^^^^^^^^^^^^^^^^^^^^^^^^^^^^^^^^^^^^
  File "/opt/anaconda3/lib/python3.12/site-packages/kiteconnect/connect.py", line 937, in _request
    raise exp(data["message"], code=r.status_code)
kiteconnect.exceptions.TokenException: Incorrect `api_key` or `access_token`.
2025-11-17 01:14:04 | DEBUG    | Executing BUY legs: 2 orders
2025-11-17 01:14:04 | ERROR    | Failed to place order: BANKNIFTY51600CE | error=Incorrect `api_key` or `access_token`.
Traceback (most recent call last):
  File "/Users/rohan/Downloads/Vridhi_Capital_Trading_System/src/trading_system/oms/order_manager.py", line 743, in _place_market_order
    order_id=fake_id,
           ^^^^^^^^^^
  File "/opt/anaconda3/lib/python3.12/site-packages/kiteconnect/connect.py", line 361, in place_order
    return self._post("order.place",
           ^^^^^^^^^^^^^^^^^^^^^^^^^
  File "/opt/anaconda3/lib/python3.12/site-packages/kiteconnect/connect.py", line 865, in _post
    return self._request(route, "POST", url_args=url_args, params=params, is_json=is_json, query_params=query_params)
           ^^^^^^^^^^^^^^^^^^^^^^^^^^^^^^^^^^^^^^^^^^^^^^^^^^^^^^^^^^^^^^^^^^^^^^^^^^^^^^^^^^^^^^^^^^^^^^^^^^^^^^^^^^
  File "/opt/anaconda3/lib/python3.12/site-packages/kiteconnect/connect.py", line 937, in _request
    raise exp(data["message"], code=r.status_code)
kiteconnect.exceptions.TokenException: Incorrect `api_key` or `access_token`.
2025-11-17 01:14:04 | ERROR    | Failed to place order for BANKNIFTY51600CE
2025-11-17 01:14:04 | WARNING  | BUY legs failed for lot_size=4
2025-11-17 01:14:04 | ERROR    | Error exiting partial positions: Incorrect `api_key` or `access_token`.
Traceback (most recent call last):
  File "/Users/rohan/Downloads/Vridhi_Capital_Trading_System/src/trading_system/oms/order_manager.py", line 822, in _exit_partial_positions
    return 0, 0.0
                  
  File "/opt/anaconda3/lib/python3.12/site-packages/kiteconnect/connect.py", line 445, in positions
    return self._get("portfolio.positions")
           ^^^^^^^^^^^^^^^^^^^^^^^^^^^^^^^^
  File "/opt/anaconda3/lib/python3.12/site-packages/kiteconnect/connect.py", line 861, in _get
    return self._request(route, "GET", url_args=url_args, params=params, is_json=is_json)
           ^^^^^^^^^^^^^^^^^^^^^^^^^^^^^^^^^^^^^^^^^^^^^^^^^^^^^^^^^^^^^^^^^^^^^^^^^^^^^^
  File "/opt/anaconda3/lib/python3.12/site-packages/kiteconnect/connect.py", line 937, in _request
    raise exp(data["message"], code=r.status_code)
kiteconnect.exceptions.TokenException: Incorrect `api_key` or `access_token`.
2025-11-17 01:14:04 | DEBUG    | Executing BUY legs: 2 orders
2025-11-17 01:14:05 | ERROR    | Failed to place order: BANKNIFTY51600CE | error=Incorrect `api_key` or `access_token`.
Traceback (most recent call last):
  File "/Users/rohan/Downloads/Vridhi_Capital_Trading_System/src/trading_system/oms/order_manager.py", line 743, in _place_market_order
    order_id=fake_id,
           ^^^^^^^^^^
  File "/opt/anaconda3/lib/python3.12/site-packages/kiteconnect/connect.py", line 361, in place_order
    return self._post("order.place",
           ^^^^^^^^^^^^^^^^^^^^^^^^^
  File "/opt/anaconda3/lib/python3.12/site-packages/kiteconnect/connect.py", line 865, in _post
    return self._request(route, "POST", url_args=url_args, params=params, is_json=is_json, query_params=query_params)
           ^^^^^^^^^^^^^^^^^^^^^^^^^^^^^^^^^^^^^^^^^^^^^^^^^^^^^^^^^^^^^^^^^^^^^^^^^^^^^^^^^^^^^^^^^^^^^^^^^^^^^^^^^^
  File "/opt/anaconda3/lib/python3.12/site-packages/kiteconnect/connect.py", line 937, in _request
    raise exp(data["message"], code=r.status_code)
kiteconnect.exceptions.TokenException: Incorrect `api_key` or `access_token`.
2025-11-17 01:14:05 | ERROR    | Failed to place order for BANKNIFTY51600CE
2025-11-17 01:14:05 | WARNING  | BUY legs failed for lot_size=2
2025-11-17 01:14:05 | ERROR    | Error exiting partial positions: Incorrect `api_key` or `access_token`.
Traceback (most recent call last):
  File "/Users/rohan/Downloads/Vridhi_Capital_Trading_System/src/trading_system/oms/order_manager.py", line 822, in _exit_partial_positions
    return 0, 0.0
                  
  File "/opt/anaconda3/lib/python3.12/site-packages/kiteconnect/connect.py", line 445, in positions
    return self._get("portfolio.positions")
           ^^^^^^^^^^^^^^^^^^^^^^^^^^^^^^^^
  File "/opt/anaconda3/lib/python3.12/site-packages/kiteconnect/connect.py", line 861, in _get
    return self._request(route, "GET", url_args=url_args, params=params, is_json=is_json)
           ^^^^^^^^^^^^^^^^^^^^^^^^^^^^^^^^^^^^^^^^^^^^^^^^^^^^^^^^^^^^^^^^^^^^^^^^^^^^^^
  File "/opt/anaconda3/lib/python3.12/site-packages/kiteconnect/connect.py", line 937, in _request
    raise exp(data["message"], code=r.status_code)
kiteconnect.exceptions.TokenException: Incorrect `api_key` or `access_token`.
2025-11-17 01:14:05 | DEBUG    | Executing BUY legs: 2 orders
2025-11-17 01:14:05 | ERROR    | Failed to place order: BANKNIFTY51600CE | error=Incorrect `api_key` or `access_token`.
Traceback (most recent call last):
  File "/Users/rohan/Downloads/Vridhi_Capital_Trading_System/src/trading_system/oms/order_manager.py", line 743, in _place_market_order
    order_id=fake_id,
           ^^^^^^^^^^
  File "/opt/anaconda3/lib/python3.12/site-packages/kiteconnect/connect.py", line 361, in place_order
    return self._post("order.place",
           ^^^^^^^^^^^^^^^^^^^^^^^^^
  File "/opt/anaconda3/lib/python3.12/site-packages/kiteconnect/connect.py", line 865, in _post
    return self._request(route, "POST", url_args=url_args, params=params, is_json=is_json, query_params=query_params)
           ^^^^^^^^^^^^^^^^^^^^^^^^^^^^^^^^^^^^^^^^^^^^^^^^^^^^^^^^^^^^^^^^^^^^^^^^^^^^^^^^^^^^^^^^^^^^^^^^^^^^^^^^^^
  File "/opt/anaconda3/lib/python3.12/site-packages/kiteconnect/connect.py", line 937, in _request
    raise exp(data["message"], code=r.status_code)
kiteconnect.exceptions.TokenException: Incorrect `api_key` or `access_token`.
2025-11-17 01:14:05 | ERROR    | Failed to place order for BANKNIFTY51600CE
2025-11-17 01:14:05 | WARNING  | BUY legs failed for lot_size=1
2025-11-17 01:14:05 | ERROR    | Error exiting partial positions: Incorrect `api_key` or `access_token`.
Traceback (most recent call last):
  File "/Users/rohan/Downloads/Vridhi_Capital_Trading_System/src/trading_system/oms/order_manager.py", line 822, in _exit_partial_positions
    return 0, 0.0
                  
  File "/opt/anaconda3/lib/python3.12/site-packages/kiteconnect/connect.py", line 445, in positions
    return self._get("portfolio.positions")
           ^^^^^^^^^^^^^^^^^^^^^^^^^^^^^^^^
  File "/opt/anaconda3/lib/python3.12/site-packages/kiteconnect/connect.py", line 861, in _get
    return self._request(route, "GET", url_args=url_args, params=params, is_json=is_json)
           ^^^^^^^^^^^^^^^^^^^^^^^^^^^^^^^^^^^^^^^^^^^^^^^^^^^^^^^^^^^^^^^^^^^^^^^^^^^^^^
  File "/opt/anaconda3/lib/python3.12/site-packages/kiteconnect/connect.py", line 937, in _request
    raise exp(data["message"], code=r.status_code)
kiteconnect.exceptions.TokenException: Incorrect `api_key` or `access_token`.
2025-11-17 01:14:05 | DEBUG    | ATM strike calculated: 51600 from futures price: 51611.0
2025-11-17 01:14:05 | INFO     | 🔵 LONG Entry initiated | futures_price=51611.0 | atm_strike=51600 | hedge_strike=49600 | lot_size=8
2025-11-17 01:14:05 | DEBUG    | Executing BUY legs: 2 orders
2025-11-17 01:14:05 | ERROR    | Failed to place order: BANKNIFTY51600CE | error=Incorrect `api_key` or `access_token`.
Traceback (most recent call last):
  File "/Users/rohan/Downloads/Vridhi_Capital_Trading_System/src/trading_system/oms/order_manager.py", line 743, in _place_market_order
    order_id=fake_id,
           ^^^^^^^^^^
  File "/opt/anaconda3/lib/python3.12/site-packages/kiteconnect/connect.py", line 361, in place_order
    return self._post("order.place",
           ^^^^^^^^^^^^^^^^^^^^^^^^^
  File "/opt/anaconda3/lib/python3.12/site-packages/kiteconnect/connect.py", line 865, in _post
    return self._request(route, "POST", url_args=url_args, params=params, is_json=is_json, query_params=query_params)
           ^^^^^^^^^^^^^^^^^^^^^^^^^^^^^^^^^^^^^^^^^^^^^^^^^^^^^^^^^^^^^^^^^^^^^^^^^^^^^^^^^^^^^^^^^^^^^^^^^^^^^^^^^^
  File "/opt/anaconda3/lib/python3.12/site-packages/kiteconnect/connect.py", line 937, in _request
    raise exp(data["message"], code=r.status_code)
kiteconnect.exceptions.TokenException: Incorrect `api_key` or `access_token`.
2025-11-17 01:14:05 | ERROR    | Failed to place order for BANKNIFTY51600CE
2025-11-17 01:14:05 | WARNING  | BUY legs failed for lot_size=8
2025-11-17 01:14:05 | ERROR    | Error exiting partial positions: Incorrect `api_key` or `access_token`.
Traceback (most recent call last):
  File "/Users/rohan/Downloads/Vridhi_Capital_Trading_System/src/trading_system/oms/order_manager.py", line 822, in _exit_partial_positions
    return 0, 0.0
                  
  File "/opt/anaconda3/lib/python3.12/site-packages/kiteconnect/connect.py", line 445, in positions
    return self._get("portfolio.positions")
           ^^^^^^^^^^^^^^^^^^^^^^^^^^^^^^^^
  File "/opt/anaconda3/lib/python3.12/site-packages/kiteconnect/connect.py", line 861, in _get
    return self._request(route, "GET", url_args=url_args, params=params, is_json=is_json)
           ^^^^^^^^^^^^^^^^^^^^^^^^^^^^^^^^^^^^^^^^^^^^^^^^^^^^^^^^^^^^^^^^^^^^^^^^^^^^^^
  File "/opt/anaconda3/lib/python3.12/site-packages/kiteconnect/connect.py", line 937, in _request
    raise exp(data["message"], code=r.status_code)
kiteconnect.exceptions.TokenException: Incorrect `api_key` or `access_token`.
2025-11-17 01:14:05 | DEBUG    | Executing BUY legs: 2 orders
2025-11-17 01:14:05 | ERROR    | Failed to place order: BANKNIFTY51600CE | error=Incorrect `api_key` or `access_token`.
Traceback (most recent call last):
  File "/Users/rohan/Downloads/Vridhi_Capital_Trading_System/src/trading_system/oms/order_manager.py", line 743, in _place_market_order
    order_id=fake_id,
           ^^^^^^^^^^
  File "/opt/anaconda3/lib/python3.12/site-packages/kiteconnect/connect.py", line 361, in place_order
    return self._post("order.place",
           ^^^^^^^^^^^^^^^^^^^^^^^^^
  File "/opt/anaconda3/lib/python3.12/site-packages/kiteconnect/connect.py", line 865, in _post
    return self._request(route, "POST", url_args=url_args, params=params, is_json=is_json, query_params=query_params)
           ^^^^^^^^^^^^^^^^^^^^^^^^^^^^^^^^^^^^^^^^^^^^^^^^^^^^^^^^^^^^^^^^^^^^^^^^^^^^^^^^^^^^^^^^^^^^^^^^^^^^^^^^^^
  File "/opt/anaconda3/lib/python3.12/site-packages/kiteconnect/connect.py", line 937, in _request
    raise exp(data["message"], code=r.status_code)
kiteconnect.exceptions.TokenException: Incorrect `api_key` or `access_token`.
2025-11-17 01:14:05 | ERROR    | Failed to place order for BANKNIFTY51600CE
2025-11-17 01:14:05 | WARNING  | BUY legs failed for lot_size=4
2025-11-17 01:14:05 | ERROR    | Error exiting partial positions: Incorrect `api_key` or `access_token`.
Traceback (most recent call last):
  File "/Users/rohan/Downloads/Vridhi_Capital_Trading_System/src/trading_system/oms/order_manager.py", line 822, in _exit_partial_positions
    return 0, 0.0
                  
  File "/opt/anaconda3/lib/python3.12/site-packages/kiteconnect/connect.py", line 445, in positions
    return self._get("portfolio.positions")
           ^^^^^^^^^^^^^^^^^^^^^^^^^^^^^^^^
  File "/opt/anaconda3/lib/python3.12/site-packages/kiteconnect/connect.py", line 861, in _get
    return self._request(route, "GET", url_args=url_args, params=params, is_json=is_json)
           ^^^^^^^^^^^^^^^^^^^^^^^^^^^^^^^^^^^^^^^^^^^^^^^^^^^^^^^^^^^^^^^^^^^^^^^^^^^^^^
  File "/opt/anaconda3/lib/python3.12/site-packages/kiteconnect/connect.py", line 937, in _request
    raise exp(data["message"], code=r.status_code)
kiteconnect.exceptions.TokenException: Incorrect `api_key` or `access_token`.
2025-11-17 01:14:05 | DEBUG    | Executing BUY legs: 2 orders
2025-11-17 01:14:06 | ERROR    | Failed to place order: BANKNIFTY51600CE | error=Incorrect `api_key` or `access_token`.
Traceback (most recent call last):
  File "/Users/rohan/Downloads/Vridhi_Capital_Trading_System/src/trading_system/oms/order_manager.py", line 743, in _place_market_order
    order_id=fake_id,
           ^^^^^^^^^^
  File "/opt/anaconda3/lib/python3.12/site-packages/kiteconnect/connect.py", line 361, in place_order
    return self._post("order.place",
           ^^^^^^^^^^^^^^^^^^^^^^^^^
  File "/opt/anaconda3/lib/python3.12/site-packages/kiteconnect/connect.py", line 865, in _post
    return self._request(route, "POST", url_args=url_args, params=params, is_json=is_json, query_params=query_params)
           ^^^^^^^^^^^^^^^^^^^^^^^^^^^^^^^^^^^^^^^^^^^^^^^^^^^^^^^^^^^^^^^^^^^^^^^^^^^^^^^^^^^^^^^^^^^^^^^^^^^^^^^^^^
  File "/opt/anaconda3/lib/python3.12/site-packages/kiteconnect/connect.py", line 937, in _request
    raise exp(data["message"], code=r.status_code)
kiteconnect.exceptions.TokenException: Incorrect `api_key` or `access_token`.
2025-11-17 01:14:06 | ERROR    | Failed to place order for BANKNIFTY51600CE
2025-11-17 01:14:06 | WARNING  | BUY legs failed for lot_size=2
2025-11-17 01:14:06 | ERROR    | Error exiting partial positions: Incorrect `api_key` or `access_token`.
Traceback (most recent call last):
  File "/Users/rohan/Downloads/Vridhi_Capital_Trading_System/src/trading_system/oms/order_manager.py", line 822, in _exit_partial_positions
    return 0, 0.0
                  
  File "/opt/anaconda3/lib/python3.12/site-packages/kiteconnect/connect.py", line 445, in positions
    return self._get("portfolio.positions")
           ^^^^^^^^^^^^^^^^^^^^^^^^^^^^^^^^
  File "/opt/anaconda3/lib/python3.12/site-packages/kiteconnect/connect.py", line 861, in _get
    return self._request(route, "GET", url_args=url_args, params=params, is_json=is_json)
           ^^^^^^^^^^^^^^^^^^^^^^^^^^^^^^^^^^^^^^^^^^^^^^^^^^^^^^^^^^^^^^^^^^^^^^^^^^^^^^
  File "/opt/anaconda3/lib/python3.12/site-packages/kiteconnect/connect.py", line 937, in _request
    raise exp(data["message"], code=r.status_code)
kiteconnect.exceptions.TokenException: Incorrect `api_key` or `access_token`.
2025-11-17 01:14:06 | DEBUG    | Executing BUY legs: 2 orders
2025-11-17 01:14:06 | ERROR    | Failed to place order: BANKNIFTY51600CE | error=Incorrect `api_key` or `access_token`.
Traceback (most recent call last):
  File "/Users/rohan/Downloads/Vridhi_Capital_Trading_System/src/trading_system/oms/order_manager.py", line 743, in _place_market_order
    order_id=fake_id,
           ^^^^^^^^^^
  File "/opt/anaconda3/lib/python3.12/site-packages/kiteconnect/connect.py", line 361, in place_order
    return self._post("order.place",
           ^^^^^^^^^^^^^^^^^^^^^^^^^
  File "/opt/anaconda3/lib/python3.12/site-packages/kiteconnect/connect.py", line 865, in _post
    return self._request(route, "POST", url_args=url_args, params=params, is_json=is_json, query_params=query_params)
           ^^^^^^^^^^^^^^^^^^^^^^^^^^^^^^^^^^^^^^^^^^^^^^^^^^^^^^^^^^^^^^^^^^^^^^^^^^^^^^^^^^^^^^^^^^^^^^^^^^^^^^^^^^
  File "/opt/anaconda3/lib/python3.12/site-packages/kiteconnect/connect.py", line 937, in _request
    raise exp(data["message"], code=r.status_code)
kiteconnect.exceptions.TokenException: Incorrect `api_key` or `access_token`.
2025-11-17 01:14:06 | ERROR    | Failed to place order for BANKNIFTY51600CE
2025-11-17 01:14:06 | WARNING  | BUY legs failed for lot_size=1
2025-11-17 01:14:06 | ERROR    | Error exiting partial positions: Incorrect `api_key` or `access_token`.
Traceback (most recent call last):
  File "/Users/rohan/Downloads/Vridhi_Capital_Trading_System/src/trading_system/oms/order_manager.py", line 822, in _exit_partial_positions
    return 0, 0.0
                  
  File "/opt/anaconda3/lib/python3.12/site-packages/kiteconnect/connect.py", line 445, in positions
    return self._get("portfolio.positions")
           ^^^^^^^^^^^^^^^^^^^^^^^^^^^^^^^^
  File "/opt/anaconda3/lib/python3.12/site-packages/kiteconnect/connect.py", line 861, in _get
    return self._request(route, "GET", url_args=url_args, params=params, is_json=is_json)
           ^^^^^^^^^^^^^^^^^^^^^^^^^^^^^^^^^^^^^^^^^^^^^^^^^^^^^^^^^^^^^^^^^^^^^^^^^^^^^^
  File "/opt/anaconda3/lib/python3.12/site-packages/kiteconnect/connect.py", line 937, in _request
    raise exp(data["message"], code=r.status_code)
kiteconnect.exceptions.TokenException: Incorrect `api_key` or `access_token`.
2025-11-17 01:16:06 | DEBUG    | ATM strike calculated: 51600 from futures price: 51630.25
2025-11-17 01:16:06 | INFO     | 🔵 LONG Entry initiated | futures_price=51630.25 | atm_strike=51600 | hedge_strike=49600 | lot_size=8
2025-11-17 01:16:06 | DEBUG    | Executing BUY legs: 2 orders
2025-11-17 01:16:06 | ERROR    | Failed to place order: BANKNIFTY51600CE | error=Incorrect `api_key` or `access_token`.
Traceback (most recent call last):
  File "/Users/rohan/Downloads/Vridhi_Capital_Trading_System/src/trading_system/oms/order_manager.py", line 743, in _place_market_order
    order_id=fake_id,
           ^^^^^^^^^^
  File "/opt/anaconda3/lib/python3.12/site-packages/kiteconnect/connect.py", line 361, in place_order
    return self._post("order.place",
           ^^^^^^^^^^^^^^^^^^^^^^^^^
  File "/opt/anaconda3/lib/python3.12/site-packages/kiteconnect/connect.py", line 865, in _post
    return self._request(route, "POST", url_args=url_args, params=params, is_json=is_json, query_params=query_params)
           ^^^^^^^^^^^^^^^^^^^^^^^^^^^^^^^^^^^^^^^^^^^^^^^^^^^^^^^^^^^^^^^^^^^^^^^^^^^^^^^^^^^^^^^^^^^^^^^^^^^^^^^^^^
  File "/opt/anaconda3/lib/python3.12/site-packages/kiteconnect/connect.py", line 937, in _request
    raise exp(data["message"], code=r.status_code)
kiteconnect.exceptions.TokenException: Incorrect `api_key` or `access_token`.
2025-11-17 01:16:06 | ERROR    | Failed to place order for BANKNIFTY51600CE
2025-11-17 01:16:06 | WARNING  | BUY legs failed for lot_size=8
2025-11-17 01:16:07 | ERROR    | Error exiting partial positions: Incorrect `api_key` or `access_token`.
Traceback (most recent call last):
  File "/Users/rohan/Downloads/Vridhi_Capital_Trading_System/src/trading_system/oms/order_manager.py", line 822, in _exit_partial_positions
    return 0, 0.0
                  
  File "/opt/anaconda3/lib/python3.12/site-packages/kiteconnect/connect.py", line 445, in positions
    return self._get("portfolio.positions")
           ^^^^^^^^^^^^^^^^^^^^^^^^^^^^^^^^
  File "/opt/anaconda3/lib/python3.12/site-packages/kiteconnect/connect.py", line 861, in _get
    return self._request(route, "GET", url_args=url_args, params=params, is_json=is_json)
           ^^^^^^^^^^^^^^^^^^^^^^^^^^^^^^^^^^^^^^^^^^^^^^^^^^^^^^^^^^^^^^^^^^^^^^^^^^^^^^
  File "/opt/anaconda3/lib/python3.12/site-packages/kiteconnect/connect.py", line 937, in _request
    raise exp(data["message"], code=r.status_code)
kiteconnect.exceptions.TokenException: Incorrect `api_key` or `access_token`.
2025-11-17 01:16:07 | DEBUG    | Executing BUY legs: 2 orders
2025-11-17 01:16:07 | ERROR    | Failed to place order: BANKNIFTY51600CE | error=Incorrect `api_key` or `access_token`.
Traceback (most recent call last):
  File "/Users/rohan/Downloads/Vridhi_Capital_Trading_System/src/trading_system/oms/order_manager.py", line 743, in _place_market_order
    order_id=fake_id,
           ^^^^^^^^^^
  File "/opt/anaconda3/lib/python3.12/site-packages/kiteconnect/connect.py", line 361, in place_order
    return self._post("order.place",
           ^^^^^^^^^^^^^^^^^^^^^^^^^
  File "/opt/anaconda3/lib/python3.12/site-packages/kiteconnect/connect.py", line 865, in _post
    return self._request(route, "POST", url_args=url_args, params=params, is_json=is_json, query_params=query_params)
           ^^^^^^^^^^^^^^^^^^^^^^^^^^^^^^^^^^^^^^^^^^^^^^^^^^^^^^^^^^^^^^^^^^^^^^^^^^^^^^^^^^^^^^^^^^^^^^^^^^^^^^^^^^
  File "/opt/anaconda3/lib/python3.12/site-packages/kiteconnect/connect.py", line 937, in _request
    raise exp(data["message"], code=r.status_code)
kiteconnect.exceptions.TokenException: Incorrect `api_key` or `access_token`.
2025-11-17 01:16:07 | ERROR    | Failed to place order for BANKNIFTY51600CE
2025-11-17 01:16:07 | WARNING  | BUY legs failed for lot_size=4
2025-11-17 01:16:07 | ERROR    | Error exiting partial positions: Incorrect `api_key` or `access_token`.
Traceback (most recent call last):
  File "/Users/rohan/Downloads/Vridhi_Capital_Trading_System/src/trading_system/oms/order_manager.py", line 822, in _exit_partial_positions
    return 0, 0.0
                  
  File "/opt/anaconda3/lib/python3.12/site-packages/kiteconnect/connect.py", line 445, in positions
    return self._get("portfolio.positions")
           ^^^^^^^^^^^^^^^^^^^^^^^^^^^^^^^^
  File "/opt/anaconda3/lib/python3.12/site-packages/kiteconnect/connect.py", line 861, in _get
    return self._request(route, "GET", url_args=url_args, params=params, is_json=is_json)
           ^^^^^^^^^^^^^^^^^^^^^^^^^^^^^^^^^^^^^^^^^^^^^^^^^^^^^^^^^^^^^^^^^^^^^^^^^^^^^^
  File "/opt/anaconda3/lib/python3.12/site-packages/kiteconnect/connect.py", line 937, in _request
    raise exp(data["message"], code=r.status_code)
kiteconnect.exceptions.TokenException: Incorrect `api_key` or `access_token`.
2025-11-17 01:16:07 | DEBUG    | Executing BUY legs: 2 orders
2025-11-17 01:16:07 | ERROR    | Failed to place order: BANKNIFTY51600CE | error=Incorrect `api_key` or `access_token`.
Traceback (most recent call last):
  File "/Users/rohan/Downloads/Vridhi_Capital_Trading_System/src/trading_system/oms/order_manager.py", line 743, in _place_market_order
    order_id=fake_id,
           ^^^^^^^^^^
  File "/opt/anaconda3/lib/python3.12/site-packages/kiteconnect/connect.py", line 361, in place_order
    return self._post("order.place",
           ^^^^^^^^^^^^^^^^^^^^^^^^^
  File "/opt/anaconda3/lib/python3.12/site-packages/kiteconnect/connect.py", line 865, in _post
    return self._request(route, "POST", url_args=url_args, params=params, is_json=is_json, query_params=query_params)
           ^^^^^^^^^^^^^^^^^^^^^^^^^^^^^^^^^^^^^^^^^^^^^^^^^^^^^^^^^^^^^^^^^^^^^^^^^^^^^^^^^^^^^^^^^^^^^^^^^^^^^^^^^^
  File "/opt/anaconda3/lib/python3.12/site-packages/kiteconnect/connect.py", line 937, in _request
    raise exp(data["message"], code=r.status_code)
kiteconnect.exceptions.TokenException: Incorrect `api_key` or `access_token`.
2025-11-17 01:16:07 | ERROR    | Failed to place order for BANKNIFTY51600CE
2025-11-17 01:16:07 | WARNING  | BUY legs failed for lot_size=2
2025-11-17 01:16:07 | ERROR    | Error exiting partial positions: Incorrect `api_key` or `access_token`.
Traceback (most recent call last):
  File "/Users/rohan/Downloads/Vridhi_Capital_Trading_System/src/trading_system/oms/order_manager.py", line 822, in _exit_partial_positions
    return 0, 0.0
                  
  File "/opt/anaconda3/lib/python3.12/site-packages/kiteconnect/connect.py", line 445, in positions
    return self._get("portfolio.positions")
           ^^^^^^^^^^^^^^^^^^^^^^^^^^^^^^^^
  File "/opt/anaconda3/lib/python3.12/site-packages/kiteconnect/connect.py", line 861, in _get
    return self._request(route, "GET", url_args=url_args, params=params, is_json=is_json)
           ^^^^^^^^^^^^^^^^^^^^^^^^^^^^^^^^^^^^^^^^^^^^^^^^^^^^^^^^^^^^^^^^^^^^^^^^^^^^^^
  File "/opt/anaconda3/lib/python3.12/site-packages/kiteconnect/connect.py", line 937, in _request
    raise exp(data["message"], code=r.status_code)
kiteconnect.exceptions.TokenException: Incorrect `api_key` or `access_token`.
2025-11-17 01:16:07 | DEBUG    | Executing BUY legs: 2 orders
2025-11-17 01:16:07 | ERROR    | Failed to place order: BANKNIFTY51600CE | error=Incorrect `api_key` or `access_token`.
Traceback (most recent call last):
  File "/Users/rohan/Downloads/Vridhi_Capital_Trading_System/src/trading_system/oms/order_manager.py", line 743, in _place_market_order
    order_id=fake_id,
           ^^^^^^^^^^
  File "/opt/anaconda3/lib/python3.12/site-packages/kiteconnect/connect.py", line 361, in place_order
    return self._post("order.place",
           ^^^^^^^^^^^^^^^^^^^^^^^^^
  File "/opt/anaconda3/lib/python3.12/site-packages/kiteconnect/connect.py", line 865, in _post
    return self._request(route, "POST", url_args=url_args, params=params, is_json=is_json, query_params=query_params)
           ^^^^^^^^^^^^^^^^^^^^^^^^^^^^^^^^^^^^^^^^^^^^^^^^^^^^^^^^^^^^^^^^^^^^^^^^^^^^^^^^^^^^^^^^^^^^^^^^^^^^^^^^^^
  File "/opt/anaconda3/lib/python3.12/site-packages/kiteconnect/connect.py", line 937, in _request
    raise exp(data["message"], code=r.status_code)
kiteconnect.exceptions.TokenException: Incorrect `api_key` or `access_token`.
2025-11-17 01:16:07 | ERROR    | Failed to place order for BANKNIFTY51600CE
2025-11-17 01:16:07 | WARNING  | BUY legs failed for lot_size=1
2025-11-17 01:16:08 | ERROR    | Error exiting partial positions: Incorrect `api_key` or `access_token`.
Traceback (most recent call last):
  File "/Users/rohan/Downloads/Vridhi_Capital_Trading_System/src/trading_system/oms/order_manager.py", line 822, in _exit_partial_positions
    return 0, 0.0
                  
  File "/opt/anaconda3/lib/python3.12/site-packages/kiteconnect/connect.py", line 445, in positions
    return self._get("portfolio.positions")
           ^^^^^^^^^^^^^^^^^^^^^^^^^^^^^^^^
  File "/opt/anaconda3/lib/python3.12/site-packages/kiteconnect/connect.py", line 861, in _get
    return self._request(route, "GET", url_args=url_args, params=params, is_json=is_json)
           ^^^^^^^^^^^^^^^^^^^^^^^^^^^^^^^^^^^^^^^^^^^^^^^^^^^^^^^^^^^^^^^^^^^^^^^^^^^^^^
  File "/opt/anaconda3/lib/python3.12/site-packages/kiteconnect/connect.py", line 937, in _request
    raise exp(data["message"], code=r.status_code)
kiteconnect.exceptions.TokenException: Incorrect `api_key` or `access_token`.
2025-11-17 01:16:08 | DEBUG    | ATM strike calculated: 51600 from futures price: 51630.25
2025-11-17 01:16:08 | INFO     | 🔵 LONG Entry initiated | futures_price=51630.25 | atm_strike=51600 | hedge_strike=49600 | lot_size=8
2025-11-17 01:16:08 | DEBUG    | Executing BUY legs: 2 orders
2025-11-17 01:16:08 | ERROR    | Failed to place order: BANKNIFTY51600CE | error=Incorrect `api_key` or `access_token`.
Traceback (most recent call last):
  File "/Users/rohan/Downloads/Vridhi_Capital_Trading_System/src/trading_system/oms/order_manager.py", line 743, in _place_market_order
    order_id=fake_id,
           ^^^^^^^^^^
  File "/opt/anaconda3/lib/python3.12/site-packages/kiteconnect/connect.py", line 361, in place_order
    return self._post("order.place",
           ^^^^^^^^^^^^^^^^^^^^^^^^^
  File "/opt/anaconda3/lib/python3.12/site-packages/kiteconnect/connect.py", line 865, in _post
    return self._request(route, "POST", url_args=url_args, params=params, is_json=is_json, query_params=query_params)
           ^^^^^^^^^^^^^^^^^^^^^^^^^^^^^^^^^^^^^^^^^^^^^^^^^^^^^^^^^^^^^^^^^^^^^^^^^^^^^^^^^^^^^^^^^^^^^^^^^^^^^^^^^^
  File "/opt/anaconda3/lib/python3.12/site-packages/kiteconnect/connect.py", line 937, in _request
    raise exp(data["message"], code=r.status_code)
kiteconnect.exceptions.TokenException: Incorrect `api_key` or `access_token`.
2025-11-17 01:16:08 | ERROR    | Failed to place order for BANKNIFTY51600CE
2025-11-17 01:16:08 | WARNING  | BUY legs failed for lot_size=8
2025-11-17 01:16:08 | ERROR    | Error exiting partial positions: Incorrect `api_key` or `access_token`.
Traceback (most recent call last):
  File "/Users/rohan/Downloads/Vridhi_Capital_Trading_System/src/trading_system/oms/order_manager.py", line 822, in _exit_partial_positions
    return 0, 0.0
                  
  File "/opt/anaconda3/lib/python3.12/site-packages/kiteconnect/connect.py", line 445, in positions
    return self._get("portfolio.positions")
           ^^^^^^^^^^^^^^^^^^^^^^^^^^^^^^^^
  File "/opt/anaconda3/lib/python3.12/site-packages/kiteconnect/connect.py", line 861, in _get
    return self._request(route, "GET", url_args=url_args, params=params, is_json=is_json)
           ^^^^^^^^^^^^^^^^^^^^^^^^^^^^^^^^^^^^^^^^^^^^^^^^^^^^^^^^^^^^^^^^^^^^^^^^^^^^^^
  File "/opt/anaconda3/lib/python3.12/site-packages/kiteconnect/connect.py", line 937, in _request
    raise exp(data["message"], code=r.status_code)
kiteconnect.exceptions.TokenException: Incorrect `api_key` or `access_token`.
2025-11-17 01:16:08 | DEBUG    | Executing BUY legs: 2 orders
2025-11-17 01:16:08 | ERROR    | Failed to place order: BANKNIFTY51600CE | error=Incorrect `api_key` or `access_token`.
Traceback (most recent call last):
  File "/Users/rohan/Downloads/Vridhi_Capital_Trading_System/src/trading_system/oms/order_manager.py", line 743, in _place_market_order
    order_id=fake_id,
           ^^^^^^^^^^
  File "/opt/anaconda3/lib/python3.12/site-packages/kiteconnect/connect.py", line 361, in place_order
    return self._post("order.place",
           ^^^^^^^^^^^^^^^^^^^^^^^^^
  File "/opt/anaconda3/lib/python3.12/site-packages/kiteconnect/connect.py", line 865, in _post
    return self._request(route, "POST", url_args=url_args, params=params, is_json=is_json, query_params=query_params)
           ^^^^^^^^^^^^^^^^^^^^^^^^^^^^^^^^^^^^^^^^^^^^^^^^^^^^^^^^^^^^^^^^^^^^^^^^^^^^^^^^^^^^^^^^^^^^^^^^^^^^^^^^^^
  File "/opt/anaconda3/lib/python3.12/site-packages/kiteconnect/connect.py", line 937, in _request
    raise exp(data["message"], code=r.status_code)
kiteconnect.exceptions.TokenException: Incorrect `api_key` or `access_token`.
2025-11-17 01:16:08 | ERROR    | Failed to place order for BANKNIFTY51600CE
2025-11-17 01:16:08 | WARNING  | BUY legs failed for lot_size=4
2025-11-17 01:16:08 | ERROR    | Error exiting partial positions: Incorrect `api_key` or `access_token`.
Traceback (most recent call last):
  File "/Users/rohan/Downloads/Vridhi_Capital_Trading_System/src/trading_system/oms/order_manager.py", line 822, in _exit_partial_positions
    return 0, 0.0
                  
  File "/opt/anaconda3/lib/python3.12/site-packages/kiteconnect/connect.py", line 445, in positions
    return self._get("portfolio.positions")
           ^^^^^^^^^^^^^^^^^^^^^^^^^^^^^^^^
  File "/opt/anaconda3/lib/python3.12/site-packages/kiteconnect/connect.py", line 861, in _get
    return self._request(route, "GET", url_args=url_args, params=params, is_json=is_json)
           ^^^^^^^^^^^^^^^^^^^^^^^^^^^^^^^^^^^^^^^^^^^^^^^^^^^^^^^^^^^^^^^^^^^^^^^^^^^^^^
  File "/opt/anaconda3/lib/python3.12/site-packages/kiteconnect/connect.py", line 937, in _request
    raise exp(data["message"], code=r.status_code)
kiteconnect.exceptions.TokenException: Incorrect `api_key` or `access_token`.
2025-11-17 01:16:08 | DEBUG    | Executing BUY legs: 2 orders
2025-11-17 01:16:08 | ERROR    | Failed to place order: BANKNIFTY51600CE | error=Incorrect `api_key` or `access_token`.
Traceback (most recent call last):
  File "/Users/rohan/Downloads/Vridhi_Capital_Trading_System/src/trading_system/oms/order_manager.py", line 743, in _place_market_order
    order_id=fake_id,
           ^^^^^^^^^^
  File "/opt/anaconda3/lib/python3.12/site-packages/kiteconnect/connect.py", line 361, in place_order
    return self._post("order.place",
           ^^^^^^^^^^^^^^^^^^^^^^^^^
  File "/opt/anaconda3/lib/python3.12/site-packages/kiteconnect/connect.py", line 865, in _post
    return self._request(route, "POST", url_args=url_args, params=params, is_json=is_json, query_params=query_params)
           ^^^^^^^^^^^^^^^^^^^^^^^^^^^^^^^^^^^^^^^^^^^^^^^^^^^^^^^^^^^^^^^^^^^^^^^^^^^^^^^^^^^^^^^^^^^^^^^^^^^^^^^^^^
  File "/opt/anaconda3/lib/python3.12/site-packages/kiteconnect/connect.py", line 937, in _request
    raise exp(data["message"], code=r.status_code)
kiteconnect.exceptions.TokenException: Incorrect `api_key` or `access_token`.
2025-11-17 01:16:08 | ERROR    | Failed to place order for BANKNIFTY51600CE
2025-11-17 01:16:08 | WARNING  | BUY legs failed for lot_size=2
2025-11-17 01:16:08 | ERROR    | Error exiting partial positions: Incorrect `api_key` or `access_token`.
Traceback (most recent call last):
  File "/Users/rohan/Downloads/Vridhi_Capital_Trading_System/src/trading_system/oms/order_manager.py", line 822, in _exit_partial_positions
    return 0, 0.0
                  
  File "/opt/anaconda3/lib/python3.12/site-packages/kiteconnect/connect.py", line 445, in positions
    return self._get("portfolio.positions")
           ^^^^^^^^^^^^^^^^^^^^^^^^^^^^^^^^
  File "/opt/anaconda3/lib/python3.12/site-packages/kiteconnect/connect.py", line 861, in _get
    return self._request(route, "GET", url_args=url_args, params=params, is_json=is_json)
           ^^^^^^^^^^^^^^^^^^^^^^^^^^^^^^^^^^^^^^^^^^^^^^^^^^^^^^^^^^^^^^^^^^^^^^^^^^^^^^
  File "/opt/anaconda3/lib/python3.12/site-packages/kiteconnect/connect.py", line 937, in _request
    raise exp(data["message"], code=r.status_code)
kiteconnect.exceptions.TokenException: Incorrect `api_key` or `access_token`.
2025-11-17 01:16:08 | DEBUG    | Executing BUY legs: 2 orders
2025-11-17 01:16:09 | ERROR    | Failed to place order: BANKNIFTY51600CE | error=Incorrect `api_key` or `access_token`.
Traceback (most recent call last):
  File "/Users/rohan/Downloads/Vridhi_Capital_Trading_System/src/trading_system/oms/order_manager.py", line 743, in _place_market_order
    order_id=fake_id,
           ^^^^^^^^^^
  File "/opt/anaconda3/lib/python3.12/site-packages/kiteconnect/connect.py", line 361, in place_order
    return self._post("order.place",
           ^^^^^^^^^^^^^^^^^^^^^^^^^
  File "/opt/anaconda3/lib/python3.12/site-packages/kiteconnect/connect.py", line 865, in _post
    return self._request(route, "POST", url_args=url_args, params=params, is_json=is_json, query_params=query_params)
           ^^^^^^^^^^^^^^^^^^^^^^^^^^^^^^^^^^^^^^^^^^^^^^^^^^^^^^^^^^^^^^^^^^^^^^^^^^^^^^^^^^^^^^^^^^^^^^^^^^^^^^^^^^
  File "/opt/anaconda3/lib/python3.12/site-packages/kiteconnect/connect.py", line 937, in _request
    raise exp(data["message"], code=r.status_code)
kiteconnect.exceptions.TokenException: Incorrect `api_key` or `access_token`.
2025-11-17 01:16:09 | ERROR    | Failed to place order for BANKNIFTY51600CE
2025-11-17 01:16:09 | WARNING  | BUY legs failed for lot_size=1
2025-11-17 01:16:09 | ERROR    | Error exiting partial positions: Incorrect `api_key` or `access_token`.
Traceback (most recent call last):
  File "/Users/rohan/Downloads/Vridhi_Capital_Trading_System/src/trading_system/oms/order_manager.py", line 822, in _exit_partial_positions
    return 0, 0.0
                  
  File "/opt/anaconda3/lib/python3.12/site-packages/kiteconnect/connect.py", line 445, in positions
    return self._get("portfolio.positions")
           ^^^^^^^^^^^^^^^^^^^^^^^^^^^^^^^^
  File "/opt/anaconda3/lib/python3.12/site-packages/kiteconnect/connect.py", line 861, in _get
    return self._request(route, "GET", url_args=url_args, params=params, is_json=is_json)
           ^^^^^^^^^^^^^^^^^^^^^^^^^^^^^^^^^^^^^^^^^^^^^^^^^^^^^^^^^^^^^^^^^^^^^^^^^^^^^^
  File "/opt/anaconda3/lib/python3.12/site-packages/kiteconnect/connect.py", line 937, in _request
    raise exp(data["message"], code=r.status_code)
kiteconnect.exceptions.TokenException: Incorrect `api_key` or `access_token`.
2025-11-17 01:18:09 | DEBUG    | ATM strike calculated: 51600 from futures price: 51559.35
2025-11-17 01:18:09 | INFO     | 🔴 SHORT Entry initiated | futures_price=51559.35 | atm_strike=51600 | hedge_strike=53600 | lot_size=8
2025-11-17 01:18:09 | DEBUG    | Executing BUY legs: 2 orders
2025-11-17 01:18:09 | ERROR    | Failed to place order: BANKNIFTY51600PE | error=Incorrect `api_key` or `access_token`.
Traceback (most recent call last):
  File "/Users/rohan/Downloads/Vridhi_Capital_Trading_System/src/trading_system/oms/order_manager.py", line 743, in _place_market_order
    order_id=fake_id,
           ^^^^^^^^^^
  File "/opt/anaconda3/lib/python3.12/site-packages/kiteconnect/connect.py", line 361, in place_order
    return self._post("order.place",
           ^^^^^^^^^^^^^^^^^^^^^^^^^
  File "/opt/anaconda3/lib/python3.12/site-packages/kiteconnect/connect.py", line 865, in _post
    return self._request(route, "POST", url_args=url_args, params=params, is_json=is_json, query_params=query_params)
           ^^^^^^^^^^^^^^^^^^^^^^^^^^^^^^^^^^^^^^^^^^^^^^^^^^^^^^^^^^^^^^^^^^^^^^^^^^^^^^^^^^^^^^^^^^^^^^^^^^^^^^^^^^
  File "/opt/anaconda3/lib/python3.12/site-packages/kiteconnect/connect.py", line 937, in _request
    raise exp(data["message"], code=r.status_code)
kiteconnect.exceptions.TokenException: Incorrect `api_key` or `access_token`.
2025-11-17 01:18:09 | ERROR    | Failed to place order for BANKNIFTY51600PE
2025-11-17 01:18:09 | WARNING  | BUY legs failed for lot_size=8
2025-11-17 01:18:09 | ERROR    | Error exiting partial positions: Incorrect `api_key` or `access_token`.
Traceback (most recent call last):
  File "/Users/rohan/Downloads/Vridhi_Capital_Trading_System/src/trading_system/oms/order_manager.py", line 822, in _exit_partial_positions
    return 0, 0.0
                  
  File "/opt/anaconda3/lib/python3.12/site-packages/kiteconnect/connect.py", line 445, in positions
    return self._get("portfolio.positions")
           ^^^^^^^^^^^^^^^^^^^^^^^^^^^^^^^^
  File "/opt/anaconda3/lib/python3.12/site-packages/kiteconnect/connect.py", line 861, in _get
    return self._request(route, "GET", url_args=url_args, params=params, is_json=is_json)
           ^^^^^^^^^^^^^^^^^^^^^^^^^^^^^^^^^^^^^^^^^^^^^^^^^^^^^^^^^^^^^^^^^^^^^^^^^^^^^^
  File "/opt/anaconda3/lib/python3.12/site-packages/kiteconnect/connect.py", line 937, in _request
    raise exp(data["message"], code=r.status_code)
kiteconnect.exceptions.TokenException: Incorrect `api_key` or `access_token`.
2025-11-17 01:18:09 | DEBUG    | Executing BUY legs: 2 orders
2025-11-17 01:18:10 | ERROR    | Failed to place order: BANKNIFTY51600PE | error=Incorrect `api_key` or `access_token`.
Traceback (most recent call last):
  File "/Users/rohan/Downloads/Vridhi_Capital_Trading_System/src/trading_system/oms/order_manager.py", line 743, in _place_market_order
    order_id=fake_id,
           ^^^^^^^^^^
  File "/opt/anaconda3/lib/python3.12/site-packages/kiteconnect/connect.py", line 361, in place_order
    return self._post("order.place",
           ^^^^^^^^^^^^^^^^^^^^^^^^^
  File "/opt/anaconda3/lib/python3.12/site-packages/kiteconnect/connect.py", line 865, in _post
    return self._request(route, "POST", url_args=url_args, params=params, is_json=is_json, query_params=query_params)
           ^^^^^^^^^^^^^^^^^^^^^^^^^^^^^^^^^^^^^^^^^^^^^^^^^^^^^^^^^^^^^^^^^^^^^^^^^^^^^^^^^^^^^^^^^^^^^^^^^^^^^^^^^^
  File "/opt/anaconda3/lib/python3.12/site-packages/kiteconnect/connect.py", line 937, in _request
    raise exp(data["message"], code=r.status_code)
kiteconnect.exceptions.TokenException: Incorrect `api_key` or `access_token`.
2025-11-17 01:18:10 | ERROR    | Failed to place order for BANKNIFTY51600PE
2025-11-17 01:18:10 | WARNING  | BUY legs failed for lot_size=4
2025-11-17 01:18:10 | ERROR    | Error exiting partial positions: Incorrect `api_key` or `access_token`.
Traceback (most recent call last):
  File "/Users/rohan/Downloads/Vridhi_Capital_Trading_System/src/trading_system/oms/order_manager.py", line 822, in _exit_partial_positions
    return 0, 0.0
                  
  File "/opt/anaconda3/lib/python3.12/site-packages/kiteconnect/connect.py", line 445, in positions
    return self._get("portfolio.positions")
           ^^^^^^^^^^^^^^^^^^^^^^^^^^^^^^^^
  File "/opt/anaconda3/lib/python3.12/site-packages/kiteconnect/connect.py", line 861, in _get
    return self._request(route, "GET", url_args=url_args, params=params, is_json=is_json)
           ^^^^^^^^^^^^^^^^^^^^^^^^^^^^^^^^^^^^^^^^^^^^^^^^^^^^^^^^^^^^^^^^^^^^^^^^^^^^^^
  File "/opt/anaconda3/lib/python3.12/site-packages/kiteconnect/connect.py", line 937, in _request
    raise exp(data["message"], code=r.status_code)
kiteconnect.exceptions.TokenException: Incorrect `api_key` or `access_token`.
2025-11-17 01:18:10 | DEBUG    | Executing BUY legs: 2 orders
2025-11-17 01:18:10 | ERROR    | Failed to place order: BANKNIFTY51600PE | error=Incorrect `api_key` or `access_token`.
Traceback (most recent call last):
  File "/Users/rohan/Downloads/Vridhi_Capital_Trading_System/src/trading_system/oms/order_manager.py", line 743, in _place_market_order
    order_id=fake_id,
           ^^^^^^^^^^
  File "/opt/anaconda3/lib/python3.12/site-packages/kiteconnect/connect.py", line 361, in place_order
    return self._post("order.place",
           ^^^^^^^^^^^^^^^^^^^^^^^^^
  File "/opt/anaconda3/lib/python3.12/site-packages/kiteconnect/connect.py", line 865, in _post
    return self._request(route, "POST", url_args=url_args, params=params, is_json=is_json, query_params=query_params)
           ^^^^^^^^^^^^^^^^^^^^^^^^^^^^^^^^^^^^^^^^^^^^^^^^^^^^^^^^^^^^^^^^^^^^^^^^^^^^^^^^^^^^^^^^^^^^^^^^^^^^^^^^^^
  File "/opt/anaconda3/lib/python3.12/site-packages/kiteconnect/connect.py", line 937, in _request
    raise exp(data["message"], code=r.status_code)
kiteconnect.exceptions.TokenException: Incorrect `api_key` or `access_token`.
2025-11-17 01:18:10 | ERROR    | Failed to place order for BANKNIFTY51600PE
2025-11-17 01:18:10 | WARNING  | BUY legs failed for lot_size=2
2025-11-17 01:18:10 | ERROR    | Error exiting partial positions: Incorrect `api_key` or `access_token`.
Traceback (most recent call last):
  File "/Users/rohan/Downloads/Vridhi_Capital_Trading_System/src/trading_system/oms/order_manager.py", line 822, in _exit_partial_positions
    return 0, 0.0
                  
  File "/opt/anaconda3/lib/python3.12/site-packages/kiteconnect/connect.py", line 445, in positions
    return self._get("portfolio.positions")
           ^^^^^^^^^^^^^^^^^^^^^^^^^^^^^^^^
  File "/opt/anaconda3/lib/python3.12/site-packages/kiteconnect/connect.py", line 861, in _get
    return self._request(route, "GET", url_args=url_args, params=params, is_json=is_json)
           ^^^^^^^^^^^^^^^^^^^^^^^^^^^^^^^^^^^^^^^^^^^^^^^^^^^^^^^^^^^^^^^^^^^^^^^^^^^^^^
  File "/opt/anaconda3/lib/python3.12/site-packages/kiteconnect/connect.py", line 937, in _request
    raise exp(data["message"], code=r.status_code)
kiteconnect.exceptions.TokenException: Incorrect `api_key` or `access_token`.
2025-11-17 01:18:10 | DEBUG    | Executing BUY legs: 2 orders
2025-11-17 01:18:10 | ERROR    | Failed to place order: BANKNIFTY51600PE | error=Incorrect `api_key` or `access_token`.
Traceback (most recent call last):
  File "/Users/rohan/Downloads/Vridhi_Capital_Trading_System/src/trading_system/oms/order_manager.py", line 743, in _place_market_order
    order_id=fake_id,
           ^^^^^^^^^^
  File "/opt/anaconda3/lib/python3.12/site-packages/kiteconnect/connect.py", line 361, in place_order
    return self._post("order.place",
           ^^^^^^^^^^^^^^^^^^^^^^^^^
  File "/opt/anaconda3/lib/python3.12/site-packages/kiteconnect/connect.py", line 865, in _post
    return self._request(route, "POST", url_args=url_args, params=params, is_json=is_json, query_params=query_params)
           ^^^^^^^^^^^^^^^^^^^^^^^^^^^^^^^^^^^^^^^^^^^^^^^^^^^^^^^^^^^^^^^^^^^^^^^^^^^^^^^^^^^^^^^^^^^^^^^^^^^^^^^^^^
  File "/opt/anaconda3/lib/python3.12/site-packages/kiteconnect/connect.py", line 937, in _request
    raise exp(data["message"], code=r.status_code)
kiteconnect.exceptions.TokenException: Incorrect `api_key` or `access_token`.
2025-11-17 01:18:10 | ERROR    | Failed to place order for BANKNIFTY51600PE
2025-11-17 01:18:10 | WARNING  | BUY legs failed for lot_size=1
2025-11-17 01:18:10 | ERROR    | Error exiting partial positions: Incorrect `api_key` or `access_token`.
Traceback (most recent call last):
  File "/Users/rohan/Downloads/Vridhi_Capital_Trading_System/src/trading_system/oms/order_manager.py", line 822, in _exit_partial_positions
    return 0, 0.0
                  
  File "/opt/anaconda3/lib/python3.12/site-packages/kiteconnect/connect.py", line 445, in positions
    return self._get("portfolio.positions")
           ^^^^^^^^^^^^^^^^^^^^^^^^^^^^^^^^
  File "/opt/anaconda3/lib/python3.12/site-packages/kiteconnect/connect.py", line 861, in _get
    return self._request(route, "GET", url_args=url_args, params=params, is_json=is_json)
           ^^^^^^^^^^^^^^^^^^^^^^^^^^^^^^^^^^^^^^^^^^^^^^^^^^^^^^^^^^^^^^^^^^^^^^^^^^^^^^
  File "/opt/anaconda3/lib/python3.12/site-packages/kiteconnect/connect.py", line 937, in _request
    raise exp(data["message"], code=r.status_code)
kiteconnect.exceptions.TokenException: Incorrect `api_key` or `access_token`.
2025-11-17 01:18:10 | DEBUG    | ATM strike calculated: 51600 from futures price: 51559.35
2025-11-17 01:18:10 | INFO     | 🔴 SHORT Entry initiated | futures_price=51559.35 | atm_strike=51600 | hedge_strike=53600 | lot_size=8
2025-11-17 01:18:10 | DEBUG    | Executing BUY legs: 2 orders
2025-11-17 01:18:10 | ERROR    | Failed to place order: BANKNIFTY51600PE | error=Incorrect `api_key` or `access_token`.
Traceback (most recent call last):
  File "/Users/rohan/Downloads/Vridhi_Capital_Trading_System/src/trading_system/oms/order_manager.py", line 743, in _place_market_order
    order_id=fake_id,
           ^^^^^^^^^^
  File "/opt/anaconda3/lib/python3.12/site-packages/kiteconnect/connect.py", line 361, in place_order
    return self._post("order.place",
           ^^^^^^^^^^^^^^^^^^^^^^^^^
  File "/opt/anaconda3/lib/python3.12/site-packages/kiteconnect/connect.py", line 865, in _post
    return self._request(route, "POST", url_args=url_args, params=params, is_json=is_json, query_params=query_params)
           ^^^^^^^^^^^^^^^^^^^^^^^^^^^^^^^^^^^^^^^^^^^^^^^^^^^^^^^^^^^^^^^^^^^^^^^^^^^^^^^^^^^^^^^^^^^^^^^^^^^^^^^^^^
  File "/opt/anaconda3/lib/python3.12/site-packages/kiteconnect/connect.py", line 937, in _request
    raise exp(data["message"], code=r.status_code)
kiteconnect.exceptions.TokenException: Incorrect `api_key` or `access_token`.
2025-11-17 01:18:10 | ERROR    | Failed to place order for BANKNIFTY51600PE
2025-11-17 01:18:10 | WARNING  | BUY legs failed for lot_size=8
2025-11-17 01:18:10 | ERROR    | Error exiting partial positions: Incorrect `api_key` or `access_token`.
Traceback (most recent call last):
  File "/Users/rohan/Downloads/Vridhi_Capital_Trading_System/src/trading_system/oms/order_manager.py", line 822, in _exit_partial_positions
    return 0, 0.0
                  
  File "/opt/anaconda3/lib/python3.12/site-packages/kiteconnect/connect.py", line 445, in positions
    return self._get("portfolio.positions")
           ^^^^^^^^^^^^^^^^^^^^^^^^^^^^^^^^
  File "/opt/anaconda3/lib/python3.12/site-packages/kiteconnect/connect.py", line 861, in _get
    return self._request(route, "GET", url_args=url_args, params=params, is_json=is_json)
           ^^^^^^^^^^^^^^^^^^^^^^^^^^^^^^^^^^^^^^^^^^^^^^^^^^^^^^^^^^^^^^^^^^^^^^^^^^^^^^
  File "/opt/anaconda3/lib/python3.12/site-packages/kiteconnect/connect.py", line 937, in _request
    raise exp(data["message"], code=r.status_code)
kiteconnect.exceptions.TokenException: Incorrect `api_key` or `access_token`.
2025-11-17 01:18:10 | DEBUG    | Executing BUY legs: 2 orders
2025-11-17 01:18:11 | ERROR    | Failed to place order: BANKNIFTY51600PE | error=Incorrect `api_key` or `access_token`.
Traceback (most recent call last):
  File "/Users/rohan/Downloads/Vridhi_Capital_Trading_System/src/trading_system/oms/order_manager.py", line 743, in _place_market_order
    order_id=fake_id,
           ^^^^^^^^^^
  File "/opt/anaconda3/lib/python3.12/site-packages/kiteconnect/connect.py", line 361, in place_order
    return self._post("order.place",
           ^^^^^^^^^^^^^^^^^^^^^^^^^
  File "/opt/anaconda3/lib/python3.12/site-packages/kiteconnect/connect.py", line 865, in _post
    return self._request(route, "POST", url_args=url_args, params=params, is_json=is_json, query_params=query_params)
           ^^^^^^^^^^^^^^^^^^^^^^^^^^^^^^^^^^^^^^^^^^^^^^^^^^^^^^^^^^^^^^^^^^^^^^^^^^^^^^^^^^^^^^^^^^^^^^^^^^^^^^^^^^
  File "/opt/anaconda3/lib/python3.12/site-packages/kiteconnect/connect.py", line 937, in _request
    raise exp(data["message"], code=r.status_code)
kiteconnect.exceptions.TokenException: Incorrect `api_key` or `access_token`.
2025-11-17 01:18:11 | ERROR    | Failed to place order for BANKNIFTY51600PE
2025-11-17 01:18:11 | WARNING  | BUY legs failed for lot_size=4
2025-11-17 01:18:11 | ERROR    | Error exiting partial positions: Incorrect `api_key` or `access_token`.
Traceback (most recent call last):
  File "/Users/rohan/Downloads/Vridhi_Capital_Trading_System/src/trading_system/oms/order_manager.py", line 822, in _exit_partial_positions
    return 0, 0.0
                  
  File "/opt/anaconda3/lib/python3.12/site-packages/kiteconnect/connect.py", line 445, in positions
    return self._get("portfolio.positions")
           ^^^^^^^^^^^^^^^^^^^^^^^^^^^^^^^^
  File "/opt/anaconda3/lib/python3.12/site-packages/kiteconnect/connect.py", line 861, in _get
    return self._request(route, "GET", url_args=url_args, params=params, is_json=is_json)
           ^^^^^^^^^^^^^^^^^^^^^^^^^^^^^^^^^^^^^^^^^^^^^^^^^^^^^^^^^^^^^^^^^^^^^^^^^^^^^^
  File "/opt/anaconda3/lib/python3.12/site-packages/kiteconnect/connect.py", line 937, in _request
    raise exp(data["message"], code=r.status_code)
kiteconnect.exceptions.TokenException: Incorrect `api_key` or `access_token`.
2025-11-17 01:18:11 | DEBUG    | Executing BUY legs: 2 orders
2025-11-17 01:18:11 | ERROR    | Failed to place order: BANKNIFTY51600PE | error=Incorrect `api_key` or `access_token`.
Traceback (most recent call last):
  File "/Users/rohan/Downloads/Vridhi_Capital_Trading_System/src/trading_system/oms/order_manager.py", line 743, in _place_market_order
    order_id=fake_id,
           ^^^^^^^^^^
  File "/opt/anaconda3/lib/python3.12/site-packages/kiteconnect/connect.py", line 361, in place_order
    return self._post("order.place",
           ^^^^^^^^^^^^^^^^^^^^^^^^^
  File "/opt/anaconda3/lib/python3.12/site-packages/kiteconnect/connect.py", line 865, in _post
    return self._request(route, "POST", url_args=url_args, params=params, is_json=is_json, query_params=query_params)
           ^^^^^^^^^^^^^^^^^^^^^^^^^^^^^^^^^^^^^^^^^^^^^^^^^^^^^^^^^^^^^^^^^^^^^^^^^^^^^^^^^^^^^^^^^^^^^^^^^^^^^^^^^^
  File "/opt/anaconda3/lib/python3.12/site-packages/kiteconnect/connect.py", line 937, in _request
    raise exp(data["message"], code=r.status_code)
kiteconnect.exceptions.TokenException: Incorrect `api_key` or `access_token`.
2025-11-17 01:18:11 | ERROR    | Failed to place order for BANKNIFTY51600PE
2025-11-17 01:18:11 | WARNING  | BUY legs failed for lot_size=2
2025-11-17 01:18:11 | ERROR    | Error exiting partial positions: Incorrect `api_key` or `access_token`.
Traceback (most recent call last):
  File "/Users/rohan/Downloads/Vridhi_Capital_Trading_System/src/trading_system/oms/order_manager.py", line 822, in _exit_partial_positions
    return 0, 0.0
                  
  File "/opt/anaconda3/lib/python3.12/site-packages/kiteconnect/connect.py", line 445, in positions
    return self._get("portfolio.positions")
           ^^^^^^^^^^^^^^^^^^^^^^^^^^^^^^^^
  File "/opt/anaconda3/lib/python3.12/site-packages/kiteconnect/connect.py", line 861, in _get
    return self._request(route, "GET", url_args=url_args, params=params, is_json=is_json)
           ^^^^^^^^^^^^^^^^^^^^^^^^^^^^^^^^^^^^^^^^^^^^^^^^^^^^^^^^^^^^^^^^^^^^^^^^^^^^^^
  File "/opt/anaconda3/lib/python3.12/site-packages/kiteconnect/connect.py", line 937, in _request
    raise exp(data["message"], code=r.status_code)
kiteconnect.exceptions.TokenException: Incorrect `api_key` or `access_token`.
2025-11-17 01:18:11 | DEBUG    | Executing BUY legs: 2 orders
2025-11-17 01:18:11 | ERROR    | Failed to place order: BANKNIFTY51600PE | error=Incorrect `api_key` or `access_token`.
Traceback (most recent call last):
  File "/Users/rohan/Downloads/Vridhi_Capital_Trading_System/src/trading_system/oms/order_manager.py", line 743, in _place_market_order
    order_id=fake_id,
           ^^^^^^^^^^
  File "/opt/anaconda3/lib/python3.12/site-packages/kiteconnect/connect.py", line 361, in place_order
    return self._post("order.place",
           ^^^^^^^^^^^^^^^^^^^^^^^^^
  File "/opt/anaconda3/lib/python3.12/site-packages/kiteconnect/connect.py", line 865, in _post
    return self._request(route, "POST", url_args=url_args, params=params, is_json=is_json, query_params=query_params)
           ^^^^^^^^^^^^^^^^^^^^^^^^^^^^^^^^^^^^^^^^^^^^^^^^^^^^^^^^^^^^^^^^^^^^^^^^^^^^^^^^^^^^^^^^^^^^^^^^^^^^^^^^^^
  File "/opt/anaconda3/lib/python3.12/site-packages/kiteconnect/connect.py", line 937, in _request
    raise exp(data["message"], code=r.status_code)
kiteconnect.exceptions.TokenException: Incorrect `api_key` or `access_token`.
2025-11-17 01:18:11 | ERROR    | Failed to place order for BANKNIFTY51600PE
2025-11-17 01:18:11 | WARNING  | BUY legs failed for lot_size=1
2025-11-17 01:18:11 | ERROR    | Error exiting partial positions: Incorrect `api_key` or `access_token`.
Traceback (most recent call last):
  File "/Users/rohan/Downloads/Vridhi_Capital_Trading_System/src/trading_system/oms/order_manager.py", line 822, in _exit_partial_positions
    return 0, 0.0
                  
  File "/opt/anaconda3/lib/python3.12/site-packages/kiteconnect/connect.py", line 445, in positions
    return self._get("portfolio.positions")
           ^^^^^^^^^^^^^^^^^^^^^^^^^^^^^^^^
  File "/opt/anaconda3/lib/python3.12/site-packages/kiteconnect/connect.py", line 861, in _get
    return self._request(route, "GET", url_args=url_args, params=params, is_json=is_json)
           ^^^^^^^^^^^^^^^^^^^^^^^^^^^^^^^^^^^^^^^^^^^^^^^^^^^^^^^^^^^^^^^^^^^^^^^^^^^^^^
  File "/opt/anaconda3/lib/python3.12/site-packages/kiteconnect/connect.py", line 937, in _request
    raise exp(data["message"], code=r.status_code)
kiteconnect.exceptions.TokenException: Incorrect `api_key` or `access_token`.
2025-11-17 01:20:11 | DEBUG    | ATM strike calculated: 51400 from futures price: 51410.05
2025-11-17 01:20:11 | INFO     | 🔴 SHORT Entry initiated | futures_price=51410.05 | atm_strike=51400 | hedge_strike=53400 | lot_size=8
2025-11-17 01:20:11 | DEBUG    | Executing BUY legs: 2 orders
2025-11-17 01:20:12 | ERROR    | Failed to place order: BANKNIFTY51400PE | error=Incorrect `api_key` or `access_token`.
Traceback (most recent call last):
  File "/Users/rohan/Downloads/Vridhi_Capital_Trading_System/src/trading_system/oms/order_manager.py", line 743, in _place_market_order
    order_id=fake_id,
           ^^^^^^^^^^
  File "/opt/anaconda3/lib/python3.12/site-packages/kiteconnect/connect.py", line 361, in place_order
    return self._post("order.place",
           ^^^^^^^^^^^^^^^^^^^^^^^^^
  File "/opt/anaconda3/lib/python3.12/site-packages/kiteconnect/connect.py", line 865, in _post
    return self._request(route, "POST", url_args=url_args, params=params, is_json=is_json, query_params=query_params)
           ^^^^^^^^^^^^^^^^^^^^^^^^^^^^^^^^^^^^^^^^^^^^^^^^^^^^^^^^^^^^^^^^^^^^^^^^^^^^^^^^^^^^^^^^^^^^^^^^^^^^^^^^^^
  File "/opt/anaconda3/lib/python3.12/site-packages/kiteconnect/connect.py", line 937, in _request
    raise exp(data["message"], code=r.status_code)
kiteconnect.exceptions.TokenException: Incorrect `api_key` or `access_token`.
2025-11-17 01:20:12 | ERROR    | Failed to place order for BANKNIFTY51400PE
2025-11-17 01:20:12 | WARNING  | BUY legs failed for lot_size=8
2025-11-17 01:20:12 | ERROR    | Error exiting partial positions: Incorrect `api_key` or `access_token`.
Traceback (most recent call last):
  File "/Users/rohan/Downloads/Vridhi_Capital_Trading_System/src/trading_system/oms/order_manager.py", line 822, in _exit_partial_positions
    return 0, 0.0
                  
  File "/opt/anaconda3/lib/python3.12/site-packages/kiteconnect/connect.py", line 445, in positions
    return self._get("portfolio.positions")
           ^^^^^^^^^^^^^^^^^^^^^^^^^^^^^^^^
  File "/opt/anaconda3/lib/python3.12/site-packages/kiteconnect/connect.py", line 861, in _get
    return self._request(route, "GET", url_args=url_args, params=params, is_json=is_json)
           ^^^^^^^^^^^^^^^^^^^^^^^^^^^^^^^^^^^^^^^^^^^^^^^^^^^^^^^^^^^^^^^^^^^^^^^^^^^^^^
  File "/opt/anaconda3/lib/python3.12/site-packages/kiteconnect/connect.py", line 937, in _request
    raise exp(data["message"], code=r.status_code)
kiteconnect.exceptions.TokenException: Incorrect `api_key` or `access_token`.
2025-11-17 01:20:12 | DEBUG    | Executing BUY legs: 2 orders
2025-11-17 01:20:12 | ERROR    | Failed to place order: BANKNIFTY51400PE | error=Incorrect `api_key` or `access_token`.
Traceback (most recent call last):
  File "/Users/rohan/Downloads/Vridhi_Capital_Trading_System/src/trading_system/oms/order_manager.py", line 743, in _place_market_order
    order_id=fake_id,
           ^^^^^^^^^^
  File "/opt/anaconda3/lib/python3.12/site-packages/kiteconnect/connect.py", line 361, in place_order
    return self._post("order.place",
           ^^^^^^^^^^^^^^^^^^^^^^^^^
  File "/opt/anaconda3/lib/python3.12/site-packages/kiteconnect/connect.py", line 865, in _post
    return self._request(route, "POST", url_args=url_args, params=params, is_json=is_json, query_params=query_params)
           ^^^^^^^^^^^^^^^^^^^^^^^^^^^^^^^^^^^^^^^^^^^^^^^^^^^^^^^^^^^^^^^^^^^^^^^^^^^^^^^^^^^^^^^^^^^^^^^^^^^^^^^^^^
  File "/opt/anaconda3/lib/python3.12/site-packages/kiteconnect/connect.py", line 937, in _request
    raise exp(data["message"], code=r.status_code)
kiteconnect.exceptions.TokenException: Incorrect `api_key` or `access_token`.
2025-11-17 01:20:12 | ERROR    | Failed to place order for BANKNIFTY51400PE
2025-11-17 01:20:12 | WARNING  | BUY legs failed for lot_size=4
2025-11-17 01:20:12 | ERROR    | Error exiting partial positions: Incorrect `api_key` or `access_token`.
Traceback (most recent call last):
  File "/Users/rohan/Downloads/Vridhi_Capital_Trading_System/src/trading_system/oms/order_manager.py", line 822, in _exit_partial_positions
    return 0, 0.0
                  
  File "/opt/anaconda3/lib/python3.12/site-packages/kiteconnect/connect.py", line 445, in positions
    return self._get("portfolio.positions")
           ^^^^^^^^^^^^^^^^^^^^^^^^^^^^^^^^
  File "/opt/anaconda3/lib/python3.12/site-packages/kiteconnect/connect.py", line 861, in _get
    return self._request(route, "GET", url_args=url_args, params=params, is_json=is_json)
           ^^^^^^^^^^^^^^^^^^^^^^^^^^^^^^^^^^^^^^^^^^^^^^^^^^^^^^^^^^^^^^^^^^^^^^^^^^^^^^
  File "/opt/anaconda3/lib/python3.12/site-packages/kiteconnect/connect.py", line 937, in _request
    raise exp(data["message"], code=r.status_code)
kiteconnect.exceptions.TokenException: Incorrect `api_key` or `access_token`.
2025-11-17 01:20:12 | DEBUG    | Executing BUY legs: 2 orders
2025-11-17 01:20:12 | ERROR    | Failed to place order: BANKNIFTY51400PE | error=Incorrect `api_key` or `access_token`.
Traceback (most recent call last):
  File "/Users/rohan/Downloads/Vridhi_Capital_Trading_System/src/trading_system/oms/order_manager.py", line 743, in _place_market_order
    order_id=fake_id,
           ^^^^^^^^^^
  File "/opt/anaconda3/lib/python3.12/site-packages/kiteconnect/connect.py", line 361, in place_order
    return self._post("order.place",
           ^^^^^^^^^^^^^^^^^^^^^^^^^
  File "/opt/anaconda3/lib/python3.12/site-packages/kiteconnect/connect.py", line 865, in _post
    return self._request(route, "POST", url_args=url_args, params=params, is_json=is_json, query_params=query_params)
           ^^^^^^^^^^^^^^^^^^^^^^^^^^^^^^^^^^^^^^^^^^^^^^^^^^^^^^^^^^^^^^^^^^^^^^^^^^^^^^^^^^^^^^^^^^^^^^^^^^^^^^^^^^
  File "/opt/anaconda3/lib/python3.12/site-packages/kiteconnect/connect.py", line 937, in _request
    raise exp(data["message"], code=r.status_code)
kiteconnect.exceptions.TokenException: Incorrect `api_key` or `access_token`.
2025-11-17 01:20:12 | ERROR    | Failed to place order for BANKNIFTY51400PE
2025-11-17 01:20:12 | WARNING  | BUY legs failed for lot_size=2
2025-11-17 01:20:13 | ERROR    | Error exiting partial positions: Incorrect `api_key` or `access_token`.
Traceback (most recent call last):
  File "/Users/rohan/Downloads/Vridhi_Capital_Trading_System/src/trading_system/oms/order_manager.py", line 822, in _exit_partial_positions
    return 0, 0.0
                  
  File "/opt/anaconda3/lib/python3.12/site-packages/kiteconnect/connect.py", line 445, in positions
    return self._get("portfolio.positions")
           ^^^^^^^^^^^^^^^^^^^^^^^^^^^^^^^^
  File "/opt/anaconda3/lib/python3.12/site-packages/kiteconnect/connect.py", line 861, in _get
    return self._request(route, "GET", url_args=url_args, params=params, is_json=is_json)
           ^^^^^^^^^^^^^^^^^^^^^^^^^^^^^^^^^^^^^^^^^^^^^^^^^^^^^^^^^^^^^^^^^^^^^^^^^^^^^^
  File "/opt/anaconda3/lib/python3.12/site-packages/kiteconnect/connect.py", line 937, in _request
    raise exp(data["message"], code=r.status_code)
kiteconnect.exceptions.TokenException: Incorrect `api_key` or `access_token`.
2025-11-17 01:20:13 | DEBUG    | Executing BUY legs: 2 orders
2025-11-17 01:20:13 | ERROR    | Failed to place order: BANKNIFTY51400PE | error=Incorrect `api_key` or `access_token`.
Traceback (most recent call last):
  File "/Users/rohan/Downloads/Vridhi_Capital_Trading_System/src/trading_system/oms/order_manager.py", line 743, in _place_market_order
    order_id=fake_id,
           ^^^^^^^^^^
  File "/opt/anaconda3/lib/python3.12/site-packages/kiteconnect/connect.py", line 361, in place_order
    return self._post("order.place",
           ^^^^^^^^^^^^^^^^^^^^^^^^^
  File "/opt/anaconda3/lib/python3.12/site-packages/kiteconnect/connect.py", line 865, in _post
    return self._request(route, "POST", url_args=url_args, params=params, is_json=is_json, query_params=query_params)
           ^^^^^^^^^^^^^^^^^^^^^^^^^^^^^^^^^^^^^^^^^^^^^^^^^^^^^^^^^^^^^^^^^^^^^^^^^^^^^^^^^^^^^^^^^^^^^^^^^^^^^^^^^^
  File "/opt/anaconda3/lib/python3.12/site-packages/kiteconnect/connect.py", line 937, in _request
    raise exp(data["message"], code=r.status_code)
kiteconnect.exceptions.TokenException: Incorrect `api_key` or `access_token`.
2025-11-17 01:20:13 | ERROR    | Failed to place order for BANKNIFTY51400PE
2025-11-17 01:20:13 | WARNING  | BUY legs failed for lot_size=1
2025-11-17 01:20:13 | ERROR    | Error exiting partial positions: Incorrect `api_key` or `access_token`.
Traceback (most recent call last):
  File "/Users/rohan/Downloads/Vridhi_Capital_Trading_System/src/trading_system/oms/order_manager.py", line 822, in _exit_partial_positions
    return 0, 0.0
                  
  File "/opt/anaconda3/lib/python3.12/site-packages/kiteconnect/connect.py", line 445, in positions
    return self._get("portfolio.positions")
           ^^^^^^^^^^^^^^^^^^^^^^^^^^^^^^^^
  File "/opt/anaconda3/lib/python3.12/site-packages/kiteconnect/connect.py", line 861, in _get
    return self._request(route, "GET", url_args=url_args, params=params, is_json=is_json)
           ^^^^^^^^^^^^^^^^^^^^^^^^^^^^^^^^^^^^^^^^^^^^^^^^^^^^^^^^^^^^^^^^^^^^^^^^^^^^^^
  File "/opt/anaconda3/lib/python3.12/site-packages/kiteconnect/connect.py", line 937, in _request
    raise exp(data["message"], code=r.status_code)
kiteconnect.exceptions.TokenException: Incorrect `api_key` or `access_token`.
2025-11-17 01:20:13 | DEBUG    | ATM strike calculated: 51400 from futures price: 51410.05
2025-11-17 01:20:13 | INFO     | 🔴 SHORT Entry initiated | futures_price=51410.05 | atm_strike=51400 | hedge_strike=53400 | lot_size=8
2025-11-17 01:20:13 | DEBUG    | Executing BUY legs: 2 orders
2025-11-17 01:20:13 | ERROR    | Failed to place order: BANKNIFTY51400PE | error=Incorrect `api_key` or `access_token`.
Traceback (most recent call last):
  File "/Users/rohan/Downloads/Vridhi_Capital_Trading_System/src/trading_system/oms/order_manager.py", line 743, in _place_market_order
    order_id=fake_id,
           ^^^^^^^^^^
  File "/opt/anaconda3/lib/python3.12/site-packages/kiteconnect/connect.py", line 361, in place_order
    return self._post("order.place",
           ^^^^^^^^^^^^^^^^^^^^^^^^^
  File "/opt/anaconda3/lib/python3.12/site-packages/kiteconnect/connect.py", line 865, in _post
    return self._request(route, "POST", url_args=url_args, params=params, is_json=is_json, query_params=query_params)
           ^^^^^^^^^^^^^^^^^^^^^^^^^^^^^^^^^^^^^^^^^^^^^^^^^^^^^^^^^^^^^^^^^^^^^^^^^^^^^^^^^^^^^^^^^^^^^^^^^^^^^^^^^^
  File "/opt/anaconda3/lib/python3.12/site-packages/kiteconnect/connect.py", line 937, in _request
    raise exp(data["message"], code=r.status_code)
kiteconnect.exceptions.TokenException: Incorrect `api_key` or `access_token`.
2025-11-17 01:20:13 | ERROR    | Failed to place order for BANKNIFTY51400PE
2025-11-17 01:20:13 | WARNING  | BUY legs failed for lot_size=8
2025-11-17 01:20:13 | ERROR    | Error exiting partial positions: Incorrect `api_key` or `access_token`.
Traceback (most recent call last):
  File "/Users/rohan/Downloads/Vridhi_Capital_Trading_System/src/trading_system/oms/order_manager.py", line 822, in _exit_partial_positions
    return 0, 0.0
                  
  File "/opt/anaconda3/lib/python3.12/site-packages/kiteconnect/connect.py", line 445, in positions
    return self._get("portfolio.positions")
           ^^^^^^^^^^^^^^^^^^^^^^^^^^^^^^^^
  File "/opt/anaconda3/lib/python3.12/site-packages/kiteconnect/connect.py", line 861, in _get
    return self._request(route, "GET", url_args=url_args, params=params, is_json=is_json)
           ^^^^^^^^^^^^^^^^^^^^^^^^^^^^^^^^^^^^^^^^^^^^^^^^^^^^^^^^^^^^^^^^^^^^^^^^^^^^^^
  File "/opt/anaconda3/lib/python3.12/site-packages/kiteconnect/connect.py", line 937, in _request
    raise exp(data["message"], code=r.status_code)
kiteconnect.exceptions.TokenException: Incorrect `api_key` or `access_token`.
2025-11-17 01:20:13 | DEBUG    | Executing BUY legs: 2 orders
2025-11-17 01:20:13 | ERROR    | Failed to place order: BANKNIFTY51400PE | error=Incorrect `api_key` or `access_token`.
Traceback (most recent call last):
  File "/Users/rohan/Downloads/Vridhi_Capital_Trading_System/src/trading_system/oms/order_manager.py", line 743, in _place_market_order
    order_id=fake_id,
           ^^^^^^^^^^
  File "/opt/anaconda3/lib/python3.12/site-packages/kiteconnect/connect.py", line 361, in place_order
    return self._post("order.place",
           ^^^^^^^^^^^^^^^^^^^^^^^^^
  File "/opt/anaconda3/lib/python3.12/site-packages/kiteconnect/connect.py", line 865, in _post
    return self._request(route, "POST", url_args=url_args, params=params, is_json=is_json, query_params=query_params)
           ^^^^^^^^^^^^^^^^^^^^^^^^^^^^^^^^^^^^^^^^^^^^^^^^^^^^^^^^^^^^^^^^^^^^^^^^^^^^^^^^^^^^^^^^^^^^^^^^^^^^^^^^^^
  File "/opt/anaconda3/lib/python3.12/site-packages/kiteconnect/connect.py", line 937, in _request
    raise exp(data["message"], code=r.status_code)
kiteconnect.exceptions.TokenException: Incorrect `api_key` or `access_token`.
2025-11-17 01:20:13 | ERROR    | Failed to place order for BANKNIFTY51400PE
2025-11-17 01:20:13 | WARNING  | BUY legs failed for lot_size=4
2025-11-17 01:20:13 | ERROR    | Error exiting partial positions: Incorrect `api_key` or `access_token`.
Traceback (most recent call last):
  File "/Users/rohan/Downloads/Vridhi_Capital_Trading_System/src/trading_system/oms/order_manager.py", line 822, in _exit_partial_positions
    return 0, 0.0
                  
  File "/opt/anaconda3/lib/python3.12/site-packages/kiteconnect/connect.py", line 445, in positions
    return self._get("portfolio.positions")
           ^^^^^^^^^^^^^^^^^^^^^^^^^^^^^^^^
  File "/opt/anaconda3/lib/python3.12/site-packages/kiteconnect/connect.py", line 861, in _get
    return self._request(route, "GET", url_args=url_args, params=params, is_json=is_json)
           ^^^^^^^^^^^^^^^^^^^^^^^^^^^^^^^^^^^^^^^^^^^^^^^^^^^^^^^^^^^^^^^^^^^^^^^^^^^^^^
  File "/opt/anaconda3/lib/python3.12/site-packages/kiteconnect/connect.py", line 937, in _request
    raise exp(data["message"], code=r.status_code)
kiteconnect.exceptions.TokenException: Incorrect `api_key` or `access_token`.
2025-11-17 01:20:13 | DEBUG    | Executing BUY legs: 2 orders
2025-11-17 01:20:14 | ERROR    | Failed to place order: BANKNIFTY51400PE | error=Incorrect `api_key` or `access_token`.
Traceback (most recent call last):
  File "/Users/rohan/Downloads/Vridhi_Capital_Trading_System/src/trading_system/oms/order_manager.py", line 743, in _place_market_order
    order_id=fake_id,
           ^^^^^^^^^^
  File "/opt/anaconda3/lib/python3.12/site-packages/kiteconnect/connect.py", line 361, in place_order
    return self._post("order.place",
           ^^^^^^^^^^^^^^^^^^^^^^^^^
  File "/opt/anaconda3/lib/python3.12/site-packages/kiteconnect/connect.py", line 865, in _post
    return self._request(route, "POST", url_args=url_args, params=params, is_json=is_json, query_params=query_params)
           ^^^^^^^^^^^^^^^^^^^^^^^^^^^^^^^^^^^^^^^^^^^^^^^^^^^^^^^^^^^^^^^^^^^^^^^^^^^^^^^^^^^^^^^^^^^^^^^^^^^^^^^^^^
  File "/opt/anaconda3/lib/python3.12/site-packages/kiteconnect/connect.py", line 937, in _request
    raise exp(data["message"], code=r.status_code)
kiteconnect.exceptions.TokenException: Incorrect `api_key` or `access_token`.
2025-11-17 01:20:14 | ERROR    | Failed to place order for BANKNIFTY51400PE
2025-11-17 01:20:14 | WARNING  | BUY legs failed for lot_size=2
2025-11-17 01:20:14 | ERROR    | Error exiting partial positions: Incorrect `api_key` or `access_token`.
Traceback (most recent call last):
  File "/Users/rohan/Downloads/Vridhi_Capital_Trading_System/src/trading_system/oms/order_manager.py", line 822, in _exit_partial_positions
    return 0, 0.0
                  
  File "/opt/anaconda3/lib/python3.12/site-packages/kiteconnect/connect.py", line 445, in positions
    return self._get("portfolio.positions")
           ^^^^^^^^^^^^^^^^^^^^^^^^^^^^^^^^
  File "/opt/anaconda3/lib/python3.12/site-packages/kiteconnect/connect.py", line 861, in _get
    return self._request(route, "GET", url_args=url_args, params=params, is_json=is_json)
           ^^^^^^^^^^^^^^^^^^^^^^^^^^^^^^^^^^^^^^^^^^^^^^^^^^^^^^^^^^^^^^^^^^^^^^^^^^^^^^
  File "/opt/anaconda3/lib/python3.12/site-packages/kiteconnect/connect.py", line 937, in _request
    raise exp(data["message"], code=r.status_code)
kiteconnect.exceptions.TokenException: Incorrect `api_key` or `access_token`.
2025-11-17 01:20:14 | DEBUG    | Executing BUY legs: 2 orders
2025-11-17 01:20:14 | ERROR    | Failed to place order: BANKNIFTY51400PE | error=Incorrect `api_key` or `access_token`.
Traceback (most recent call last):
  File "/Users/rohan/Downloads/Vridhi_Capital_Trading_System/src/trading_system/oms/order_manager.py", line 743, in _place_market_order
    order_id=fake_id,
           ^^^^^^^^^^
  File "/opt/anaconda3/lib/python3.12/site-packages/kiteconnect/connect.py", line 361, in place_order
    return self._post("order.place",
           ^^^^^^^^^^^^^^^^^^^^^^^^^
  File "/opt/anaconda3/lib/python3.12/site-packages/kiteconnect/connect.py", line 865, in _post
    return self._request(route, "POST", url_args=url_args, params=params, is_json=is_json, query_params=query_params)
           ^^^^^^^^^^^^^^^^^^^^^^^^^^^^^^^^^^^^^^^^^^^^^^^^^^^^^^^^^^^^^^^^^^^^^^^^^^^^^^^^^^^^^^^^^^^^^^^^^^^^^^^^^^
  File "/opt/anaconda3/lib/python3.12/site-packages/kiteconnect/connect.py", line 937, in _request
    raise exp(data["message"], code=r.status_code)
kiteconnect.exceptions.TokenException: Incorrect `api_key` or `access_token`.
2025-11-17 01:20:14 | ERROR    | Failed to place order for BANKNIFTY51400PE
2025-11-17 01:20:14 | WARNING  | BUY legs failed for lot_size=1
2025-11-17 01:20:14 | ERROR    | Error exiting partial positions: Incorrect `api_key` or `access_token`.
Traceback (most recent call last):
  File "/Users/rohan/Downloads/Vridhi_Capital_Trading_System/src/trading_system/oms/order_manager.py", line 822, in _exit_partial_positions
    return 0, 0.0
                  
  File "/opt/anaconda3/lib/python3.12/site-packages/kiteconnect/connect.py", line 445, in positions
    return self._get("portfolio.positions")
           ^^^^^^^^^^^^^^^^^^^^^^^^^^^^^^^^
  File "/opt/anaconda3/lib/python3.12/site-packages/kiteconnect/connect.py", line 861, in _get
    return self._request(route, "GET", url_args=url_args, params=params, is_json=is_json)
           ^^^^^^^^^^^^^^^^^^^^^^^^^^^^^^^^^^^^^^^^^^^^^^^^^^^^^^^^^^^^^^^^^^^^^^^^^^^^^^
  File "/opt/anaconda3/lib/python3.12/site-packages/kiteconnect/connect.py", line 937, in _request
    raise exp(data["message"], code=r.status_code)
kiteconnect.exceptions.TokenException: Incorrect `api_key` or `access_token`.
2025-11-17 01:22:14 | DEBUG    | ATM strike calculated: 51400 from futures price: 51447.6
2025-11-17 01:22:14 | INFO     | 🔵 LONG Entry initiated | futures_price=51447.6 | atm_strike=51400 | hedge_strike=49400 | lot_size=8
2025-11-17 01:22:14 | DEBUG    | Executing BUY legs: 2 orders
2025-11-17 01:22:15 | ERROR    | Failed to place order: BANKNIFTY51400CE | error=Incorrect `api_key` or `access_token`.
Traceback (most recent call last):
  File "/Users/rohan/Downloads/Vridhi_Capital_Trading_System/src/trading_system/oms/order_manager.py", line 743, in _place_market_order
    order_id=fake_id,
           ^^^^^^^^^^
  File "/opt/anaconda3/lib/python3.12/site-packages/kiteconnect/connect.py", line 361, in place_order
    return self._post("order.place",
           ^^^^^^^^^^^^^^^^^^^^^^^^^
  File "/opt/anaconda3/lib/python3.12/site-packages/kiteconnect/connect.py", line 865, in _post
    return self._request(route, "POST", url_args=url_args, params=params, is_json=is_json, query_params=query_params)
           ^^^^^^^^^^^^^^^^^^^^^^^^^^^^^^^^^^^^^^^^^^^^^^^^^^^^^^^^^^^^^^^^^^^^^^^^^^^^^^^^^^^^^^^^^^^^^^^^^^^^^^^^^^
  File "/opt/anaconda3/lib/python3.12/site-packages/kiteconnect/connect.py", line 937, in _request
    raise exp(data["message"], code=r.status_code)
kiteconnect.exceptions.TokenException: Incorrect `api_key` or `access_token`.
2025-11-17 01:22:15 | ERROR    | Failed to place order for BANKNIFTY51400CE
2025-11-17 01:22:15 | WARNING  | BUY legs failed for lot_size=8
2025-11-17 01:22:15 | ERROR    | Error exiting partial positions: Incorrect `api_key` or `access_token`.
Traceback (most recent call last):
  File "/Users/rohan/Downloads/Vridhi_Capital_Trading_System/src/trading_system/oms/order_manager.py", line 822, in _exit_partial_positions
    return 0, 0.0
                  
  File "/opt/anaconda3/lib/python3.12/site-packages/kiteconnect/connect.py", line 445, in positions
    return self._get("portfolio.positions")
           ^^^^^^^^^^^^^^^^^^^^^^^^^^^^^^^^
  File "/opt/anaconda3/lib/python3.12/site-packages/kiteconnect/connect.py", line 861, in _get
    return self._request(route, "GET", url_args=url_args, params=params, is_json=is_json)
           ^^^^^^^^^^^^^^^^^^^^^^^^^^^^^^^^^^^^^^^^^^^^^^^^^^^^^^^^^^^^^^^^^^^^^^^^^^^^^^
  File "/opt/anaconda3/lib/python3.12/site-packages/kiteconnect/connect.py", line 937, in _request
    raise exp(data["message"], code=r.status_code)
kiteconnect.exceptions.TokenException: Incorrect `api_key` or `access_token`.
2025-11-17 01:22:15 | DEBUG    | Executing BUY legs: 2 orders
2025-11-17 01:22:15 | ERROR    | Failed to place order: BANKNIFTY51400CE | error=Incorrect `api_key` or `access_token`.
Traceback (most recent call last):
  File "/Users/rohan/Downloads/Vridhi_Capital_Trading_System/src/trading_system/oms/order_manager.py", line 743, in _place_market_order
    order_id=fake_id,
           ^^^^^^^^^^
  File "/opt/anaconda3/lib/python3.12/site-packages/kiteconnect/connect.py", line 361, in place_order
    return self._post("order.place",
           ^^^^^^^^^^^^^^^^^^^^^^^^^
  File "/opt/anaconda3/lib/python3.12/site-packages/kiteconnect/connect.py", line 865, in _post
    return self._request(route, "POST", url_args=url_args, params=params, is_json=is_json, query_params=query_params)
           ^^^^^^^^^^^^^^^^^^^^^^^^^^^^^^^^^^^^^^^^^^^^^^^^^^^^^^^^^^^^^^^^^^^^^^^^^^^^^^^^^^^^^^^^^^^^^^^^^^^^^^^^^^
  File "/opt/anaconda3/lib/python3.12/site-packages/kiteconnect/connect.py", line 937, in _request
    raise exp(data["message"], code=r.status_code)
kiteconnect.exceptions.TokenException: Incorrect `api_key` or `access_token`.
2025-11-17 01:22:15 | ERROR    | Failed to place order for BANKNIFTY51400CE
2025-11-17 01:22:15 | WARNING  | BUY legs failed for lot_size=4
2025-11-17 01:22:15 | ERROR    | Error exiting partial positions: Incorrect `api_key` or `access_token`.
Traceback (most recent call last):
  File "/Users/rohan/Downloads/Vridhi_Capital_Trading_System/src/trading_system/oms/order_manager.py", line 822, in _exit_partial_positions
    return 0, 0.0
                  
  File "/opt/anaconda3/lib/python3.12/site-packages/kiteconnect/connect.py", line 445, in positions
    return self._get("portfolio.positions")
           ^^^^^^^^^^^^^^^^^^^^^^^^^^^^^^^^
  File "/opt/anaconda3/lib/python3.12/site-packages/kiteconnect/connect.py", line 861, in _get
    return self._request(route, "GET", url_args=url_args, params=params, is_json=is_json)
           ^^^^^^^^^^^^^^^^^^^^^^^^^^^^^^^^^^^^^^^^^^^^^^^^^^^^^^^^^^^^^^^^^^^^^^^^^^^^^^
  File "/opt/anaconda3/lib/python3.12/site-packages/kiteconnect/connect.py", line 937, in _request
    raise exp(data["message"], code=r.status_code)
kiteconnect.exceptions.TokenException: Incorrect `api_key` or `access_token`.
2025-11-17 01:22:15 | DEBUG    | Executing BUY legs: 2 orders
2025-11-17 01:22:15 | ERROR    | Failed to place order: BANKNIFTY51400CE | error=Incorrect `api_key` or `access_token`.
Traceback (most recent call last):
  File "/Users/rohan/Downloads/Vridhi_Capital_Trading_System/src/trading_system/oms/order_manager.py", line 743, in _place_market_order
    order_id=fake_id,
           ^^^^^^^^^^
  File "/opt/anaconda3/lib/python3.12/site-packages/kiteconnect/connect.py", line 361, in place_order
    return self._post("order.place",
           ^^^^^^^^^^^^^^^^^^^^^^^^^
  File "/opt/anaconda3/lib/python3.12/site-packages/kiteconnect/connect.py", line 865, in _post
    return self._request(route, "POST", url_args=url_args, params=params, is_json=is_json, query_params=query_params)
           ^^^^^^^^^^^^^^^^^^^^^^^^^^^^^^^^^^^^^^^^^^^^^^^^^^^^^^^^^^^^^^^^^^^^^^^^^^^^^^^^^^^^^^^^^^^^^^^^^^^^^^^^^^
  File "/opt/anaconda3/lib/python3.12/site-packages/kiteconnect/connect.py", line 937, in _request
    raise exp(data["message"], code=r.status_code)
kiteconnect.exceptions.TokenException: Incorrect `api_key` or `access_token`.
2025-11-17 01:22:15 | ERROR    | Failed to place order for BANKNIFTY51400CE
2025-11-17 01:22:15 | WARNING  | BUY legs failed for lot_size=2
2025-11-17 01:22:15 | ERROR    | Error exiting partial positions: Incorrect `api_key` or `access_token`.
Traceback (most recent call last):
  File "/Users/rohan/Downloads/Vridhi_Capital_Trading_System/src/trading_system/oms/order_manager.py", line 822, in _exit_partial_positions
    return 0, 0.0
                  
  File "/opt/anaconda3/lib/python3.12/site-packages/kiteconnect/connect.py", line 445, in positions
    return self._get("portfolio.positions")
           ^^^^^^^^^^^^^^^^^^^^^^^^^^^^^^^^
  File "/opt/anaconda3/lib/python3.12/site-packages/kiteconnect/connect.py", line 861, in _get
    return self._request(route, "GET", url_args=url_args, params=params, is_json=is_json)
           ^^^^^^^^^^^^^^^^^^^^^^^^^^^^^^^^^^^^^^^^^^^^^^^^^^^^^^^^^^^^^^^^^^^^^^^^^^^^^^
  File "/opt/anaconda3/lib/python3.12/site-packages/kiteconnect/connect.py", line 937, in _request
    raise exp(data["message"], code=r.status_code)
kiteconnect.exceptions.TokenException: Incorrect `api_key` or `access_token`.
2025-11-17 01:22:15 | DEBUG    | Executing BUY legs: 2 orders
2025-11-17 01:22:16 | ERROR    | Failed to place order: BANKNIFTY51400CE | error=Incorrect `api_key` or `access_token`.
Traceback (most recent call last):
  File "/Users/rohan/Downloads/Vridhi_Capital_Trading_System/src/trading_system/oms/order_manager.py", line 743, in _place_market_order
    order_id=fake_id,
           ^^^^^^^^^^
  File "/opt/anaconda3/lib/python3.12/site-packages/kiteconnect/connect.py", line 361, in place_order
    return self._post("order.place",
           ^^^^^^^^^^^^^^^^^^^^^^^^^
  File "/opt/anaconda3/lib/python3.12/site-packages/kiteconnect/connect.py", line 865, in _post
    return self._request(route, "POST", url_args=url_args, params=params, is_json=is_json, query_params=query_params)
           ^^^^^^^^^^^^^^^^^^^^^^^^^^^^^^^^^^^^^^^^^^^^^^^^^^^^^^^^^^^^^^^^^^^^^^^^^^^^^^^^^^^^^^^^^^^^^^^^^^^^^^^^^^
  File "/opt/anaconda3/lib/python3.12/site-packages/kiteconnect/connect.py", line 937, in _request
    raise exp(data["message"], code=r.status_code)
kiteconnect.exceptions.TokenException: Incorrect `api_key` or `access_token`.
2025-11-17 01:22:16 | ERROR    | Failed to place order for BANKNIFTY51400CE
2025-11-17 01:22:16 | WARNING  | BUY legs failed for lot_size=1
2025-11-17 01:22:16 | ERROR    | Error exiting partial positions: Incorrect `api_key` or `access_token`.
Traceback (most recent call last):
  File "/Users/rohan/Downloads/Vridhi_Capital_Trading_System/src/trading_system/oms/order_manager.py", line 822, in _exit_partial_positions
    return 0, 0.0
                  
  File "/opt/anaconda3/lib/python3.12/site-packages/kiteconnect/connect.py", line 445, in positions
    return self._get("portfolio.positions")
           ^^^^^^^^^^^^^^^^^^^^^^^^^^^^^^^^
  File "/opt/anaconda3/lib/python3.12/site-packages/kiteconnect/connect.py", line 861, in _get
    return self._request(route, "GET", url_args=url_args, params=params, is_json=is_json)
           ^^^^^^^^^^^^^^^^^^^^^^^^^^^^^^^^^^^^^^^^^^^^^^^^^^^^^^^^^^^^^^^^^^^^^^^^^^^^^^
  File "/opt/anaconda3/lib/python3.12/site-packages/kiteconnect/connect.py", line 937, in _request
    raise exp(data["message"], code=r.status_code)
kiteconnect.exceptions.TokenException: Incorrect `api_key` or `access_token`.
2025-11-17 01:22:16 | DEBUG    | ATM strike calculated: 51400 from futures price: 51447.6
2025-11-17 01:22:16 | INFO     | 🔵 LONG Entry initiated | futures_price=51447.6 | atm_strike=51400 | hedge_strike=49400 | lot_size=8
2025-11-17 01:22:16 | DEBUG    | Executing BUY legs: 2 orders
2025-11-17 01:22:16 | ERROR    | Failed to place order: BANKNIFTY51400CE | error=Incorrect `api_key` or `access_token`.
Traceback (most recent call last):
  File "/Users/rohan/Downloads/Vridhi_Capital_Trading_System/src/trading_system/oms/order_manager.py", line 743, in _place_market_order
    order_id=fake_id,
           ^^^^^^^^^^
  File "/opt/anaconda3/lib/python3.12/site-packages/kiteconnect/connect.py", line 361, in place_order
    return self._post("order.place",
           ^^^^^^^^^^^^^^^^^^^^^^^^^
  File "/opt/anaconda3/lib/python3.12/site-packages/kiteconnect/connect.py", line 865, in _post
    return self._request(route, "POST", url_args=url_args, params=params, is_json=is_json, query_params=query_params)
           ^^^^^^^^^^^^^^^^^^^^^^^^^^^^^^^^^^^^^^^^^^^^^^^^^^^^^^^^^^^^^^^^^^^^^^^^^^^^^^^^^^^^^^^^^^^^^^^^^^^^^^^^^^
  File "/opt/anaconda3/lib/python3.12/site-packages/kiteconnect/connect.py", line 937, in _request
    raise exp(data["message"], code=r.status_code)
kiteconnect.exceptions.TokenException: Incorrect `api_key` or `access_token`.
2025-11-17 01:22:16 | ERROR    | Failed to place order for BANKNIFTY51400CE
2025-11-17 01:22:16 | WARNING  | BUY legs failed for lot_size=8
2025-11-17 01:22:16 | ERROR    | Error exiting partial positions: Incorrect `api_key` or `access_token`.
Traceback (most recent call last):
  File "/Users/rohan/Downloads/Vridhi_Capital_Trading_System/src/trading_system/oms/order_manager.py", line 822, in _exit_partial_positions
    return 0, 0.0
                  
  File "/opt/anaconda3/lib/python3.12/site-packages/kiteconnect/connect.py", line 445, in positions
    return self._get("portfolio.positions")
           ^^^^^^^^^^^^^^^^^^^^^^^^^^^^^^^^
  File "/opt/anaconda3/lib/python3.12/site-packages/kiteconnect/connect.py", line 861, in _get
    return self._request(route, "GET", url_args=url_args, params=params, is_json=is_json)
           ^^^^^^^^^^^^^^^^^^^^^^^^^^^^^^^^^^^^^^^^^^^^^^^^^^^^^^^^^^^^^^^^^^^^^^^^^^^^^^
  File "/opt/anaconda3/lib/python3.12/site-packages/kiteconnect/connect.py", line 937, in _request
    raise exp(data["message"], code=r.status_code)
kiteconnect.exceptions.TokenException: Incorrect `api_key` or `access_token`.
2025-11-17 01:22:16 | DEBUG    | Executing BUY legs: 2 orders
2025-11-17 01:22:16 | ERROR    | Failed to place order: BANKNIFTY51400CE | error=Incorrect `api_key` or `access_token`.
Traceback (most recent call last):
  File "/Users/rohan/Downloads/Vridhi_Capital_Trading_System/src/trading_system/oms/order_manager.py", line 743, in _place_market_order
    order_id=fake_id,
           ^^^^^^^^^^
  File "/opt/anaconda3/lib/python3.12/site-packages/kiteconnect/connect.py", line 361, in place_order
    return self._post("order.place",
           ^^^^^^^^^^^^^^^^^^^^^^^^^
  File "/opt/anaconda3/lib/python3.12/site-packages/kiteconnect/connect.py", line 865, in _post
    return self._request(route, "POST", url_args=url_args, params=params, is_json=is_json, query_params=query_params)
           ^^^^^^^^^^^^^^^^^^^^^^^^^^^^^^^^^^^^^^^^^^^^^^^^^^^^^^^^^^^^^^^^^^^^^^^^^^^^^^^^^^^^^^^^^^^^^^^^^^^^^^^^^^
  File "/opt/anaconda3/lib/python3.12/site-packages/kiteconnect/connect.py", line 937, in _request
    raise exp(data["message"], code=r.status_code)
kiteconnect.exceptions.TokenException: Incorrect `api_key` or `access_token`.
2025-11-17 01:22:16 | ERROR    | Failed to place order for BANKNIFTY51400CE
2025-11-17 01:22:16 | WARNING  | BUY legs failed for lot_size=4
2025-11-17 01:22:16 | ERROR    | Error exiting partial positions: Incorrect `api_key` or `access_token`.
Traceback (most recent call last):
  File "/Users/rohan/Downloads/Vridhi_Capital_Trading_System/src/trading_system/oms/order_manager.py", line 822, in _exit_partial_positions
    return 0, 0.0
                  
  File "/opt/anaconda3/lib/python3.12/site-packages/kiteconnect/connect.py", line 445, in positions
    return self._get("portfolio.positions")
           ^^^^^^^^^^^^^^^^^^^^^^^^^^^^^^^^
  File "/opt/anaconda3/lib/python3.12/site-packages/kiteconnect/connect.py", line 861, in _get
    return self._request(route, "GET", url_args=url_args, params=params, is_json=is_json)
           ^^^^^^^^^^^^^^^^^^^^^^^^^^^^^^^^^^^^^^^^^^^^^^^^^^^^^^^^^^^^^^^^^^^^^^^^^^^^^^
  File "/opt/anaconda3/lib/python3.12/site-packages/kiteconnect/connect.py", line 937, in _request
    raise exp(data["message"], code=r.status_code)
kiteconnect.exceptions.TokenException: Incorrect `api_key` or `access_token`.
2025-11-17 01:22:16 | DEBUG    | Executing BUY legs: 2 orders
2025-11-17 01:22:16 | ERROR    | Failed to place order: BANKNIFTY51400CE | error=Incorrect `api_key` or `access_token`.
Traceback (most recent call last):
  File "/Users/rohan/Downloads/Vridhi_Capital_Trading_System/src/trading_system/oms/order_manager.py", line 743, in _place_market_order
    order_id=fake_id,
           ^^^^^^^^^^
  File "/opt/anaconda3/lib/python3.12/site-packages/kiteconnect/connect.py", line 361, in place_order
    return self._post("order.place",
           ^^^^^^^^^^^^^^^^^^^^^^^^^
  File "/opt/anaconda3/lib/python3.12/site-packages/kiteconnect/connect.py", line 865, in _post
    return self._request(route, "POST", url_args=url_args, params=params, is_json=is_json, query_params=query_params)
           ^^^^^^^^^^^^^^^^^^^^^^^^^^^^^^^^^^^^^^^^^^^^^^^^^^^^^^^^^^^^^^^^^^^^^^^^^^^^^^^^^^^^^^^^^^^^^^^^^^^^^^^^^^
  File "/opt/anaconda3/lib/python3.12/site-packages/kiteconnect/connect.py", line 937, in _request
    raise exp(data["message"], code=r.status_code)
kiteconnect.exceptions.TokenException: Incorrect `api_key` or `access_token`.
2025-11-17 01:22:16 | ERROR    | Failed to place order for BANKNIFTY51400CE
2025-11-17 01:22:16 | WARNING  | BUY legs failed for lot_size=2
2025-11-17 01:22:17 | ERROR    | Error exiting partial positions: Incorrect `api_key` or `access_token`.
Traceback (most recent call last):
  File "/Users/rohan/Downloads/Vridhi_Capital_Trading_System/src/trading_system/oms/order_manager.py", line 822, in _exit_partial_positions
    return 0, 0.0
                  
  File "/opt/anaconda3/lib/python3.12/site-packages/kiteconnect/connect.py", line 445, in positions
    return self._get("portfolio.positions")
           ^^^^^^^^^^^^^^^^^^^^^^^^^^^^^^^^
  File "/opt/anaconda3/lib/python3.12/site-packages/kiteconnect/connect.py", line 861, in _get
    return self._request(route, "GET", url_args=url_args, params=params, is_json=is_json)
           ^^^^^^^^^^^^^^^^^^^^^^^^^^^^^^^^^^^^^^^^^^^^^^^^^^^^^^^^^^^^^^^^^^^^^^^^^^^^^^
  File "/opt/anaconda3/lib/python3.12/site-packages/kiteconnect/connect.py", line 937, in _request
    raise exp(data["message"], code=r.status_code)
kiteconnect.exceptions.TokenException: Incorrect `api_key` or `access_token`.
2025-11-17 01:22:17 | DEBUG    | Executing BUY legs: 2 orders
2025-11-17 01:22:17 | ERROR    | Failed to place order: BANKNIFTY51400CE | error=Incorrect `api_key` or `access_token`.
Traceback (most recent call last):
  File "/Users/rohan/Downloads/Vridhi_Capital_Trading_System/src/trading_system/oms/order_manager.py", line 743, in _place_market_order
    order_id=fake_id,
           ^^^^^^^^^^
  File "/opt/anaconda3/lib/python3.12/site-packages/kiteconnect/connect.py", line 361, in place_order
    return self._post("order.place",
           ^^^^^^^^^^^^^^^^^^^^^^^^^
  File "/opt/anaconda3/lib/python3.12/site-packages/kiteconnect/connect.py", line 865, in _post
    return self._request(route, "POST", url_args=url_args, params=params, is_json=is_json, query_params=query_params)
           ^^^^^^^^^^^^^^^^^^^^^^^^^^^^^^^^^^^^^^^^^^^^^^^^^^^^^^^^^^^^^^^^^^^^^^^^^^^^^^^^^^^^^^^^^^^^^^^^^^^^^^^^^^
  File "/opt/anaconda3/lib/python3.12/site-packages/kiteconnect/connect.py", line 937, in _request
    raise exp(data["message"], code=r.status_code)
kiteconnect.exceptions.TokenException: Incorrect `api_key` or `access_token`.
2025-11-17 01:22:17 | ERROR    | Failed to place order for BANKNIFTY51400CE
2025-11-17 01:22:17 | WARNING  | BUY legs failed for lot_size=1
2025-11-17 01:22:17 | ERROR    | Error exiting partial positions: Incorrect `api_key` or `access_token`.
Traceback (most recent call last):
  File "/Users/rohan/Downloads/Vridhi_Capital_Trading_System/src/trading_system/oms/order_manager.py", line 822, in _exit_partial_positions
    return 0, 0.0
                  
  File "/opt/anaconda3/lib/python3.12/site-packages/kiteconnect/connect.py", line 445, in positions
    return self._get("portfolio.positions")
           ^^^^^^^^^^^^^^^^^^^^^^^^^^^^^^^^
  File "/opt/anaconda3/lib/python3.12/site-packages/kiteconnect/connect.py", line 861, in _get
    return self._request(route, "GET", url_args=url_args, params=params, is_json=is_json)
           ^^^^^^^^^^^^^^^^^^^^^^^^^^^^^^^^^^^^^^^^^^^^^^^^^^^^^^^^^^^^^^^^^^^^^^^^^^^^^^
  File "/opt/anaconda3/lib/python3.12/site-packages/kiteconnect/connect.py", line 937, in _request
    raise exp(data["message"], code=r.status_code)
kiteconnect.exceptions.TokenException: Incorrect `api_key` or `access_token`.
2025-11-17 01:24:17 | DEBUG    | ATM strike calculated: 51500 from futures price: 51496.0
2025-11-17 01:24:17 | INFO     | 🔵 LONG Entry initiated | futures_price=51496.0 | atm_strike=51500 | hedge_strike=49500 | lot_size=8
2025-11-17 01:24:17 | DEBUG    | Executing BUY legs: 2 orders
2025-11-17 01:24:17 | ERROR    | Failed to place order: BANKNIFTY51500CE | error=Incorrect `api_key` or `access_token`.
Traceback (most recent call last):
  File "/Users/rohan/Downloads/Vridhi_Capital_Trading_System/src/trading_system/oms/order_manager.py", line 743, in _place_market_order
    order_id=fake_id,
           ^^^^^^^^^^
  File "/opt/anaconda3/lib/python3.12/site-packages/kiteconnect/connect.py", line 361, in place_order
    return self._post("order.place",
           ^^^^^^^^^^^^^^^^^^^^^^^^^
  File "/opt/anaconda3/lib/python3.12/site-packages/kiteconnect/connect.py", line 865, in _post
    return self._request(route, "POST", url_args=url_args, params=params, is_json=is_json, query_params=query_params)
           ^^^^^^^^^^^^^^^^^^^^^^^^^^^^^^^^^^^^^^^^^^^^^^^^^^^^^^^^^^^^^^^^^^^^^^^^^^^^^^^^^^^^^^^^^^^^^^^^^^^^^^^^^^
  File "/opt/anaconda3/lib/python3.12/site-packages/kiteconnect/connect.py", line 937, in _request
    raise exp(data["message"], code=r.status_code)
kiteconnect.exceptions.TokenException: Incorrect `api_key` or `access_token`.
2025-11-17 01:24:17 | ERROR    | Failed to place order for BANKNIFTY51500CE
2025-11-17 01:24:17 | WARNING  | BUY legs failed for lot_size=8
2025-11-17 01:24:18 | ERROR    | Error exiting partial positions: Incorrect `api_key` or `access_token`.
Traceback (most recent call last):
  File "/Users/rohan/Downloads/Vridhi_Capital_Trading_System/src/trading_system/oms/order_manager.py", line 822, in _exit_partial_positions
    return 0, 0.0
                  
  File "/opt/anaconda3/lib/python3.12/site-packages/kiteconnect/connect.py", line 445, in positions
    return self._get("portfolio.positions")
           ^^^^^^^^^^^^^^^^^^^^^^^^^^^^^^^^
  File "/opt/anaconda3/lib/python3.12/site-packages/kiteconnect/connect.py", line 861, in _get
    return self._request(route, "GET", url_args=url_args, params=params, is_json=is_json)
           ^^^^^^^^^^^^^^^^^^^^^^^^^^^^^^^^^^^^^^^^^^^^^^^^^^^^^^^^^^^^^^^^^^^^^^^^^^^^^^
  File "/opt/anaconda3/lib/python3.12/site-packages/kiteconnect/connect.py", line 937, in _request
    raise exp(data["message"], code=r.status_code)
kiteconnect.exceptions.TokenException: Incorrect `api_key` or `access_token`.
2025-11-17 01:24:18 | DEBUG    | Executing BUY legs: 2 orders
2025-11-17 01:24:18 | ERROR    | Failed to place order: BANKNIFTY51500CE | error=Incorrect `api_key` or `access_token`.
Traceback (most recent call last):
  File "/Users/rohan/Downloads/Vridhi_Capital_Trading_System/src/trading_system/oms/order_manager.py", line 743, in _place_market_order
    order_id=fake_id,
           ^^^^^^^^^^
  File "/opt/anaconda3/lib/python3.12/site-packages/kiteconnect/connect.py", line 361, in place_order
    return self._post("order.place",
           ^^^^^^^^^^^^^^^^^^^^^^^^^
  File "/opt/anaconda3/lib/python3.12/site-packages/kiteconnect/connect.py", line 865, in _post
    return self._request(route, "POST", url_args=url_args, params=params, is_json=is_json, query_params=query_params)
           ^^^^^^^^^^^^^^^^^^^^^^^^^^^^^^^^^^^^^^^^^^^^^^^^^^^^^^^^^^^^^^^^^^^^^^^^^^^^^^^^^^^^^^^^^^^^^^^^^^^^^^^^^^
  File "/opt/anaconda3/lib/python3.12/site-packages/kiteconnect/connect.py", line 937, in _request
    raise exp(data["message"], code=r.status_code)
kiteconnect.exceptions.TokenException: Incorrect `api_key` or `access_token`.
2025-11-17 01:24:18 | ERROR    | Failed to place order for BANKNIFTY51500CE
2025-11-17 01:24:18 | WARNING  | BUY legs failed for lot_size=4
2025-11-17 01:24:18 | ERROR    | Error exiting partial positions: Incorrect `api_key` or `access_token`.
Traceback (most recent call last):
  File "/Users/rohan/Downloads/Vridhi_Capital_Trading_System/src/trading_system/oms/order_manager.py", line 822, in _exit_partial_positions
    return 0, 0.0
                  
  File "/opt/anaconda3/lib/python3.12/site-packages/kiteconnect/connect.py", line 445, in positions
    return self._get("portfolio.positions")
           ^^^^^^^^^^^^^^^^^^^^^^^^^^^^^^^^
  File "/opt/anaconda3/lib/python3.12/site-packages/kiteconnect/connect.py", line 861, in _get
    return self._request(route, "GET", url_args=url_args, params=params, is_json=is_json)
           ^^^^^^^^^^^^^^^^^^^^^^^^^^^^^^^^^^^^^^^^^^^^^^^^^^^^^^^^^^^^^^^^^^^^^^^^^^^^^^
  File "/opt/anaconda3/lib/python3.12/site-packages/kiteconnect/connect.py", line 937, in _request
    raise exp(data["message"], code=r.status_code)
kiteconnect.exceptions.TokenException: Incorrect `api_key` or `access_token`.
2025-11-17 01:24:18 | DEBUG    | Executing BUY legs: 2 orders
2025-11-17 01:24:18 | ERROR    | Failed to place order: BANKNIFTY51500CE | error=Incorrect `api_key` or `access_token`.
Traceback (most recent call last):
  File "/Users/rohan/Downloads/Vridhi_Capital_Trading_System/src/trading_system/oms/order_manager.py", line 743, in _place_market_order
    order_id=fake_id,
           ^^^^^^^^^^
  File "/opt/anaconda3/lib/python3.12/site-packages/kiteconnect/connect.py", line 361, in place_order
    return self._post("order.place",
           ^^^^^^^^^^^^^^^^^^^^^^^^^
  File "/opt/anaconda3/lib/python3.12/site-packages/kiteconnect/connect.py", line 865, in _post
    return self._request(route, "POST", url_args=url_args, params=params, is_json=is_json, query_params=query_params)
           ^^^^^^^^^^^^^^^^^^^^^^^^^^^^^^^^^^^^^^^^^^^^^^^^^^^^^^^^^^^^^^^^^^^^^^^^^^^^^^^^^^^^^^^^^^^^^^^^^^^^^^^^^^
  File "/opt/anaconda3/lib/python3.12/site-packages/kiteconnect/connect.py", line 937, in _request
    raise exp(data["message"], code=r.status_code)
kiteconnect.exceptions.TokenException: Incorrect `api_key` or `access_token`.
2025-11-17 01:24:18 | ERROR    | Failed to place order for BANKNIFTY51500CE
2025-11-17 01:24:18 | WARNING  | BUY legs failed for lot_size=2
2025-11-17 01:24:18 | ERROR    | Error exiting partial positions: Incorrect `api_key` or `access_token`.
Traceback (most recent call last):
  File "/Users/rohan/Downloads/Vridhi_Capital_Trading_System/src/trading_system/oms/order_manager.py", line 822, in _exit_partial_positions
    return 0, 0.0
                  
  File "/opt/anaconda3/lib/python3.12/site-packages/kiteconnect/connect.py", line 445, in positions
    return self._get("portfolio.positions")
           ^^^^^^^^^^^^^^^^^^^^^^^^^^^^^^^^
  File "/opt/anaconda3/lib/python3.12/site-packages/kiteconnect/connect.py", line 861, in _get
    return self._request(route, "GET", url_args=url_args, params=params, is_json=is_json)
           ^^^^^^^^^^^^^^^^^^^^^^^^^^^^^^^^^^^^^^^^^^^^^^^^^^^^^^^^^^^^^^^^^^^^^^^^^^^^^^
  File "/opt/anaconda3/lib/python3.12/site-packages/kiteconnect/connect.py", line 937, in _request
    raise exp(data["message"], code=r.status_code)
kiteconnect.exceptions.TokenException: Incorrect `api_key` or `access_token`.
2025-11-17 01:24:18 | DEBUG    | Executing BUY legs: 2 orders
2025-11-17 01:24:18 | ERROR    | Failed to place order: BANKNIFTY51500CE | error=Incorrect `api_key` or `access_token`.
Traceback (most recent call last):
  File "/Users/rohan/Downloads/Vridhi_Capital_Trading_System/src/trading_system/oms/order_manager.py", line 743, in _place_market_order
    order_id=fake_id,
           ^^^^^^^^^^
  File "/opt/anaconda3/lib/python3.12/site-packages/kiteconnect/connect.py", line 361, in place_order
    return self._post("order.place",
           ^^^^^^^^^^^^^^^^^^^^^^^^^
  File "/opt/anaconda3/lib/python3.12/site-packages/kiteconnect/connect.py", line 865, in _post
    return self._request(route, "POST", url_args=url_args, params=params, is_json=is_json, query_params=query_params)
           ^^^^^^^^^^^^^^^^^^^^^^^^^^^^^^^^^^^^^^^^^^^^^^^^^^^^^^^^^^^^^^^^^^^^^^^^^^^^^^^^^^^^^^^^^^^^^^^^^^^^^^^^^^
  File "/opt/anaconda3/lib/python3.12/site-packages/kiteconnect/connect.py", line 937, in _request
    raise exp(data["message"], code=r.status_code)
kiteconnect.exceptions.TokenException: Incorrect `api_key` or `access_token`.
2025-11-17 01:24:18 | ERROR    | Failed to place order for BANKNIFTY51500CE
2025-11-17 01:24:18 | WARNING  | BUY legs failed for lot_size=1
2025-11-17 01:24:18 | ERROR    | Error exiting partial positions: Incorrect `api_key` or `access_token`.
Traceback (most recent call last):
  File "/Users/rohan/Downloads/Vridhi_Capital_Trading_System/src/trading_system/oms/order_manager.py", line 822, in _exit_partial_positions
    return 0, 0.0
                  
  File "/opt/anaconda3/lib/python3.12/site-packages/kiteconnect/connect.py", line 445, in positions
    return self._get("portfolio.positions")
           ^^^^^^^^^^^^^^^^^^^^^^^^^^^^^^^^
  File "/opt/anaconda3/lib/python3.12/site-packages/kiteconnect/connect.py", line 861, in _get
    return self._request(route, "GET", url_args=url_args, params=params, is_json=is_json)
           ^^^^^^^^^^^^^^^^^^^^^^^^^^^^^^^^^^^^^^^^^^^^^^^^^^^^^^^^^^^^^^^^^^^^^^^^^^^^^^
  File "/opt/anaconda3/lib/python3.12/site-packages/kiteconnect/connect.py", line 937, in _request
    raise exp(data["message"], code=r.status_code)
kiteconnect.exceptions.TokenException: Incorrect `api_key` or `access_token`.
2025-11-17 01:24:18 | DEBUG    | ATM strike calculated: 51500 from futures price: 51496.0
2025-11-17 01:24:18 | INFO     | 🔵 LONG Entry initiated | futures_price=51496.0 | atm_strike=51500 | hedge_strike=49500 | lot_size=8
2025-11-17 01:24:18 | DEBUG    | Executing BUY legs: 2 orders
2025-11-17 01:24:19 | ERROR    | Failed to place order: BANKNIFTY51500CE | error=Incorrect `api_key` or `access_token`.
Traceback (most recent call last):
  File "/Users/rohan/Downloads/Vridhi_Capital_Trading_System/src/trading_system/oms/order_manager.py", line 743, in _place_market_order
    order_id=fake_id,
           ^^^^^^^^^^
  File "/opt/anaconda3/lib/python3.12/site-packages/kiteconnect/connect.py", line 361, in place_order
    return self._post("order.place",
           ^^^^^^^^^^^^^^^^^^^^^^^^^
  File "/opt/anaconda3/lib/python3.12/site-packages/kiteconnect/connect.py", line 865, in _post
    return self._request(route, "POST", url_args=url_args, params=params, is_json=is_json, query_params=query_params)
           ^^^^^^^^^^^^^^^^^^^^^^^^^^^^^^^^^^^^^^^^^^^^^^^^^^^^^^^^^^^^^^^^^^^^^^^^^^^^^^^^^^^^^^^^^^^^^^^^^^^^^^^^^^
  File "/opt/anaconda3/lib/python3.12/site-packages/kiteconnect/connect.py", line 937, in _request
    raise exp(data["message"], code=r.status_code)
kiteconnect.exceptions.TokenException: Incorrect `api_key` or `access_token`.
2025-11-17 01:24:19 | ERROR    | Failed to place order for BANKNIFTY51500CE
2025-11-17 01:24:19 | WARNING  | BUY legs failed for lot_size=8
2025-11-17 01:24:19 | ERROR    | Error exiting partial positions: Incorrect `api_key` or `access_token`.
Traceback (most recent call last):
  File "/Users/rohan/Downloads/Vridhi_Capital_Trading_System/src/trading_system/oms/order_manager.py", line 822, in _exit_partial_positions
    return 0, 0.0
                  
  File "/opt/anaconda3/lib/python3.12/site-packages/kiteconnect/connect.py", line 445, in positions
    return self._get("portfolio.positions")
           ^^^^^^^^^^^^^^^^^^^^^^^^^^^^^^^^
  File "/opt/anaconda3/lib/python3.12/site-packages/kiteconnect/connect.py", line 861, in _get
    return self._request(route, "GET", url_args=url_args, params=params, is_json=is_json)
           ^^^^^^^^^^^^^^^^^^^^^^^^^^^^^^^^^^^^^^^^^^^^^^^^^^^^^^^^^^^^^^^^^^^^^^^^^^^^^^
  File "/opt/anaconda3/lib/python3.12/site-packages/kiteconnect/connect.py", line 937, in _request
    raise exp(data["message"], code=r.status_code)
kiteconnect.exceptions.TokenException: Incorrect `api_key` or `access_token`.
2025-11-17 01:24:19 | DEBUG    | Executing BUY legs: 2 orders
2025-11-17 01:24:19 | ERROR    | Failed to place order: BANKNIFTY51500CE | error=Incorrect `api_key` or `access_token`.
Traceback (most recent call last):
  File "/Users/rohan/Downloads/Vridhi_Capital_Trading_System/src/trading_system/oms/order_manager.py", line 743, in _place_market_order
    order_id=fake_id,
           ^^^^^^^^^^
  File "/opt/anaconda3/lib/python3.12/site-packages/kiteconnect/connect.py", line 361, in place_order
    return self._post("order.place",
           ^^^^^^^^^^^^^^^^^^^^^^^^^
  File "/opt/anaconda3/lib/python3.12/site-packages/kiteconnect/connect.py", line 865, in _post
    return self._request(route, "POST", url_args=url_args, params=params, is_json=is_json, query_params=query_params)
           ^^^^^^^^^^^^^^^^^^^^^^^^^^^^^^^^^^^^^^^^^^^^^^^^^^^^^^^^^^^^^^^^^^^^^^^^^^^^^^^^^^^^^^^^^^^^^^^^^^^^^^^^^^
  File "/opt/anaconda3/lib/python3.12/site-packages/kiteconnect/connect.py", line 937, in _request
    raise exp(data["message"], code=r.status_code)
kiteconnect.exceptions.TokenException: Incorrect `api_key` or `access_token`.
2025-11-17 01:24:19 | ERROR    | Failed to place order for BANKNIFTY51500CE
2025-11-17 01:24:19 | WARNING  | BUY legs failed for lot_size=4
2025-11-17 01:24:19 | ERROR    | Error exiting partial positions: Incorrect `api_key` or `access_token`.
Traceback (most recent call last):
  File "/Users/rohan/Downloads/Vridhi_Capital_Trading_System/src/trading_system/oms/order_manager.py", line 822, in _exit_partial_positions
    return 0, 0.0
                  
  File "/opt/anaconda3/lib/python3.12/site-packages/kiteconnect/connect.py", line 445, in positions
    return self._get("portfolio.positions")
           ^^^^^^^^^^^^^^^^^^^^^^^^^^^^^^^^
  File "/opt/anaconda3/lib/python3.12/site-packages/kiteconnect/connect.py", line 861, in _get
    return self._request(route, "GET", url_args=url_args, params=params, is_json=is_json)
           ^^^^^^^^^^^^^^^^^^^^^^^^^^^^^^^^^^^^^^^^^^^^^^^^^^^^^^^^^^^^^^^^^^^^^^^^^^^^^^
  File "/opt/anaconda3/lib/python3.12/site-packages/kiteconnect/connect.py", line 937, in _request
    raise exp(data["message"], code=r.status_code)
kiteconnect.exceptions.TokenException: Incorrect `api_key` or `access_token`.
2025-11-17 01:24:19 | DEBUG    | Executing BUY legs: 2 orders
2025-11-17 01:24:19 | ERROR    | Failed to place order: BANKNIFTY51500CE | error=Incorrect `api_key` or `access_token`.
Traceback (most recent call last):
  File "/Users/rohan/Downloads/Vridhi_Capital_Trading_System/src/trading_system/oms/order_manager.py", line 743, in _place_market_order
    order_id=fake_id,
           ^^^^^^^^^^
  File "/opt/anaconda3/lib/python3.12/site-packages/kiteconnect/connect.py", line 361, in place_order
    return self._post("order.place",
           ^^^^^^^^^^^^^^^^^^^^^^^^^
  File "/opt/anaconda3/lib/python3.12/site-packages/kiteconnect/connect.py", line 865, in _post
    return self._request(route, "POST", url_args=url_args, params=params, is_json=is_json, query_params=query_params)
           ^^^^^^^^^^^^^^^^^^^^^^^^^^^^^^^^^^^^^^^^^^^^^^^^^^^^^^^^^^^^^^^^^^^^^^^^^^^^^^^^^^^^^^^^^^^^^^^^^^^^^^^^^^
  File "/opt/anaconda3/lib/python3.12/site-packages/kiteconnect/connect.py", line 937, in _request
    raise exp(data["message"], code=r.status_code)
kiteconnect.exceptions.TokenException: Incorrect `api_key` or `access_token`.
2025-11-17 01:24:19 | ERROR    | Failed to place order for BANKNIFTY51500CE
2025-11-17 01:24:19 | WARNING  | BUY legs failed for lot_size=2
2025-11-17 01:24:19 | ERROR    | Error exiting partial positions: Incorrect `api_key` or `access_token`.
Traceback (most recent call last):
  File "/Users/rohan/Downloads/Vridhi_Capital_Trading_System/src/trading_system/oms/order_manager.py", line 822, in _exit_partial_positions
    return 0, 0.0
                  
  File "/opt/anaconda3/lib/python3.12/site-packages/kiteconnect/connect.py", line 445, in positions
    return self._get("portfolio.positions")
           ^^^^^^^^^^^^^^^^^^^^^^^^^^^^^^^^
  File "/opt/anaconda3/lib/python3.12/site-packages/kiteconnect/connect.py", line 861, in _get
    return self._request(route, "GET", url_args=url_args, params=params, is_json=is_json)
           ^^^^^^^^^^^^^^^^^^^^^^^^^^^^^^^^^^^^^^^^^^^^^^^^^^^^^^^^^^^^^^^^^^^^^^^^^^^^^^
  File "/opt/anaconda3/lib/python3.12/site-packages/kiteconnect/connect.py", line 937, in _request
    raise exp(data["message"], code=r.status_code)
kiteconnect.exceptions.TokenException: Incorrect `api_key` or `access_token`.
2025-11-17 01:24:19 | DEBUG    | Executing BUY legs: 2 orders
2025-11-17 01:24:19 | ERROR    | Failed to place order: BANKNIFTY51500CE | error=Incorrect `api_key` or `access_token`.
Traceback (most recent call last):
  File "/Users/rohan/Downloads/Vridhi_Capital_Trading_System/src/trading_system/oms/order_manager.py", line 743, in _place_market_order
    order_id=fake_id,
           ^^^^^^^^^^
  File "/opt/anaconda3/lib/python3.12/site-packages/kiteconnect/connect.py", line 361, in place_order
    return self._post("order.place",
           ^^^^^^^^^^^^^^^^^^^^^^^^^
  File "/opt/anaconda3/lib/python3.12/site-packages/kiteconnect/connect.py", line 865, in _post
    return self._request(route, "POST", url_args=url_args, params=params, is_json=is_json, query_params=query_params)
           ^^^^^^^^^^^^^^^^^^^^^^^^^^^^^^^^^^^^^^^^^^^^^^^^^^^^^^^^^^^^^^^^^^^^^^^^^^^^^^^^^^^^^^^^^^^^^^^^^^^^^^^^^^
  File "/opt/anaconda3/lib/python3.12/site-packages/kiteconnect/connect.py", line 937, in _request
    raise exp(data["message"], code=r.status_code)
kiteconnect.exceptions.TokenException: Incorrect `api_key` or `access_token`.
2025-11-17 01:24:19 | ERROR    | Failed to place order for BANKNIFTY51500CE
2025-11-17 01:24:19 | WARNING  | BUY legs failed for lot_size=1
2025-11-17 01:24:20 | ERROR    | Error exiting partial positions: Incorrect `api_key` or `access_token`.
Traceback (most recent call last):
  File "/Users/rohan/Downloads/Vridhi_Capital_Trading_System/src/trading_system/oms/order_manager.py", line 822, in _exit_partial_positions
    return 0, 0.0
                  
  File "/opt/anaconda3/lib/python3.12/site-packages/kiteconnect/connect.py", line 445, in positions
    return self._get("portfolio.positions")
           ^^^^^^^^^^^^^^^^^^^^^^^^^^^^^^^^
  File "/opt/anaconda3/lib/python3.12/site-packages/kiteconnect/connect.py", line 861, in _get
    return self._request(route, "GET", url_args=url_args, params=params, is_json=is_json)
           ^^^^^^^^^^^^^^^^^^^^^^^^^^^^^^^^^^^^^^^^^^^^^^^^^^^^^^^^^^^^^^^^^^^^^^^^^^^^^^
  File "/opt/anaconda3/lib/python3.12/site-packages/kiteconnect/connect.py", line 937, in _request
    raise exp(data["message"], code=r.status_code)
kiteconnect.exceptions.TokenException: Incorrect `api_key` or `access_token`.
2025-11-17 01:26:20 | DEBUG    | ATM strike calculated: 51500 from futures price: 51492.95
2025-11-17 01:26:20 | INFO     | 🔴 SHORT Entry initiated | futures_price=51492.95 | atm_strike=51500 | hedge_strike=53500 | lot_size=8
2025-11-17 01:26:20 | DEBUG    | Executing BUY legs: 2 orders
2025-11-17 01:26:20 | ERROR    | Failed to place order: BANKNIFTY51500PE | error=Incorrect `api_key` or `access_token`.
Traceback (most recent call last):
  File "/Users/rohan/Downloads/Vridhi_Capital_Trading_System/src/trading_system/oms/order_manager.py", line 743, in _place_market_order
    order_id=fake_id,
           ^^^^^^^^^^
  File "/opt/anaconda3/lib/python3.12/site-packages/kiteconnect/connect.py", line 361, in place_order
    return self._post("order.place",
           ^^^^^^^^^^^^^^^^^^^^^^^^^
  File "/opt/anaconda3/lib/python3.12/site-packages/kiteconnect/connect.py", line 865, in _post
    return self._request(route, "POST", url_args=url_args, params=params, is_json=is_json, query_params=query_params)
           ^^^^^^^^^^^^^^^^^^^^^^^^^^^^^^^^^^^^^^^^^^^^^^^^^^^^^^^^^^^^^^^^^^^^^^^^^^^^^^^^^^^^^^^^^^^^^^^^^^^^^^^^^^
  File "/opt/anaconda3/lib/python3.12/site-packages/kiteconnect/connect.py", line 937, in _request
    raise exp(data["message"], code=r.status_code)
kiteconnect.exceptions.TokenException: Incorrect `api_key` or `access_token`.
2025-11-17 01:26:20 | ERROR    | Failed to place order for BANKNIFTY51500PE
2025-11-17 01:26:20 | WARNING  | BUY legs failed for lot_size=8
2025-11-17 01:26:20 | ERROR    | Error exiting partial positions: Incorrect `api_key` or `access_token`.
Traceback (most recent call last):
  File "/Users/rohan/Downloads/Vridhi_Capital_Trading_System/src/trading_system/oms/order_manager.py", line 822, in _exit_partial_positions
    return 0, 0.0
                  
  File "/opt/anaconda3/lib/python3.12/site-packages/kiteconnect/connect.py", line 445, in positions
    return self._get("portfolio.positions")
           ^^^^^^^^^^^^^^^^^^^^^^^^^^^^^^^^
  File "/opt/anaconda3/lib/python3.12/site-packages/kiteconnect/connect.py", line 861, in _get
    return self._request(route, "GET", url_args=url_args, params=params, is_json=is_json)
           ^^^^^^^^^^^^^^^^^^^^^^^^^^^^^^^^^^^^^^^^^^^^^^^^^^^^^^^^^^^^^^^^^^^^^^^^^^^^^^
  File "/opt/anaconda3/lib/python3.12/site-packages/kiteconnect/connect.py", line 937, in _request
    raise exp(data["message"], code=r.status_code)
kiteconnect.exceptions.TokenException: Incorrect `api_key` or `access_token`.
2025-11-17 01:26:20 | DEBUG    | Executing BUY legs: 2 orders
2025-11-17 01:26:20 | ERROR    | Failed to place order: BANKNIFTY51500PE | error=Incorrect `api_key` or `access_token`.
Traceback (most recent call last):
  File "/Users/rohan/Downloads/Vridhi_Capital_Trading_System/src/trading_system/oms/order_manager.py", line 743, in _place_market_order
    order_id=fake_id,
           ^^^^^^^^^^
  File "/opt/anaconda3/lib/python3.12/site-packages/kiteconnect/connect.py", line 361, in place_order
    return self._post("order.place",
           ^^^^^^^^^^^^^^^^^^^^^^^^^
  File "/opt/anaconda3/lib/python3.12/site-packages/kiteconnect/connect.py", line 865, in _post
    return self._request(route, "POST", url_args=url_args, params=params, is_json=is_json, query_params=query_params)
           ^^^^^^^^^^^^^^^^^^^^^^^^^^^^^^^^^^^^^^^^^^^^^^^^^^^^^^^^^^^^^^^^^^^^^^^^^^^^^^^^^^^^^^^^^^^^^^^^^^^^^^^^^^
  File "/opt/anaconda3/lib/python3.12/site-packages/kiteconnect/connect.py", line 937, in _request
    raise exp(data["message"], code=r.status_code)
kiteconnect.exceptions.TokenException: Incorrect `api_key` or `access_token`.
2025-11-17 01:26:20 | ERROR    | Failed to place order for BANKNIFTY51500PE
2025-11-17 01:26:20 | WARNING  | BUY legs failed for lot_size=4
2025-11-17 01:26:21 | ERROR    | Error exiting partial positions: Incorrect `api_key` or `access_token`.
Traceback (most recent call last):
  File "/Users/rohan/Downloads/Vridhi_Capital_Trading_System/src/trading_system/oms/order_manager.py", line 822, in _exit_partial_positions
    return 0, 0.0
                  
  File "/opt/anaconda3/lib/python3.12/site-packages/kiteconnect/connect.py", line 445, in positions
    return self._get("portfolio.positions")
           ^^^^^^^^^^^^^^^^^^^^^^^^^^^^^^^^
  File "/opt/anaconda3/lib/python3.12/site-packages/kiteconnect/connect.py", line 861, in _get
    return self._request(route, "GET", url_args=url_args, params=params, is_json=is_json)
           ^^^^^^^^^^^^^^^^^^^^^^^^^^^^^^^^^^^^^^^^^^^^^^^^^^^^^^^^^^^^^^^^^^^^^^^^^^^^^^
  File "/opt/anaconda3/lib/python3.12/site-packages/kiteconnect/connect.py", line 937, in _request
    raise exp(data["message"], code=r.status_code)
kiteconnect.exceptions.TokenException: Incorrect `api_key` or `access_token`.
2025-11-17 01:26:21 | DEBUG    | Executing BUY legs: 2 orders
2025-11-17 01:26:21 | ERROR    | Failed to place order: BANKNIFTY51500PE | error=Incorrect `api_key` or `access_token`.
Traceback (most recent call last):
  File "/Users/rohan/Downloads/Vridhi_Capital_Trading_System/src/trading_system/oms/order_manager.py", line 743, in _place_market_order
    order_id=fake_id,
           ^^^^^^^^^^
  File "/opt/anaconda3/lib/python3.12/site-packages/kiteconnect/connect.py", line 361, in place_order
    return self._post("order.place",
           ^^^^^^^^^^^^^^^^^^^^^^^^^
  File "/opt/anaconda3/lib/python3.12/site-packages/kiteconnect/connect.py", line 865, in _post
    return self._request(route, "POST", url_args=url_args, params=params, is_json=is_json, query_params=query_params)
           ^^^^^^^^^^^^^^^^^^^^^^^^^^^^^^^^^^^^^^^^^^^^^^^^^^^^^^^^^^^^^^^^^^^^^^^^^^^^^^^^^^^^^^^^^^^^^^^^^^^^^^^^^^
  File "/opt/anaconda3/lib/python3.12/site-packages/kiteconnect/connect.py", line 937, in _request
    raise exp(data["message"], code=r.status_code)
kiteconnect.exceptions.TokenException: Incorrect `api_key` or `access_token`.
2025-11-17 01:26:21 | ERROR    | Failed to place order for BANKNIFTY51500PE
2025-11-17 01:26:21 | WARNING  | BUY legs failed for lot_size=2
2025-11-17 01:26:21 | ERROR    | Error exiting partial positions: Incorrect `api_key` or `access_token`.
Traceback (most recent call last):
  File "/Users/rohan/Downloads/Vridhi_Capital_Trading_System/src/trading_system/oms/order_manager.py", line 822, in _exit_partial_positions
    return 0, 0.0
                  
  File "/opt/anaconda3/lib/python3.12/site-packages/kiteconnect/connect.py", line 445, in positions
    return self._get("portfolio.positions")
           ^^^^^^^^^^^^^^^^^^^^^^^^^^^^^^^^
  File "/opt/anaconda3/lib/python3.12/site-packages/kiteconnect/connect.py", line 861, in _get
    return self._request(route, "GET", url_args=url_args, params=params, is_json=is_json)
           ^^^^^^^^^^^^^^^^^^^^^^^^^^^^^^^^^^^^^^^^^^^^^^^^^^^^^^^^^^^^^^^^^^^^^^^^^^^^^^
  File "/opt/anaconda3/lib/python3.12/site-packages/kiteconnect/connect.py", line 937, in _request
    raise exp(data["message"], code=r.status_code)
kiteconnect.exceptions.TokenException: Incorrect `api_key` or `access_token`.
2025-11-17 01:26:21 | DEBUG    | Executing BUY legs: 2 orders
2025-11-17 01:26:21 | ERROR    | Failed to place order: BANKNIFTY51500PE | error=Incorrect `api_key` or `access_token`.
Traceback (most recent call last):
  File "/Users/rohan/Downloads/Vridhi_Capital_Trading_System/src/trading_system/oms/order_manager.py", line 743, in _place_market_order
    order_id=fake_id,
           ^^^^^^^^^^
  File "/opt/anaconda3/lib/python3.12/site-packages/kiteconnect/connect.py", line 361, in place_order
    return self._post("order.place",
           ^^^^^^^^^^^^^^^^^^^^^^^^^
  File "/opt/anaconda3/lib/python3.12/site-packages/kiteconnect/connect.py", line 865, in _post
    return self._request(route, "POST", url_args=url_args, params=params, is_json=is_json, query_params=query_params)
           ^^^^^^^^^^^^^^^^^^^^^^^^^^^^^^^^^^^^^^^^^^^^^^^^^^^^^^^^^^^^^^^^^^^^^^^^^^^^^^^^^^^^^^^^^^^^^^^^^^^^^^^^^^
  File "/opt/anaconda3/lib/python3.12/site-packages/kiteconnect/connect.py", line 937, in _request
    raise exp(data["message"], code=r.status_code)
kiteconnect.exceptions.TokenException: Incorrect `api_key` or `access_token`.
2025-11-17 01:26:21 | ERROR    | Failed to place order for BANKNIFTY51500PE
2025-11-17 01:26:21 | WARNING  | BUY legs failed for lot_size=1
2025-11-17 01:26:21 | ERROR    | Error exiting partial positions: Incorrect `api_key` or `access_token`.
Traceback (most recent call last):
  File "/Users/rohan/Downloads/Vridhi_Capital_Trading_System/src/trading_system/oms/order_manager.py", line 822, in _exit_partial_positions
    return 0, 0.0
                  
  File "/opt/anaconda3/lib/python3.12/site-packages/kiteconnect/connect.py", line 445, in positions
    return self._get("portfolio.positions")
           ^^^^^^^^^^^^^^^^^^^^^^^^^^^^^^^^
  File "/opt/anaconda3/lib/python3.12/site-packages/kiteconnect/connect.py", line 861, in _get
    return self._request(route, "GET", url_args=url_args, params=params, is_json=is_json)
           ^^^^^^^^^^^^^^^^^^^^^^^^^^^^^^^^^^^^^^^^^^^^^^^^^^^^^^^^^^^^^^^^^^^^^^^^^^^^^^
  File "/opt/anaconda3/lib/python3.12/site-packages/kiteconnect/connect.py", line 937, in _request
    raise exp(data["message"], code=r.status_code)
kiteconnect.exceptions.TokenException: Incorrect `api_key` or `access_token`.
2025-11-17 01:26:21 | DEBUG    | ATM strike calculated: 51500 from futures price: 51492.95
2025-11-17 01:26:21 | INFO     | 🔴 SHORT Entry initiated | futures_price=51492.95 | atm_strike=51500 | hedge_strike=53500 | lot_size=8
2025-11-17 01:26:21 | DEBUG    | Executing BUY legs: 2 orders
2025-11-17 01:26:21 | ERROR    | Failed to place order: BANKNIFTY51500PE | error=Incorrect `api_key` or `access_token`.
Traceback (most recent call last):
  File "/Users/rohan/Downloads/Vridhi_Capital_Trading_System/src/trading_system/oms/order_manager.py", line 743, in _place_market_order
    order_id=fake_id,
           ^^^^^^^^^^
  File "/opt/anaconda3/lib/python3.12/site-packages/kiteconnect/connect.py", line 361, in place_order
    return self._post("order.place",
           ^^^^^^^^^^^^^^^^^^^^^^^^^
  File "/opt/anaconda3/lib/python3.12/site-packages/kiteconnect/connect.py", line 865, in _post
    return self._request(route, "POST", url_args=url_args, params=params, is_json=is_json, query_params=query_params)
           ^^^^^^^^^^^^^^^^^^^^^^^^^^^^^^^^^^^^^^^^^^^^^^^^^^^^^^^^^^^^^^^^^^^^^^^^^^^^^^^^^^^^^^^^^^^^^^^^^^^^^^^^^^
  File "/opt/anaconda3/lib/python3.12/site-packages/kiteconnect/connect.py", line 937, in _request
    raise exp(data["message"], code=r.status_code)
kiteconnect.exceptions.TokenException: Incorrect `api_key` or `access_token`.
2025-11-17 01:26:21 | ERROR    | Failed to place order for BANKNIFTY51500PE
2025-11-17 01:26:21 | WARNING  | BUY legs failed for lot_size=8
2025-11-17 01:26:21 | ERROR    | Error exiting partial positions: Incorrect `api_key` or `access_token`.
Traceback (most recent call last):
  File "/Users/rohan/Downloads/Vridhi_Capital_Trading_System/src/trading_system/oms/order_manager.py", line 822, in _exit_partial_positions
    return 0, 0.0
                  
  File "/opt/anaconda3/lib/python3.12/site-packages/kiteconnect/connect.py", line 445, in positions
    return self._get("portfolio.positions")
           ^^^^^^^^^^^^^^^^^^^^^^^^^^^^^^^^
  File "/opt/anaconda3/lib/python3.12/site-packages/kiteconnect/connect.py", line 861, in _get
    return self._request(route, "GET", url_args=url_args, params=params, is_json=is_json)
           ^^^^^^^^^^^^^^^^^^^^^^^^^^^^^^^^^^^^^^^^^^^^^^^^^^^^^^^^^^^^^^^^^^^^^^^^^^^^^^
  File "/opt/anaconda3/lib/python3.12/site-packages/kiteconnect/connect.py", line 937, in _request
    raise exp(data["message"], code=r.status_code)
kiteconnect.exceptions.TokenException: Incorrect `api_key` or `access_token`.
2025-11-17 01:26:21 | DEBUG    | Executing BUY legs: 2 orders
2025-11-17 01:26:22 | ERROR    | Failed to place order: BANKNIFTY51500PE | error=Incorrect `api_key` or `access_token`.
Traceback (most recent call last):
  File "/Users/rohan/Downloads/Vridhi_Capital_Trading_System/src/trading_system/oms/order_manager.py", line 743, in _place_market_order
    order_id=fake_id,
           ^^^^^^^^^^
  File "/opt/anaconda3/lib/python3.12/site-packages/kiteconnect/connect.py", line 361, in place_order
    return self._post("order.place",
           ^^^^^^^^^^^^^^^^^^^^^^^^^
  File "/opt/anaconda3/lib/python3.12/site-packages/kiteconnect/connect.py", line 865, in _post
    return self._request(route, "POST", url_args=url_args, params=params, is_json=is_json, query_params=query_params)
           ^^^^^^^^^^^^^^^^^^^^^^^^^^^^^^^^^^^^^^^^^^^^^^^^^^^^^^^^^^^^^^^^^^^^^^^^^^^^^^^^^^^^^^^^^^^^^^^^^^^^^^^^^^
  File "/opt/anaconda3/lib/python3.12/site-packages/kiteconnect/connect.py", line 937, in _request
    raise exp(data["message"], code=r.status_code)
kiteconnect.exceptions.TokenException: Incorrect `api_key` or `access_token`.
2025-11-17 01:26:22 | ERROR    | Failed to place order for BANKNIFTY51500PE
2025-11-17 01:26:22 | WARNING  | BUY legs failed for lot_size=4
2025-11-17 01:26:22 | ERROR    | Error exiting partial positions: Incorrect `api_key` or `access_token`.
Traceback (most recent call last):
  File "/Users/rohan/Downloads/Vridhi_Capital_Trading_System/src/trading_system/oms/order_manager.py", line 822, in _exit_partial_positions
    return 0, 0.0
                  
  File "/opt/anaconda3/lib/python3.12/site-packages/kiteconnect/connect.py", line 445, in positions
    return self._get("portfolio.positions")
           ^^^^^^^^^^^^^^^^^^^^^^^^^^^^^^^^
  File "/opt/anaconda3/lib/python3.12/site-packages/kiteconnect/connect.py", line 861, in _get
    return self._request(route, "GET", url_args=url_args, params=params, is_json=is_json)
           ^^^^^^^^^^^^^^^^^^^^^^^^^^^^^^^^^^^^^^^^^^^^^^^^^^^^^^^^^^^^^^^^^^^^^^^^^^^^^^
  File "/opt/anaconda3/lib/python3.12/site-packages/kiteconnect/connect.py", line 937, in _request
    raise exp(data["message"], code=r.status_code)
kiteconnect.exceptions.TokenException: Incorrect `api_key` or `access_token`.
2025-11-17 01:26:22 | DEBUG    | Executing BUY legs: 2 orders
2025-11-17 01:26:22 | ERROR    | Failed to place order: BANKNIFTY51500PE | error=Incorrect `api_key` or `access_token`.
Traceback (most recent call last):
  File "/Users/rohan/Downloads/Vridhi_Capital_Trading_System/src/trading_system/oms/order_manager.py", line 743, in _place_market_order
    order_id=fake_id,
           ^^^^^^^^^^
  File "/opt/anaconda3/lib/python3.12/site-packages/kiteconnect/connect.py", line 361, in place_order
    return self._post("order.place",
           ^^^^^^^^^^^^^^^^^^^^^^^^^
  File "/opt/anaconda3/lib/python3.12/site-packages/kiteconnect/connect.py", line 865, in _post
    return self._request(route, "POST", url_args=url_args, params=params, is_json=is_json, query_params=query_params)
           ^^^^^^^^^^^^^^^^^^^^^^^^^^^^^^^^^^^^^^^^^^^^^^^^^^^^^^^^^^^^^^^^^^^^^^^^^^^^^^^^^^^^^^^^^^^^^^^^^^^^^^^^^^
  File "/opt/anaconda3/lib/python3.12/site-packages/kiteconnect/connect.py", line 937, in _request
    raise exp(data["message"], code=r.status_code)
kiteconnect.exceptions.TokenException: Incorrect `api_key` or `access_token`.
2025-11-17 01:26:22 | ERROR    | Failed to place order for BANKNIFTY51500PE
2025-11-17 01:26:22 | WARNING  | BUY legs failed for lot_size=2
2025-11-17 01:26:22 | ERROR    | Error exiting partial positions: Incorrect `api_key` or `access_token`.
Traceback (most recent call last):
  File "/Users/rohan/Downloads/Vridhi_Capital_Trading_System/src/trading_system/oms/order_manager.py", line 822, in _exit_partial_positions
    return 0, 0.0
                  
  File "/opt/anaconda3/lib/python3.12/site-packages/kiteconnect/connect.py", line 445, in positions
    return self._get("portfolio.positions")
           ^^^^^^^^^^^^^^^^^^^^^^^^^^^^^^^^
  File "/opt/anaconda3/lib/python3.12/site-packages/kiteconnect/connect.py", line 861, in _get
    return self._request(route, "GET", url_args=url_args, params=params, is_json=is_json)
           ^^^^^^^^^^^^^^^^^^^^^^^^^^^^^^^^^^^^^^^^^^^^^^^^^^^^^^^^^^^^^^^^^^^^^^^^^^^^^^
  File "/opt/anaconda3/lib/python3.12/site-packages/kiteconnect/connect.py", line 937, in _request
    raise exp(data["message"], code=r.status_code)
kiteconnect.exceptions.TokenException: Incorrect `api_key` or `access_token`.
2025-11-17 01:26:22 | DEBUG    | Executing BUY legs: 2 orders
2025-11-17 01:26:22 | ERROR    | Failed to place order: BANKNIFTY51500PE | error=Incorrect `api_key` or `access_token`.
Traceback (most recent call last):
  File "/Users/rohan/Downloads/Vridhi_Capital_Trading_System/src/trading_system/oms/order_manager.py", line 743, in _place_market_order
    order_id=fake_id,
           ^^^^^^^^^^
  File "/opt/anaconda3/lib/python3.12/site-packages/kiteconnect/connect.py", line 361, in place_order
    return self._post("order.place",
           ^^^^^^^^^^^^^^^^^^^^^^^^^
  File "/opt/anaconda3/lib/python3.12/site-packages/kiteconnect/connect.py", line 865, in _post
    return self._request(route, "POST", url_args=url_args, params=params, is_json=is_json, query_params=query_params)
           ^^^^^^^^^^^^^^^^^^^^^^^^^^^^^^^^^^^^^^^^^^^^^^^^^^^^^^^^^^^^^^^^^^^^^^^^^^^^^^^^^^^^^^^^^^^^^^^^^^^^^^^^^^
  File "/opt/anaconda3/lib/python3.12/site-packages/kiteconnect/connect.py", line 937, in _request
    raise exp(data["message"], code=r.status_code)
kiteconnect.exceptions.TokenException: Incorrect `api_key` or `access_token`.
2025-11-17 01:26:22 | ERROR    | Failed to place order for BANKNIFTY51500PE
2025-11-17 01:26:22 | WARNING  | BUY legs failed for lot_size=1
2025-11-17 01:26:23 | ERROR    | Error exiting partial positions: Incorrect `api_key` or `access_token`.
Traceback (most recent call last):
  File "/Users/rohan/Downloads/Vridhi_Capital_Trading_System/src/trading_system/oms/order_manager.py", line 822, in _exit_partial_positions
    return 0, 0.0
                  
  File "/opt/anaconda3/lib/python3.12/site-packages/kiteconnect/connect.py", line 445, in positions
    return self._get("portfolio.positions")
           ^^^^^^^^^^^^^^^^^^^^^^^^^^^^^^^^
  File "/opt/anaconda3/lib/python3.12/site-packages/kiteconnect/connect.py", line 861, in _get
    return self._request(route, "GET", url_args=url_args, params=params, is_json=is_json)
           ^^^^^^^^^^^^^^^^^^^^^^^^^^^^^^^^^^^^^^^^^^^^^^^^^^^^^^^^^^^^^^^^^^^^^^^^^^^^^^
  File "/opt/anaconda3/lib/python3.12/site-packages/kiteconnect/connect.py", line 937, in _request
    raise exp(data["message"], code=r.status_code)
kiteconnect.exceptions.TokenException: Incorrect `api_key` or `access_token`.
2025-11-17 01:28:22 | DEBUG    | ATM strike calculated: 51500 from futures price: 51499.45
2025-11-17 01:28:22 | INFO     | 🔵 LONG Entry initiated | futures_price=51499.45 | atm_strike=51500 | hedge_strike=49500 | lot_size=8
2025-11-17 01:28:22 | DEBUG    | Executing BUY legs: 2 orders
2025-11-17 01:28:23 | ERROR    | Failed to place order: BANKNIFTY51500CE | error=Incorrect `api_key` or `access_token`.
Traceback (most recent call last):
  File "/Users/rohan/Downloads/Vridhi_Capital_Trading_System/src/trading_system/oms/order_manager.py", line 743, in _place_market_order
    order_id=fake_id,
           ^^^^^^^^^^
  File "/opt/anaconda3/lib/python3.12/site-packages/kiteconnect/connect.py", line 361, in place_order
    return self._post("order.place",
           ^^^^^^^^^^^^^^^^^^^^^^^^^
  File "/opt/anaconda3/lib/python3.12/site-packages/kiteconnect/connect.py", line 865, in _post
    return self._request(route, "POST", url_args=url_args, params=params, is_json=is_json, query_params=query_params)
           ^^^^^^^^^^^^^^^^^^^^^^^^^^^^^^^^^^^^^^^^^^^^^^^^^^^^^^^^^^^^^^^^^^^^^^^^^^^^^^^^^^^^^^^^^^^^^^^^^^^^^^^^^^
  File "/opt/anaconda3/lib/python3.12/site-packages/kiteconnect/connect.py", line 937, in _request
    raise exp(data["message"], code=r.status_code)
kiteconnect.exceptions.TokenException: Incorrect `api_key` or `access_token`.
2025-11-17 01:28:23 | ERROR    | Failed to place order for BANKNIFTY51500CE
2025-11-17 01:28:23 | WARNING  | BUY legs failed for lot_size=8
2025-11-17 01:28:23 | ERROR    | Error exiting partial positions: Incorrect `api_key` or `access_token`.
Traceback (most recent call last):
  File "/Users/rohan/Downloads/Vridhi_Capital_Trading_System/src/trading_system/oms/order_manager.py", line 822, in _exit_partial_positions
    return 0, 0.0
                  
  File "/opt/anaconda3/lib/python3.12/site-packages/kiteconnect/connect.py", line 445, in positions
    return self._get("portfolio.positions")
           ^^^^^^^^^^^^^^^^^^^^^^^^^^^^^^^^
  File "/opt/anaconda3/lib/python3.12/site-packages/kiteconnect/connect.py", line 861, in _get
    return self._request(route, "GET", url_args=url_args, params=params, is_json=is_json)
           ^^^^^^^^^^^^^^^^^^^^^^^^^^^^^^^^^^^^^^^^^^^^^^^^^^^^^^^^^^^^^^^^^^^^^^^^^^^^^^
  File "/opt/anaconda3/lib/python3.12/site-packages/kiteconnect/connect.py", line 937, in _request
    raise exp(data["message"], code=r.status_code)
kiteconnect.exceptions.TokenException: Incorrect `api_key` or `access_token`.
2025-11-17 01:28:23 | DEBUG    | Executing BUY legs: 2 orders
2025-11-17 01:28:23 | ERROR    | Failed to place order: BANKNIFTY51500CE | error=Incorrect `api_key` or `access_token`.
Traceback (most recent call last):
  File "/Users/rohan/Downloads/Vridhi_Capital_Trading_System/src/trading_system/oms/order_manager.py", line 743, in _place_market_order
    order_id=fake_id,
           ^^^^^^^^^^
  File "/opt/anaconda3/lib/python3.12/site-packages/kiteconnect/connect.py", line 361, in place_order
    return self._post("order.place",
           ^^^^^^^^^^^^^^^^^^^^^^^^^
  File "/opt/anaconda3/lib/python3.12/site-packages/kiteconnect/connect.py", line 865, in _post
    return self._request(route, "POST", url_args=url_args, params=params, is_json=is_json, query_params=query_params)
           ^^^^^^^^^^^^^^^^^^^^^^^^^^^^^^^^^^^^^^^^^^^^^^^^^^^^^^^^^^^^^^^^^^^^^^^^^^^^^^^^^^^^^^^^^^^^^^^^^^^^^^^^^^
  File "/opt/anaconda3/lib/python3.12/site-packages/kiteconnect/connect.py", line 937, in _request
    raise exp(data["message"], code=r.status_code)
kiteconnect.exceptions.TokenException: Incorrect `api_key` or `access_token`.
2025-11-17 01:28:23 | ERROR    | Failed to place order for BANKNIFTY51500CE
2025-11-17 01:28:23 | WARNING  | BUY legs failed for lot_size=4
2025-11-17 01:28:23 | ERROR    | Error exiting partial positions: Incorrect `api_key` or `access_token`.
Traceback (most recent call last):
  File "/Users/rohan/Downloads/Vridhi_Capital_Trading_System/src/trading_system/oms/order_manager.py", line 822, in _exit_partial_positions
    return 0, 0.0
                  
  File "/opt/anaconda3/lib/python3.12/site-packages/kiteconnect/connect.py", line 445, in positions
    return self._get("portfolio.positions")
           ^^^^^^^^^^^^^^^^^^^^^^^^^^^^^^^^
  File "/opt/anaconda3/lib/python3.12/site-packages/kiteconnect/connect.py", line 861, in _get
    return self._request(route, "GET", url_args=url_args, params=params, is_json=is_json)
           ^^^^^^^^^^^^^^^^^^^^^^^^^^^^^^^^^^^^^^^^^^^^^^^^^^^^^^^^^^^^^^^^^^^^^^^^^^^^^^
  File "/opt/anaconda3/lib/python3.12/site-packages/kiteconnect/connect.py", line 937, in _request
    raise exp(data["message"], code=r.status_code)
kiteconnect.exceptions.TokenException: Incorrect `api_key` or `access_token`.
2025-11-17 01:28:23 | DEBUG    | Executing BUY legs: 2 orders
2025-11-17 01:28:23 | ERROR    | Failed to place order: BANKNIFTY51500CE | error=Incorrect `api_key` or `access_token`.
Traceback (most recent call last):
  File "/Users/rohan/Downloads/Vridhi_Capital_Trading_System/src/trading_system/oms/order_manager.py", line 743, in _place_market_order
    order_id=fake_id,
           ^^^^^^^^^^
  File "/opt/anaconda3/lib/python3.12/site-packages/kiteconnect/connect.py", line 361, in place_order
    return self._post("order.place",
           ^^^^^^^^^^^^^^^^^^^^^^^^^
  File "/opt/anaconda3/lib/python3.12/site-packages/kiteconnect/connect.py", line 865, in _post
    return self._request(route, "POST", url_args=url_args, params=params, is_json=is_json, query_params=query_params)
           ^^^^^^^^^^^^^^^^^^^^^^^^^^^^^^^^^^^^^^^^^^^^^^^^^^^^^^^^^^^^^^^^^^^^^^^^^^^^^^^^^^^^^^^^^^^^^^^^^^^^^^^^^^
  File "/opt/anaconda3/lib/python3.12/site-packages/kiteconnect/connect.py", line 937, in _request
    raise exp(data["message"], code=r.status_code)
kiteconnect.exceptions.TokenException: Incorrect `api_key` or `access_token`.
2025-11-17 01:28:23 | ERROR    | Failed to place order for BANKNIFTY51500CE
2025-11-17 01:28:23 | WARNING  | BUY legs failed for lot_size=2
2025-11-17 01:28:23 | ERROR    | Error exiting partial positions: Incorrect `api_key` or `access_token`.
Traceback (most recent call last):
  File "/Users/rohan/Downloads/Vridhi_Capital_Trading_System/src/trading_system/oms/order_manager.py", line 822, in _exit_partial_positions
    return 0, 0.0
                  
  File "/opt/anaconda3/lib/python3.12/site-packages/kiteconnect/connect.py", line 445, in positions
    return self._get("portfolio.positions")
           ^^^^^^^^^^^^^^^^^^^^^^^^^^^^^^^^
  File "/opt/anaconda3/lib/python3.12/site-packages/kiteconnect/connect.py", line 861, in _get
    return self._request(route, "GET", url_args=url_args, params=params, is_json=is_json)
           ^^^^^^^^^^^^^^^^^^^^^^^^^^^^^^^^^^^^^^^^^^^^^^^^^^^^^^^^^^^^^^^^^^^^^^^^^^^^^^
  File "/opt/anaconda3/lib/python3.12/site-packages/kiteconnect/connect.py", line 937, in _request
    raise exp(data["message"], code=r.status_code)
kiteconnect.exceptions.TokenException: Incorrect `api_key` or `access_token`.
2025-11-17 01:28:23 | DEBUG    | Executing BUY legs: 2 orders
2025-11-17 01:28:23 | ERROR    | Failed to place order: BANKNIFTY51500CE | error=Incorrect `api_key` or `access_token`.
Traceback (most recent call last):
  File "/Users/rohan/Downloads/Vridhi_Capital_Trading_System/src/trading_system/oms/order_manager.py", line 743, in _place_market_order
    order_id=fake_id,
           ^^^^^^^^^^
  File "/opt/anaconda3/lib/python3.12/site-packages/kiteconnect/connect.py", line 361, in place_order
    return self._post("order.place",
           ^^^^^^^^^^^^^^^^^^^^^^^^^
  File "/opt/anaconda3/lib/python3.12/site-packages/kiteconnect/connect.py", line 865, in _post
    return self._request(route, "POST", url_args=url_args, params=params, is_json=is_json, query_params=query_params)
           ^^^^^^^^^^^^^^^^^^^^^^^^^^^^^^^^^^^^^^^^^^^^^^^^^^^^^^^^^^^^^^^^^^^^^^^^^^^^^^^^^^^^^^^^^^^^^^^^^^^^^^^^^^
  File "/opt/anaconda3/lib/python3.12/site-packages/kiteconnect/connect.py", line 937, in _request
    raise exp(data["message"], code=r.status_code)
kiteconnect.exceptions.TokenException: Incorrect `api_key` or `access_token`.
2025-11-17 01:28:23 | ERROR    | Failed to place order for BANKNIFTY51500CE
2025-11-17 01:28:23 | WARNING  | BUY legs failed for lot_size=1
2025-11-17 01:28:24 | ERROR    | Error exiting partial positions: Incorrect `api_key` or `access_token`.
Traceback (most recent call last):
  File "/Users/rohan/Downloads/Vridhi_Capital_Trading_System/src/trading_system/oms/order_manager.py", line 822, in _exit_partial_positions
    return 0, 0.0
                  
  File "/opt/anaconda3/lib/python3.12/site-packages/kiteconnect/connect.py", line 445, in positions
    return self._get("portfolio.positions")
           ^^^^^^^^^^^^^^^^^^^^^^^^^^^^^^^^
  File "/opt/anaconda3/lib/python3.12/site-packages/kiteconnect/connect.py", line 861, in _get
    return self._request(route, "GET", url_args=url_args, params=params, is_json=is_json)
           ^^^^^^^^^^^^^^^^^^^^^^^^^^^^^^^^^^^^^^^^^^^^^^^^^^^^^^^^^^^^^^^^^^^^^^^^^^^^^^
  File "/opt/anaconda3/lib/python3.12/site-packages/kiteconnect/connect.py", line 937, in _request
    raise exp(data["message"], code=r.status_code)
kiteconnect.exceptions.TokenException: Incorrect `api_key` or `access_token`.
2025-11-17 01:28:24 | DEBUG    | ATM strike calculated: 51500 from futures price: 51499.45
2025-11-17 01:28:24 | INFO     | 🔵 LONG Entry initiated | futures_price=51499.45 | atm_strike=51500 | hedge_strike=49500 | lot_size=8
2025-11-17 01:28:24 | DEBUG    | Executing BUY legs: 2 orders
2025-11-17 01:28:24 | ERROR    | Failed to place order: BANKNIFTY51500CE | error=Incorrect `api_key` or `access_token`.
Traceback (most recent call last):
  File "/Users/rohan/Downloads/Vridhi_Capital_Trading_System/src/trading_system/oms/order_manager.py", line 743, in _place_market_order
    order_id=fake_id,
           ^^^^^^^^^^
  File "/opt/anaconda3/lib/python3.12/site-packages/kiteconnect/connect.py", line 361, in place_order
    return self._post("order.place",
           ^^^^^^^^^^^^^^^^^^^^^^^^^
  File "/opt/anaconda3/lib/python3.12/site-packages/kiteconnect/connect.py", line 865, in _post
    return self._request(route, "POST", url_args=url_args, params=params, is_json=is_json, query_params=query_params)
           ^^^^^^^^^^^^^^^^^^^^^^^^^^^^^^^^^^^^^^^^^^^^^^^^^^^^^^^^^^^^^^^^^^^^^^^^^^^^^^^^^^^^^^^^^^^^^^^^^^^^^^^^^^
  File "/opt/anaconda3/lib/python3.12/site-packages/kiteconnect/connect.py", line 937, in _request
    raise exp(data["message"], code=r.status_code)
kiteconnect.exceptions.TokenException: Incorrect `api_key` or `access_token`.
2025-11-17 01:28:24 | ERROR    | Failed to place order for BANKNIFTY51500CE
2025-11-17 01:28:24 | WARNING  | BUY legs failed for lot_size=8
2025-11-17 01:28:24 | ERROR    | Error exiting partial positions: Incorrect `api_key` or `access_token`.
Traceback (most recent call last):
  File "/Users/rohan/Downloads/Vridhi_Capital_Trading_System/src/trading_system/oms/order_manager.py", line 822, in _exit_partial_positions
    return 0, 0.0
                  
  File "/opt/anaconda3/lib/python3.12/site-packages/kiteconnect/connect.py", line 445, in positions
    return self._get("portfolio.positions")
           ^^^^^^^^^^^^^^^^^^^^^^^^^^^^^^^^
  File "/opt/anaconda3/lib/python3.12/site-packages/kiteconnect/connect.py", line 861, in _get
    return self._request(route, "GET", url_args=url_args, params=params, is_json=is_json)
           ^^^^^^^^^^^^^^^^^^^^^^^^^^^^^^^^^^^^^^^^^^^^^^^^^^^^^^^^^^^^^^^^^^^^^^^^^^^^^^
  File "/opt/anaconda3/lib/python3.12/site-packages/kiteconnect/connect.py", line 937, in _request
    raise exp(data["message"], code=r.status_code)
kiteconnect.exceptions.TokenException: Incorrect `api_key` or `access_token`.
2025-11-17 01:28:24 | DEBUG    | Executing BUY legs: 2 orders
2025-11-17 01:28:24 | ERROR    | Failed to place order: BANKNIFTY51500CE | error=Incorrect `api_key` or `access_token`.
Traceback (most recent call last):
  File "/Users/rohan/Downloads/Vridhi_Capital_Trading_System/src/trading_system/oms/order_manager.py", line 743, in _place_market_order
    order_id=fake_id,
           ^^^^^^^^^^
  File "/opt/anaconda3/lib/python3.12/site-packages/kiteconnect/connect.py", line 361, in place_order
    return self._post("order.place",
           ^^^^^^^^^^^^^^^^^^^^^^^^^
  File "/opt/anaconda3/lib/python3.12/site-packages/kiteconnect/connect.py", line 865, in _post
    return self._request(route, "POST", url_args=url_args, params=params, is_json=is_json, query_params=query_params)
           ^^^^^^^^^^^^^^^^^^^^^^^^^^^^^^^^^^^^^^^^^^^^^^^^^^^^^^^^^^^^^^^^^^^^^^^^^^^^^^^^^^^^^^^^^^^^^^^^^^^^^^^^^^
  File "/opt/anaconda3/lib/python3.12/site-packages/kiteconnect/connect.py", line 937, in _request
    raise exp(data["message"], code=r.status_code)
kiteconnect.exceptions.TokenException: Incorrect `api_key` or `access_token`.
2025-11-17 01:28:24 | ERROR    | Failed to place order for BANKNIFTY51500CE
2025-11-17 01:28:24 | WARNING  | BUY legs failed for lot_size=4
2025-11-17 01:28:24 | ERROR    | Error exiting partial positions: Incorrect `api_key` or `access_token`.
Traceback (most recent call last):
  File "/Users/rohan/Downloads/Vridhi_Capital_Trading_System/src/trading_system/oms/order_manager.py", line 822, in _exit_partial_positions
    return 0, 0.0
                  
  File "/opt/anaconda3/lib/python3.12/site-packages/kiteconnect/connect.py", line 445, in positions
    return self._get("portfolio.positions")
           ^^^^^^^^^^^^^^^^^^^^^^^^^^^^^^^^
  File "/opt/anaconda3/lib/python3.12/site-packages/kiteconnect/connect.py", line 861, in _get
    return self._request(route, "GET", url_args=url_args, params=params, is_json=is_json)
           ^^^^^^^^^^^^^^^^^^^^^^^^^^^^^^^^^^^^^^^^^^^^^^^^^^^^^^^^^^^^^^^^^^^^^^^^^^^^^^
  File "/opt/anaconda3/lib/python3.12/site-packages/kiteconnect/connect.py", line 937, in _request
    raise exp(data["message"], code=r.status_code)
kiteconnect.exceptions.TokenException: Incorrect `api_key` or `access_token`.
2025-11-17 01:28:24 | DEBUG    | Executing BUY legs: 2 orders
2025-11-17 01:28:24 | ERROR    | Failed to place order: BANKNIFTY51500CE | error=Incorrect `api_key` or `access_token`.
Traceback (most recent call last):
  File "/Users/rohan/Downloads/Vridhi_Capital_Trading_System/src/trading_system/oms/order_manager.py", line 743, in _place_market_order
    order_id=fake_id,
           ^^^^^^^^^^
  File "/opt/anaconda3/lib/python3.12/site-packages/kiteconnect/connect.py", line 361, in place_order
    return self._post("order.place",
           ^^^^^^^^^^^^^^^^^^^^^^^^^
  File "/opt/anaconda3/lib/python3.12/site-packages/kiteconnect/connect.py", line 865, in _post
    return self._request(route, "POST", url_args=url_args, params=params, is_json=is_json, query_params=query_params)
           ^^^^^^^^^^^^^^^^^^^^^^^^^^^^^^^^^^^^^^^^^^^^^^^^^^^^^^^^^^^^^^^^^^^^^^^^^^^^^^^^^^^^^^^^^^^^^^^^^^^^^^^^^^
  File "/opt/anaconda3/lib/python3.12/site-packages/kiteconnect/connect.py", line 937, in _request
    raise exp(data["message"], code=r.status_code)
kiteconnect.exceptions.TokenException: Incorrect `api_key` or `access_token`.
2025-11-17 01:28:24 | ERROR    | Failed to place order for BANKNIFTY51500CE
2025-11-17 01:28:24 | WARNING  | BUY legs failed for lot_size=2
2025-11-17 01:28:24 | ERROR    | Error exiting partial positions: Incorrect `api_key` or `access_token`.
Traceback (most recent call last):
  File "/Users/rohan/Downloads/Vridhi_Capital_Trading_System/src/trading_system/oms/order_manager.py", line 822, in _exit_partial_positions
    return 0, 0.0
                  
  File "/opt/anaconda3/lib/python3.12/site-packages/kiteconnect/connect.py", line 445, in positions
    return self._get("portfolio.positions")
           ^^^^^^^^^^^^^^^^^^^^^^^^^^^^^^^^
  File "/opt/anaconda3/lib/python3.12/site-packages/kiteconnect/connect.py", line 861, in _get
    return self._request(route, "GET", url_args=url_args, params=params, is_json=is_json)
           ^^^^^^^^^^^^^^^^^^^^^^^^^^^^^^^^^^^^^^^^^^^^^^^^^^^^^^^^^^^^^^^^^^^^^^^^^^^^^^
  File "/opt/anaconda3/lib/python3.12/site-packages/kiteconnect/connect.py", line 937, in _request
    raise exp(data["message"], code=r.status_code)
kiteconnect.exceptions.TokenException: Incorrect `api_key` or `access_token`.
2025-11-17 01:28:24 | DEBUG    | Executing BUY legs: 2 orders
2025-11-17 01:28:25 | ERROR    | Failed to place order: BANKNIFTY51500CE | error=Incorrect `api_key` or `access_token`.
Traceback (most recent call last):
  File "/Users/rohan/Downloads/Vridhi_Capital_Trading_System/src/trading_system/oms/order_manager.py", line 743, in _place_market_order
    order_id=fake_id,
           ^^^^^^^^^^
  File "/opt/anaconda3/lib/python3.12/site-packages/kiteconnect/connect.py", line 361, in place_order
    return self._post("order.place",
           ^^^^^^^^^^^^^^^^^^^^^^^^^
  File "/opt/anaconda3/lib/python3.12/site-packages/kiteconnect/connect.py", line 865, in _post
    return self._request(route, "POST", url_args=url_args, params=params, is_json=is_json, query_params=query_params)
           ^^^^^^^^^^^^^^^^^^^^^^^^^^^^^^^^^^^^^^^^^^^^^^^^^^^^^^^^^^^^^^^^^^^^^^^^^^^^^^^^^^^^^^^^^^^^^^^^^^^^^^^^^^
  File "/opt/anaconda3/lib/python3.12/site-packages/kiteconnect/connect.py", line 937, in _request
    raise exp(data["message"], code=r.status_code)
kiteconnect.exceptions.TokenException: Incorrect `api_key` or `access_token`.
2025-11-17 01:28:25 | ERROR    | Failed to place order for BANKNIFTY51500CE
2025-11-17 01:28:25 | WARNING  | BUY legs failed for lot_size=1
2025-11-17 01:28:25 | ERROR    | Error exiting partial positions: Incorrect `api_key` or `access_token`.
Traceback (most recent call last):
  File "/Users/rohan/Downloads/Vridhi_Capital_Trading_System/src/trading_system/oms/order_manager.py", line 822, in _exit_partial_positions
    return 0, 0.0
                  
  File "/opt/anaconda3/lib/python3.12/site-packages/kiteconnect/connect.py", line 445, in positions
    return self._get("portfolio.positions")
           ^^^^^^^^^^^^^^^^^^^^^^^^^^^^^^^^
  File "/opt/anaconda3/lib/python3.12/site-packages/kiteconnect/connect.py", line 861, in _get
    return self._request(route, "GET", url_args=url_args, params=params, is_json=is_json)
           ^^^^^^^^^^^^^^^^^^^^^^^^^^^^^^^^^^^^^^^^^^^^^^^^^^^^^^^^^^^^^^^^^^^^^^^^^^^^^^
  File "/opt/anaconda3/lib/python3.12/site-packages/kiteconnect/connect.py", line 937, in _request
    raise exp(data["message"], code=r.status_code)
kiteconnect.exceptions.TokenException: Incorrect `api_key` or `access_token`.
2025-11-17 01:30:25 | DEBUG    | ATM strike calculated: 51400 from futures price: 51440.55
2025-11-17 01:30:25 | INFO     | 🔴 SHORT Entry initiated | futures_price=51440.55 | atm_strike=51400 | hedge_strike=53400 | lot_size=8
2025-11-17 01:30:25 | DEBUG    | Executing BUY legs: 2 orders
2025-11-17 01:30:25 | ERROR    | Failed to place order: BANKNIFTY51400PE | error=Incorrect `api_key` or `access_token`.
Traceback (most recent call last):
  File "/Users/rohan/Downloads/Vridhi_Capital_Trading_System/src/trading_system/oms/order_manager.py", line 743, in _place_market_order
    order_id=fake_id,
           ^^^^^^^^^^
  File "/opt/anaconda3/lib/python3.12/site-packages/kiteconnect/connect.py", line 361, in place_order
    return self._post("order.place",
           ^^^^^^^^^^^^^^^^^^^^^^^^^
  File "/opt/anaconda3/lib/python3.12/site-packages/kiteconnect/connect.py", line 865, in _post
    return self._request(route, "POST", url_args=url_args, params=params, is_json=is_json, query_params=query_params)
           ^^^^^^^^^^^^^^^^^^^^^^^^^^^^^^^^^^^^^^^^^^^^^^^^^^^^^^^^^^^^^^^^^^^^^^^^^^^^^^^^^^^^^^^^^^^^^^^^^^^^^^^^^^
  File "/opt/anaconda3/lib/python3.12/site-packages/kiteconnect/connect.py", line 937, in _request
    raise exp(data["message"], code=r.status_code)
kiteconnect.exceptions.TokenException: Incorrect `api_key` or `access_token`.
2025-11-17 01:30:25 | ERROR    | Failed to place order for BANKNIFTY51400PE
2025-11-17 01:30:25 | WARNING  | BUY legs failed for lot_size=8
2025-11-17 01:30:26 | ERROR    | Error exiting partial positions: Incorrect `api_key` or `access_token`.
Traceback (most recent call last):
  File "/Users/rohan/Downloads/Vridhi_Capital_Trading_System/src/trading_system/oms/order_manager.py", line 822, in _exit_partial_positions
    return 0, 0.0
                  
  File "/opt/anaconda3/lib/python3.12/site-packages/kiteconnect/connect.py", line 445, in positions
    return self._get("portfolio.positions")
           ^^^^^^^^^^^^^^^^^^^^^^^^^^^^^^^^
  File "/opt/anaconda3/lib/python3.12/site-packages/kiteconnect/connect.py", line 861, in _get
    return self._request(route, "GET", url_args=url_args, params=params, is_json=is_json)
           ^^^^^^^^^^^^^^^^^^^^^^^^^^^^^^^^^^^^^^^^^^^^^^^^^^^^^^^^^^^^^^^^^^^^^^^^^^^^^^
  File "/opt/anaconda3/lib/python3.12/site-packages/kiteconnect/connect.py", line 937, in _request
    raise exp(data["message"], code=r.status_code)
kiteconnect.exceptions.TokenException: Incorrect `api_key` or `access_token`.
2025-11-17 01:30:26 | DEBUG    | Executing BUY legs: 2 orders
2025-11-17 01:30:26 | ERROR    | Failed to place order: BANKNIFTY51400PE | error=Incorrect `api_key` or `access_token`.
Traceback (most recent call last):
  File "/Users/rohan/Downloads/Vridhi_Capital_Trading_System/src/trading_system/oms/order_manager.py", line 743, in _place_market_order
    order_id=fake_id,
           ^^^^^^^^^^
  File "/opt/anaconda3/lib/python3.12/site-packages/kiteconnect/connect.py", line 361, in place_order
    return self._post("order.place",
           ^^^^^^^^^^^^^^^^^^^^^^^^^
  File "/opt/anaconda3/lib/python3.12/site-packages/kiteconnect/connect.py", line 865, in _post
    return self._request(route, "POST", url_args=url_args, params=params, is_json=is_json, query_params=query_params)
           ^^^^^^^^^^^^^^^^^^^^^^^^^^^^^^^^^^^^^^^^^^^^^^^^^^^^^^^^^^^^^^^^^^^^^^^^^^^^^^^^^^^^^^^^^^^^^^^^^^^^^^^^^^
  File "/opt/anaconda3/lib/python3.12/site-packages/kiteconnect/connect.py", line 937, in _request
    raise exp(data["message"], code=r.status_code)
kiteconnect.exceptions.TokenException: Incorrect `api_key` or `access_token`.
2025-11-17 01:30:26 | ERROR    | Failed to place order for BANKNIFTY51400PE
2025-11-17 01:30:26 | WARNING  | BUY legs failed for lot_size=4
2025-11-17 01:30:26 | ERROR    | Error exiting partial positions: Incorrect `api_key` or `access_token`.
Traceback (most recent call last):
  File "/Users/rohan/Downloads/Vridhi_Capital_Trading_System/src/trading_system/oms/order_manager.py", line 822, in _exit_partial_positions
    return 0, 0.0
                  
  File "/opt/anaconda3/lib/python3.12/site-packages/kiteconnect/connect.py", line 445, in positions
    return self._get("portfolio.positions")
           ^^^^^^^^^^^^^^^^^^^^^^^^^^^^^^^^
  File "/opt/anaconda3/lib/python3.12/site-packages/kiteconnect/connect.py", line 861, in _get
    return self._request(route, "GET", url_args=url_args, params=params, is_json=is_json)
           ^^^^^^^^^^^^^^^^^^^^^^^^^^^^^^^^^^^^^^^^^^^^^^^^^^^^^^^^^^^^^^^^^^^^^^^^^^^^^^
  File "/opt/anaconda3/lib/python3.12/site-packages/kiteconnect/connect.py", line 937, in _request
    raise exp(data["message"], code=r.status_code)
kiteconnect.exceptions.TokenException: Incorrect `api_key` or `access_token`.
2025-11-17 01:30:26 | DEBUG    | Executing BUY legs: 2 orders
2025-11-17 01:30:26 | ERROR    | Failed to place order: BANKNIFTY51400PE | error=Incorrect `api_key` or `access_token`.
Traceback (most recent call last):
  File "/Users/rohan/Downloads/Vridhi_Capital_Trading_System/src/trading_system/oms/order_manager.py", line 743, in _place_market_order
    order_id=fake_id,
           ^^^^^^^^^^
  File "/opt/anaconda3/lib/python3.12/site-packages/kiteconnect/connect.py", line 361, in place_order
    return self._post("order.place",
           ^^^^^^^^^^^^^^^^^^^^^^^^^
  File "/opt/anaconda3/lib/python3.12/site-packages/kiteconnect/connect.py", line 865, in _post
    return self._request(route, "POST", url_args=url_args, params=params, is_json=is_json, query_params=query_params)
           ^^^^^^^^^^^^^^^^^^^^^^^^^^^^^^^^^^^^^^^^^^^^^^^^^^^^^^^^^^^^^^^^^^^^^^^^^^^^^^^^^^^^^^^^^^^^^^^^^^^^^^^^^^
  File "/opt/anaconda3/lib/python3.12/site-packages/kiteconnect/connect.py", line 937, in _request
    raise exp(data["message"], code=r.status_code)
kiteconnect.exceptions.TokenException: Incorrect `api_key` or `access_token`.
2025-11-17 01:30:26 | ERROR    | Failed to place order for BANKNIFTY51400PE
2025-11-17 01:30:26 | WARNING  | BUY legs failed for lot_size=2
2025-11-17 01:30:26 | ERROR    | Error exiting partial positions: Incorrect `api_key` or `access_token`.
Traceback (most recent call last):
  File "/Users/rohan/Downloads/Vridhi_Capital_Trading_System/src/trading_system/oms/order_manager.py", line 822, in _exit_partial_positions
    return 0, 0.0
                  
  File "/opt/anaconda3/lib/python3.12/site-packages/kiteconnect/connect.py", line 445, in positions
    return self._get("portfolio.positions")
           ^^^^^^^^^^^^^^^^^^^^^^^^^^^^^^^^
  File "/opt/anaconda3/lib/python3.12/site-packages/kiteconnect/connect.py", line 861, in _get
    return self._request(route, "GET", url_args=url_args, params=params, is_json=is_json)
           ^^^^^^^^^^^^^^^^^^^^^^^^^^^^^^^^^^^^^^^^^^^^^^^^^^^^^^^^^^^^^^^^^^^^^^^^^^^^^^
  File "/opt/anaconda3/lib/python3.12/site-packages/kiteconnect/connect.py", line 937, in _request
    raise exp(data["message"], code=r.status_code)
kiteconnect.exceptions.TokenException: Incorrect `api_key` or `access_token`.
2025-11-17 01:30:26 | DEBUG    | Executing BUY legs: 2 orders
2025-11-17 01:30:27 | ERROR    | Failed to place order: BANKNIFTY51400PE | error=Incorrect `api_key` or `access_token`.
Traceback (most recent call last):
  File "/Users/rohan/Downloads/Vridhi_Capital_Trading_System/src/trading_system/oms/order_manager.py", line 743, in _place_market_order
    order_id=fake_id,
           ^^^^^^^^^^
  File "/opt/anaconda3/lib/python3.12/site-packages/kiteconnect/connect.py", line 361, in place_order
    return self._post("order.place",
           ^^^^^^^^^^^^^^^^^^^^^^^^^
  File "/opt/anaconda3/lib/python3.12/site-packages/kiteconnect/connect.py", line 865, in _post
    return self._request(route, "POST", url_args=url_args, params=params, is_json=is_json, query_params=query_params)
           ^^^^^^^^^^^^^^^^^^^^^^^^^^^^^^^^^^^^^^^^^^^^^^^^^^^^^^^^^^^^^^^^^^^^^^^^^^^^^^^^^^^^^^^^^^^^^^^^^^^^^^^^^^
  File "/opt/anaconda3/lib/python3.12/site-packages/kiteconnect/connect.py", line 937, in _request
    raise exp(data["message"], code=r.status_code)
kiteconnect.exceptions.TokenException: Incorrect `api_key` or `access_token`.
2025-11-17 01:30:27 | ERROR    | Failed to place order for BANKNIFTY51400PE
2025-11-17 01:30:27 | WARNING  | BUY legs failed for lot_size=1
2025-11-17 01:30:27 | ERROR    | Error exiting partial positions: Incorrect `api_key` or `access_token`.
Traceback (most recent call last):
  File "/Users/rohan/Downloads/Vridhi_Capital_Trading_System/src/trading_system/oms/order_manager.py", line 822, in _exit_partial_positions
    return 0, 0.0
                  
  File "/opt/anaconda3/lib/python3.12/site-packages/kiteconnect/connect.py", line 445, in positions
    return self._get("portfolio.positions")
           ^^^^^^^^^^^^^^^^^^^^^^^^^^^^^^^^
  File "/opt/anaconda3/lib/python3.12/site-packages/kiteconnect/connect.py", line 861, in _get
    return self._request(route, "GET", url_args=url_args, params=params, is_json=is_json)
           ^^^^^^^^^^^^^^^^^^^^^^^^^^^^^^^^^^^^^^^^^^^^^^^^^^^^^^^^^^^^^^^^^^^^^^^^^^^^^^
  File "/opt/anaconda3/lib/python3.12/site-packages/kiteconnect/connect.py", line 937, in _request
    raise exp(data["message"], code=r.status_code)
kiteconnect.exceptions.TokenException: Incorrect `api_key` or `access_token`.
2025-11-17 01:30:27 | DEBUG    | ATM strike calculated: 51400 from futures price: 51440.55
2025-11-17 01:30:27 | INFO     | 🔴 SHORT Entry initiated | futures_price=51440.55 | atm_strike=51400 | hedge_strike=53400 | lot_size=8
2025-11-17 01:30:27 | DEBUG    | Executing BUY legs: 2 orders
2025-11-17 01:30:27 | ERROR    | Failed to place order: BANKNIFTY51400PE | error=Incorrect `api_key` or `access_token`.
Traceback (most recent call last):
  File "/Users/rohan/Downloads/Vridhi_Capital_Trading_System/src/trading_system/oms/order_manager.py", line 743, in _place_market_order
    order_id=fake_id,
           ^^^^^^^^^^
  File "/opt/anaconda3/lib/python3.12/site-packages/kiteconnect/connect.py", line 361, in place_order
    return self._post("order.place",
           ^^^^^^^^^^^^^^^^^^^^^^^^^
  File "/opt/anaconda3/lib/python3.12/site-packages/kiteconnect/connect.py", line 865, in _post
    return self._request(route, "POST", url_args=url_args, params=params, is_json=is_json, query_params=query_params)
           ^^^^^^^^^^^^^^^^^^^^^^^^^^^^^^^^^^^^^^^^^^^^^^^^^^^^^^^^^^^^^^^^^^^^^^^^^^^^^^^^^^^^^^^^^^^^^^^^^^^^^^^^^^
  File "/opt/anaconda3/lib/python3.12/site-packages/kiteconnect/connect.py", line 937, in _request
    raise exp(data["message"], code=r.status_code)
kiteconnect.exceptions.TokenException: Incorrect `api_key` or `access_token`.
2025-11-17 01:30:27 | ERROR    | Failed to place order for BANKNIFTY51400PE
2025-11-17 01:30:27 | WARNING  | BUY legs failed for lot_size=8
2025-11-17 01:30:27 | ERROR    | Error exiting partial positions: Incorrect `api_key` or `access_token`.
Traceback (most recent call last):
  File "/Users/rohan/Downloads/Vridhi_Capital_Trading_System/src/trading_system/oms/order_manager.py", line 822, in _exit_partial_positions
    return 0, 0.0
                  
  File "/opt/anaconda3/lib/python3.12/site-packages/kiteconnect/connect.py", line 445, in positions
    return self._get("portfolio.positions")
           ^^^^^^^^^^^^^^^^^^^^^^^^^^^^^^^^
  File "/opt/anaconda3/lib/python3.12/site-packages/kiteconnect/connect.py", line 861, in _get
    return self._request(route, "GET", url_args=url_args, params=params, is_json=is_json)
           ^^^^^^^^^^^^^^^^^^^^^^^^^^^^^^^^^^^^^^^^^^^^^^^^^^^^^^^^^^^^^^^^^^^^^^^^^^^^^^
  File "/opt/anaconda3/lib/python3.12/site-packages/kiteconnect/connect.py", line 937, in _request
    raise exp(data["message"], code=r.status_code)
kiteconnect.exceptions.TokenException: Incorrect `api_key` or `access_token`.
2025-11-17 01:30:27 | DEBUG    | Executing BUY legs: 2 orders
2025-11-17 01:30:27 | ERROR    | Failed to place order: BANKNIFTY51400PE | error=Incorrect `api_key` or `access_token`.
Traceback (most recent call last):
  File "/Users/rohan/Downloads/Vridhi_Capital_Trading_System/src/trading_system/oms/order_manager.py", line 743, in _place_market_order
    order_id=fake_id,
           ^^^^^^^^^^
  File "/opt/anaconda3/lib/python3.12/site-packages/kiteconnect/connect.py", line 361, in place_order
    return self._post("order.place",
           ^^^^^^^^^^^^^^^^^^^^^^^^^
  File "/opt/anaconda3/lib/python3.12/site-packages/kiteconnect/connect.py", line 865, in _post
    return self._request(route, "POST", url_args=url_args, params=params, is_json=is_json, query_params=query_params)
           ^^^^^^^^^^^^^^^^^^^^^^^^^^^^^^^^^^^^^^^^^^^^^^^^^^^^^^^^^^^^^^^^^^^^^^^^^^^^^^^^^^^^^^^^^^^^^^^^^^^^^^^^^^
  File "/opt/anaconda3/lib/python3.12/site-packages/kiteconnect/connect.py", line 937, in _request
    raise exp(data["message"], code=r.status_code)
kiteconnect.exceptions.TokenException: Incorrect `api_key` or `access_token`.
2025-11-17 01:30:27 | ERROR    | Failed to place order for BANKNIFTY51400PE
2025-11-17 01:30:27 | WARNING  | BUY legs failed for lot_size=4
2025-11-17 01:30:28 | ERROR    | Error exiting partial positions: Incorrect `api_key` or `access_token`.
Traceback (most recent call last):
  File "/Users/rohan/Downloads/Vridhi_Capital_Trading_System/src/trading_system/oms/order_manager.py", line 822, in _exit_partial_positions
    return 0, 0.0
                  
  File "/opt/anaconda3/lib/python3.12/site-packages/kiteconnect/connect.py", line 445, in positions
    return self._get("portfolio.positions")
           ^^^^^^^^^^^^^^^^^^^^^^^^^^^^^^^^
  File "/opt/anaconda3/lib/python3.12/site-packages/kiteconnect/connect.py", line 861, in _get
    return self._request(route, "GET", url_args=url_args, params=params, is_json=is_json)
           ^^^^^^^^^^^^^^^^^^^^^^^^^^^^^^^^^^^^^^^^^^^^^^^^^^^^^^^^^^^^^^^^^^^^^^^^^^^^^^
  File "/opt/anaconda3/lib/python3.12/site-packages/kiteconnect/connect.py", line 937, in _request
    raise exp(data["message"], code=r.status_code)
kiteconnect.exceptions.TokenException: Incorrect `api_key` or `access_token`.
2025-11-17 01:30:28 | DEBUG    | Executing BUY legs: 2 orders
2025-11-17 01:30:28 | ERROR    | Failed to place order: BANKNIFTY51400PE | error=Incorrect `api_key` or `access_token`.
Traceback (most recent call last):
  File "/Users/rohan/Downloads/Vridhi_Capital_Trading_System/src/trading_system/oms/order_manager.py", line 743, in _place_market_order
    order_id=fake_id,
           ^^^^^^^^^^
  File "/opt/anaconda3/lib/python3.12/site-packages/kiteconnect/connect.py", line 361, in place_order
    return self._post("order.place",
           ^^^^^^^^^^^^^^^^^^^^^^^^^
  File "/opt/anaconda3/lib/python3.12/site-packages/kiteconnect/connect.py", line 865, in _post
    return self._request(route, "POST", url_args=url_args, params=params, is_json=is_json, query_params=query_params)
           ^^^^^^^^^^^^^^^^^^^^^^^^^^^^^^^^^^^^^^^^^^^^^^^^^^^^^^^^^^^^^^^^^^^^^^^^^^^^^^^^^^^^^^^^^^^^^^^^^^^^^^^^^^
  File "/opt/anaconda3/lib/python3.12/site-packages/kiteconnect/connect.py", line 937, in _request
    raise exp(data["message"], code=r.status_code)
kiteconnect.exceptions.TokenException: Incorrect `api_key` or `access_token`.
2025-11-17 01:30:28 | ERROR    | Failed to place order for BANKNIFTY51400PE
2025-11-17 01:30:28 | WARNING  | BUY legs failed for lot_size=2
2025-11-17 01:30:28 | ERROR    | Error exiting partial positions: Incorrect `api_key` or `access_token`.
Traceback (most recent call last):
  File "/Users/rohan/Downloads/Vridhi_Capital_Trading_System/src/trading_system/oms/order_manager.py", line 822, in _exit_partial_positions
    return 0, 0.0
                  
  File "/opt/anaconda3/lib/python3.12/site-packages/kiteconnect/connect.py", line 445, in positions
    return self._get("portfolio.positions")
           ^^^^^^^^^^^^^^^^^^^^^^^^^^^^^^^^
  File "/opt/anaconda3/lib/python3.12/site-packages/kiteconnect/connect.py", line 861, in _get
    return self._request(route, "GET", url_args=url_args, params=params, is_json=is_json)
           ^^^^^^^^^^^^^^^^^^^^^^^^^^^^^^^^^^^^^^^^^^^^^^^^^^^^^^^^^^^^^^^^^^^^^^^^^^^^^^
  File "/opt/anaconda3/lib/python3.12/site-packages/kiteconnect/connect.py", line 937, in _request
    raise exp(data["message"], code=r.status_code)
kiteconnect.exceptions.TokenException: Incorrect `api_key` or `access_token`.
2025-11-17 01:30:28 | DEBUG    | Executing BUY legs: 2 orders
2025-11-17 01:30:28 | ERROR    | Failed to place order: BANKNIFTY51400PE | error=Incorrect `api_key` or `access_token`.
Traceback (most recent call last):
  File "/Users/rohan/Downloads/Vridhi_Capital_Trading_System/src/trading_system/oms/order_manager.py", line 743, in _place_market_order
    order_id=fake_id,
           ^^^^^^^^^^
  File "/opt/anaconda3/lib/python3.12/site-packages/kiteconnect/connect.py", line 361, in place_order
    return self._post("order.place",
           ^^^^^^^^^^^^^^^^^^^^^^^^^
  File "/opt/anaconda3/lib/python3.12/site-packages/kiteconnect/connect.py", line 865, in _post
    return self._request(route, "POST", url_args=url_args, params=params, is_json=is_json, query_params=query_params)
           ^^^^^^^^^^^^^^^^^^^^^^^^^^^^^^^^^^^^^^^^^^^^^^^^^^^^^^^^^^^^^^^^^^^^^^^^^^^^^^^^^^^^^^^^^^^^^^^^^^^^^^^^^^
  File "/opt/anaconda3/lib/python3.12/site-packages/kiteconnect/connect.py", line 937, in _request
    raise exp(data["message"], code=r.status_code)
kiteconnect.exceptions.TokenException: Incorrect `api_key` or `access_token`.
2025-11-17 01:30:28 | ERROR    | Failed to place order for BANKNIFTY51400PE
2025-11-17 01:30:28 | WARNING  | BUY legs failed for lot_size=1
2025-11-17 01:30:28 | ERROR    | Error exiting partial positions: Incorrect `api_key` or `access_token`.
Traceback (most recent call last):
  File "/Users/rohan/Downloads/Vridhi_Capital_Trading_System/src/trading_system/oms/order_manager.py", line 822, in _exit_partial_positions
    return 0, 0.0
                  
  File "/opt/anaconda3/lib/python3.12/site-packages/kiteconnect/connect.py", line 445, in positions
    return self._get("portfolio.positions")
           ^^^^^^^^^^^^^^^^^^^^^^^^^^^^^^^^
  File "/opt/anaconda3/lib/python3.12/site-packages/kiteconnect/connect.py", line 861, in _get
    return self._request(route, "GET", url_args=url_args, params=params, is_json=is_json)
           ^^^^^^^^^^^^^^^^^^^^^^^^^^^^^^^^^^^^^^^^^^^^^^^^^^^^^^^^^^^^^^^^^^^^^^^^^^^^^^
  File "/opt/anaconda3/lib/python3.12/site-packages/kiteconnect/connect.py", line 937, in _request
    raise exp(data["message"], code=r.status_code)
kiteconnect.exceptions.TokenException: Incorrect `api_key` or `access_token`.
2025-11-17 01:32:28 | DEBUG    | ATM strike calculated: 51300 from futures price: 51270.0
2025-11-17 01:32:28 | INFO     | 🔴 SHORT Entry initiated | futures_price=51270.0 | atm_strike=51300 | hedge_strike=53300 | lot_size=8
2025-11-17 01:32:28 | DEBUG    | Executing BUY legs: 2 orders
2025-11-17 01:32:28 | ERROR    | Failed to place order: BANKNIFTY51300PE | error=Incorrect `api_key` or `access_token`.
Traceback (most recent call last):
  File "/Users/rohan/Downloads/Vridhi_Capital_Trading_System/src/trading_system/oms/order_manager.py", line 743, in _place_market_order
    order_id=fake_id,
           ^^^^^^^^^^
  File "/opt/anaconda3/lib/python3.12/site-packages/kiteconnect/connect.py", line 361, in place_order
    return self._post("order.place",
           ^^^^^^^^^^^^^^^^^^^^^^^^^
  File "/opt/anaconda3/lib/python3.12/site-packages/kiteconnect/connect.py", line 865, in _post
    return self._request(route, "POST", url_args=url_args, params=params, is_json=is_json, query_params=query_params)
           ^^^^^^^^^^^^^^^^^^^^^^^^^^^^^^^^^^^^^^^^^^^^^^^^^^^^^^^^^^^^^^^^^^^^^^^^^^^^^^^^^^^^^^^^^^^^^^^^^^^^^^^^^^
  File "/opt/anaconda3/lib/python3.12/site-packages/kiteconnect/connect.py", line 937, in _request
    raise exp(data["message"], code=r.status_code)
kiteconnect.exceptions.TokenException: Incorrect `api_key` or `access_token`.
2025-11-17 01:32:28 | ERROR    | Failed to place order for BANKNIFTY51300PE
2025-11-17 01:32:28 | WARNING  | BUY legs failed for lot_size=8
2025-11-17 01:32:29 | ERROR    | Error exiting partial positions: Incorrect `api_key` or `access_token`.
Traceback (most recent call last):
  File "/Users/rohan/Downloads/Vridhi_Capital_Trading_System/src/trading_system/oms/order_manager.py", line 822, in _exit_partial_positions
    return 0, 0.0
                  
  File "/opt/anaconda3/lib/python3.12/site-packages/kiteconnect/connect.py", line 445, in positions
    return self._get("portfolio.positions")
           ^^^^^^^^^^^^^^^^^^^^^^^^^^^^^^^^
  File "/opt/anaconda3/lib/python3.12/site-packages/kiteconnect/connect.py", line 861, in _get
    return self._request(route, "GET", url_args=url_args, params=params, is_json=is_json)
           ^^^^^^^^^^^^^^^^^^^^^^^^^^^^^^^^^^^^^^^^^^^^^^^^^^^^^^^^^^^^^^^^^^^^^^^^^^^^^^
  File "/opt/anaconda3/lib/python3.12/site-packages/kiteconnect/connect.py", line 937, in _request
    raise exp(data["message"], code=r.status_code)
kiteconnect.exceptions.TokenException: Incorrect `api_key` or `access_token`.
2025-11-17 01:32:29 | DEBUG    | Executing BUY legs: 2 orders
2025-11-17 01:32:29 | ERROR    | Failed to place order: BANKNIFTY51300PE | error=Incorrect `api_key` or `access_token`.
Traceback (most recent call last):
  File "/Users/rohan/Downloads/Vridhi_Capital_Trading_System/src/trading_system/oms/order_manager.py", line 743, in _place_market_order
    order_id=fake_id,
           ^^^^^^^^^^
  File "/opt/anaconda3/lib/python3.12/site-packages/kiteconnect/connect.py", line 361, in place_order
    return self._post("order.place",
           ^^^^^^^^^^^^^^^^^^^^^^^^^
  File "/opt/anaconda3/lib/python3.12/site-packages/kiteconnect/connect.py", line 865, in _post
    return self._request(route, "POST", url_args=url_args, params=params, is_json=is_json, query_params=query_params)
           ^^^^^^^^^^^^^^^^^^^^^^^^^^^^^^^^^^^^^^^^^^^^^^^^^^^^^^^^^^^^^^^^^^^^^^^^^^^^^^^^^^^^^^^^^^^^^^^^^^^^^^^^^^
  File "/opt/anaconda3/lib/python3.12/site-packages/kiteconnect/connect.py", line 937, in _request
    raise exp(data["message"], code=r.status_code)
kiteconnect.exceptions.TokenException: Incorrect `api_key` or `access_token`.
2025-11-17 01:32:29 | ERROR    | Failed to place order for BANKNIFTY51300PE
2025-11-17 01:32:29 | WARNING  | BUY legs failed for lot_size=4
2025-11-17 01:32:29 | ERROR    | Error exiting partial positions: Incorrect `api_key` or `access_token`.
Traceback (most recent call last):
  File "/Users/rohan/Downloads/Vridhi_Capital_Trading_System/src/trading_system/oms/order_manager.py", line 822, in _exit_partial_positions
    return 0, 0.0
                  
  File "/opt/anaconda3/lib/python3.12/site-packages/kiteconnect/connect.py", line 445, in positions
    return self._get("portfolio.positions")
           ^^^^^^^^^^^^^^^^^^^^^^^^^^^^^^^^
  File "/opt/anaconda3/lib/python3.12/site-packages/kiteconnect/connect.py", line 861, in _get
    return self._request(route, "GET", url_args=url_args, params=params, is_json=is_json)
           ^^^^^^^^^^^^^^^^^^^^^^^^^^^^^^^^^^^^^^^^^^^^^^^^^^^^^^^^^^^^^^^^^^^^^^^^^^^^^^
  File "/opt/anaconda3/lib/python3.12/site-packages/kiteconnect/connect.py", line 937, in _request
    raise exp(data["message"], code=r.status_code)
kiteconnect.exceptions.TokenException: Incorrect `api_key` or `access_token`.
2025-11-17 01:32:29 | DEBUG    | Executing BUY legs: 2 orders
2025-11-17 01:32:29 | ERROR    | Failed to place order: BANKNIFTY51300PE | error=Incorrect `api_key` or `access_token`.
Traceback (most recent call last):
  File "/Users/rohan/Downloads/Vridhi_Capital_Trading_System/src/trading_system/oms/order_manager.py", line 743, in _place_market_order
    order_id=fake_id,
           ^^^^^^^^^^
  File "/opt/anaconda3/lib/python3.12/site-packages/kiteconnect/connect.py", line 361, in place_order
    return self._post("order.place",
           ^^^^^^^^^^^^^^^^^^^^^^^^^
  File "/opt/anaconda3/lib/python3.12/site-packages/kiteconnect/connect.py", line 865, in _post
    return self._request(route, "POST", url_args=url_args, params=params, is_json=is_json, query_params=query_params)
           ^^^^^^^^^^^^^^^^^^^^^^^^^^^^^^^^^^^^^^^^^^^^^^^^^^^^^^^^^^^^^^^^^^^^^^^^^^^^^^^^^^^^^^^^^^^^^^^^^^^^^^^^^^
  File "/opt/anaconda3/lib/python3.12/site-packages/kiteconnect/connect.py", line 937, in _request
    raise exp(data["message"], code=r.status_code)
kiteconnect.exceptions.TokenException: Incorrect `api_key` or `access_token`.
2025-11-17 01:32:29 | ERROR    | Failed to place order for BANKNIFTY51300PE
2025-11-17 01:32:29 | WARNING  | BUY legs failed for lot_size=2
2025-11-17 01:32:29 | ERROR    | Error exiting partial positions: Incorrect `api_key` or `access_token`.
Traceback (most recent call last):
  File "/Users/rohan/Downloads/Vridhi_Capital_Trading_System/src/trading_system/oms/order_manager.py", line 822, in _exit_partial_positions
    return 0, 0.0
                  
  File "/opt/anaconda3/lib/python3.12/site-packages/kiteconnect/connect.py", line 445, in positions
    return self._get("portfolio.positions")
           ^^^^^^^^^^^^^^^^^^^^^^^^^^^^^^^^
  File "/opt/anaconda3/lib/python3.12/site-packages/kiteconnect/connect.py", line 861, in _get
    return self._request(route, "GET", url_args=url_args, params=params, is_json=is_json)
           ^^^^^^^^^^^^^^^^^^^^^^^^^^^^^^^^^^^^^^^^^^^^^^^^^^^^^^^^^^^^^^^^^^^^^^^^^^^^^^
  File "/opt/anaconda3/lib/python3.12/site-packages/kiteconnect/connect.py", line 937, in _request
    raise exp(data["message"], code=r.status_code)
kiteconnect.exceptions.TokenException: Incorrect `api_key` or `access_token`.
2025-11-17 01:32:29 | DEBUG    | Executing BUY legs: 2 orders
2025-11-17 01:32:30 | ERROR    | Failed to place order: BANKNIFTY51300PE | error=Incorrect `api_key` or `access_token`.
Traceback (most recent call last):
  File "/Users/rohan/Downloads/Vridhi_Capital_Trading_System/src/trading_system/oms/order_manager.py", line 743, in _place_market_order
    order_id=fake_id,
           ^^^^^^^^^^
  File "/opt/anaconda3/lib/python3.12/site-packages/kiteconnect/connect.py", line 361, in place_order
    return self._post("order.place",
           ^^^^^^^^^^^^^^^^^^^^^^^^^
  File "/opt/anaconda3/lib/python3.12/site-packages/kiteconnect/connect.py", line 865, in _post
    return self._request(route, "POST", url_args=url_args, params=params, is_json=is_json, query_params=query_params)
           ^^^^^^^^^^^^^^^^^^^^^^^^^^^^^^^^^^^^^^^^^^^^^^^^^^^^^^^^^^^^^^^^^^^^^^^^^^^^^^^^^^^^^^^^^^^^^^^^^^^^^^^^^^
  File "/opt/anaconda3/lib/python3.12/site-packages/kiteconnect/connect.py", line 937, in _request
    raise exp(data["message"], code=r.status_code)
kiteconnect.exceptions.TokenException: Incorrect `api_key` or `access_token`.
2025-11-17 01:32:30 | ERROR    | Failed to place order for BANKNIFTY51300PE
2025-11-17 01:32:30 | WARNING  | BUY legs failed for lot_size=1
2025-11-17 01:32:30 | ERROR    | Error exiting partial positions: Incorrect `api_key` or `access_token`.
Traceback (most recent call last):
  File "/Users/rohan/Downloads/Vridhi_Capital_Trading_System/src/trading_system/oms/order_manager.py", line 822, in _exit_partial_positions
    return 0, 0.0
                  
  File "/opt/anaconda3/lib/python3.12/site-packages/kiteconnect/connect.py", line 445, in positions
    return self._get("portfolio.positions")
           ^^^^^^^^^^^^^^^^^^^^^^^^^^^^^^^^
  File "/opt/anaconda3/lib/python3.12/site-packages/kiteconnect/connect.py", line 861, in _get
    return self._request(route, "GET", url_args=url_args, params=params, is_json=is_json)
           ^^^^^^^^^^^^^^^^^^^^^^^^^^^^^^^^^^^^^^^^^^^^^^^^^^^^^^^^^^^^^^^^^^^^^^^^^^^^^^
  File "/opt/anaconda3/lib/python3.12/site-packages/kiteconnect/connect.py", line 937, in _request
    raise exp(data["message"], code=r.status_code)
kiteconnect.exceptions.TokenException: Incorrect `api_key` or `access_token`.
2025-11-17 01:32:30 | DEBUG    | ATM strike calculated: 51300 from futures price: 51270.0
2025-11-17 01:32:30 | INFO     | 🔴 SHORT Entry initiated | futures_price=51270.0 | atm_strike=51300 | hedge_strike=53300 | lot_size=8
2025-11-17 01:32:30 | DEBUG    | Executing BUY legs: 2 orders
2025-11-17 01:32:30 | ERROR    | Failed to place order: BANKNIFTY51300PE | error=Incorrect `api_key` or `access_token`.
Traceback (most recent call last):
  File "/Users/rohan/Downloads/Vridhi_Capital_Trading_System/src/trading_system/oms/order_manager.py", line 743, in _place_market_order
    order_id=fake_id,
           ^^^^^^^^^^
  File "/opt/anaconda3/lib/python3.12/site-packages/kiteconnect/connect.py", line 361, in place_order
    return self._post("order.place",
           ^^^^^^^^^^^^^^^^^^^^^^^^^
  File "/opt/anaconda3/lib/python3.12/site-packages/kiteconnect/connect.py", line 865, in _post
    return self._request(route, "POST", url_args=url_args, params=params, is_json=is_json, query_params=query_params)
           ^^^^^^^^^^^^^^^^^^^^^^^^^^^^^^^^^^^^^^^^^^^^^^^^^^^^^^^^^^^^^^^^^^^^^^^^^^^^^^^^^^^^^^^^^^^^^^^^^^^^^^^^^^
  File "/opt/anaconda3/lib/python3.12/site-packages/kiteconnect/connect.py", line 937, in _request
    raise exp(data["message"], code=r.status_code)
kiteconnect.exceptions.TokenException: Incorrect `api_key` or `access_token`.
2025-11-17 01:32:30 | ERROR    | Failed to place order for BANKNIFTY51300PE
2025-11-17 01:32:30 | WARNING  | BUY legs failed for lot_size=8
2025-11-17 01:32:30 | ERROR    | Error exiting partial positions: Incorrect `api_key` or `access_token`.
Traceback (most recent call last):
  File "/Users/rohan/Downloads/Vridhi_Capital_Trading_System/src/trading_system/oms/order_manager.py", line 822, in _exit_partial_positions
    return 0, 0.0
                  
  File "/opt/anaconda3/lib/python3.12/site-packages/kiteconnect/connect.py", line 445, in positions
    return self._get("portfolio.positions")
           ^^^^^^^^^^^^^^^^^^^^^^^^^^^^^^^^
  File "/opt/anaconda3/lib/python3.12/site-packages/kiteconnect/connect.py", line 861, in _get
    return self._request(route, "GET", url_args=url_args, params=params, is_json=is_json)
           ^^^^^^^^^^^^^^^^^^^^^^^^^^^^^^^^^^^^^^^^^^^^^^^^^^^^^^^^^^^^^^^^^^^^^^^^^^^^^^
  File "/opt/anaconda3/lib/python3.12/site-packages/kiteconnect/connect.py", line 937, in _request
    raise exp(data["message"], code=r.status_code)
kiteconnect.exceptions.TokenException: Incorrect `api_key` or `access_token`.
2025-11-17 01:32:30 | DEBUG    | Executing BUY legs: 2 orders
2025-11-17 01:32:30 | ERROR    | Failed to place order: BANKNIFTY51300PE | error=Incorrect `api_key` or `access_token`.
Traceback (most recent call last):
  File "/Users/rohan/Downloads/Vridhi_Capital_Trading_System/src/trading_system/oms/order_manager.py", line 743, in _place_market_order
    order_id=fake_id,
           ^^^^^^^^^^
  File "/opt/anaconda3/lib/python3.12/site-packages/kiteconnect/connect.py", line 361, in place_order
    return self._post("order.place",
           ^^^^^^^^^^^^^^^^^^^^^^^^^
  File "/opt/anaconda3/lib/python3.12/site-packages/kiteconnect/connect.py", line 865, in _post
    return self._request(route, "POST", url_args=url_args, params=params, is_json=is_json, query_params=query_params)
           ^^^^^^^^^^^^^^^^^^^^^^^^^^^^^^^^^^^^^^^^^^^^^^^^^^^^^^^^^^^^^^^^^^^^^^^^^^^^^^^^^^^^^^^^^^^^^^^^^^^^^^^^^^
  File "/opt/anaconda3/lib/python3.12/site-packages/kiteconnect/connect.py", line 937, in _request
    raise exp(data["message"], code=r.status_code)
kiteconnect.exceptions.TokenException: Incorrect `api_key` or `access_token`.
2025-11-17 01:32:30 | ERROR    | Failed to place order for BANKNIFTY51300PE
2025-11-17 01:32:30 | WARNING  | BUY legs failed for lot_size=4
2025-11-17 01:32:30 | ERROR    | Error exiting partial positions: Incorrect `api_key` or `access_token`.
Traceback (most recent call last):
  File "/Users/rohan/Downloads/Vridhi_Capital_Trading_System/src/trading_system/oms/order_manager.py", line 822, in _exit_partial_positions
    return 0, 0.0
                  
  File "/opt/anaconda3/lib/python3.12/site-packages/kiteconnect/connect.py", line 445, in positions
    return self._get("portfolio.positions")
           ^^^^^^^^^^^^^^^^^^^^^^^^^^^^^^^^
  File "/opt/anaconda3/lib/python3.12/site-packages/kiteconnect/connect.py", line 861, in _get
    return self._request(route, "GET", url_args=url_args, params=params, is_json=is_json)
           ^^^^^^^^^^^^^^^^^^^^^^^^^^^^^^^^^^^^^^^^^^^^^^^^^^^^^^^^^^^^^^^^^^^^^^^^^^^^^^
  File "/opt/anaconda3/lib/python3.12/site-packages/kiteconnect/connect.py", line 937, in _request
    raise exp(data["message"], code=r.status_code)
kiteconnect.exceptions.TokenException: Incorrect `api_key` or `access_token`.
2025-11-17 01:32:30 | DEBUG    | Executing BUY legs: 2 orders
2025-11-17 01:32:30 | ERROR    | Failed to place order: BANKNIFTY51300PE | error=Incorrect `api_key` or `access_token`.
Traceback (most recent call last):
  File "/Users/rohan/Downloads/Vridhi_Capital_Trading_System/src/trading_system/oms/order_manager.py", line 743, in _place_market_order
    order_id=fake_id,
           ^^^^^^^^^^
  File "/opt/anaconda3/lib/python3.12/site-packages/kiteconnect/connect.py", line 361, in place_order
    return self._post("order.place",
           ^^^^^^^^^^^^^^^^^^^^^^^^^
  File "/opt/anaconda3/lib/python3.12/site-packages/kiteconnect/connect.py", line 865, in _post
    return self._request(route, "POST", url_args=url_args, params=params, is_json=is_json, query_params=query_params)
           ^^^^^^^^^^^^^^^^^^^^^^^^^^^^^^^^^^^^^^^^^^^^^^^^^^^^^^^^^^^^^^^^^^^^^^^^^^^^^^^^^^^^^^^^^^^^^^^^^^^^^^^^^^
  File "/opt/anaconda3/lib/python3.12/site-packages/kiteconnect/connect.py", line 937, in _request
    raise exp(data["message"], code=r.status_code)
kiteconnect.exceptions.TokenException: Incorrect `api_key` or `access_token`.
2025-11-17 01:32:30 | ERROR    | Failed to place order for BANKNIFTY51300PE
2025-11-17 01:32:30 | WARNING  | BUY legs failed for lot_size=2
2025-11-17 01:32:31 | ERROR    | Error exiting partial positions: Incorrect `api_key` or `access_token`.
Traceback (most recent call last):
  File "/Users/rohan/Downloads/Vridhi_Capital_Trading_System/src/trading_system/oms/order_manager.py", line 822, in _exit_partial_positions
    return 0, 0.0
                  
  File "/opt/anaconda3/lib/python3.12/site-packages/kiteconnect/connect.py", line 445, in positions
    return self._get("portfolio.positions")
           ^^^^^^^^^^^^^^^^^^^^^^^^^^^^^^^^
  File "/opt/anaconda3/lib/python3.12/site-packages/kiteconnect/connect.py", line 861, in _get
    return self._request(route, "GET", url_args=url_args, params=params, is_json=is_json)
           ^^^^^^^^^^^^^^^^^^^^^^^^^^^^^^^^^^^^^^^^^^^^^^^^^^^^^^^^^^^^^^^^^^^^^^^^^^^^^^
  File "/opt/anaconda3/lib/python3.12/site-packages/kiteconnect/connect.py", line 937, in _request
    raise exp(data["message"], code=r.status_code)
kiteconnect.exceptions.TokenException: Incorrect `api_key` or `access_token`.
2025-11-17 01:32:31 | DEBUG    | Executing BUY legs: 2 orders
2025-11-17 01:32:31 | ERROR    | Failed to place order: BANKNIFTY51300PE | error=Incorrect `api_key` or `access_token`.
Traceback (most recent call last):
  File "/Users/rohan/Downloads/Vridhi_Capital_Trading_System/src/trading_system/oms/order_manager.py", line 743, in _place_market_order
    order_id=fake_id,
           ^^^^^^^^^^
  File "/opt/anaconda3/lib/python3.12/site-packages/kiteconnect/connect.py", line 361, in place_order
    return self._post("order.place",
           ^^^^^^^^^^^^^^^^^^^^^^^^^
  File "/opt/anaconda3/lib/python3.12/site-packages/kiteconnect/connect.py", line 865, in _post
    return self._request(route, "POST", url_args=url_args, params=params, is_json=is_json, query_params=query_params)
           ^^^^^^^^^^^^^^^^^^^^^^^^^^^^^^^^^^^^^^^^^^^^^^^^^^^^^^^^^^^^^^^^^^^^^^^^^^^^^^^^^^^^^^^^^^^^^^^^^^^^^^^^^^
  File "/opt/anaconda3/lib/python3.12/site-packages/kiteconnect/connect.py", line 937, in _request
    raise exp(data["message"], code=r.status_code)
kiteconnect.exceptions.TokenException: Incorrect `api_key` or `access_token`.
2025-11-17 01:32:31 | ERROR    | Failed to place order for BANKNIFTY51300PE
2025-11-17 01:32:31 | WARNING  | BUY legs failed for lot_size=1
2025-11-17 01:32:31 | ERROR    | Error exiting partial positions: Incorrect `api_key` or `access_token`.
Traceback (most recent call last):
  File "/Users/rohan/Downloads/Vridhi_Capital_Trading_System/src/trading_system/oms/order_manager.py", line 822, in _exit_partial_positions
    return 0, 0.0
                  
  File "/opt/anaconda3/lib/python3.12/site-packages/kiteconnect/connect.py", line 445, in positions
    return self._get("portfolio.positions")
           ^^^^^^^^^^^^^^^^^^^^^^^^^^^^^^^^
  File "/opt/anaconda3/lib/python3.12/site-packages/kiteconnect/connect.py", line 861, in _get
    return self._request(route, "GET", url_args=url_args, params=params, is_json=is_json)
           ^^^^^^^^^^^^^^^^^^^^^^^^^^^^^^^^^^^^^^^^^^^^^^^^^^^^^^^^^^^^^^^^^^^^^^^^^^^^^^
  File "/opt/anaconda3/lib/python3.12/site-packages/kiteconnect/connect.py", line 937, in _request
    raise exp(data["message"], code=r.status_code)
kiteconnect.exceptions.TokenException: Incorrect `api_key` or `access_token`.
2025-11-17 01:34:31 | DEBUG    | ATM strike calculated: 51300 from futures price: 51256.9
2025-11-17 01:34:31 | INFO     | 🔴 SHORT Entry initiated | futures_price=51256.9 | atm_strike=51300 | hedge_strike=53300 | lot_size=8
2025-11-17 01:34:31 | DEBUG    | Executing BUY legs: 2 orders
2025-11-17 01:34:32 | ERROR    | Failed to place order: BANKNIFTY51300PE | error=Incorrect `api_key` or `access_token`.
Traceback (most recent call last):
  File "/Users/rohan/Downloads/Vridhi_Capital_Trading_System/src/trading_system/oms/order_manager.py", line 743, in _place_market_order
    order_id=fake_id,
           ^^^^^^^^^^
  File "/opt/anaconda3/lib/python3.12/site-packages/kiteconnect/connect.py", line 361, in place_order
    return self._post("order.place",
           ^^^^^^^^^^^^^^^^^^^^^^^^^
  File "/opt/anaconda3/lib/python3.12/site-packages/kiteconnect/connect.py", line 865, in _post
    return self._request(route, "POST", url_args=url_args, params=params, is_json=is_json, query_params=query_params)
           ^^^^^^^^^^^^^^^^^^^^^^^^^^^^^^^^^^^^^^^^^^^^^^^^^^^^^^^^^^^^^^^^^^^^^^^^^^^^^^^^^^^^^^^^^^^^^^^^^^^^^^^^^^
  File "/opt/anaconda3/lib/python3.12/site-packages/kiteconnect/connect.py", line 937, in _request
    raise exp(data["message"], code=r.status_code)
kiteconnect.exceptions.TokenException: Incorrect `api_key` or `access_token`.
2025-11-17 01:34:32 | ERROR    | Failed to place order for BANKNIFTY51300PE
2025-11-17 01:34:32 | WARNING  | BUY legs failed for lot_size=8
2025-11-17 01:34:32 | ERROR    | Error exiting partial positions: Incorrect `api_key` or `access_token`.
Traceback (most recent call last):
  File "/Users/rohan/Downloads/Vridhi_Capital_Trading_System/src/trading_system/oms/order_manager.py", line 822, in _exit_partial_positions
    return 0, 0.0
                  
  File "/opt/anaconda3/lib/python3.12/site-packages/kiteconnect/connect.py", line 445, in positions
    return self._get("portfolio.positions")
           ^^^^^^^^^^^^^^^^^^^^^^^^^^^^^^^^
  File "/opt/anaconda3/lib/python3.12/site-packages/kiteconnect/connect.py", line 861, in _get
    return self._request(route, "GET", url_args=url_args, params=params, is_json=is_json)
           ^^^^^^^^^^^^^^^^^^^^^^^^^^^^^^^^^^^^^^^^^^^^^^^^^^^^^^^^^^^^^^^^^^^^^^^^^^^^^^
  File "/opt/anaconda3/lib/python3.12/site-packages/kiteconnect/connect.py", line 937, in _request
    raise exp(data["message"], code=r.status_code)
kiteconnect.exceptions.TokenException: Incorrect `api_key` or `access_token`.
2025-11-17 01:34:32 | DEBUG    | Executing BUY legs: 2 orders
2025-11-17 01:34:32 | ERROR    | Failed to place order: BANKNIFTY51300PE | error=Incorrect `api_key` or `access_token`.
Traceback (most recent call last):
  File "/Users/rohan/Downloads/Vridhi_Capital_Trading_System/src/trading_system/oms/order_manager.py", line 743, in _place_market_order
    order_id=fake_id,
           ^^^^^^^^^^
  File "/opt/anaconda3/lib/python3.12/site-packages/kiteconnect/connect.py", line 361, in place_order
    return self._post("order.place",
           ^^^^^^^^^^^^^^^^^^^^^^^^^
  File "/opt/anaconda3/lib/python3.12/site-packages/kiteconnect/connect.py", line 865, in _post
    return self._request(route, "POST", url_args=url_args, params=params, is_json=is_json, query_params=query_params)
           ^^^^^^^^^^^^^^^^^^^^^^^^^^^^^^^^^^^^^^^^^^^^^^^^^^^^^^^^^^^^^^^^^^^^^^^^^^^^^^^^^^^^^^^^^^^^^^^^^^^^^^^^^^
  File "/opt/anaconda3/lib/python3.12/site-packages/kiteconnect/connect.py", line 937, in _request
    raise exp(data["message"], code=r.status_code)
kiteconnect.exceptions.TokenException: Incorrect `api_key` or `access_token`.
2025-11-17 01:34:32 | ERROR    | Failed to place order for BANKNIFTY51300PE
2025-11-17 01:34:32 | WARNING  | BUY legs failed for lot_size=4
2025-11-17 01:34:32 | ERROR    | Error exiting partial positions: Incorrect `api_key` or `access_token`.
Traceback (most recent call last):
  File "/Users/rohan/Downloads/Vridhi_Capital_Trading_System/src/trading_system/oms/order_manager.py", line 822, in _exit_partial_positions
    return 0, 0.0
                  
  File "/opt/anaconda3/lib/python3.12/site-packages/kiteconnect/connect.py", line 445, in positions
    return self._get("portfolio.positions")
           ^^^^^^^^^^^^^^^^^^^^^^^^^^^^^^^^
  File "/opt/anaconda3/lib/python3.12/site-packages/kiteconnect/connect.py", line 861, in _get
    return self._request(route, "GET", url_args=url_args, params=params, is_json=is_json)
           ^^^^^^^^^^^^^^^^^^^^^^^^^^^^^^^^^^^^^^^^^^^^^^^^^^^^^^^^^^^^^^^^^^^^^^^^^^^^^^
  File "/opt/anaconda3/lib/python3.12/site-packages/kiteconnect/connect.py", line 937, in _request
    raise exp(data["message"], code=r.status_code)
kiteconnect.exceptions.TokenException: Incorrect `api_key` or `access_token`.
2025-11-17 01:34:32 | DEBUG    | Executing BUY legs: 2 orders
2025-11-17 01:34:32 | ERROR    | Failed to place order: BANKNIFTY51300PE | error=Incorrect `api_key` or `access_token`.
Traceback (most recent call last):
  File "/Users/rohan/Downloads/Vridhi_Capital_Trading_System/src/trading_system/oms/order_manager.py", line 743, in _place_market_order
    order_id=fake_id,
           ^^^^^^^^^^
  File "/opt/anaconda3/lib/python3.12/site-packages/kiteconnect/connect.py", line 361, in place_order
    return self._post("order.place",
           ^^^^^^^^^^^^^^^^^^^^^^^^^
  File "/opt/anaconda3/lib/python3.12/site-packages/kiteconnect/connect.py", line 865, in _post
    return self._request(route, "POST", url_args=url_args, params=params, is_json=is_json, query_params=query_params)
           ^^^^^^^^^^^^^^^^^^^^^^^^^^^^^^^^^^^^^^^^^^^^^^^^^^^^^^^^^^^^^^^^^^^^^^^^^^^^^^^^^^^^^^^^^^^^^^^^^^^^^^^^^^
  File "/opt/anaconda3/lib/python3.12/site-packages/kiteconnect/connect.py", line 937, in _request
    raise exp(data["message"], code=r.status_code)
kiteconnect.exceptions.TokenException: Incorrect `api_key` or `access_token`.
2025-11-17 01:34:32 | ERROR    | Failed to place order for BANKNIFTY51300PE
2025-11-17 01:34:32 | WARNING  | BUY legs failed for lot_size=2
2025-11-17 01:34:32 | ERROR    | Error exiting partial positions: Incorrect `api_key` or `access_token`.
Traceback (most recent call last):
  File "/Users/rohan/Downloads/Vridhi_Capital_Trading_System/src/trading_system/oms/order_manager.py", line 822, in _exit_partial_positions
    return 0, 0.0
                  
  File "/opt/anaconda3/lib/python3.12/site-packages/kiteconnect/connect.py", line 445, in positions
    return self._get("portfolio.positions")
           ^^^^^^^^^^^^^^^^^^^^^^^^^^^^^^^^
  File "/opt/anaconda3/lib/python3.12/site-packages/kiteconnect/connect.py", line 861, in _get
    return self._request(route, "GET", url_args=url_args, params=params, is_json=is_json)
           ^^^^^^^^^^^^^^^^^^^^^^^^^^^^^^^^^^^^^^^^^^^^^^^^^^^^^^^^^^^^^^^^^^^^^^^^^^^^^^
  File "/opt/anaconda3/lib/python3.12/site-packages/kiteconnect/connect.py", line 937, in _request
    raise exp(data["message"], code=r.status_code)
kiteconnect.exceptions.TokenException: Incorrect `api_key` or `access_token`.
2025-11-17 01:34:32 | DEBUG    | Executing BUY legs: 2 orders
2025-11-17 01:34:33 | ERROR    | Failed to place order: BANKNIFTY51300PE | error=Incorrect `api_key` or `access_token`.
Traceback (most recent call last):
  File "/Users/rohan/Downloads/Vridhi_Capital_Trading_System/src/trading_system/oms/order_manager.py", line 743, in _place_market_order
    order_id=fake_id,
           ^^^^^^^^^^
  File "/opt/anaconda3/lib/python3.12/site-packages/kiteconnect/connect.py", line 361, in place_order
    return self._post("order.place",
           ^^^^^^^^^^^^^^^^^^^^^^^^^
  File "/opt/anaconda3/lib/python3.12/site-packages/kiteconnect/connect.py", line 865, in _post
    return self._request(route, "POST", url_args=url_args, params=params, is_json=is_json, query_params=query_params)
           ^^^^^^^^^^^^^^^^^^^^^^^^^^^^^^^^^^^^^^^^^^^^^^^^^^^^^^^^^^^^^^^^^^^^^^^^^^^^^^^^^^^^^^^^^^^^^^^^^^^^^^^^^^
  File "/opt/anaconda3/lib/python3.12/site-packages/kiteconnect/connect.py", line 937, in _request
    raise exp(data["message"], code=r.status_code)
kiteconnect.exceptions.TokenException: Incorrect `api_key` or `access_token`.
2025-11-17 01:34:33 | ERROR    | Failed to place order for BANKNIFTY51300PE
2025-11-17 01:34:33 | WARNING  | BUY legs failed for lot_size=1
2025-11-17 01:34:33 | ERROR    | Error exiting partial positions: Incorrect `api_key` or `access_token`.
Traceback (most recent call last):
  File "/Users/rohan/Downloads/Vridhi_Capital_Trading_System/src/trading_system/oms/order_manager.py", line 822, in _exit_partial_positions
    return 0, 0.0
                  
  File "/opt/anaconda3/lib/python3.12/site-packages/kiteconnect/connect.py", line 445, in positions
    return self._get("portfolio.positions")
           ^^^^^^^^^^^^^^^^^^^^^^^^^^^^^^^^
  File "/opt/anaconda3/lib/python3.12/site-packages/kiteconnect/connect.py", line 861, in _get
    return self._request(route, "GET", url_args=url_args, params=params, is_json=is_json)
           ^^^^^^^^^^^^^^^^^^^^^^^^^^^^^^^^^^^^^^^^^^^^^^^^^^^^^^^^^^^^^^^^^^^^^^^^^^^^^^
  File "/opt/anaconda3/lib/python3.12/site-packages/kiteconnect/connect.py", line 937, in _request
    raise exp(data["message"], code=r.status_code)
kiteconnect.exceptions.TokenException: Incorrect `api_key` or `access_token`.
2025-11-17 01:34:33 | DEBUG    | ATM strike calculated: 51300 from futures price: 51256.9
2025-11-17 01:34:33 | INFO     | 🔴 SHORT Entry initiated | futures_price=51256.9 | atm_strike=51300 | hedge_strike=53300 | lot_size=8
2025-11-17 01:34:33 | DEBUG    | Executing BUY legs: 2 orders
2025-11-17 01:34:33 | ERROR    | Failed to place order: BANKNIFTY51300PE | error=Incorrect `api_key` or `access_token`.
Traceback (most recent call last):
  File "/Users/rohan/Downloads/Vridhi_Capital_Trading_System/src/trading_system/oms/order_manager.py", line 743, in _place_market_order
    order_id=fake_id,
           ^^^^^^^^^^
  File "/opt/anaconda3/lib/python3.12/site-packages/kiteconnect/connect.py", line 361, in place_order
    return self._post("order.place",
           ^^^^^^^^^^^^^^^^^^^^^^^^^
  File "/opt/anaconda3/lib/python3.12/site-packages/kiteconnect/connect.py", line 865, in _post
    return self._request(route, "POST", url_args=url_args, params=params, is_json=is_json, query_params=query_params)
           ^^^^^^^^^^^^^^^^^^^^^^^^^^^^^^^^^^^^^^^^^^^^^^^^^^^^^^^^^^^^^^^^^^^^^^^^^^^^^^^^^^^^^^^^^^^^^^^^^^^^^^^^^^
  File "/opt/anaconda3/lib/python3.12/site-packages/kiteconnect/connect.py", line 937, in _request
    raise exp(data["message"], code=r.status_code)
kiteconnect.exceptions.TokenException: Incorrect `api_key` or `access_token`.
2025-11-17 01:34:33 | ERROR    | Failed to place order for BANKNIFTY51300PE
2025-11-17 01:34:33 | WARNING  | BUY legs failed for lot_size=8
2025-11-17 01:34:33 | ERROR    | Error exiting partial positions: Incorrect `api_key` or `access_token`.
Traceback (most recent call last):
  File "/Users/rohan/Downloads/Vridhi_Capital_Trading_System/src/trading_system/oms/order_manager.py", line 822, in _exit_partial_positions
    return 0, 0.0
                  
  File "/opt/anaconda3/lib/python3.12/site-packages/kiteconnect/connect.py", line 445, in positions
    return self._get("portfolio.positions")
           ^^^^^^^^^^^^^^^^^^^^^^^^^^^^^^^^
  File "/opt/anaconda3/lib/python3.12/site-packages/kiteconnect/connect.py", line 861, in _get
    return self._request(route, "GET", url_args=url_args, params=params, is_json=is_json)
           ^^^^^^^^^^^^^^^^^^^^^^^^^^^^^^^^^^^^^^^^^^^^^^^^^^^^^^^^^^^^^^^^^^^^^^^^^^^^^^
  File "/opt/anaconda3/lib/python3.12/site-packages/kiteconnect/connect.py", line 937, in _request
    raise exp(data["message"], code=r.status_code)
kiteconnect.exceptions.TokenException: Incorrect `api_key` or `access_token`.
2025-11-17 01:34:33 | DEBUG    | Executing BUY legs: 2 orders
2025-11-17 01:34:33 | ERROR    | Failed to place order: BANKNIFTY51300PE | error=Incorrect `api_key` or `access_token`.
Traceback (most recent call last):
  File "/Users/rohan/Downloads/Vridhi_Capital_Trading_System/src/trading_system/oms/order_manager.py", line 743, in _place_market_order
    order_id=fake_id,
           ^^^^^^^^^^
  File "/opt/anaconda3/lib/python3.12/site-packages/kiteconnect/connect.py", line 361, in place_order
    return self._post("order.place",
           ^^^^^^^^^^^^^^^^^^^^^^^^^
  File "/opt/anaconda3/lib/python3.12/site-packages/kiteconnect/connect.py", line 865, in _post
    return self._request(route, "POST", url_args=url_args, params=params, is_json=is_json, query_params=query_params)
           ^^^^^^^^^^^^^^^^^^^^^^^^^^^^^^^^^^^^^^^^^^^^^^^^^^^^^^^^^^^^^^^^^^^^^^^^^^^^^^^^^^^^^^^^^^^^^^^^^^^^^^^^^^
  File "/opt/anaconda3/lib/python3.12/site-packages/kiteconnect/connect.py", line 937, in _request
    raise exp(data["message"], code=r.status_code)
kiteconnect.exceptions.TokenException: Incorrect `api_key` or `access_token`.
2025-11-17 01:34:33 | ERROR    | Failed to place order for BANKNIFTY51300PE
2025-11-17 01:34:33 | WARNING  | BUY legs failed for lot_size=4
2025-11-17 01:34:33 | ERROR    | Error exiting partial positions: Incorrect `api_key` or `access_token`.
Traceback (most recent call last):
  File "/Users/rohan/Downloads/Vridhi_Capital_Trading_System/src/trading_system/oms/order_manager.py", line 822, in _exit_partial_positions
    return 0, 0.0
                  
  File "/opt/anaconda3/lib/python3.12/site-packages/kiteconnect/connect.py", line 445, in positions
    return self._get("portfolio.positions")
           ^^^^^^^^^^^^^^^^^^^^^^^^^^^^^^^^
  File "/opt/anaconda3/lib/python3.12/site-packages/kiteconnect/connect.py", line 861, in _get
    return self._request(route, "GET", url_args=url_args, params=params, is_json=is_json)
           ^^^^^^^^^^^^^^^^^^^^^^^^^^^^^^^^^^^^^^^^^^^^^^^^^^^^^^^^^^^^^^^^^^^^^^^^^^^^^^
  File "/opt/anaconda3/lib/python3.12/site-packages/kiteconnect/connect.py", line 937, in _request
    raise exp(data["message"], code=r.status_code)
kiteconnect.exceptions.TokenException: Incorrect `api_key` or `access_token`.
2025-11-17 01:34:33 | DEBUG    | Executing BUY legs: 2 orders
2025-11-17 01:34:33 | ERROR    | Failed to place order: BANKNIFTY51300PE | error=Incorrect `api_key` or `access_token`.
Traceback (most recent call last):
  File "/Users/rohan/Downloads/Vridhi_Capital_Trading_System/src/trading_system/oms/order_manager.py", line 743, in _place_market_order
    order_id=fake_id,
           ^^^^^^^^^^
  File "/opt/anaconda3/lib/python3.12/site-packages/kiteconnect/connect.py", line 361, in place_order
    return self._post("order.place",
           ^^^^^^^^^^^^^^^^^^^^^^^^^
  File "/opt/anaconda3/lib/python3.12/site-packages/kiteconnect/connect.py", line 865, in _post
    return self._request(route, "POST", url_args=url_args, params=params, is_json=is_json, query_params=query_params)
           ^^^^^^^^^^^^^^^^^^^^^^^^^^^^^^^^^^^^^^^^^^^^^^^^^^^^^^^^^^^^^^^^^^^^^^^^^^^^^^^^^^^^^^^^^^^^^^^^^^^^^^^^^^
  File "/opt/anaconda3/lib/python3.12/site-packages/kiteconnect/connect.py", line 937, in _request
    raise exp(data["message"], code=r.status_code)
kiteconnect.exceptions.TokenException: Incorrect `api_key` or `access_token`.
2025-11-17 01:34:33 | ERROR    | Failed to place order for BANKNIFTY51300PE
2025-11-17 01:34:33 | WARNING  | BUY legs failed for lot_size=2
2025-11-17 01:34:34 | ERROR    | Error exiting partial positions: Incorrect `api_key` or `access_token`.
Traceback (most recent call last):
  File "/Users/rohan/Downloads/Vridhi_Capital_Trading_System/src/trading_system/oms/order_manager.py", line 822, in _exit_partial_positions
    return 0, 0.0
                  
  File "/opt/anaconda3/lib/python3.12/site-packages/kiteconnect/connect.py", line 445, in positions
    return self._get("portfolio.positions")
           ^^^^^^^^^^^^^^^^^^^^^^^^^^^^^^^^
  File "/opt/anaconda3/lib/python3.12/site-packages/kiteconnect/connect.py", line 861, in _get
    return self._request(route, "GET", url_args=url_args, params=params, is_json=is_json)
           ^^^^^^^^^^^^^^^^^^^^^^^^^^^^^^^^^^^^^^^^^^^^^^^^^^^^^^^^^^^^^^^^^^^^^^^^^^^^^^
  File "/opt/anaconda3/lib/python3.12/site-packages/kiteconnect/connect.py", line 937, in _request
    raise exp(data["message"], code=r.status_code)
kiteconnect.exceptions.TokenException: Incorrect `api_key` or `access_token`.
2025-11-17 01:34:34 | DEBUG    | Executing BUY legs: 2 orders
2025-11-17 01:34:34 | ERROR    | Failed to place order: BANKNIFTY51300PE | error=Incorrect `api_key` or `access_token`.
Traceback (most recent call last):
  File "/Users/rohan/Downloads/Vridhi_Capital_Trading_System/src/trading_system/oms/order_manager.py", line 743, in _place_market_order
    order_id=fake_id,
           ^^^^^^^^^^
  File "/opt/anaconda3/lib/python3.12/site-packages/kiteconnect/connect.py", line 361, in place_order
    return self._post("order.place",
           ^^^^^^^^^^^^^^^^^^^^^^^^^
  File "/opt/anaconda3/lib/python3.12/site-packages/kiteconnect/connect.py", line 865, in _post
    return self._request(route, "POST", url_args=url_args, params=params, is_json=is_json, query_params=query_params)
           ^^^^^^^^^^^^^^^^^^^^^^^^^^^^^^^^^^^^^^^^^^^^^^^^^^^^^^^^^^^^^^^^^^^^^^^^^^^^^^^^^^^^^^^^^^^^^^^^^^^^^^^^^^
  File "/opt/anaconda3/lib/python3.12/site-packages/kiteconnect/connect.py", line 937, in _request
    raise exp(data["message"], code=r.status_code)
kiteconnect.exceptions.TokenException: Incorrect `api_key` or `access_token`.
2025-11-17 01:34:34 | ERROR    | Failed to place order for BANKNIFTY51300PE
2025-11-17 01:34:34 | WARNING  | BUY legs failed for lot_size=1
2025-11-17 01:34:34 | ERROR    | Error exiting partial positions: Incorrect `api_key` or `access_token`.
Traceback (most recent call last):
  File "/Users/rohan/Downloads/Vridhi_Capital_Trading_System/src/trading_system/oms/order_manager.py", line 822, in _exit_partial_positions
    return 0, 0.0
                  
  File "/opt/anaconda3/lib/python3.12/site-packages/kiteconnect/connect.py", line 445, in positions
    return self._get("portfolio.positions")
           ^^^^^^^^^^^^^^^^^^^^^^^^^^^^^^^^
  File "/opt/anaconda3/lib/python3.12/site-packages/kiteconnect/connect.py", line 861, in _get
    return self._request(route, "GET", url_args=url_args, params=params, is_json=is_json)
           ^^^^^^^^^^^^^^^^^^^^^^^^^^^^^^^^^^^^^^^^^^^^^^^^^^^^^^^^^^^^^^^^^^^^^^^^^^^^^^
  File "/opt/anaconda3/lib/python3.12/site-packages/kiteconnect/connect.py", line 937, in _request
    raise exp(data["message"], code=r.status_code)
kiteconnect.exceptions.TokenException: Incorrect `api_key` or `access_token`.
2025-11-17 01:36:34 | DEBUG    | ATM strike calculated: 51300 from futures price: 51266.7
2025-11-17 01:36:34 | INFO     | 🔵 LONG Entry initiated | futures_price=51266.7 | atm_strike=51300 | hedge_strike=49300 | lot_size=8
2025-11-17 01:36:34 | DEBUG    | Executing BUY legs: 2 orders
2025-11-17 01:36:35 | ERROR    | Failed to place order: BANKNIFTY51300CE | error=Incorrect `api_key` or `access_token`.
Traceback (most recent call last):
  File "/Users/rohan/Downloads/Vridhi_Capital_Trading_System/src/trading_system/oms/order_manager.py", line 743, in _place_market_order
    order_id=fake_id,
           ^^^^^^^^^^
  File "/opt/anaconda3/lib/python3.12/site-packages/kiteconnect/connect.py", line 361, in place_order
    return self._post("order.place",
           ^^^^^^^^^^^^^^^^^^^^^^^^^
  File "/opt/anaconda3/lib/python3.12/site-packages/kiteconnect/connect.py", line 865, in _post
    return self._request(route, "POST", url_args=url_args, params=params, is_json=is_json, query_params=query_params)
           ^^^^^^^^^^^^^^^^^^^^^^^^^^^^^^^^^^^^^^^^^^^^^^^^^^^^^^^^^^^^^^^^^^^^^^^^^^^^^^^^^^^^^^^^^^^^^^^^^^^^^^^^^^
  File "/opt/anaconda3/lib/python3.12/site-packages/kiteconnect/connect.py", line 937, in _request
    raise exp(data["message"], code=r.status_code)
kiteconnect.exceptions.TokenException: Incorrect `api_key` or `access_token`.
2025-11-17 01:36:35 | ERROR    | Failed to place order for BANKNIFTY51300CE
2025-11-17 01:36:35 | WARNING  | BUY legs failed for lot_size=8
2025-11-17 01:36:35 | ERROR    | Error exiting partial positions: Incorrect `api_key` or `access_token`.
Traceback (most recent call last):
  File "/Users/rohan/Downloads/Vridhi_Capital_Trading_System/src/trading_system/oms/order_manager.py", line 822, in _exit_partial_positions
    return 0, 0.0
                  
  File "/opt/anaconda3/lib/python3.12/site-packages/kiteconnect/connect.py", line 445, in positions
    return self._get("portfolio.positions")
           ^^^^^^^^^^^^^^^^^^^^^^^^^^^^^^^^
  File "/opt/anaconda3/lib/python3.12/site-packages/kiteconnect/connect.py", line 861, in _get
    return self._request(route, "GET", url_args=url_args, params=params, is_json=is_json)
           ^^^^^^^^^^^^^^^^^^^^^^^^^^^^^^^^^^^^^^^^^^^^^^^^^^^^^^^^^^^^^^^^^^^^^^^^^^^^^^
  File "/opt/anaconda3/lib/python3.12/site-packages/kiteconnect/connect.py", line 937, in _request
    raise exp(data["message"], code=r.status_code)
kiteconnect.exceptions.TokenException: Incorrect `api_key` or `access_token`.
2025-11-17 01:36:35 | DEBUG    | Executing BUY legs: 2 orders
2025-11-17 01:36:35 | ERROR    | Failed to place order: BANKNIFTY51300CE | error=Incorrect `api_key` or `access_token`.
Traceback (most recent call last):
  File "/Users/rohan/Downloads/Vridhi_Capital_Trading_System/src/trading_system/oms/order_manager.py", line 743, in _place_market_order
    order_id=fake_id,
           ^^^^^^^^^^
  File "/opt/anaconda3/lib/python3.12/site-packages/kiteconnect/connect.py", line 361, in place_order
    return self._post("order.place",
           ^^^^^^^^^^^^^^^^^^^^^^^^^
  File "/opt/anaconda3/lib/python3.12/site-packages/kiteconnect/connect.py", line 865, in _post
    return self._request(route, "POST", url_args=url_args, params=params, is_json=is_json, query_params=query_params)
           ^^^^^^^^^^^^^^^^^^^^^^^^^^^^^^^^^^^^^^^^^^^^^^^^^^^^^^^^^^^^^^^^^^^^^^^^^^^^^^^^^^^^^^^^^^^^^^^^^^^^^^^^^^
  File "/opt/anaconda3/lib/python3.12/site-packages/kiteconnect/connect.py", line 937, in _request
    raise exp(data["message"], code=r.status_code)
kiteconnect.exceptions.TokenException: Incorrect `api_key` or `access_token`.
2025-11-17 01:36:35 | ERROR    | Failed to place order for BANKNIFTY51300CE
2025-11-17 01:36:35 | WARNING  | BUY legs failed for lot_size=4
2025-11-17 01:36:35 | ERROR    | Error exiting partial positions: Incorrect `api_key` or `access_token`.
Traceback (most recent call last):
  File "/Users/rohan/Downloads/Vridhi_Capital_Trading_System/src/trading_system/oms/order_manager.py", line 822, in _exit_partial_positions
    return 0, 0.0
                  
  File "/opt/anaconda3/lib/python3.12/site-packages/kiteconnect/connect.py", line 445, in positions
    return self._get("portfolio.positions")
           ^^^^^^^^^^^^^^^^^^^^^^^^^^^^^^^^
  File "/opt/anaconda3/lib/python3.12/site-packages/kiteconnect/connect.py", line 861, in _get
    return self._request(route, "GET", url_args=url_args, params=params, is_json=is_json)
           ^^^^^^^^^^^^^^^^^^^^^^^^^^^^^^^^^^^^^^^^^^^^^^^^^^^^^^^^^^^^^^^^^^^^^^^^^^^^^^
  File "/opt/anaconda3/lib/python3.12/site-packages/kiteconnect/connect.py", line 937, in _request
    raise exp(data["message"], code=r.status_code)
kiteconnect.exceptions.TokenException: Incorrect `api_key` or `access_token`.
2025-11-17 01:36:35 | DEBUG    | Executing BUY legs: 2 orders
2025-11-17 01:36:35 | ERROR    | Failed to place order: BANKNIFTY51300CE | error=Incorrect `api_key` or `access_token`.
Traceback (most recent call last):
  File "/Users/rohan/Downloads/Vridhi_Capital_Trading_System/src/trading_system/oms/order_manager.py", line 743, in _place_market_order
    order_id=fake_id,
           ^^^^^^^^^^
  File "/opt/anaconda3/lib/python3.12/site-packages/kiteconnect/connect.py", line 361, in place_order
    return self._post("order.place",
           ^^^^^^^^^^^^^^^^^^^^^^^^^
  File "/opt/anaconda3/lib/python3.12/site-packages/kiteconnect/connect.py", line 865, in _post
    return self._request(route, "POST", url_args=url_args, params=params, is_json=is_json, query_params=query_params)
           ^^^^^^^^^^^^^^^^^^^^^^^^^^^^^^^^^^^^^^^^^^^^^^^^^^^^^^^^^^^^^^^^^^^^^^^^^^^^^^^^^^^^^^^^^^^^^^^^^^^^^^^^^^
  File "/opt/anaconda3/lib/python3.12/site-packages/kiteconnect/connect.py", line 937, in _request
    raise exp(data["message"], code=r.status_code)
kiteconnect.exceptions.TokenException: Incorrect `api_key` or `access_token`.
2025-11-17 01:36:35 | ERROR    | Failed to place order for BANKNIFTY51300CE
2025-11-17 01:36:35 | WARNING  | BUY legs failed for lot_size=2
2025-11-17 01:36:35 | ERROR    | Error exiting partial positions: Incorrect `api_key` or `access_token`.
Traceback (most recent call last):
  File "/Users/rohan/Downloads/Vridhi_Capital_Trading_System/src/trading_system/oms/order_manager.py", line 822, in _exit_partial_positions
    return 0, 0.0
                  
  File "/opt/anaconda3/lib/python3.12/site-packages/kiteconnect/connect.py", line 445, in positions
    return self._get("portfolio.positions")
           ^^^^^^^^^^^^^^^^^^^^^^^^^^^^^^^^
  File "/opt/anaconda3/lib/python3.12/site-packages/kiteconnect/connect.py", line 861, in _get
    return self._request(route, "GET", url_args=url_args, params=params, is_json=is_json)
           ^^^^^^^^^^^^^^^^^^^^^^^^^^^^^^^^^^^^^^^^^^^^^^^^^^^^^^^^^^^^^^^^^^^^^^^^^^^^^^
  File "/opt/anaconda3/lib/python3.12/site-packages/kiteconnect/connect.py", line 937, in _request
    raise exp(data["message"], code=r.status_code)
kiteconnect.exceptions.TokenException: Incorrect `api_key` or `access_token`.
2025-11-17 01:36:35 | DEBUG    | Executing BUY legs: 2 orders
2025-11-17 01:36:36 | ERROR    | Failed to place order: BANKNIFTY51300CE | error=Incorrect `api_key` or `access_token`.
Traceback (most recent call last):
  File "/Users/rohan/Downloads/Vridhi_Capital_Trading_System/src/trading_system/oms/order_manager.py", line 743, in _place_market_order
    order_id=fake_id,
           ^^^^^^^^^^
  File "/opt/anaconda3/lib/python3.12/site-packages/kiteconnect/connect.py", line 361, in place_order
    return self._post("order.place",
           ^^^^^^^^^^^^^^^^^^^^^^^^^
  File "/opt/anaconda3/lib/python3.12/site-packages/kiteconnect/connect.py", line 865, in _post
    return self._request(route, "POST", url_args=url_args, params=params, is_json=is_json, query_params=query_params)
           ^^^^^^^^^^^^^^^^^^^^^^^^^^^^^^^^^^^^^^^^^^^^^^^^^^^^^^^^^^^^^^^^^^^^^^^^^^^^^^^^^^^^^^^^^^^^^^^^^^^^^^^^^^
  File "/opt/anaconda3/lib/python3.12/site-packages/kiteconnect/connect.py", line 937, in _request
    raise exp(data["message"], code=r.status_code)
kiteconnect.exceptions.TokenException: Incorrect `api_key` or `access_token`.
2025-11-17 01:36:36 | ERROR    | Failed to place order for BANKNIFTY51300CE
2025-11-17 01:36:36 | WARNING  | BUY legs failed for lot_size=1
2025-11-17 01:36:36 | ERROR    | Error exiting partial positions: Incorrect `api_key` or `access_token`.
Traceback (most recent call last):
  File "/Users/rohan/Downloads/Vridhi_Capital_Trading_System/src/trading_system/oms/order_manager.py", line 822, in _exit_partial_positions
    return 0, 0.0
                  
  File "/opt/anaconda3/lib/python3.12/site-packages/kiteconnect/connect.py", line 445, in positions
    return self._get("portfolio.positions")
           ^^^^^^^^^^^^^^^^^^^^^^^^^^^^^^^^
  File "/opt/anaconda3/lib/python3.12/site-packages/kiteconnect/connect.py", line 861, in _get
    return self._request(route, "GET", url_args=url_args, params=params, is_json=is_json)
           ^^^^^^^^^^^^^^^^^^^^^^^^^^^^^^^^^^^^^^^^^^^^^^^^^^^^^^^^^^^^^^^^^^^^^^^^^^^^^^
  File "/opt/anaconda3/lib/python3.12/site-packages/kiteconnect/connect.py", line 937, in _request
    raise exp(data["message"], code=r.status_code)
kiteconnect.exceptions.TokenException: Incorrect `api_key` or `access_token`.
2025-11-17 01:36:36 | DEBUG    | ATM strike calculated: 51300 from futures price: 51266.7
2025-11-17 01:36:36 | INFO     | 🔵 LONG Entry initiated | futures_price=51266.7 | atm_strike=51300 | hedge_strike=49300 | lot_size=8
2025-11-17 01:36:36 | DEBUG    | Executing BUY legs: 2 orders
2025-11-17 01:36:36 | ERROR    | Failed to place order: BANKNIFTY51300CE | error=Incorrect `api_key` or `access_token`.
Traceback (most recent call last):
  File "/Users/rohan/Downloads/Vridhi_Capital_Trading_System/src/trading_system/oms/order_manager.py", line 743, in _place_market_order
    order_id=fake_id,
           ^^^^^^^^^^
  File "/opt/anaconda3/lib/python3.12/site-packages/kiteconnect/connect.py", line 361, in place_order
    return self._post("order.place",
           ^^^^^^^^^^^^^^^^^^^^^^^^^
  File "/opt/anaconda3/lib/python3.12/site-packages/kiteconnect/connect.py", line 865, in _post
    return self._request(route, "POST", url_args=url_args, params=params, is_json=is_json, query_params=query_params)
           ^^^^^^^^^^^^^^^^^^^^^^^^^^^^^^^^^^^^^^^^^^^^^^^^^^^^^^^^^^^^^^^^^^^^^^^^^^^^^^^^^^^^^^^^^^^^^^^^^^^^^^^^^^
  File "/opt/anaconda3/lib/python3.12/site-packages/kiteconnect/connect.py", line 937, in _request
    raise exp(data["message"], code=r.status_code)
kiteconnect.exceptions.TokenException: Incorrect `api_key` or `access_token`.
2025-11-17 01:36:36 | ERROR    | Failed to place order for BANKNIFTY51300CE
2025-11-17 01:36:36 | WARNING  | BUY legs failed for lot_size=8
2025-11-17 01:36:36 | ERROR    | Error exiting partial positions: Incorrect `api_key` or `access_token`.
Traceback (most recent call last):
  File "/Users/rohan/Downloads/Vridhi_Capital_Trading_System/src/trading_system/oms/order_manager.py", line 822, in _exit_partial_positions
    return 0, 0.0
                  
  File "/opt/anaconda3/lib/python3.12/site-packages/kiteconnect/connect.py", line 445, in positions
    return self._get("portfolio.positions")
           ^^^^^^^^^^^^^^^^^^^^^^^^^^^^^^^^
  File "/opt/anaconda3/lib/python3.12/site-packages/kiteconnect/connect.py", line 861, in _get
    return self._request(route, "GET", url_args=url_args, params=params, is_json=is_json)
           ^^^^^^^^^^^^^^^^^^^^^^^^^^^^^^^^^^^^^^^^^^^^^^^^^^^^^^^^^^^^^^^^^^^^^^^^^^^^^^
  File "/opt/anaconda3/lib/python3.12/site-packages/kiteconnect/connect.py", line 937, in _request
    raise exp(data["message"], code=r.status_code)
kiteconnect.exceptions.TokenException: Incorrect `api_key` or `access_token`.
2025-11-17 01:36:36 | DEBUG    | Executing BUY legs: 2 orders
2025-11-17 01:36:36 | ERROR    | Failed to place order: BANKNIFTY51300CE | error=Incorrect `api_key` or `access_token`.
Traceback (most recent call last):
  File "/Users/rohan/Downloads/Vridhi_Capital_Trading_System/src/trading_system/oms/order_manager.py", line 743, in _place_market_order
    order_id=fake_id,
           ^^^^^^^^^^
  File "/opt/anaconda3/lib/python3.12/site-packages/kiteconnect/connect.py", line 361, in place_order
    return self._post("order.place",
           ^^^^^^^^^^^^^^^^^^^^^^^^^
  File "/opt/anaconda3/lib/python3.12/site-packages/kiteconnect/connect.py", line 865, in _post
    return self._request(route, "POST", url_args=url_args, params=params, is_json=is_json, query_params=query_params)
           ^^^^^^^^^^^^^^^^^^^^^^^^^^^^^^^^^^^^^^^^^^^^^^^^^^^^^^^^^^^^^^^^^^^^^^^^^^^^^^^^^^^^^^^^^^^^^^^^^^^^^^^^^^
  File "/opt/anaconda3/lib/python3.12/site-packages/kiteconnect/connect.py", line 937, in _request
    raise exp(data["message"], code=r.status_code)
kiteconnect.exceptions.TokenException: Incorrect `api_key` or `access_token`.
2025-11-17 01:36:36 | ERROR    | Failed to place order for BANKNIFTY51300CE
2025-11-17 01:36:36 | WARNING  | BUY legs failed for lot_size=4
2025-11-17 01:36:36 | ERROR    | Error exiting partial positions: Incorrect `api_key` or `access_token`.
Traceback (most recent call last):
  File "/Users/rohan/Downloads/Vridhi_Capital_Trading_System/src/trading_system/oms/order_manager.py", line 822, in _exit_partial_positions
    return 0, 0.0
                  
  File "/opt/anaconda3/lib/python3.12/site-packages/kiteconnect/connect.py", line 445, in positions
    return self._get("portfolio.positions")
           ^^^^^^^^^^^^^^^^^^^^^^^^^^^^^^^^
  File "/opt/anaconda3/lib/python3.12/site-packages/kiteconnect/connect.py", line 861, in _get
    return self._request(route, "GET", url_args=url_args, params=params, is_json=is_json)
           ^^^^^^^^^^^^^^^^^^^^^^^^^^^^^^^^^^^^^^^^^^^^^^^^^^^^^^^^^^^^^^^^^^^^^^^^^^^^^^
  File "/opt/anaconda3/lib/python3.12/site-packages/kiteconnect/connect.py", line 937, in _request
    raise exp(data["message"], code=r.status_code)
kiteconnect.exceptions.TokenException: Incorrect `api_key` or `access_token`.
2025-11-17 01:36:36 | DEBUG    | Executing BUY legs: 2 orders
2025-11-17 01:36:36 | ERROR    | Failed to place order: BANKNIFTY51300CE | error=Incorrect `api_key` or `access_token`.
Traceback (most recent call last):
  File "/Users/rohan/Downloads/Vridhi_Capital_Trading_System/src/trading_system/oms/order_manager.py", line 743, in _place_market_order
    order_id=fake_id,
           ^^^^^^^^^^
  File "/opt/anaconda3/lib/python3.12/site-packages/kiteconnect/connect.py", line 361, in place_order
    return self._post("order.place",
           ^^^^^^^^^^^^^^^^^^^^^^^^^
  File "/opt/anaconda3/lib/python3.12/site-packages/kiteconnect/connect.py", line 865, in _post
    return self._request(route, "POST", url_args=url_args, params=params, is_json=is_json, query_params=query_params)
           ^^^^^^^^^^^^^^^^^^^^^^^^^^^^^^^^^^^^^^^^^^^^^^^^^^^^^^^^^^^^^^^^^^^^^^^^^^^^^^^^^^^^^^^^^^^^^^^^^^^^^^^^^^
  File "/opt/anaconda3/lib/python3.12/site-packages/kiteconnect/connect.py", line 937, in _request
    raise exp(data["message"], code=r.status_code)
kiteconnect.exceptions.TokenException: Incorrect `api_key` or `access_token`.
2025-11-17 01:36:36 | ERROR    | Failed to place order for BANKNIFTY51300CE
2025-11-17 01:36:36 | WARNING  | BUY legs failed for lot_size=2
2025-11-17 01:36:37 | ERROR    | Error exiting partial positions: Incorrect `api_key` or `access_token`.
Traceback (most recent call last):
  File "/Users/rohan/Downloads/Vridhi_Capital_Trading_System/src/trading_system/oms/order_manager.py", line 822, in _exit_partial_positions
    return 0, 0.0
                  
  File "/opt/anaconda3/lib/python3.12/site-packages/kiteconnect/connect.py", line 445, in positions
    return self._get("portfolio.positions")
           ^^^^^^^^^^^^^^^^^^^^^^^^^^^^^^^^
  File "/opt/anaconda3/lib/python3.12/site-packages/kiteconnect/connect.py", line 861, in _get
    return self._request(route, "GET", url_args=url_args, params=params, is_json=is_json)
           ^^^^^^^^^^^^^^^^^^^^^^^^^^^^^^^^^^^^^^^^^^^^^^^^^^^^^^^^^^^^^^^^^^^^^^^^^^^^^^
  File "/opt/anaconda3/lib/python3.12/site-packages/kiteconnect/connect.py", line 937, in _request
    raise exp(data["message"], code=r.status_code)
kiteconnect.exceptions.TokenException: Incorrect `api_key` or `access_token`.
2025-11-17 01:36:37 | DEBUG    | Executing BUY legs: 2 orders
2025-11-17 01:36:37 | ERROR    | Failed to place order: BANKNIFTY51300CE | error=Incorrect `api_key` or `access_token`.
Traceback (most recent call last):
  File "/Users/rohan/Downloads/Vridhi_Capital_Trading_System/src/trading_system/oms/order_manager.py", line 743, in _place_market_order
    order_id=fake_id,
           ^^^^^^^^^^
  File "/opt/anaconda3/lib/python3.12/site-packages/kiteconnect/connect.py", line 361, in place_order
    return self._post("order.place",
           ^^^^^^^^^^^^^^^^^^^^^^^^^
  File "/opt/anaconda3/lib/python3.12/site-packages/kiteconnect/connect.py", line 865, in _post
    return self._request(route, "POST", url_args=url_args, params=params, is_json=is_json, query_params=query_params)
           ^^^^^^^^^^^^^^^^^^^^^^^^^^^^^^^^^^^^^^^^^^^^^^^^^^^^^^^^^^^^^^^^^^^^^^^^^^^^^^^^^^^^^^^^^^^^^^^^^^^^^^^^^^
  File "/opt/anaconda3/lib/python3.12/site-packages/kiteconnect/connect.py", line 937, in _request
    raise exp(data["message"], code=r.status_code)
kiteconnect.exceptions.TokenException: Incorrect `api_key` or `access_token`.
2025-11-17 01:36:37 | ERROR    | Failed to place order for BANKNIFTY51300CE
2025-11-17 01:36:37 | WARNING  | BUY legs failed for lot_size=1
2025-11-17 01:36:37 | ERROR    | Error exiting partial positions: Incorrect `api_key` or `access_token`.
Traceback (most recent call last):
  File "/Users/rohan/Downloads/Vridhi_Capital_Trading_System/src/trading_system/oms/order_manager.py", line 822, in _exit_partial_positions
    return 0, 0.0
                  
  File "/opt/anaconda3/lib/python3.12/site-packages/kiteconnect/connect.py", line 445, in positions
    return self._get("portfolio.positions")
           ^^^^^^^^^^^^^^^^^^^^^^^^^^^^^^^^
  File "/opt/anaconda3/lib/python3.12/site-packages/kiteconnect/connect.py", line 861, in _get
    return self._request(route, "GET", url_args=url_args, params=params, is_json=is_json)
           ^^^^^^^^^^^^^^^^^^^^^^^^^^^^^^^^^^^^^^^^^^^^^^^^^^^^^^^^^^^^^^^^^^^^^^^^^^^^^^
  File "/opt/anaconda3/lib/python3.12/site-packages/kiteconnect/connect.py", line 937, in _request
    raise exp(data["message"], code=r.status_code)
kiteconnect.exceptions.TokenException: Incorrect `api_key` or `access_token`.
2025-11-17 01:38:37 | DEBUG    | ATM strike calculated: 51300 from futures price: 51283.45
2025-11-17 01:38:37 | INFO     | 🔵 LONG Entry initiated | futures_price=51283.45 | atm_strike=51300 | hedge_strike=49300 | lot_size=8
2025-11-17 01:38:37 | DEBUG    | Executing BUY legs: 2 orders
2025-11-17 01:38:37 | ERROR    | Failed to place order: BANKNIFTY51300CE | error=Incorrect `api_key` or `access_token`.
Traceback (most recent call last):
  File "/Users/rohan/Downloads/Vridhi_Capital_Trading_System/src/trading_system/oms/order_manager.py", line 743, in _place_market_order
    order_id=fake_id,
           ^^^^^^^^^^
  File "/opt/anaconda3/lib/python3.12/site-packages/kiteconnect/connect.py", line 361, in place_order
    return self._post("order.place",
           ^^^^^^^^^^^^^^^^^^^^^^^^^
  File "/opt/anaconda3/lib/python3.12/site-packages/kiteconnect/connect.py", line 865, in _post
    return self._request(route, "POST", url_args=url_args, params=params, is_json=is_json, query_params=query_params)
           ^^^^^^^^^^^^^^^^^^^^^^^^^^^^^^^^^^^^^^^^^^^^^^^^^^^^^^^^^^^^^^^^^^^^^^^^^^^^^^^^^^^^^^^^^^^^^^^^^^^^^^^^^^
  File "/opt/anaconda3/lib/python3.12/site-packages/kiteconnect/connect.py", line 937, in _request
    raise exp(data["message"], code=r.status_code)
kiteconnect.exceptions.TokenException: Incorrect `api_key` or `access_token`.
2025-11-17 01:38:37 | ERROR    | Failed to place order for BANKNIFTY51300CE
2025-11-17 01:38:37 | WARNING  | BUY legs failed for lot_size=8
2025-11-17 01:38:38 | ERROR    | Error exiting partial positions: Incorrect `api_key` or `access_token`.
Traceback (most recent call last):
  File "/Users/rohan/Downloads/Vridhi_Capital_Trading_System/src/trading_system/oms/order_manager.py", line 822, in _exit_partial_positions
    return 0, 0.0
                  
  File "/opt/anaconda3/lib/python3.12/site-packages/kiteconnect/connect.py", line 445, in positions
    return self._get("portfolio.positions")
           ^^^^^^^^^^^^^^^^^^^^^^^^^^^^^^^^
  File "/opt/anaconda3/lib/python3.12/site-packages/kiteconnect/connect.py", line 861, in _get
    return self._request(route, "GET", url_args=url_args, params=params, is_json=is_json)
           ^^^^^^^^^^^^^^^^^^^^^^^^^^^^^^^^^^^^^^^^^^^^^^^^^^^^^^^^^^^^^^^^^^^^^^^^^^^^^^
  File "/opt/anaconda3/lib/python3.12/site-packages/kiteconnect/connect.py", line 937, in _request
    raise exp(data["message"], code=r.status_code)
kiteconnect.exceptions.TokenException: Incorrect `api_key` or `access_token`.
2025-11-17 01:38:38 | DEBUG    | Executing BUY legs: 2 orders
2025-11-17 01:38:38 | ERROR    | Failed to place order: BANKNIFTY51300CE | error=Incorrect `api_key` or `access_token`.
Traceback (most recent call last):
  File "/Users/rohan/Downloads/Vridhi_Capital_Trading_System/src/trading_system/oms/order_manager.py", line 743, in _place_market_order
    order_id=fake_id,
           ^^^^^^^^^^
  File "/opt/anaconda3/lib/python3.12/site-packages/kiteconnect/connect.py", line 361, in place_order
    return self._post("order.place",
           ^^^^^^^^^^^^^^^^^^^^^^^^^
  File "/opt/anaconda3/lib/python3.12/site-packages/kiteconnect/connect.py", line 865, in _post
    return self._request(route, "POST", url_args=url_args, params=params, is_json=is_json, query_params=query_params)
           ^^^^^^^^^^^^^^^^^^^^^^^^^^^^^^^^^^^^^^^^^^^^^^^^^^^^^^^^^^^^^^^^^^^^^^^^^^^^^^^^^^^^^^^^^^^^^^^^^^^^^^^^^^
  File "/opt/anaconda3/lib/python3.12/site-packages/kiteconnect/connect.py", line 937, in _request
    raise exp(data["message"], code=r.status_code)
kiteconnect.exceptions.TokenException: Incorrect `api_key` or `access_token`.
2025-11-17 01:38:38 | ERROR    | Failed to place order for BANKNIFTY51300CE
2025-11-17 01:38:38 | WARNING  | BUY legs failed for lot_size=4
2025-11-17 01:38:38 | ERROR    | Error exiting partial positions: Incorrect `api_key` or `access_token`.
Traceback (most recent call last):
  File "/Users/rohan/Downloads/Vridhi_Capital_Trading_System/src/trading_system/oms/order_manager.py", line 822, in _exit_partial_positions
    return 0, 0.0
                  
  File "/opt/anaconda3/lib/python3.12/site-packages/kiteconnect/connect.py", line 445, in positions
    return self._get("portfolio.positions")
           ^^^^^^^^^^^^^^^^^^^^^^^^^^^^^^^^
  File "/opt/anaconda3/lib/python3.12/site-packages/kiteconnect/connect.py", line 861, in _get
    return self._request(route, "GET", url_args=url_args, params=params, is_json=is_json)
           ^^^^^^^^^^^^^^^^^^^^^^^^^^^^^^^^^^^^^^^^^^^^^^^^^^^^^^^^^^^^^^^^^^^^^^^^^^^^^^
  File "/opt/anaconda3/lib/python3.12/site-packages/kiteconnect/connect.py", line 937, in _request
    raise exp(data["message"], code=r.status_code)
kiteconnect.exceptions.TokenException: Incorrect `api_key` or `access_token`.
2025-11-17 01:38:38 | DEBUG    | Executing BUY legs: 2 orders
2025-11-17 01:38:38 | ERROR    | Failed to place order: BANKNIFTY51300CE | error=Incorrect `api_key` or `access_token`.
Traceback (most recent call last):
  File "/Users/rohan/Downloads/Vridhi_Capital_Trading_System/src/trading_system/oms/order_manager.py", line 743, in _place_market_order
    order_id=fake_id,
           ^^^^^^^^^^
  File "/opt/anaconda3/lib/python3.12/site-packages/kiteconnect/connect.py", line 361, in place_order
    return self._post("order.place",
           ^^^^^^^^^^^^^^^^^^^^^^^^^
  File "/opt/anaconda3/lib/python3.12/site-packages/kiteconnect/connect.py", line 865, in _post
    return self._request(route, "POST", url_args=url_args, params=params, is_json=is_json, query_params=query_params)
           ^^^^^^^^^^^^^^^^^^^^^^^^^^^^^^^^^^^^^^^^^^^^^^^^^^^^^^^^^^^^^^^^^^^^^^^^^^^^^^^^^^^^^^^^^^^^^^^^^^^^^^^^^^
  File "/opt/anaconda3/lib/python3.12/site-packages/kiteconnect/connect.py", line 937, in _request
    raise exp(data["message"], code=r.status_code)
kiteconnect.exceptions.TokenException: Incorrect `api_key` or `access_token`.
2025-11-17 01:38:38 | ERROR    | Failed to place order for BANKNIFTY51300CE
2025-11-17 01:38:38 | WARNING  | BUY legs failed for lot_size=2
2025-11-17 01:38:38 | ERROR    | Error exiting partial positions: Incorrect `api_key` or `access_token`.
Traceback (most recent call last):
  File "/Users/rohan/Downloads/Vridhi_Capital_Trading_System/src/trading_system/oms/order_manager.py", line 822, in _exit_partial_positions
    return 0, 0.0
                  
  File "/opt/anaconda3/lib/python3.12/site-packages/kiteconnect/connect.py", line 445, in positions
    return self._get("portfolio.positions")
           ^^^^^^^^^^^^^^^^^^^^^^^^^^^^^^^^
  File "/opt/anaconda3/lib/python3.12/site-packages/kiteconnect/connect.py", line 861, in _get
    return self._request(route, "GET", url_args=url_args, params=params, is_json=is_json)
           ^^^^^^^^^^^^^^^^^^^^^^^^^^^^^^^^^^^^^^^^^^^^^^^^^^^^^^^^^^^^^^^^^^^^^^^^^^^^^^
  File "/opt/anaconda3/lib/python3.12/site-packages/kiteconnect/connect.py", line 937, in _request
    raise exp(data["message"], code=r.status_code)
kiteconnect.exceptions.TokenException: Incorrect `api_key` or `access_token`.
2025-11-17 01:38:38 | DEBUG    | Executing BUY legs: 2 orders
2025-11-17 01:38:38 | ERROR    | Failed to place order: BANKNIFTY51300CE | error=Incorrect `api_key` or `access_token`.
Traceback (most recent call last):
  File "/Users/rohan/Downloads/Vridhi_Capital_Trading_System/src/trading_system/oms/order_manager.py", line 743, in _place_market_order
    order_id=fake_id,
           ^^^^^^^^^^
  File "/opt/anaconda3/lib/python3.12/site-packages/kiteconnect/connect.py", line 361, in place_order
    return self._post("order.place",
           ^^^^^^^^^^^^^^^^^^^^^^^^^
  File "/opt/anaconda3/lib/python3.12/site-packages/kiteconnect/connect.py", line 865, in _post
    return self._request(route, "POST", url_args=url_args, params=params, is_json=is_json, query_params=query_params)
           ^^^^^^^^^^^^^^^^^^^^^^^^^^^^^^^^^^^^^^^^^^^^^^^^^^^^^^^^^^^^^^^^^^^^^^^^^^^^^^^^^^^^^^^^^^^^^^^^^^^^^^^^^^
  File "/opt/anaconda3/lib/python3.12/site-packages/kiteconnect/connect.py", line 937, in _request
    raise exp(data["message"], code=r.status_code)
kiteconnect.exceptions.TokenException: Incorrect `api_key` or `access_token`.
2025-11-17 01:38:38 | ERROR    | Failed to place order for BANKNIFTY51300CE
2025-11-17 01:38:38 | WARNING  | BUY legs failed for lot_size=1
2025-11-17 01:38:38 | ERROR    | Error exiting partial positions: Incorrect `api_key` or `access_token`.
Traceback (most recent call last):
  File "/Users/rohan/Downloads/Vridhi_Capital_Trading_System/src/trading_system/oms/order_manager.py", line 822, in _exit_partial_positions
    return 0, 0.0
                  
  File "/opt/anaconda3/lib/python3.12/site-packages/kiteconnect/connect.py", line 445, in positions
    return self._get("portfolio.positions")
           ^^^^^^^^^^^^^^^^^^^^^^^^^^^^^^^^
  File "/opt/anaconda3/lib/python3.12/site-packages/kiteconnect/connect.py", line 861, in _get
    return self._request(route, "GET", url_args=url_args, params=params, is_json=is_json)
           ^^^^^^^^^^^^^^^^^^^^^^^^^^^^^^^^^^^^^^^^^^^^^^^^^^^^^^^^^^^^^^^^^^^^^^^^^^^^^^
  File "/opt/anaconda3/lib/python3.12/site-packages/kiteconnect/connect.py", line 937, in _request
    raise exp(data["message"], code=r.status_code)
kiteconnect.exceptions.TokenException: Incorrect `api_key` or `access_token`.
2025-11-17 01:38:38 | DEBUG    | ATM strike calculated: 51300 from futures price: 51283.45
2025-11-17 01:38:38 | INFO     | 🔵 LONG Entry initiated | futures_price=51283.45 | atm_strike=51300 | hedge_strike=49300 | lot_size=8
2025-11-17 01:38:38 | DEBUG    | Executing BUY legs: 2 orders
2025-11-17 01:38:38 | ERROR    | Failed to place order: BANKNIFTY51300CE | error=Incorrect `api_key` or `access_token`.
Traceback (most recent call last):
  File "/Users/rohan/Downloads/Vridhi_Capital_Trading_System/src/trading_system/oms/order_manager.py", line 743, in _place_market_order
    order_id=fake_id,
           ^^^^^^^^^^
  File "/opt/anaconda3/lib/python3.12/site-packages/kiteconnect/connect.py", line 361, in place_order
    return self._post("order.place",
           ^^^^^^^^^^^^^^^^^^^^^^^^^
  File "/opt/anaconda3/lib/python3.12/site-packages/kiteconnect/connect.py", line 865, in _post
    return self._request(route, "POST", url_args=url_args, params=params, is_json=is_json, query_params=query_params)
           ^^^^^^^^^^^^^^^^^^^^^^^^^^^^^^^^^^^^^^^^^^^^^^^^^^^^^^^^^^^^^^^^^^^^^^^^^^^^^^^^^^^^^^^^^^^^^^^^^^^^^^^^^^
  File "/opt/anaconda3/lib/python3.12/site-packages/kiteconnect/connect.py", line 937, in _request
    raise exp(data["message"], code=r.status_code)
kiteconnect.exceptions.TokenException: Incorrect `api_key` or `access_token`.
2025-11-17 01:38:38 | ERROR    | Failed to place order for BANKNIFTY51300CE
2025-11-17 01:38:38 | WARNING  | BUY legs failed for lot_size=8
2025-11-17 01:38:39 | ERROR    | Error exiting partial positions: Incorrect `api_key` or `access_token`.
Traceback (most recent call last):
  File "/Users/rohan/Downloads/Vridhi_Capital_Trading_System/src/trading_system/oms/order_manager.py", line 822, in _exit_partial_positions
    return 0, 0.0
                  
  File "/opt/anaconda3/lib/python3.12/site-packages/kiteconnect/connect.py", line 445, in positions
    return self._get("portfolio.positions")
           ^^^^^^^^^^^^^^^^^^^^^^^^^^^^^^^^
  File "/opt/anaconda3/lib/python3.12/site-packages/kiteconnect/connect.py", line 861, in _get
    return self._request(route, "GET", url_args=url_args, params=params, is_json=is_json)
           ^^^^^^^^^^^^^^^^^^^^^^^^^^^^^^^^^^^^^^^^^^^^^^^^^^^^^^^^^^^^^^^^^^^^^^^^^^^^^^
  File "/opt/anaconda3/lib/python3.12/site-packages/kiteconnect/connect.py", line 937, in _request
    raise exp(data["message"], code=r.status_code)
kiteconnect.exceptions.TokenException: Incorrect `api_key` or `access_token`.
2025-11-17 01:38:39 | DEBUG    | Executing BUY legs: 2 orders
2025-11-17 01:38:39 | ERROR    | Failed to place order: BANKNIFTY51300CE | error=Incorrect `api_key` or `access_token`.
Traceback (most recent call last):
  File "/Users/rohan/Downloads/Vridhi_Capital_Trading_System/src/trading_system/oms/order_manager.py", line 743, in _place_market_order
    order_id=fake_id,
           ^^^^^^^^^^
  File "/opt/anaconda3/lib/python3.12/site-packages/kiteconnect/connect.py", line 361, in place_order
    return self._post("order.place",
           ^^^^^^^^^^^^^^^^^^^^^^^^^
  File "/opt/anaconda3/lib/python3.12/site-packages/kiteconnect/connect.py", line 865, in _post
    return self._request(route, "POST", url_args=url_args, params=params, is_json=is_json, query_params=query_params)
           ^^^^^^^^^^^^^^^^^^^^^^^^^^^^^^^^^^^^^^^^^^^^^^^^^^^^^^^^^^^^^^^^^^^^^^^^^^^^^^^^^^^^^^^^^^^^^^^^^^^^^^^^^^
  File "/opt/anaconda3/lib/python3.12/site-packages/kiteconnect/connect.py", line 937, in _request
    raise exp(data["message"], code=r.status_code)
kiteconnect.exceptions.TokenException: Incorrect `api_key` or `access_token`.
2025-11-17 01:38:39 | ERROR    | Failed to place order for BANKNIFTY51300CE
2025-11-17 01:38:39 | WARNING  | BUY legs failed for lot_size=4
2025-11-17 01:38:39 | ERROR    | Error exiting partial positions: Incorrect `api_key` or `access_token`.
Traceback (most recent call last):
  File "/Users/rohan/Downloads/Vridhi_Capital_Trading_System/src/trading_system/oms/order_manager.py", line 822, in _exit_partial_positions
    return 0, 0.0
                  
  File "/opt/anaconda3/lib/python3.12/site-packages/kiteconnect/connect.py", line 445, in positions
    return self._get("portfolio.positions")
           ^^^^^^^^^^^^^^^^^^^^^^^^^^^^^^^^
  File "/opt/anaconda3/lib/python3.12/site-packages/kiteconnect/connect.py", line 861, in _get
    return self._request(route, "GET", url_args=url_args, params=params, is_json=is_json)
           ^^^^^^^^^^^^^^^^^^^^^^^^^^^^^^^^^^^^^^^^^^^^^^^^^^^^^^^^^^^^^^^^^^^^^^^^^^^^^^
  File "/opt/anaconda3/lib/python3.12/site-packages/kiteconnect/connect.py", line 937, in _request
    raise exp(data["message"], code=r.status_code)
kiteconnect.exceptions.TokenException: Incorrect `api_key` or `access_token`.
2025-11-17 01:38:39 | DEBUG    | Executing BUY legs: 2 orders
2025-11-17 01:38:39 | ERROR    | Failed to place order: BANKNIFTY51300CE | error=Incorrect `api_key` or `access_token`.
Traceback (most recent call last):
  File "/Users/rohan/Downloads/Vridhi_Capital_Trading_System/src/trading_system/oms/order_manager.py", line 743, in _place_market_order
    order_id=fake_id,
           ^^^^^^^^^^
  File "/opt/anaconda3/lib/python3.12/site-packages/kiteconnect/connect.py", line 361, in place_order
    return self._post("order.place",
           ^^^^^^^^^^^^^^^^^^^^^^^^^
  File "/opt/anaconda3/lib/python3.12/site-packages/kiteconnect/connect.py", line 865, in _post
    return self._request(route, "POST", url_args=url_args, params=params, is_json=is_json, query_params=query_params)
           ^^^^^^^^^^^^^^^^^^^^^^^^^^^^^^^^^^^^^^^^^^^^^^^^^^^^^^^^^^^^^^^^^^^^^^^^^^^^^^^^^^^^^^^^^^^^^^^^^^^^^^^^^^
  File "/opt/anaconda3/lib/python3.12/site-packages/kiteconnect/connect.py", line 937, in _request
    raise exp(data["message"], code=r.status_code)
kiteconnect.exceptions.TokenException: Incorrect `api_key` or `access_token`.
2025-11-17 01:38:39 | ERROR    | Failed to place order for BANKNIFTY51300CE
2025-11-17 01:38:39 | WARNING  | BUY legs failed for lot_size=2
2025-11-17 01:38:39 | ERROR    | Error exiting partial positions: Incorrect `api_key` or `access_token`.
Traceback (most recent call last):
  File "/Users/rohan/Downloads/Vridhi_Capital_Trading_System/src/trading_system/oms/order_manager.py", line 822, in _exit_partial_positions
    return 0, 0.0
                  
  File "/opt/anaconda3/lib/python3.12/site-packages/kiteconnect/connect.py", line 445, in positions
    return self._get("portfolio.positions")
           ^^^^^^^^^^^^^^^^^^^^^^^^^^^^^^^^
  File "/opt/anaconda3/lib/python3.12/site-packages/kiteconnect/connect.py", line 861, in _get
    return self._request(route, "GET", url_args=url_args, params=params, is_json=is_json)
           ^^^^^^^^^^^^^^^^^^^^^^^^^^^^^^^^^^^^^^^^^^^^^^^^^^^^^^^^^^^^^^^^^^^^^^^^^^^^^^
  File "/opt/anaconda3/lib/python3.12/site-packages/kiteconnect/connect.py", line 937, in _request
    raise exp(data["message"], code=r.status_code)
kiteconnect.exceptions.TokenException: Incorrect `api_key` or `access_token`.
2025-11-17 01:38:39 | DEBUG    | Executing BUY legs: 2 orders
2025-11-17 01:38:39 | ERROR    | Failed to place order: BANKNIFTY51300CE | error=Incorrect `api_key` or `access_token`.
Traceback (most recent call last):
  File "/Users/rohan/Downloads/Vridhi_Capital_Trading_System/src/trading_system/oms/order_manager.py", line 743, in _place_market_order
    order_id=fake_id,
           ^^^^^^^^^^
  File "/opt/anaconda3/lib/python3.12/site-packages/kiteconnect/connect.py", line 361, in place_order
    return self._post("order.place",
           ^^^^^^^^^^^^^^^^^^^^^^^^^
  File "/opt/anaconda3/lib/python3.12/site-packages/kiteconnect/connect.py", line 865, in _post
    return self._request(route, "POST", url_args=url_args, params=params, is_json=is_json, query_params=query_params)
           ^^^^^^^^^^^^^^^^^^^^^^^^^^^^^^^^^^^^^^^^^^^^^^^^^^^^^^^^^^^^^^^^^^^^^^^^^^^^^^^^^^^^^^^^^^^^^^^^^^^^^^^^^^
  File "/opt/anaconda3/lib/python3.12/site-packages/kiteconnect/connect.py", line 937, in _request
    raise exp(data["message"], code=r.status_code)
kiteconnect.exceptions.TokenException: Incorrect `api_key` or `access_token`.
2025-11-17 01:38:39 | ERROR    | Failed to place order for BANKNIFTY51300CE
2025-11-17 01:38:39 | WARNING  | BUY legs failed for lot_size=1
2025-11-17 01:38:39 | ERROR    | Error exiting partial positions: Incorrect `api_key` or `access_token`.
Traceback (most recent call last):
  File "/Users/rohan/Downloads/Vridhi_Capital_Trading_System/src/trading_system/oms/order_manager.py", line 822, in _exit_partial_positions
    return 0, 0.0
                  
  File "/opt/anaconda3/lib/python3.12/site-packages/kiteconnect/connect.py", line 445, in positions
    return self._get("portfolio.positions")
           ^^^^^^^^^^^^^^^^^^^^^^^^^^^^^^^^
  File "/opt/anaconda3/lib/python3.12/site-packages/kiteconnect/connect.py", line 861, in _get
    return self._request(route, "GET", url_args=url_args, params=params, is_json=is_json)
           ^^^^^^^^^^^^^^^^^^^^^^^^^^^^^^^^^^^^^^^^^^^^^^^^^^^^^^^^^^^^^^^^^^^^^^^^^^^^^^
  File "/opt/anaconda3/lib/python3.12/site-packages/kiteconnect/connect.py", line 937, in _request
    raise exp(data["message"], code=r.status_code)
kiteconnect.exceptions.TokenException: Incorrect `api_key` or `access_token`.
2025-11-17 01:40:39 | DEBUG    | ATM strike calculated: 51300 from futures price: 51330.2
2025-11-17 01:40:39 | INFO     | 🔵 LONG Entry initiated | futures_price=51330.2 | atm_strike=51300 | hedge_strike=49300 | lot_size=8
2025-11-17 01:40:39 | DEBUG    | Executing BUY legs: 2 orders
2025-11-17 01:40:40 | ERROR    | Failed to place order: BANKNIFTY51300CE | error=Incorrect `api_key` or `access_token`.
Traceback (most recent call last):
  File "/Users/rohan/Downloads/Vridhi_Capital_Trading_System/src/trading_system/oms/order_manager.py", line 743, in _place_market_order
    order_id=fake_id,
           ^^^^^^^^^^
  File "/opt/anaconda3/lib/python3.12/site-packages/kiteconnect/connect.py", line 361, in place_order
    return self._post("order.place",
           ^^^^^^^^^^^^^^^^^^^^^^^^^
  File "/opt/anaconda3/lib/python3.12/site-packages/kiteconnect/connect.py", line 865, in _post
    return self._request(route, "POST", url_args=url_args, params=params, is_json=is_json, query_params=query_params)
           ^^^^^^^^^^^^^^^^^^^^^^^^^^^^^^^^^^^^^^^^^^^^^^^^^^^^^^^^^^^^^^^^^^^^^^^^^^^^^^^^^^^^^^^^^^^^^^^^^^^^^^^^^^
  File "/opt/anaconda3/lib/python3.12/site-packages/kiteconnect/connect.py", line 937, in _request
    raise exp(data["message"], code=r.status_code)
kiteconnect.exceptions.TokenException: Incorrect `api_key` or `access_token`.
2025-11-17 01:40:40 | ERROR    | Failed to place order for BANKNIFTY51300CE
2025-11-17 01:40:40 | WARNING  | BUY legs failed for lot_size=8
2025-11-17 01:40:40 | ERROR    | Error exiting partial positions: Incorrect `api_key` or `access_token`.
Traceback (most recent call last):
  File "/Users/rohan/Downloads/Vridhi_Capital_Trading_System/src/trading_system/oms/order_manager.py", line 822, in _exit_partial_positions
    return 0, 0.0
                  
  File "/opt/anaconda3/lib/python3.12/site-packages/kiteconnect/connect.py", line 445, in positions
    return self._get("portfolio.positions")
           ^^^^^^^^^^^^^^^^^^^^^^^^^^^^^^^^
  File "/opt/anaconda3/lib/python3.12/site-packages/kiteconnect/connect.py", line 861, in _get
    return self._request(route, "GET", url_args=url_args, params=params, is_json=is_json)
           ^^^^^^^^^^^^^^^^^^^^^^^^^^^^^^^^^^^^^^^^^^^^^^^^^^^^^^^^^^^^^^^^^^^^^^^^^^^^^^
  File "/opt/anaconda3/lib/python3.12/site-packages/kiteconnect/connect.py", line 937, in _request
    raise exp(data["message"], code=r.status_code)
kiteconnect.exceptions.TokenException: Incorrect `api_key` or `access_token`.
2025-11-17 01:40:40 | DEBUG    | Executing BUY legs: 2 orders
2025-11-17 01:40:40 | ERROR    | Failed to place order: BANKNIFTY51300CE | error=Incorrect `api_key` or `access_token`.
Traceback (most recent call last):
  File "/Users/rohan/Downloads/Vridhi_Capital_Trading_System/src/trading_system/oms/order_manager.py", line 743, in _place_market_order
    order_id=fake_id,
           ^^^^^^^^^^
  File "/opt/anaconda3/lib/python3.12/site-packages/kiteconnect/connect.py", line 361, in place_order
    return self._post("order.place",
           ^^^^^^^^^^^^^^^^^^^^^^^^^
  File "/opt/anaconda3/lib/python3.12/site-packages/kiteconnect/connect.py", line 865, in _post
    return self._request(route, "POST", url_args=url_args, params=params, is_json=is_json, query_params=query_params)
           ^^^^^^^^^^^^^^^^^^^^^^^^^^^^^^^^^^^^^^^^^^^^^^^^^^^^^^^^^^^^^^^^^^^^^^^^^^^^^^^^^^^^^^^^^^^^^^^^^^^^^^^^^^
  File "/opt/anaconda3/lib/python3.12/site-packages/kiteconnect/connect.py", line 937, in _request
    raise exp(data["message"], code=r.status_code)
kiteconnect.exceptions.TokenException: Incorrect `api_key` or `access_token`.
2025-11-17 01:40:40 | ERROR    | Failed to place order for BANKNIFTY51300CE
2025-11-17 01:40:40 | WARNING  | BUY legs failed for lot_size=4
2025-11-17 01:40:41 | ERROR    | Error exiting partial positions: Incorrect `api_key` or `access_token`.
Traceback (most recent call last):
  File "/Users/rohan/Downloads/Vridhi_Capital_Trading_System/src/trading_system/oms/order_manager.py", line 822, in _exit_partial_positions
    return 0, 0.0
                  
  File "/opt/anaconda3/lib/python3.12/site-packages/kiteconnect/connect.py", line 445, in positions
    return self._get("portfolio.positions")
           ^^^^^^^^^^^^^^^^^^^^^^^^^^^^^^^^
  File "/opt/anaconda3/lib/python3.12/site-packages/kiteconnect/connect.py", line 861, in _get
    return self._request(route, "GET", url_args=url_args, params=params, is_json=is_json)
           ^^^^^^^^^^^^^^^^^^^^^^^^^^^^^^^^^^^^^^^^^^^^^^^^^^^^^^^^^^^^^^^^^^^^^^^^^^^^^^
  File "/opt/anaconda3/lib/python3.12/site-packages/kiteconnect/connect.py", line 937, in _request
    raise exp(data["message"], code=r.status_code)
kiteconnect.exceptions.TokenException: Incorrect `api_key` or `access_token`.
2025-11-17 01:40:41 | DEBUG    | Executing BUY legs: 2 orders
2025-11-17 01:40:41 | ERROR    | Failed to place order: BANKNIFTY51300CE | error=Incorrect `api_key` or `access_token`.
Traceback (most recent call last):
  File "/Users/rohan/Downloads/Vridhi_Capital_Trading_System/src/trading_system/oms/order_manager.py", line 743, in _place_market_order
    order_id=fake_id,
           ^^^^^^^^^^
  File "/opt/anaconda3/lib/python3.12/site-packages/kiteconnect/connect.py", line 361, in place_order
    return self._post("order.place",
           ^^^^^^^^^^^^^^^^^^^^^^^^^
  File "/opt/anaconda3/lib/python3.12/site-packages/kiteconnect/connect.py", line 865, in _post
    return self._request(route, "POST", url_args=url_args, params=params, is_json=is_json, query_params=query_params)
           ^^^^^^^^^^^^^^^^^^^^^^^^^^^^^^^^^^^^^^^^^^^^^^^^^^^^^^^^^^^^^^^^^^^^^^^^^^^^^^^^^^^^^^^^^^^^^^^^^^^^^^^^^^
  File "/opt/anaconda3/lib/python3.12/site-packages/kiteconnect/connect.py", line 937, in _request
    raise exp(data["message"], code=r.status_code)
kiteconnect.exceptions.TokenException: Incorrect `api_key` or `access_token`.
2025-11-17 01:40:41 | ERROR    | Failed to place order for BANKNIFTY51300CE
2025-11-17 01:40:41 | WARNING  | BUY legs failed for lot_size=2
2025-11-17 01:40:41 | ERROR    | Error exiting partial positions: Incorrect `api_key` or `access_token`.
Traceback (most recent call last):
  File "/Users/rohan/Downloads/Vridhi_Capital_Trading_System/src/trading_system/oms/order_manager.py", line 822, in _exit_partial_positions
    return 0, 0.0
                  
  File "/opt/anaconda3/lib/python3.12/site-packages/kiteconnect/connect.py", line 445, in positions
    return self._get("portfolio.positions")
           ^^^^^^^^^^^^^^^^^^^^^^^^^^^^^^^^
  File "/opt/anaconda3/lib/python3.12/site-packages/kiteconnect/connect.py", line 861, in _get
    return self._request(route, "GET", url_args=url_args, params=params, is_json=is_json)
           ^^^^^^^^^^^^^^^^^^^^^^^^^^^^^^^^^^^^^^^^^^^^^^^^^^^^^^^^^^^^^^^^^^^^^^^^^^^^^^
  File "/opt/anaconda3/lib/python3.12/site-packages/kiteconnect/connect.py", line 937, in _request
    raise exp(data["message"], code=r.status_code)
kiteconnect.exceptions.TokenException: Incorrect `api_key` or `access_token`.
2025-11-17 01:40:41 | DEBUG    | Executing BUY legs: 2 orders
2025-11-17 01:40:41 | ERROR    | Failed to place order: BANKNIFTY51300CE | error=Incorrect `api_key` or `access_token`.
Traceback (most recent call last):
  File "/Users/rohan/Downloads/Vridhi_Capital_Trading_System/src/trading_system/oms/order_manager.py", line 743, in _place_market_order
    order_id=fake_id,
           ^^^^^^^^^^
  File "/opt/anaconda3/lib/python3.12/site-packages/kiteconnect/connect.py", line 361, in place_order
    return self._post("order.place",
           ^^^^^^^^^^^^^^^^^^^^^^^^^
  File "/opt/anaconda3/lib/python3.12/site-packages/kiteconnect/connect.py", line 865, in _post
    return self._request(route, "POST", url_args=url_args, params=params, is_json=is_json, query_params=query_params)
           ^^^^^^^^^^^^^^^^^^^^^^^^^^^^^^^^^^^^^^^^^^^^^^^^^^^^^^^^^^^^^^^^^^^^^^^^^^^^^^^^^^^^^^^^^^^^^^^^^^^^^^^^^^
  File "/opt/anaconda3/lib/python3.12/site-packages/kiteconnect/connect.py", line 937, in _request
    raise exp(data["message"], code=r.status_code)
kiteconnect.exceptions.TokenException: Incorrect `api_key` or `access_token`.
2025-11-17 01:40:41 | ERROR    | Failed to place order for BANKNIFTY51300CE
2025-11-17 01:40:41 | WARNING  | BUY legs failed for lot_size=1
2025-11-17 01:40:41 | ERROR    | Error exiting partial positions: Incorrect `api_key` or `access_token`.
Traceback (most recent call last):
  File "/Users/rohan/Downloads/Vridhi_Capital_Trading_System/src/trading_system/oms/order_manager.py", line 822, in _exit_partial_positions
    return 0, 0.0
                  
  File "/opt/anaconda3/lib/python3.12/site-packages/kiteconnect/connect.py", line 445, in positions
    return self._get("portfolio.positions")
           ^^^^^^^^^^^^^^^^^^^^^^^^^^^^^^^^
  File "/opt/anaconda3/lib/python3.12/site-packages/kiteconnect/connect.py", line 861, in _get
    return self._request(route, "GET", url_args=url_args, params=params, is_json=is_json)
           ^^^^^^^^^^^^^^^^^^^^^^^^^^^^^^^^^^^^^^^^^^^^^^^^^^^^^^^^^^^^^^^^^^^^^^^^^^^^^^
  File "/opt/anaconda3/lib/python3.12/site-packages/kiteconnect/connect.py", line 937, in _request
    raise exp(data["message"], code=r.status_code)
kiteconnect.exceptions.TokenException: Incorrect `api_key` or `access_token`.
2025-11-17 01:40:41 | DEBUG    | ATM strike calculated: 51300 from futures price: 51330.2
2025-11-17 01:40:41 | INFO     | 🔵 LONG Entry initiated | futures_price=51330.2 | atm_strike=51300 | hedge_strike=49300 | lot_size=8
2025-11-17 01:40:41 | DEBUG    | Executing BUY legs: 2 orders
2025-11-17 01:40:41 | ERROR    | Failed to place order: BANKNIFTY51300CE | error=Incorrect `api_key` or `access_token`.
Traceback (most recent call last):
  File "/Users/rohan/Downloads/Vridhi_Capital_Trading_System/src/trading_system/oms/order_manager.py", line 743, in _place_market_order
    order_id=fake_id,
           ^^^^^^^^^^
  File "/opt/anaconda3/lib/python3.12/site-packages/kiteconnect/connect.py", line 361, in place_order
    return self._post("order.place",
           ^^^^^^^^^^^^^^^^^^^^^^^^^
  File "/opt/anaconda3/lib/python3.12/site-packages/kiteconnect/connect.py", line 865, in _post
    return self._request(route, "POST", url_args=url_args, params=params, is_json=is_json, query_params=query_params)
           ^^^^^^^^^^^^^^^^^^^^^^^^^^^^^^^^^^^^^^^^^^^^^^^^^^^^^^^^^^^^^^^^^^^^^^^^^^^^^^^^^^^^^^^^^^^^^^^^^^^^^^^^^^
  File "/opt/anaconda3/lib/python3.12/site-packages/kiteconnect/connect.py", line 937, in _request
    raise exp(data["message"], code=r.status_code)
kiteconnect.exceptions.TokenException: Incorrect `api_key` or `access_token`.
2025-11-17 01:40:41 | ERROR    | Failed to place order for BANKNIFTY51300CE
2025-11-17 01:40:41 | WARNING  | BUY legs failed for lot_size=8
2025-11-17 01:40:41 | ERROR    | Error exiting partial positions: Incorrect `api_key` or `access_token`.
Traceback (most recent call last):
  File "/Users/rohan/Downloads/Vridhi_Capital_Trading_System/src/trading_system/oms/order_manager.py", line 822, in _exit_partial_positions
    return 0, 0.0
                  
  File "/opt/anaconda3/lib/python3.12/site-packages/kiteconnect/connect.py", line 445, in positions
    return self._get("portfolio.positions")
           ^^^^^^^^^^^^^^^^^^^^^^^^^^^^^^^^
  File "/opt/anaconda3/lib/python3.12/site-packages/kiteconnect/connect.py", line 861, in _get
    return self._request(route, "GET", url_args=url_args, params=params, is_json=is_json)
           ^^^^^^^^^^^^^^^^^^^^^^^^^^^^^^^^^^^^^^^^^^^^^^^^^^^^^^^^^^^^^^^^^^^^^^^^^^^^^^
  File "/opt/anaconda3/lib/python3.12/site-packages/kiteconnect/connect.py", line 937, in _request
    raise exp(data["message"], code=r.status_code)
kiteconnect.exceptions.TokenException: Incorrect `api_key` or `access_token`.
2025-11-17 01:40:41 | DEBUG    | Executing BUY legs: 2 orders
2025-11-17 01:40:42 | ERROR    | Failed to place order: BANKNIFTY51300CE | error=Incorrect `api_key` or `access_token`.
Traceback (most recent call last):
  File "/Users/rohan/Downloads/Vridhi_Capital_Trading_System/src/trading_system/oms/order_manager.py", line 743, in _place_market_order
    order_id=fake_id,
           ^^^^^^^^^^
  File "/opt/anaconda3/lib/python3.12/site-packages/kiteconnect/connect.py", line 361, in place_order
    return self._post("order.place",
           ^^^^^^^^^^^^^^^^^^^^^^^^^
  File "/opt/anaconda3/lib/python3.12/site-packages/kiteconnect/connect.py", line 865, in _post
    return self._request(route, "POST", url_args=url_args, params=params, is_json=is_json, query_params=query_params)
           ^^^^^^^^^^^^^^^^^^^^^^^^^^^^^^^^^^^^^^^^^^^^^^^^^^^^^^^^^^^^^^^^^^^^^^^^^^^^^^^^^^^^^^^^^^^^^^^^^^^^^^^^^^
  File "/opt/anaconda3/lib/python3.12/site-packages/kiteconnect/connect.py", line 937, in _request
    raise exp(data["message"], code=r.status_code)
kiteconnect.exceptions.TokenException: Incorrect `api_key` or `access_token`.
2025-11-17 01:40:42 | ERROR    | Failed to place order for BANKNIFTY51300CE
2025-11-17 01:40:42 | WARNING  | BUY legs failed for lot_size=4
2025-11-17 01:40:42 | ERROR    | Error exiting partial positions: Incorrect `api_key` or `access_token`.
Traceback (most recent call last):
  File "/Users/rohan/Downloads/Vridhi_Capital_Trading_System/src/trading_system/oms/order_manager.py", line 822, in _exit_partial_positions
    return 0, 0.0
                  
  File "/opt/anaconda3/lib/python3.12/site-packages/kiteconnect/connect.py", line 445, in positions
    return self._get("portfolio.positions")
           ^^^^^^^^^^^^^^^^^^^^^^^^^^^^^^^^
  File "/opt/anaconda3/lib/python3.12/site-packages/kiteconnect/connect.py", line 861, in _get
    return self._request(route, "GET", url_args=url_args, params=params, is_json=is_json)
           ^^^^^^^^^^^^^^^^^^^^^^^^^^^^^^^^^^^^^^^^^^^^^^^^^^^^^^^^^^^^^^^^^^^^^^^^^^^^^^
  File "/opt/anaconda3/lib/python3.12/site-packages/kiteconnect/connect.py", line 937, in _request
    raise exp(data["message"], code=r.status_code)
kiteconnect.exceptions.TokenException: Incorrect `api_key` or `access_token`.
2025-11-17 01:40:42 | DEBUG    | Executing BUY legs: 2 orders
2025-11-17 01:40:42 | ERROR    | Failed to place order: BANKNIFTY51300CE | error=Incorrect `api_key` or `access_token`.
Traceback (most recent call last):
  File "/Users/rohan/Downloads/Vridhi_Capital_Trading_System/src/trading_system/oms/order_manager.py", line 743, in _place_market_order
    order_id=fake_id,
           ^^^^^^^^^^
  File "/opt/anaconda3/lib/python3.12/site-packages/kiteconnect/connect.py", line 361, in place_order
    return self._post("order.place",
           ^^^^^^^^^^^^^^^^^^^^^^^^^
  File "/opt/anaconda3/lib/python3.12/site-packages/kiteconnect/connect.py", line 865, in _post
    return self._request(route, "POST", url_args=url_args, params=params, is_json=is_json, query_params=query_params)
           ^^^^^^^^^^^^^^^^^^^^^^^^^^^^^^^^^^^^^^^^^^^^^^^^^^^^^^^^^^^^^^^^^^^^^^^^^^^^^^^^^^^^^^^^^^^^^^^^^^^^^^^^^^
  File "/opt/anaconda3/lib/python3.12/site-packages/kiteconnect/connect.py", line 937, in _request
    raise exp(data["message"], code=r.status_code)
kiteconnect.exceptions.TokenException: Incorrect `api_key` or `access_token`.
2025-11-17 01:40:42 | ERROR    | Failed to place order for BANKNIFTY51300CE
2025-11-17 01:40:42 | WARNING  | BUY legs failed for lot_size=2
2025-11-17 01:40:42 | ERROR    | Error exiting partial positions: Incorrect `api_key` or `access_token`.
Traceback (most recent call last):
  File "/Users/rohan/Downloads/Vridhi_Capital_Trading_System/src/trading_system/oms/order_manager.py", line 822, in _exit_partial_positions
    return 0, 0.0
                  
  File "/opt/anaconda3/lib/python3.12/site-packages/kiteconnect/connect.py", line 445, in positions
    return self._get("portfolio.positions")
           ^^^^^^^^^^^^^^^^^^^^^^^^^^^^^^^^
  File "/opt/anaconda3/lib/python3.12/site-packages/kiteconnect/connect.py", line 861, in _get
    return self._request(route, "GET", url_args=url_args, params=params, is_json=is_json)
           ^^^^^^^^^^^^^^^^^^^^^^^^^^^^^^^^^^^^^^^^^^^^^^^^^^^^^^^^^^^^^^^^^^^^^^^^^^^^^^
  File "/opt/anaconda3/lib/python3.12/site-packages/kiteconnect/connect.py", line 937, in _request
    raise exp(data["message"], code=r.status_code)
kiteconnect.exceptions.TokenException: Incorrect `api_key` or `access_token`.
2025-11-17 01:40:42 | DEBUG    | Executing BUY legs: 2 orders
2025-11-17 01:40:42 | ERROR    | Failed to place order: BANKNIFTY51300CE | error=Incorrect `api_key` or `access_token`.
Traceback (most recent call last):
  File "/Users/rohan/Downloads/Vridhi_Capital_Trading_System/src/trading_system/oms/order_manager.py", line 743, in _place_market_order
    order_id=fake_id,
           ^^^^^^^^^^
  File "/opt/anaconda3/lib/python3.12/site-packages/kiteconnect/connect.py", line 361, in place_order
    return self._post("order.place",
           ^^^^^^^^^^^^^^^^^^^^^^^^^
  File "/opt/anaconda3/lib/python3.12/site-packages/kiteconnect/connect.py", line 865, in _post
    return self._request(route, "POST", url_args=url_args, params=params, is_json=is_json, query_params=query_params)
           ^^^^^^^^^^^^^^^^^^^^^^^^^^^^^^^^^^^^^^^^^^^^^^^^^^^^^^^^^^^^^^^^^^^^^^^^^^^^^^^^^^^^^^^^^^^^^^^^^^^^^^^^^^
  File "/opt/anaconda3/lib/python3.12/site-packages/kiteconnect/connect.py", line 937, in _request
    raise exp(data["message"], code=r.status_code)
kiteconnect.exceptions.TokenException: Incorrect `api_key` or `access_token`.
2025-11-17 01:40:42 | ERROR    | Failed to place order for BANKNIFTY51300CE
2025-11-17 01:40:42 | WARNING  | BUY legs failed for lot_size=1
2025-11-17 01:40:42 | ERROR    | Error exiting partial positions: Incorrect `api_key` or `access_token`.
Traceback (most recent call last):
  File "/Users/rohan/Downloads/Vridhi_Capital_Trading_System/src/trading_system/oms/order_manager.py", line 822, in _exit_partial_positions
    return 0, 0.0
                  
  File "/opt/anaconda3/lib/python3.12/site-packages/kiteconnect/connect.py", line 445, in positions
    return self._get("portfolio.positions")
           ^^^^^^^^^^^^^^^^^^^^^^^^^^^^^^^^
  File "/opt/anaconda3/lib/python3.12/site-packages/kiteconnect/connect.py", line 861, in _get
    return self._request(route, "GET", url_args=url_args, params=params, is_json=is_json)
           ^^^^^^^^^^^^^^^^^^^^^^^^^^^^^^^^^^^^^^^^^^^^^^^^^^^^^^^^^^^^^^^^^^^^^^^^^^^^^^
  File "/opt/anaconda3/lib/python3.12/site-packages/kiteconnect/connect.py", line 937, in _request
    raise exp(data["message"], code=r.status_code)
kiteconnect.exceptions.TokenException: Incorrect `api_key` or `access_token`.
2025-11-17 01:42:42 | DEBUG    | ATM strike calculated: 51200 from futures price: 51238.4
2025-11-17 01:42:42 | INFO     | 🔴 SHORT Entry initiated | futures_price=51238.4 | atm_strike=51200 | hedge_strike=53200 | lot_size=8
2025-11-17 01:42:42 | DEBUG    | Executing BUY legs: 2 orders
2025-11-17 01:42:43 | ERROR    | Failed to place order: BANKNIFTY51200PE | error=Incorrect `api_key` or `access_token`.
Traceback (most recent call last):
  File "/Users/rohan/Downloads/Vridhi_Capital_Trading_System/src/trading_system/oms/order_manager.py", line 743, in _place_market_order
    order_id=fake_id,
           ^^^^^^^^^^
  File "/opt/anaconda3/lib/python3.12/site-packages/kiteconnect/connect.py", line 361, in place_order
    return self._post("order.place",
           ^^^^^^^^^^^^^^^^^^^^^^^^^
  File "/opt/anaconda3/lib/python3.12/site-packages/kiteconnect/connect.py", line 865, in _post
    return self._request(route, "POST", url_args=url_args, params=params, is_json=is_json, query_params=query_params)
           ^^^^^^^^^^^^^^^^^^^^^^^^^^^^^^^^^^^^^^^^^^^^^^^^^^^^^^^^^^^^^^^^^^^^^^^^^^^^^^^^^^^^^^^^^^^^^^^^^^^^^^^^^^
  File "/opt/anaconda3/lib/python3.12/site-packages/kiteconnect/connect.py", line 937, in _request
    raise exp(data["message"], code=r.status_code)
kiteconnect.exceptions.TokenException: Incorrect `api_key` or `access_token`.
2025-11-17 01:42:43 | ERROR    | Failed to place order for BANKNIFTY51200PE
2025-11-17 01:42:43 | WARNING  | BUY legs failed for lot_size=8
2025-11-17 01:42:43 | ERROR    | Error exiting partial positions: Incorrect `api_key` or `access_token`.
Traceback (most recent call last):
  File "/Users/rohan/Downloads/Vridhi_Capital_Trading_System/src/trading_system/oms/order_manager.py", line 822, in _exit_partial_positions
    return 0, 0.0
                  
  File "/opt/anaconda3/lib/python3.12/site-packages/kiteconnect/connect.py", line 445, in positions
    return self._get("portfolio.positions")
           ^^^^^^^^^^^^^^^^^^^^^^^^^^^^^^^^
  File "/opt/anaconda3/lib/python3.12/site-packages/kiteconnect/connect.py", line 861, in _get
    return self._request(route, "GET", url_args=url_args, params=params, is_json=is_json)
           ^^^^^^^^^^^^^^^^^^^^^^^^^^^^^^^^^^^^^^^^^^^^^^^^^^^^^^^^^^^^^^^^^^^^^^^^^^^^^^
  File "/opt/anaconda3/lib/python3.12/site-packages/kiteconnect/connect.py", line 937, in _request
    raise exp(data["message"], code=r.status_code)
kiteconnect.exceptions.TokenException: Incorrect `api_key` or `access_token`.
2025-11-17 01:42:43 | DEBUG    | Executing BUY legs: 2 orders
2025-11-17 01:42:43 | ERROR    | Failed to place order: BANKNIFTY51200PE | error=Incorrect `api_key` or `access_token`.
Traceback (most recent call last):
  File "/Users/rohan/Downloads/Vridhi_Capital_Trading_System/src/trading_system/oms/order_manager.py", line 743, in _place_market_order
    order_id=fake_id,
           ^^^^^^^^^^
  File "/opt/anaconda3/lib/python3.12/site-packages/kiteconnect/connect.py", line 361, in place_order
    return self._post("order.place",
           ^^^^^^^^^^^^^^^^^^^^^^^^^
  File "/opt/anaconda3/lib/python3.12/site-packages/kiteconnect/connect.py", line 865, in _post
    return self._request(route, "POST", url_args=url_args, params=params, is_json=is_json, query_params=query_params)
           ^^^^^^^^^^^^^^^^^^^^^^^^^^^^^^^^^^^^^^^^^^^^^^^^^^^^^^^^^^^^^^^^^^^^^^^^^^^^^^^^^^^^^^^^^^^^^^^^^^^^^^^^^^
  File "/opt/anaconda3/lib/python3.12/site-packages/kiteconnect/connect.py", line 937, in _request
    raise exp(data["message"], code=r.status_code)
kiteconnect.exceptions.TokenException: Incorrect `api_key` or `access_token`.
2025-11-17 01:42:43 | ERROR    | Failed to place order for BANKNIFTY51200PE
2025-11-17 01:42:43 | WARNING  | BUY legs failed for lot_size=4
2025-11-17 01:42:43 | ERROR    | Error exiting partial positions: Incorrect `api_key` or `access_token`.
Traceback (most recent call last):
  File "/Users/rohan/Downloads/Vridhi_Capital_Trading_System/src/trading_system/oms/order_manager.py", line 822, in _exit_partial_positions
    return 0, 0.0
                  
  File "/opt/anaconda3/lib/python3.12/site-packages/kiteconnect/connect.py", line 445, in positions
    return self._get("portfolio.positions")
           ^^^^^^^^^^^^^^^^^^^^^^^^^^^^^^^^
  File "/opt/anaconda3/lib/python3.12/site-packages/kiteconnect/connect.py", line 861, in _get
    return self._request(route, "GET", url_args=url_args, params=params, is_json=is_json)
           ^^^^^^^^^^^^^^^^^^^^^^^^^^^^^^^^^^^^^^^^^^^^^^^^^^^^^^^^^^^^^^^^^^^^^^^^^^^^^^
  File "/opt/anaconda3/lib/python3.12/site-packages/kiteconnect/connect.py", line 937, in _request
    raise exp(data["message"], code=r.status_code)
kiteconnect.exceptions.TokenException: Incorrect `api_key` or `access_token`.
2025-11-17 01:42:43 | DEBUG    | Executing BUY legs: 2 orders
2025-11-17 01:42:43 | ERROR    | Failed to place order: BANKNIFTY51200PE | error=Incorrect `api_key` or `access_token`.
Traceback (most recent call last):
  File "/Users/rohan/Downloads/Vridhi_Capital_Trading_System/src/trading_system/oms/order_manager.py", line 743, in _place_market_order
    order_id=fake_id,
           ^^^^^^^^^^
  File "/opt/anaconda3/lib/python3.12/site-packages/kiteconnect/connect.py", line 361, in place_order
    return self._post("order.place",
           ^^^^^^^^^^^^^^^^^^^^^^^^^
  File "/opt/anaconda3/lib/python3.12/site-packages/kiteconnect/connect.py", line 865, in _post
    return self._request(route, "POST", url_args=url_args, params=params, is_json=is_json, query_params=query_params)
           ^^^^^^^^^^^^^^^^^^^^^^^^^^^^^^^^^^^^^^^^^^^^^^^^^^^^^^^^^^^^^^^^^^^^^^^^^^^^^^^^^^^^^^^^^^^^^^^^^^^^^^^^^^
  File "/opt/anaconda3/lib/python3.12/site-packages/kiteconnect/connect.py", line 937, in _request
    raise exp(data["message"], code=r.status_code)
kiteconnect.exceptions.TokenException: Incorrect `api_key` or `access_token`.
2025-11-17 01:42:43 | ERROR    | Failed to place order for BANKNIFTY51200PE
2025-11-17 01:42:43 | WARNING  | BUY legs failed for lot_size=2
2025-11-17 01:42:44 | ERROR    | Error exiting partial positions: Incorrect `api_key` or `access_token`.
Traceback (most recent call last):
  File "/Users/rohan/Downloads/Vridhi_Capital_Trading_System/src/trading_system/oms/order_manager.py", line 822, in _exit_partial_positions
    return 0, 0.0
                  
  File "/opt/anaconda3/lib/python3.12/site-packages/kiteconnect/connect.py", line 445, in positions
    return self._get("portfolio.positions")
           ^^^^^^^^^^^^^^^^^^^^^^^^^^^^^^^^
  File "/opt/anaconda3/lib/python3.12/site-packages/kiteconnect/connect.py", line 861, in _get
    return self._request(route, "GET", url_args=url_args, params=params, is_json=is_json)
           ^^^^^^^^^^^^^^^^^^^^^^^^^^^^^^^^^^^^^^^^^^^^^^^^^^^^^^^^^^^^^^^^^^^^^^^^^^^^^^
  File "/opt/anaconda3/lib/python3.12/site-packages/kiteconnect/connect.py", line 937, in _request
    raise exp(data["message"], code=r.status_code)
kiteconnect.exceptions.TokenException: Incorrect `api_key` or `access_token`.
2025-11-17 01:42:44 | DEBUG    | Executing BUY legs: 2 orders
2025-11-17 01:42:44 | ERROR    | Failed to place order: BANKNIFTY51200PE | error=Incorrect `api_key` or `access_token`.
Traceback (most recent call last):
  File "/Users/rohan/Downloads/Vridhi_Capital_Trading_System/src/trading_system/oms/order_manager.py", line 743, in _place_market_order
    order_id=fake_id,
           ^^^^^^^^^^
  File "/opt/anaconda3/lib/python3.12/site-packages/kiteconnect/connect.py", line 361, in place_order
    return self._post("order.place",
           ^^^^^^^^^^^^^^^^^^^^^^^^^
  File "/opt/anaconda3/lib/python3.12/site-packages/kiteconnect/connect.py", line 865, in _post
    return self._request(route, "POST", url_args=url_args, params=params, is_json=is_json, query_params=query_params)
           ^^^^^^^^^^^^^^^^^^^^^^^^^^^^^^^^^^^^^^^^^^^^^^^^^^^^^^^^^^^^^^^^^^^^^^^^^^^^^^^^^^^^^^^^^^^^^^^^^^^^^^^^^^
  File "/opt/anaconda3/lib/python3.12/site-packages/kiteconnect/connect.py", line 937, in _request
    raise exp(data["message"], code=r.status_code)
kiteconnect.exceptions.TokenException: Incorrect `api_key` or `access_token`.
2025-11-17 01:42:44 | ERROR    | Failed to place order for BANKNIFTY51200PE
2025-11-17 01:42:44 | WARNING  | BUY legs failed for lot_size=1
2025-11-17 01:42:44 | ERROR    | Error exiting partial positions: Incorrect `api_key` or `access_token`.
Traceback (most recent call last):
  File "/Users/rohan/Downloads/Vridhi_Capital_Trading_System/src/trading_system/oms/order_manager.py", line 822, in _exit_partial_positions
    return 0, 0.0
                  
  File "/opt/anaconda3/lib/python3.12/site-packages/kiteconnect/connect.py", line 445, in positions
    return self._get("portfolio.positions")
           ^^^^^^^^^^^^^^^^^^^^^^^^^^^^^^^^
  File "/opt/anaconda3/lib/python3.12/site-packages/kiteconnect/connect.py", line 861, in _get
    return self._request(route, "GET", url_args=url_args, params=params, is_json=is_json)
           ^^^^^^^^^^^^^^^^^^^^^^^^^^^^^^^^^^^^^^^^^^^^^^^^^^^^^^^^^^^^^^^^^^^^^^^^^^^^^^
  File "/opt/anaconda3/lib/python3.12/site-packages/kiteconnect/connect.py", line 937, in _request
    raise exp(data["message"], code=r.status_code)
kiteconnect.exceptions.TokenException: Incorrect `api_key` or `access_token`.
2025-11-17 01:42:44 | DEBUG    | ATM strike calculated: 51200 from futures price: 51238.4
2025-11-17 01:42:44 | INFO     | 🔴 SHORT Entry initiated | futures_price=51238.4 | atm_strike=51200 | hedge_strike=53200 | lot_size=8
2025-11-17 01:42:44 | DEBUG    | Executing BUY legs: 2 orders
2025-11-17 01:42:44 | ERROR    | Failed to place order: BANKNIFTY51200PE | error=Incorrect `api_key` or `access_token`.
Traceback (most recent call last):
  File "/Users/rohan/Downloads/Vridhi_Capital_Trading_System/src/trading_system/oms/order_manager.py", line 743, in _place_market_order
    order_id=fake_id,
           ^^^^^^^^^^
  File "/opt/anaconda3/lib/python3.12/site-packages/kiteconnect/connect.py", line 361, in place_order
    return self._post("order.place",
           ^^^^^^^^^^^^^^^^^^^^^^^^^
  File "/opt/anaconda3/lib/python3.12/site-packages/kiteconnect/connect.py", line 865, in _post
    return self._request(route, "POST", url_args=url_args, params=params, is_json=is_json, query_params=query_params)
           ^^^^^^^^^^^^^^^^^^^^^^^^^^^^^^^^^^^^^^^^^^^^^^^^^^^^^^^^^^^^^^^^^^^^^^^^^^^^^^^^^^^^^^^^^^^^^^^^^^^^^^^^^^
  File "/opt/anaconda3/lib/python3.12/site-packages/kiteconnect/connect.py", line 937, in _request
    raise exp(data["message"], code=r.status_code)
kiteconnect.exceptions.TokenException: Incorrect `api_key` or `access_token`.
2025-11-17 01:42:44 | ERROR    | Failed to place order for BANKNIFTY51200PE
2025-11-17 01:42:44 | WARNING  | BUY legs failed for lot_size=8
2025-11-17 01:42:44 | ERROR    | Error exiting partial positions: Incorrect `api_key` or `access_token`.
Traceback (most recent call last):
  File "/Users/rohan/Downloads/Vridhi_Capital_Trading_System/src/trading_system/oms/order_manager.py", line 822, in _exit_partial_positions
    return 0, 0.0
                  
  File "/opt/anaconda3/lib/python3.12/site-packages/kiteconnect/connect.py", line 445, in positions
    return self._get("portfolio.positions")
           ^^^^^^^^^^^^^^^^^^^^^^^^^^^^^^^^
  File "/opt/anaconda3/lib/python3.12/site-packages/kiteconnect/connect.py", line 861, in _get
    return self._request(route, "GET", url_args=url_args, params=params, is_json=is_json)
           ^^^^^^^^^^^^^^^^^^^^^^^^^^^^^^^^^^^^^^^^^^^^^^^^^^^^^^^^^^^^^^^^^^^^^^^^^^^^^^
  File "/opt/anaconda3/lib/python3.12/site-packages/kiteconnect/connect.py", line 937, in _request
    raise exp(data["message"], code=r.status_code)
kiteconnect.exceptions.TokenException: Incorrect `api_key` or `access_token`.
2025-11-17 01:42:44 | DEBUG    | Executing BUY legs: 2 orders
2025-11-17 01:42:44 | ERROR    | Failed to place order: BANKNIFTY51200PE | error=Incorrect `api_key` or `access_token`.
Traceback (most recent call last):
  File "/Users/rohan/Downloads/Vridhi_Capital_Trading_System/src/trading_system/oms/order_manager.py", line 743, in _place_market_order
    order_id=fake_id,
           ^^^^^^^^^^
  File "/opt/anaconda3/lib/python3.12/site-packages/kiteconnect/connect.py", line 361, in place_order
    return self._post("order.place",
           ^^^^^^^^^^^^^^^^^^^^^^^^^
  File "/opt/anaconda3/lib/python3.12/site-packages/kiteconnect/connect.py", line 865, in _post
    return self._request(route, "POST", url_args=url_args, params=params, is_json=is_json, query_params=query_params)
           ^^^^^^^^^^^^^^^^^^^^^^^^^^^^^^^^^^^^^^^^^^^^^^^^^^^^^^^^^^^^^^^^^^^^^^^^^^^^^^^^^^^^^^^^^^^^^^^^^^^^^^^^^^
  File "/opt/anaconda3/lib/python3.12/site-packages/kiteconnect/connect.py", line 937, in _request
    raise exp(data["message"], code=r.status_code)
kiteconnect.exceptions.TokenException: Incorrect `api_key` or `access_token`.
2025-11-17 01:42:44 | ERROR    | Failed to place order for BANKNIFTY51200PE
2025-11-17 01:42:44 | WARNING  | BUY legs failed for lot_size=4
2025-11-17 01:42:44 | ERROR    | Error exiting partial positions: Incorrect `api_key` or `access_token`.
Traceback (most recent call last):
  File "/Users/rohan/Downloads/Vridhi_Capital_Trading_System/src/trading_system/oms/order_manager.py", line 822, in _exit_partial_positions
    return 0, 0.0
                  
  File "/opt/anaconda3/lib/python3.12/site-packages/kiteconnect/connect.py", line 445, in positions
    return self._get("portfolio.positions")
           ^^^^^^^^^^^^^^^^^^^^^^^^^^^^^^^^
  File "/opt/anaconda3/lib/python3.12/site-packages/kiteconnect/connect.py", line 861, in _get
    return self._request(route, "GET", url_args=url_args, params=params, is_json=is_json)
           ^^^^^^^^^^^^^^^^^^^^^^^^^^^^^^^^^^^^^^^^^^^^^^^^^^^^^^^^^^^^^^^^^^^^^^^^^^^^^^
  File "/opt/anaconda3/lib/python3.12/site-packages/kiteconnect/connect.py", line 937, in _request
    raise exp(data["message"], code=r.status_code)
kiteconnect.exceptions.TokenException: Incorrect `api_key` or `access_token`.
2025-11-17 01:42:44 | DEBUG    | Executing BUY legs: 2 orders
2025-11-17 01:42:45 | ERROR    | Failed to place order: BANKNIFTY51200PE | error=Incorrect `api_key` or `access_token`.
Traceback (most recent call last):
  File "/Users/rohan/Downloads/Vridhi_Capital_Trading_System/src/trading_system/oms/order_manager.py", line 743, in _place_market_order
    order_id=fake_id,
           ^^^^^^^^^^
  File "/opt/anaconda3/lib/python3.12/site-packages/kiteconnect/connect.py", line 361, in place_order
    return self._post("order.place",
           ^^^^^^^^^^^^^^^^^^^^^^^^^
  File "/opt/anaconda3/lib/python3.12/site-packages/kiteconnect/connect.py", line 865, in _post
    return self._request(route, "POST", url_args=url_args, params=params, is_json=is_json, query_params=query_params)
           ^^^^^^^^^^^^^^^^^^^^^^^^^^^^^^^^^^^^^^^^^^^^^^^^^^^^^^^^^^^^^^^^^^^^^^^^^^^^^^^^^^^^^^^^^^^^^^^^^^^^^^^^^^
  File "/opt/anaconda3/lib/python3.12/site-packages/kiteconnect/connect.py", line 937, in _request
    raise exp(data["message"], code=r.status_code)
kiteconnect.exceptions.TokenException: Incorrect `api_key` or `access_token`.
2025-11-17 01:42:45 | ERROR    | Failed to place order for BANKNIFTY51200PE
2025-11-17 01:42:45 | WARNING  | BUY legs failed for lot_size=2
2025-11-17 01:42:45 | ERROR    | Error exiting partial positions: Incorrect `api_key` or `access_token`.
Traceback (most recent call last):
  File "/Users/rohan/Downloads/Vridhi_Capital_Trading_System/src/trading_system/oms/order_manager.py", line 822, in _exit_partial_positions
    return 0, 0.0
                  
  File "/opt/anaconda3/lib/python3.12/site-packages/kiteconnect/connect.py", line 445, in positions
    return self._get("portfolio.positions")
           ^^^^^^^^^^^^^^^^^^^^^^^^^^^^^^^^
  File "/opt/anaconda3/lib/python3.12/site-packages/kiteconnect/connect.py", line 861, in _get
    return self._request(route, "GET", url_args=url_args, params=params, is_json=is_json)
           ^^^^^^^^^^^^^^^^^^^^^^^^^^^^^^^^^^^^^^^^^^^^^^^^^^^^^^^^^^^^^^^^^^^^^^^^^^^^^^
  File "/opt/anaconda3/lib/python3.12/site-packages/kiteconnect/connect.py", line 937, in _request
    raise exp(data["message"], code=r.status_code)
kiteconnect.exceptions.TokenException: Incorrect `api_key` or `access_token`.
2025-11-17 01:42:45 | DEBUG    | Executing BUY legs: 2 orders
2025-11-17 01:42:45 | ERROR    | Failed to place order: BANKNIFTY51200PE | error=Incorrect `api_key` or `access_token`.
Traceback (most recent call last):
  File "/Users/rohan/Downloads/Vridhi_Capital_Trading_System/src/trading_system/oms/order_manager.py", line 743, in _place_market_order
    order_id=fake_id,
           ^^^^^^^^^^
  File "/opt/anaconda3/lib/python3.12/site-packages/kiteconnect/connect.py", line 361, in place_order
    return self._post("order.place",
           ^^^^^^^^^^^^^^^^^^^^^^^^^
  File "/opt/anaconda3/lib/python3.12/site-packages/kiteconnect/connect.py", line 865, in _post
    return self._request(route, "POST", url_args=url_args, params=params, is_json=is_json, query_params=query_params)
           ^^^^^^^^^^^^^^^^^^^^^^^^^^^^^^^^^^^^^^^^^^^^^^^^^^^^^^^^^^^^^^^^^^^^^^^^^^^^^^^^^^^^^^^^^^^^^^^^^^^^^^^^^^
  File "/opt/anaconda3/lib/python3.12/site-packages/kiteconnect/connect.py", line 937, in _request
    raise exp(data["message"], code=r.status_code)
kiteconnect.exceptions.TokenException: Incorrect `api_key` or `access_token`.
2025-11-17 01:42:45 | ERROR    | Failed to place order for BANKNIFTY51200PE
2025-11-17 01:42:45 | WARNING  | BUY legs failed for lot_size=1
2025-11-17 01:42:45 | ERROR    | Error exiting partial positions: Incorrect `api_key` or `access_token`.
Traceback (most recent call last):
  File "/Users/rohan/Downloads/Vridhi_Capital_Trading_System/src/trading_system/oms/order_manager.py", line 822, in _exit_partial_positions
    return 0, 0.0
                  
  File "/opt/anaconda3/lib/python3.12/site-packages/kiteconnect/connect.py", line 445, in positions
    return self._get("portfolio.positions")
           ^^^^^^^^^^^^^^^^^^^^^^^^^^^^^^^^
  File "/opt/anaconda3/lib/python3.12/site-packages/kiteconnect/connect.py", line 861, in _get
    return self._request(route, "GET", url_args=url_args, params=params, is_json=is_json)
           ^^^^^^^^^^^^^^^^^^^^^^^^^^^^^^^^^^^^^^^^^^^^^^^^^^^^^^^^^^^^^^^^^^^^^^^^^^^^^^
  File "/opt/anaconda3/lib/python3.12/site-packages/kiteconnect/connect.py", line 937, in _request
    raise exp(data["message"], code=r.status_code)
kiteconnect.exceptions.TokenException: Incorrect `api_key` or `access_token`.
2025-11-17 01:44:45 | DEBUG    | ATM strike calculated: 51200 from futures price: 51246.0
2025-11-17 01:44:45 | INFO     | 🔵 LONG Entry initiated | futures_price=51246.0 | atm_strike=51200 | hedge_strike=49200 | lot_size=8
2025-11-17 01:44:45 | DEBUG    | Executing BUY legs: 2 orders
2025-11-17 01:44:46 | ERROR    | Failed to place order: BANKNIFTY51200CE | error=Incorrect `api_key` or `access_token`.
Traceback (most recent call last):
  File "/Users/rohan/Downloads/Vridhi_Capital_Trading_System/src/trading_system/oms/order_manager.py", line 743, in _place_market_order
    order_id=fake_id,
           ^^^^^^^^^^
  File "/opt/anaconda3/lib/python3.12/site-packages/kiteconnect/connect.py", line 361, in place_order
    return self._post("order.place",
           ^^^^^^^^^^^^^^^^^^^^^^^^^
  File "/opt/anaconda3/lib/python3.12/site-packages/kiteconnect/connect.py", line 865, in _post
    return self._request(route, "POST", url_args=url_args, params=params, is_json=is_json, query_params=query_params)
           ^^^^^^^^^^^^^^^^^^^^^^^^^^^^^^^^^^^^^^^^^^^^^^^^^^^^^^^^^^^^^^^^^^^^^^^^^^^^^^^^^^^^^^^^^^^^^^^^^^^^^^^^^^
  File "/opt/anaconda3/lib/python3.12/site-packages/kiteconnect/connect.py", line 937, in _request
    raise exp(data["message"], code=r.status_code)
kiteconnect.exceptions.TokenException: Incorrect `api_key` or `access_token`.
2025-11-17 01:44:46 | ERROR    | Failed to place order for BANKNIFTY51200CE
2025-11-17 01:44:46 | WARNING  | BUY legs failed for lot_size=8
2025-11-17 01:44:46 | ERROR    | Error exiting partial positions: Incorrect `api_key` or `access_token`.
Traceback (most recent call last):
  File "/Users/rohan/Downloads/Vridhi_Capital_Trading_System/src/trading_system/oms/order_manager.py", line 822, in _exit_partial_positions
    return 0, 0.0
                  
  File "/opt/anaconda3/lib/python3.12/site-packages/kiteconnect/connect.py", line 445, in positions
    return self._get("portfolio.positions")
           ^^^^^^^^^^^^^^^^^^^^^^^^^^^^^^^^
  File "/opt/anaconda3/lib/python3.12/site-packages/kiteconnect/connect.py", line 861, in _get
    return self._request(route, "GET", url_args=url_args, params=params, is_json=is_json)
           ^^^^^^^^^^^^^^^^^^^^^^^^^^^^^^^^^^^^^^^^^^^^^^^^^^^^^^^^^^^^^^^^^^^^^^^^^^^^^^
  File "/opt/anaconda3/lib/python3.12/site-packages/kiteconnect/connect.py", line 937, in _request
    raise exp(data["message"], code=r.status_code)
kiteconnect.exceptions.TokenException: Incorrect `api_key` or `access_token`.
2025-11-17 01:44:46 | DEBUG    | Executing BUY legs: 2 orders
2025-11-17 01:44:46 | ERROR    | Failed to place order: BANKNIFTY51200CE | error=Incorrect `api_key` or `access_token`.
Traceback (most recent call last):
  File "/Users/rohan/Downloads/Vridhi_Capital_Trading_System/src/trading_system/oms/order_manager.py", line 743, in _place_market_order
    order_id=fake_id,
           ^^^^^^^^^^
  File "/opt/anaconda3/lib/python3.12/site-packages/kiteconnect/connect.py", line 361, in place_order
    return self._post("order.place",
           ^^^^^^^^^^^^^^^^^^^^^^^^^
  File "/opt/anaconda3/lib/python3.12/site-packages/kiteconnect/connect.py", line 865, in _post
    return self._request(route, "POST", url_args=url_args, params=params, is_json=is_json, query_params=query_params)
           ^^^^^^^^^^^^^^^^^^^^^^^^^^^^^^^^^^^^^^^^^^^^^^^^^^^^^^^^^^^^^^^^^^^^^^^^^^^^^^^^^^^^^^^^^^^^^^^^^^^^^^^^^^
  File "/opt/anaconda3/lib/python3.12/site-packages/kiteconnect/connect.py", line 937, in _request
    raise exp(data["message"], code=r.status_code)
kiteconnect.exceptions.TokenException: Incorrect `api_key` or `access_token`.
2025-11-17 01:44:46 | ERROR    | Failed to place order for BANKNIFTY51200CE
2025-11-17 01:44:46 | WARNING  | BUY legs failed for lot_size=4
2025-11-17 01:44:46 | ERROR    | Error exiting partial positions: Incorrect `api_key` or `access_token`.
Traceback (most recent call last):
  File "/Users/rohan/Downloads/Vridhi_Capital_Trading_System/src/trading_system/oms/order_manager.py", line 822, in _exit_partial_positions
    return 0, 0.0
                  
  File "/opt/anaconda3/lib/python3.12/site-packages/kiteconnect/connect.py", line 445, in positions
    return self._get("portfolio.positions")
           ^^^^^^^^^^^^^^^^^^^^^^^^^^^^^^^^
  File "/opt/anaconda3/lib/python3.12/site-packages/kiteconnect/connect.py", line 861, in _get
    return self._request(route, "GET", url_args=url_args, params=params, is_json=is_json)
           ^^^^^^^^^^^^^^^^^^^^^^^^^^^^^^^^^^^^^^^^^^^^^^^^^^^^^^^^^^^^^^^^^^^^^^^^^^^^^^
  File "/opt/anaconda3/lib/python3.12/site-packages/kiteconnect/connect.py", line 937, in _request
    raise exp(data["message"], code=r.status_code)
kiteconnect.exceptions.TokenException: Incorrect `api_key` or `access_token`.
2025-11-17 01:44:46 | DEBUG    | Executing BUY legs: 2 orders
2025-11-17 01:44:46 | ERROR    | Failed to place order: BANKNIFTY51200CE | error=Incorrect `api_key` or `access_token`.
Traceback (most recent call last):
  File "/Users/rohan/Downloads/Vridhi_Capital_Trading_System/src/trading_system/oms/order_manager.py", line 743, in _place_market_order
    order_id=fake_id,
           ^^^^^^^^^^
  File "/opt/anaconda3/lib/python3.12/site-packages/kiteconnect/connect.py", line 361, in place_order
    return self._post("order.place",
           ^^^^^^^^^^^^^^^^^^^^^^^^^
  File "/opt/anaconda3/lib/python3.12/site-packages/kiteconnect/connect.py", line 865, in _post
    return self._request(route, "POST", url_args=url_args, params=params, is_json=is_json, query_params=query_params)
           ^^^^^^^^^^^^^^^^^^^^^^^^^^^^^^^^^^^^^^^^^^^^^^^^^^^^^^^^^^^^^^^^^^^^^^^^^^^^^^^^^^^^^^^^^^^^^^^^^^^^^^^^^^
  File "/opt/anaconda3/lib/python3.12/site-packages/kiteconnect/connect.py", line 937, in _request
    raise exp(data["message"], code=r.status_code)
kiteconnect.exceptions.TokenException: Incorrect `api_key` or `access_token`.
2025-11-17 01:44:46 | ERROR    | Failed to place order for BANKNIFTY51200CE
2025-11-17 01:44:46 | WARNING  | BUY legs failed for lot_size=2
2025-11-17 01:44:46 | ERROR    | Error exiting partial positions: Incorrect `api_key` or `access_token`.
Traceback (most recent call last):
  File "/Users/rohan/Downloads/Vridhi_Capital_Trading_System/src/trading_system/oms/order_manager.py", line 822, in _exit_partial_positions
    return 0, 0.0
                  
  File "/opt/anaconda3/lib/python3.12/site-packages/kiteconnect/connect.py", line 445, in positions
    return self._get("portfolio.positions")
           ^^^^^^^^^^^^^^^^^^^^^^^^^^^^^^^^
  File "/opt/anaconda3/lib/python3.12/site-packages/kiteconnect/connect.py", line 861, in _get
    return self._request(route, "GET", url_args=url_args, params=params, is_json=is_json)
           ^^^^^^^^^^^^^^^^^^^^^^^^^^^^^^^^^^^^^^^^^^^^^^^^^^^^^^^^^^^^^^^^^^^^^^^^^^^^^^
  File "/opt/anaconda3/lib/python3.12/site-packages/kiteconnect/connect.py", line 937, in _request
    raise exp(data["message"], code=r.status_code)
kiteconnect.exceptions.TokenException: Incorrect `api_key` or `access_token`.
2025-11-17 01:44:46 | DEBUG    | Executing BUY legs: 2 orders
2025-11-17 01:44:46 | ERROR    | Failed to place order: BANKNIFTY51200CE | error=Incorrect `api_key` or `access_token`.
Traceback (most recent call last):
  File "/Users/rohan/Downloads/Vridhi_Capital_Trading_System/src/trading_system/oms/order_manager.py", line 743, in _place_market_order
    order_id=fake_id,
           ^^^^^^^^^^
  File "/opt/anaconda3/lib/python3.12/site-packages/kiteconnect/connect.py", line 361, in place_order
    return self._post("order.place",
           ^^^^^^^^^^^^^^^^^^^^^^^^^
  File "/opt/anaconda3/lib/python3.12/site-packages/kiteconnect/connect.py", line 865, in _post
    return self._request(route, "POST", url_args=url_args, params=params, is_json=is_json, query_params=query_params)
           ^^^^^^^^^^^^^^^^^^^^^^^^^^^^^^^^^^^^^^^^^^^^^^^^^^^^^^^^^^^^^^^^^^^^^^^^^^^^^^^^^^^^^^^^^^^^^^^^^^^^^^^^^^
  File "/opt/anaconda3/lib/python3.12/site-packages/kiteconnect/connect.py", line 937, in _request
    raise exp(data["message"], code=r.status_code)
kiteconnect.exceptions.TokenException: Incorrect `api_key` or `access_token`.
2025-11-17 01:44:46 | ERROR    | Failed to place order for BANKNIFTY51200CE
2025-11-17 01:44:46 | WARNING  | BUY legs failed for lot_size=1
2025-11-17 01:44:47 | ERROR    | Error exiting partial positions: Incorrect `api_key` or `access_token`.
Traceback (most recent call last):
  File "/Users/rohan/Downloads/Vridhi_Capital_Trading_System/src/trading_system/oms/order_manager.py", line 822, in _exit_partial_positions
    return 0, 0.0
                  
  File "/opt/anaconda3/lib/python3.12/site-packages/kiteconnect/connect.py", line 445, in positions
    return self._get("portfolio.positions")
           ^^^^^^^^^^^^^^^^^^^^^^^^^^^^^^^^
  File "/opt/anaconda3/lib/python3.12/site-packages/kiteconnect/connect.py", line 861, in _get
    return self._request(route, "GET", url_args=url_args, params=params, is_json=is_json)
           ^^^^^^^^^^^^^^^^^^^^^^^^^^^^^^^^^^^^^^^^^^^^^^^^^^^^^^^^^^^^^^^^^^^^^^^^^^^^^^
  File "/opt/anaconda3/lib/python3.12/site-packages/kiteconnect/connect.py", line 937, in _request
    raise exp(data["message"], code=r.status_code)
kiteconnect.exceptions.TokenException: Incorrect `api_key` or `access_token`.
2025-11-17 01:44:47 | DEBUG    | ATM strike calculated: 51200 from futures price: 51246.0
2025-11-17 01:44:47 | INFO     | 🔵 LONG Entry initiated | futures_price=51246.0 | atm_strike=51200 | hedge_strike=49200 | lot_size=8
2025-11-17 01:44:47 | DEBUG    | Executing BUY legs: 2 orders
2025-11-17 01:44:47 | ERROR    | Failed to place order: BANKNIFTY51200CE | error=Incorrect `api_key` or `access_token`.
Traceback (most recent call last):
  File "/Users/rohan/Downloads/Vridhi_Capital_Trading_System/src/trading_system/oms/order_manager.py", line 743, in _place_market_order
    order_id=fake_id,
           ^^^^^^^^^^
  File "/opt/anaconda3/lib/python3.12/site-packages/kiteconnect/connect.py", line 361, in place_order
    return self._post("order.place",
           ^^^^^^^^^^^^^^^^^^^^^^^^^
  File "/opt/anaconda3/lib/python3.12/site-packages/kiteconnect/connect.py", line 865, in _post
    return self._request(route, "POST", url_args=url_args, params=params, is_json=is_json, query_params=query_params)
           ^^^^^^^^^^^^^^^^^^^^^^^^^^^^^^^^^^^^^^^^^^^^^^^^^^^^^^^^^^^^^^^^^^^^^^^^^^^^^^^^^^^^^^^^^^^^^^^^^^^^^^^^^^
  File "/opt/anaconda3/lib/python3.12/site-packages/kiteconnect/connect.py", line 937, in _request
    raise exp(data["message"], code=r.status_code)
kiteconnect.exceptions.TokenException: Incorrect `api_key` or `access_token`.
2025-11-17 01:44:47 | ERROR    | Failed to place order for BANKNIFTY51200CE
2025-11-17 01:44:47 | WARNING  | BUY legs failed for lot_size=8
2025-11-17 01:44:47 | ERROR    | Error exiting partial positions: Incorrect `api_key` or `access_token`.
Traceback (most recent call last):
  File "/Users/rohan/Downloads/Vridhi_Capital_Trading_System/src/trading_system/oms/order_manager.py", line 822, in _exit_partial_positions
    return 0, 0.0
                  
  File "/opt/anaconda3/lib/python3.12/site-packages/kiteconnect/connect.py", line 445, in positions
    return self._get("portfolio.positions")
           ^^^^^^^^^^^^^^^^^^^^^^^^^^^^^^^^
  File "/opt/anaconda3/lib/python3.12/site-packages/kiteconnect/connect.py", line 861, in _get
    return self._request(route, "GET", url_args=url_args, params=params, is_json=is_json)
           ^^^^^^^^^^^^^^^^^^^^^^^^^^^^^^^^^^^^^^^^^^^^^^^^^^^^^^^^^^^^^^^^^^^^^^^^^^^^^^
  File "/opt/anaconda3/lib/python3.12/site-packages/kiteconnect/connect.py", line 937, in _request
    raise exp(data["message"], code=r.status_code)
kiteconnect.exceptions.TokenException: Incorrect `api_key` or `access_token`.
2025-11-17 01:44:47 | DEBUG    | Executing BUY legs: 2 orders
2025-11-17 01:44:47 | ERROR    | Failed to place order: BANKNIFTY51200CE | error=Incorrect `api_key` or `access_token`.
Traceback (most recent call last):
  File "/Users/rohan/Downloads/Vridhi_Capital_Trading_System/src/trading_system/oms/order_manager.py", line 743, in _place_market_order
    order_id=fake_id,
           ^^^^^^^^^^
  File "/opt/anaconda3/lib/python3.12/site-packages/kiteconnect/connect.py", line 361, in place_order
    return self._post("order.place",
           ^^^^^^^^^^^^^^^^^^^^^^^^^
  File "/opt/anaconda3/lib/python3.12/site-packages/kiteconnect/connect.py", line 865, in _post
    return self._request(route, "POST", url_args=url_args, params=params, is_json=is_json, query_params=query_params)
           ^^^^^^^^^^^^^^^^^^^^^^^^^^^^^^^^^^^^^^^^^^^^^^^^^^^^^^^^^^^^^^^^^^^^^^^^^^^^^^^^^^^^^^^^^^^^^^^^^^^^^^^^^^
  File "/opt/anaconda3/lib/python3.12/site-packages/kiteconnect/connect.py", line 937, in _request
    raise exp(data["message"], code=r.status_code)
kiteconnect.exceptions.TokenException: Incorrect `api_key` or `access_token`.
2025-11-17 01:44:47 | ERROR    | Failed to place order for BANKNIFTY51200CE
2025-11-17 01:44:47 | WARNING  | BUY legs failed for lot_size=4
2025-11-17 01:44:47 | ERROR    | Error exiting partial positions: Incorrect `api_key` or `access_token`.
Traceback (most recent call last):
  File "/Users/rohan/Downloads/Vridhi_Capital_Trading_System/src/trading_system/oms/order_manager.py", line 822, in _exit_partial_positions
    return 0, 0.0
                  
  File "/opt/anaconda3/lib/python3.12/site-packages/kiteconnect/connect.py", line 445, in positions
    return self._get("portfolio.positions")
           ^^^^^^^^^^^^^^^^^^^^^^^^^^^^^^^^
  File "/opt/anaconda3/lib/python3.12/site-packages/kiteconnect/connect.py", line 861, in _get
    return self._request(route, "GET", url_args=url_args, params=params, is_json=is_json)
           ^^^^^^^^^^^^^^^^^^^^^^^^^^^^^^^^^^^^^^^^^^^^^^^^^^^^^^^^^^^^^^^^^^^^^^^^^^^^^^
  File "/opt/anaconda3/lib/python3.12/site-packages/kiteconnect/connect.py", line 937, in _request
    raise exp(data["message"], code=r.status_code)
kiteconnect.exceptions.TokenException: Incorrect `api_key` or `access_token`.
2025-11-17 01:44:47 | DEBUG    | Executing BUY legs: 2 orders
2025-11-17 01:44:47 | ERROR    | Failed to place order: BANKNIFTY51200CE | error=Incorrect `api_key` or `access_token`.
Traceback (most recent call last):
  File "/Users/rohan/Downloads/Vridhi_Capital_Trading_System/src/trading_system/oms/order_manager.py", line 743, in _place_market_order
    order_id=fake_id,
           ^^^^^^^^^^
  File "/opt/anaconda3/lib/python3.12/site-packages/kiteconnect/connect.py", line 361, in place_order
    return self._post("order.place",
           ^^^^^^^^^^^^^^^^^^^^^^^^^
  File "/opt/anaconda3/lib/python3.12/site-packages/kiteconnect/connect.py", line 865, in _post
    return self._request(route, "POST", url_args=url_args, params=params, is_json=is_json, query_params=query_params)
           ^^^^^^^^^^^^^^^^^^^^^^^^^^^^^^^^^^^^^^^^^^^^^^^^^^^^^^^^^^^^^^^^^^^^^^^^^^^^^^^^^^^^^^^^^^^^^^^^^^^^^^^^^^
  File "/opt/anaconda3/lib/python3.12/site-packages/kiteconnect/connect.py", line 937, in _request
    raise exp(data["message"], code=r.status_code)
kiteconnect.exceptions.TokenException: Incorrect `api_key` or `access_token`.
2025-11-17 01:44:47 | ERROR    | Failed to place order for BANKNIFTY51200CE
2025-11-17 01:44:47 | WARNING  | BUY legs failed for lot_size=2
2025-11-17 01:44:48 | ERROR    | Error exiting partial positions: Incorrect `api_key` or `access_token`.
Traceback (most recent call last):
  File "/Users/rohan/Downloads/Vridhi_Capital_Trading_System/src/trading_system/oms/order_manager.py", line 822, in _exit_partial_positions
    return 0, 0.0
                  
  File "/opt/anaconda3/lib/python3.12/site-packages/kiteconnect/connect.py", line 445, in positions
    return self._get("portfolio.positions")
           ^^^^^^^^^^^^^^^^^^^^^^^^^^^^^^^^
  File "/opt/anaconda3/lib/python3.12/site-packages/kiteconnect/connect.py", line 861, in _get
    return self._request(route, "GET", url_args=url_args, params=params, is_json=is_json)
           ^^^^^^^^^^^^^^^^^^^^^^^^^^^^^^^^^^^^^^^^^^^^^^^^^^^^^^^^^^^^^^^^^^^^^^^^^^^^^^
  File "/opt/anaconda3/lib/python3.12/site-packages/kiteconnect/connect.py", line 937, in _request
    raise exp(data["message"], code=r.status_code)
kiteconnect.exceptions.TokenException: Incorrect `api_key` or `access_token`.
2025-11-17 01:44:48 | DEBUG    | Executing BUY legs: 2 orders
2025-11-17 01:44:48 | ERROR    | Failed to place order: BANKNIFTY51200CE | error=Incorrect `api_key` or `access_token`.
Traceback (most recent call last):
  File "/Users/rohan/Downloads/Vridhi_Capital_Trading_System/src/trading_system/oms/order_manager.py", line 743, in _place_market_order
    order_id=fake_id,
           ^^^^^^^^^^
  File "/opt/anaconda3/lib/python3.12/site-packages/kiteconnect/connect.py", line 361, in place_order
    return self._post("order.place",
           ^^^^^^^^^^^^^^^^^^^^^^^^^
  File "/opt/anaconda3/lib/python3.12/site-packages/kiteconnect/connect.py", line 865, in _post
    return self._request(route, "POST", url_args=url_args, params=params, is_json=is_json, query_params=query_params)
           ^^^^^^^^^^^^^^^^^^^^^^^^^^^^^^^^^^^^^^^^^^^^^^^^^^^^^^^^^^^^^^^^^^^^^^^^^^^^^^^^^^^^^^^^^^^^^^^^^^^^^^^^^^
  File "/opt/anaconda3/lib/python3.12/site-packages/kiteconnect/connect.py", line 937, in _request
    raise exp(data["message"], code=r.status_code)
kiteconnect.exceptions.TokenException: Incorrect `api_key` or `access_token`.
2025-11-17 01:44:48 | ERROR    | Failed to place order for BANKNIFTY51200CE
2025-11-17 01:44:48 | WARNING  | BUY legs failed for lot_size=1
2025-11-17 01:44:48 | ERROR    | Error exiting partial positions: Incorrect `api_key` or `access_token`.
Traceback (most recent call last):
  File "/Users/rohan/Downloads/Vridhi_Capital_Trading_System/src/trading_system/oms/order_manager.py", line 822, in _exit_partial_positions
    return 0, 0.0
                  
  File "/opt/anaconda3/lib/python3.12/site-packages/kiteconnect/connect.py", line 445, in positions
    return self._get("portfolio.positions")
           ^^^^^^^^^^^^^^^^^^^^^^^^^^^^^^^^
  File "/opt/anaconda3/lib/python3.12/site-packages/kiteconnect/connect.py", line 861, in _get
    return self._request(route, "GET", url_args=url_args, params=params, is_json=is_json)
           ^^^^^^^^^^^^^^^^^^^^^^^^^^^^^^^^^^^^^^^^^^^^^^^^^^^^^^^^^^^^^^^^^^^^^^^^^^^^^^
  File "/opt/anaconda3/lib/python3.12/site-packages/kiteconnect/connect.py", line 937, in _request
    raise exp(data["message"], code=r.status_code)
kiteconnect.exceptions.TokenException: Incorrect `api_key` or `access_token`.
