timestamp,open,high,low,close,prediction,signal_raw,start_long,start_short,end_long,end_short,filter_all,vol_filter,reg_filter,adx_filter,recent_atr,historical_atr,kernel_estimate,kernel_bullish,kernel_bearish,price_minus_kernel
2025-03-04 10:30:00+05:30,48514.95,48579.95,48467.1,48470.0,0.0,0,False,False,False,False,False,False,True,False,,,,False,False,
2025-03-04 10:45:00+05:30,48469.95,48516.0,48446.65,48490.0,0.0,0,False,False,False,False,False,False,True,False,91.09999999999854,,,False,False,
2025-03-04 11:00:00+05:30,48497.65,48560.0,48482.25,48490.0,0.0,0,False,False,False,False,False,False,True,False,77.75,,,False,False,
2025-03-04 11:15:00+05:30,48490.0,48515.8,48455.55,48480.0,0.0,0,False,False,False,False,False,False,True,False,60.25,,,False,False,
2025-03-04 11:30:00+05:30,48480.0,48504.0,48402.1,48410.45,0.0,0,False,False,False,False,False,False,True,False,101.90000000000146,,,False,False,
2025-03-04 11:45:00+05:30,48410.05,48432.0,48352.05,48430.0,0.0,0,False,False,False,False,False,False,True,False,79.94999999999709,,,False,False,
2025-03-04 12:00:00+05:30,48432.0,48444.0,48374.05,48374.05,0.0,0,False,False,False,False,False,False,True,False,69.94999999999709,,,False,False,
2025-03-04 12:15:00+05:30,48379.25,48456.45,48355.15,48448.45,0.0,0,False,False,False,False,False,False,False,False,101.29999999999563,,,False,False,
2025-03-04 12:30:00+05:30,48442.4,48490.0,48442.4,48450.0,0.0,0,False,False,False,False,False,False,False,False,47.599999999998545,,,False,False,
2025-03-04 12:45:00+05:30,48451.05,48466.0,48427.05,48432.5,0.0,0,False,False,False,False,False,False,True,False,38.94999999999709,,,False,False,
2025-03-04 13:00:00+05:30,48434.4,48465.0,48379.8,48464.95,0.0,0,False,False,False,False,True,True,True,False,85.19999999999709,76.82272727272556,,False,False,
2025-03-04 13:15:00+05:30,48464.95,48485.0,48441.15,48460.2,0.0,0,False,False,False,False,False,False,True,False,43.849999999998545,73.52545454545286,,False,False,
2025-03-04 13:30:00+05:30,48465.0,48500.0,48410.0,48457.95,0.0,0,False,False,False,False,True,True,True,False,90.0,75.17290909090757,,False,False,
2025-03-04 13:45:00+05:30,48457.95,48519.55,48440.95,48505.2,0.0,0,False,False,False,False,True,True,True,False,78.60000000000582,75.51561818181739,,False,False,
2025-03-04 14:00:00+05:30,48502.2,48585.65,48482.0,48549.5,0.0,0,False,False,False,False,True,True,True,False,103.65000000000146,78.3290563636358,,False,False,
2025-03-04 14:15:00+05:30,48547.9,48550.9,48496.1,48510.6,0.0,0,False,False,False,False,False,False,True,False,54.80000000000291,75.97615072727251,,False,False,
2025-03-04 14:30:00+05:30,48512.95,48512.95,48421.85,48424.7,0.0,0,False,False,False,False,True,True,True,False,91.09999999999854,77.48853565454512,,False,False,
2025-03-04 14:45:00+05:30,48422.15,48423.05,48360.0,48380.7,0.0,0,False,False,False,False,False,False,True,False,64.69999999999709,76.20968208909031,,False,False,
2025-03-04 15:00:00+05:30,48383.0,48435.0,48363.25,48426.65,0.0,0,False,False,False,False,False,False,True,False,71.75,75.76371388018127,,False,False,
2025-03-04 15:15:00+05:30,48425.05,48540.0,48425.05,48492.0,0.0,0,False,False,False,False,True,True,True,False,114.94999999999709,79.68234249216286,,False,False,
2025-03-05 09:15:00+05:30,48492.0,48700.0,48433.15,48690.0,0.0,0,False,False,False,False,True,True,True,False,266.84999999999854,98.39910824294643,,False,False,
2025-03-05 09:30:00+05:30,48700.0,48748.45,48650.0,48721.0,0.0,0,False,False,False,False,True,True,True,False,98.44999999999709,98.40419741865149,,False,False,
2025-03-05 09:45:00+05:30,48721.0,48879.95,48712.15,48780.1,0.0,0,False,False,False,False,True,True,True,False,167.79999999999563,105.3437776767859,,False,False,
2025-03-05 10:00:00+05:30,48792.55,48829.95,48700.1,48710.6,0.0,0,False,False,False,False,False,True,False,False,129.84999999999854,107.79439990910717,,False,False,
2025-03-05 10:15:00+05:30,48722.3,48724.0,48599.05,48677.0,0.0,0,False,False,False,False,False,True,False,False,124.94999999999709,109.50995991819616,,False,False,
2025-03-05 10:30:00+05:30,48676.35,48749.0,48662.35,48693.55,0.0,0,False,False,False,False,False,False,False,False,86.65000000000146,107.2239639263767,48588.19139417113,False,False,105.35860582887108
2025-03-05 10:45:00+05:30,48695.75,48709.35,48650.0,48675.0,0.0,0,False,False,False,False,False,False,False,False,59.349999999998545,102.4365675337389,48601.942960759065,True,False,73.05703924093541
2025-03-05 11:00:00+05:30,48670.0,48710.05,48625.4,48672.45,0.0,0,False,False,False,False,False,False,False,False,84.65000000000146,100.65791078036514,48613.9030463642,True,False,58.54695363579958
2025-03-05 11:15:00+05:30,48670.15,48712.35,48660.0,48701.0,0.0,0,False,False,False,False,False,False,False,True,52.349999999998545,95.82711970232847,48626.92230101748,True,False,74.07769898251718
2025-03-05 11:30:00+05:30,48701.0,48811.9,48685.8,48778.1,0.0,0,False,False,False,False,False,True,False,True,126.09999999999854,98.85440773209548,48645.45445966692,True,False,132.6455403330765
2025-03-05 11:45:00+05:30,48789.0,48810.0,48764.0,48790.6,0.0,0,False,False,False,False,False,False,False,True,46.0,93.56896695888594,48663.6260807266,True,False,126.97391927339777
2025-03-05 12:00:00+05:30,48789.5,48810.0,48772.0,48797.2,0.0,0,False,False,False,False,False,False,False,True,38.0,88.01207026299736,48680.877176621514,True,False,116.32282337848301
2025-03-05 12:15:00+05:30,48787.35,48807.45,48757.05,48773.1,0.0,0,False,False,False,False,False,False,False,True,50.39999999999418,84.25086323669703,48694.41068181916,True,False,78.68931818084093
2025-03-05 12:30:00+05:30,48773.05,48808.0,48736.65,48736.65,0.0,0,False,False,False,False,False,False,False,True,71.34999999999854,82.96077691302717,48703.13499092118,True,False,33.515009078822914
2025-03-05 12:45:00+05:30,48746.2,48753.45,48673.05,48700.0,0.0,0,False,False,False,False,False,False,False,True,80.39999999999418,82.70469922172387,48707.125382235135,True,False,-7.125382235135476
2025-03-05 13:00:00+05:30,48704.0,48731.35,48628.2,48690.15,0.0,0,False,False,False,False,False,True,False,True,103.15000000000146,84.74922929955163,48708.97371000597,True,False,-18.823710005970497
2025-03-05 13:15:00+05:30,48700.0,48721.15,48651.1,48662.9,0.0,0,False,False,False,False,False,False,False,False,70.05000000000291,83.27930636959675,48707.30175716344,False,True,-44.40175716343947
2025-03-05 13:30:00+05:30,48661.0,48675.0,48577.1,48615.05,0.0,0,False,False,False,False,False,True,False,False,97.90000000000146,84.74137573263722,48700.4671125921,False,True,-85.41711259209842
2025-03-05 13:45:00+05:30,48604.05,48687.0,48601.45,48669.05,0.0,0,False,False,False,False,False,True,False,False,85.55000000000291,84.8222381593738,48697.97594097543,False,True,-28.92594097543042
2025-03-05 14:00:00+05:30,48669.2,48674.8,48631.15,48655.95,0.0,0,False,False,False,False,False,False,False,False,43.650000000001455,80.70501434343656,48693.98446539986,False,True,-38.0344653998618
2025-03-05 14:15:00+05:30,48656.0,48673.0,48595.0,48673.0,0.0,0,False,False,False,False,False,False,False,False,78.0,80.4345129090929,48691.41167794405,False,True,-18.411677944051917
2025-03-05 14:30:00+05:30,48673.0,48736.9,48640.2,48726.95,0.0,0,False,False,False,False,False,True,False,False,96.70000000000437,82.06106161818404,48693.7523591433,True,False,33.197640856698854
2025-03-05 14:45:00+05:30,48726.0,48745.65,48688.85,48736.85,0.0,0,False,False,False,False,False,False,False,False,56.80000000000291,79.53495545636592,48697.07638697218,True,False,39.77361302782083
2025-03-05 15:00:00+05:30,48737.4,48757.65,48702.1,48713.55,0.0,0,False,False,False,False,False,False,False,False,55.55000000000291,77.13645991072961,48698.3628320114,True,False,15.187167988602596
2025-03-05 15:15:00+05:30,48716.1,48729.95,48677.05,48729.95,0.0,0,False,False,False,False,False,False,False,False,52.89999999999418,74.71281391965607,48701.188292910745,True,False,28.761707089252013
2025-03-05 15:30:00+05:30,48730.0,48730.0,48730.0,48730.0,0.0,0,False,False,False,False,False,False,False,False,0.05000000000291038,67.24653252769076,48704.03727918174,True,False,25.962720818257367
2025-03-06 09:15:00+05:30,48894.7,49099.9,48750.5,48760.2,0.0,0,False,False,False,False,False,True,False,False,369.90000000000146,97.51187927492182,48709.59186613827,True,False,50.608133861729584
2025-03-06 09:30:00+05:30,48768.5,48794.9,48644.6,48691.9,0.0,0,False,False,False,False,False,True,False,False,150.3000000000029,102.79069134742994,48708.84744992939,False,True,-16.947449929386494
2025-03-06 09:45:00+05:30,48699.65,48725.0,48526.0,48670.0,0.0,0,False,False,False,False,False,True,False,False,199.0,112.41162221268696,48705.97081185411,False,True,-35.97081185410934
2025-03-06 10:00:00+05:30,48660.0,48760.0,48629.0,48719.7,0.0,0,False,False,False,False,False,True,False,False,131.0,114.27045999141828,48707.486309357744,True,False,12.213690642252914
2025-03-06 10:15:00+05:30,48720.0,48775.0,48688.7,48772.0,0.0,0,False,False,False,False,False,False,False,False,86.30000000000291,111.47341399227673,48713.64973281629,True,False,58.350267183712276
2025-03-06 10:30:00+05:30,48772.05,48801.0,48719.1,48774.6,0.0,0,False,False,False,False,False,False,False,False,81.90000000000146,108.51607259304919,48719.90837472627,True,False,54.69162527372828
2025-03-06 10:45:00+05:30,48774.7,48784.45,48701.0,48703.4,0.0,0,False,False,False,False,False,False,False,False,83.44999999999709,106.00946533374399,48719.492383927674,False,True,-16.092383927672927
2025-03-06 11:00:00+05:30,48700.95,48861.15,48688.0,48819.0,0.0,0,False,False,False,False,False,True,False,False,173.15000000000146,112.72351880036972,48729.31809312447,True,False,89.68190687552851
2025-03-06 11:15:00+05:30,48822.7,48826.05,48640.95,48675.0,0.0,0,False,False,False,False,False,True,False,False,185.10000000000582,119.96116692033334,48725.804973079445,False,True,-50.80497307944461
2025-03-06 11:30:00+05:30,48667.7,48725.0,48641.9,48715.4,0.0,0,False,False,False,False,False,False,False,False,83.09999999999854,116.27505022829988,48725.65964431545,False,True,-10.259644315447076
2025-03-06 11:45:00+05:30,48720.2,48780.0,48720.0,48740.05,0.0,0,False,False,False,False,False,False,False,False,64.59999999999854,111.10754520546975,48727.5238648853,True,False,12.52613511470554
2025-03-06 12:00:00+05:30,48740.05,48788.85,48720.0,48735.0,0.0,0,False,False,False,False,False,False,False,False,68.84999999999854,106.88179068492263,48728.73337693863,True,False,6.266623061368591
2025-03-06 12:15:00+05:30,48730.0,48771.55,48730.0,48750.7,0.0,0,False,False,False,False,False,False,False,False,41.55000000000291,100.34861161643066,48731.1866178362,True,False,19.51338216379372
2025-03-06 12:30:00+05:30,48751.75,48795.25,48731.25,48764.55,0.0,0,False,False,False,False,False,False,False,False,64.0,96.71375045478759,48734.7262643822,True,False,29.823735617799684
2025-03-06 12:45:00+05:30,48768.15,48794.05,48723.7,48744.25,0.0,0,False,False,False,False,False,False,False,False,70.35000000000582,94.07737540930941,48736.24571155686,True,False,8.004288443138648
2025-03-06 13:00:00+05:30,48739.6,48789.2,48735.0,48766.6,0.0,0,False,False,False,False,False,False,False,False,54.19999999999709,90.08963786837818,48739.60704750002,True,False,26.992952499975218
2025-03-06 13:15:00+05:30,48763.2,48782.65,48743.5,48759.6,0.0,0,False,False,False,False,False,False,False,False,39.150000000001455,84.9956740815405,48742.14421019871,True,False,17.4557898012863
2025-03-06 13:30:00+05:30,48751.1,48782.0,48728.5,48741.55,0.0,0,False,False,False,False,False,False,False,False,53.5,81.84610667338646,48742.841632026706,True,False,-1.2916320267031551
2025-03-06 13:45:00+05:30,48740.0,48788.0,48735.15,48740.15,0.0,0,False,False,False,False,False,False,False,False,52.849999999998545,78.94649600604767,48743.21612378605,True,False,-3.066123786047683
2025-03-06 14:00:00+05:30,48740.1,48812.0,48725.35,48778.05,0.0,0,False,False,False,False,False,True,False,True,86.65000000000146,79.71684640544305,48746.85496847168,True,False,31.195031528324762
2025-03-06 14:15:00+05:30,48770.0,48821.95,48765.0,48768.15,0.0,0,False,False,False,False,False,False,False,True,56.94999999999709,77.44016176489845,48749.42456396036,True,False,18.725436039640044
2025-03-06 14:30:00+05:30,48757.3,48817.0,48757.3,48802.6,0.0,0,False,False,False,False,False,False,False,True,59.69999999999709,75.66614558840831,48754.928788222045,True,False,47.67121177795343
2025-03-06 14:45:00+05:30,48802.1,48817.0,48751.8,48769.25,0.0,0,False,False,False,False,False,False,False,True,65.19999999999709,74.61953102956718,48757.18892201276,True,False,12.061077987236786
2025-03-06 15:00:00+05:30,48771.25,48798.0,48742.85,48790.35,0.0,0,False,False,False,False,False,False,False,True,55.150000000001455,72.67257792661061,48761.114457677926,True,False,29.235542322072433
2025-03-06 15:15:00+05:30,48794.95,48795.0,48772.0,48786.55,0.0,0,False,False,False,False,False,False,False,True,23.0,67.70532013394956,48764.4351707561,True,False,22.114829243902932
2025-03-06 15:30:00+05:30,48786.0,48786.0,48786.0,48786.0,0.0,0,False,False,False,False,False,False,False,True,0.5500000000029104,60.989788120554884,48767.427531415655,True,False,18.572468584345188
2025-03-07 09:15:00+05:30,48626.0,48785.0,48577.95,48614.0,0.0,0,False,False,False,False,False,True,False,True,208.0500000000029,75.69580930849969,48754.53854613645,False,True,-140.53854613644944
2025-03-07 09:30:00+05:30,48599.0,48671.9,48536.05,48594.7,0.0,0,False,False,False,False,False,True,False,True,135.84999999999854,81.71122837764958,48739.73408494684,False,True,-145.03408494684118
2025-03-07 09:45:00+05:30,48594.7,48683.35,48552.0,48683.35,0.0,0,False,False,False,False,False,True,False,True,131.34999999999854,86.67510553988447,48733.057801923846,False,True,-49.707801923847
2025-03-07 10:00:00+05:30,48681.35,48790.35,48641.0,48769.65,0.0,0,False,False,False,False,False,True,False,True,149.34999999999854,92.94259498589588,48734.49039456144,True,False,35.15960543855908
2025-03-07 10:15:00+05:30,48788.6,48877.0,48750.75,48830.05,0.0,0,False,False,False,False,False,True,False,True,126.25,96.2733354873063,48741.73105942839,True,False,88.31894057161117
2025-03-07 10:30:00+05:30,48837.35,48896.35,48812.0,48822.05,0.0,0,False,False,False,False,False,False,False,True,84.34999999999854,95.08100193857553,48748.49852564128,True,False,73.55147435872641
2025-03-07 10:45:00+05:30,48826.35,48867.95,48732.0,48732.0,0.0,0,False,False,False,False,False,True,False,False,135.9499999999971,99.16790174471768,48747.22021050184,False,True,-15.220210501836846
2025-03-07 11:00:00+05:30,48732.0,48860.0,48712.35,48841.95,0.0,0,False,False,False,False,False,True,False,False,147.65000000000146,104.01611157024607,48755.95893180845,True,False,85.99106819154986
2025-03-07 11:15:00+05:30,48842.05,48881.8,48775.8,48782.3,0.0,0,False,False,False,False,False,True,False,False,106.0,104.21450041322146,48759.25236718454,True,False,23.04763281546184
2025-03-07 11:30:00+05:30,48786.15,48819.95,48751.1,48781.4,0.0,0,False,False,False,False,False,False,False,False,68.84999999999854,100.67805037189916,48762.3130106482,True,False,19.086989351802913
2025-03-07 11:45:00+05:30,48777.55,48780.55,48680.0,48685.0,0.0,0,False,False,False,False,False,True,False,False,101.40000000000146,100.75024533470939,48756.42361734913,False,True,-71.42361734912993
2025-03-07 12:00:00+05:30,48680.0,48692.65,48613.05,48657.5,0.0,0,False,False,False,False,False,False,False,False,79.59999999999854,98.6352208012383,48747.85719650862,False,True,-90.35719650862302
2025-03-07 12:15:00+05:30,48654.4,48699.95,48625.0,48675.8,0.0,0,False,False,False,False,False,False,False,False,74.94999999999709,96.26669872111418,48740.89270885072,False,True,-65.09270885071601
2025-03-07 12:30:00+05:30,48673.4,48737.95,48665.05,48684.55,0.0,0,False,False,False,False,False,False,False,False,72.89999999999418,93.93002884900218,48734.80146017929,False,True,-50.25146017928637
2025-03-07 12:45:00+05:30,48685.05,48689.8,48588.7,48641.2,0.0,0,False,False,False,False,False,True,False,False,101.10000000000582,94.64702596410254,48724.97292586651,False,True,-83.7729258665131
2025-03-07 13:00:00+05:30,48641.2,48641.2,48560.25,48575.5,0.0,0,False,False,False,False,False,False,False,False,80.94999999999709,93.27732336769199,48709.50631067293,False,True,-134.00631067292852
2025-03-07 13:15:00+05:30,48580.4,48675.0,48575.0,48665.6,0.0,0,False,False,False,False,False,True,False,False,100.0,93.94959103092279,48702.711400358436,False,True,-37.111400358437095
2025-03-07 13:30:00+05:30,48660.0,48674.95,48623.45,48641.15,0.0,0,False,False,False,False,False,False,False,True,51.5,89.7046319278305,48694.34125841108,False,True,-53.19125841107598
2025-03-07 13:45:00+05:30,48640.05,48643.2,48510.0,48542.85,0.0,0,False,False,False,False,False,True,False,True,133.1999999999971,94.05416873504717,48677.76053960898,False,True,-134.9105396089799
2025-03-07 14:00:00+05:30,48554.95,48594.95,48550.15,48585.7,0.0,0,False,False,False,False,False,False,False,True,52.099999999998545,89.8587518615423,48665.88219007933,False,True,-80.1821900793293
2025-03-07 14:15:00+05:30,48592.0,48645.0,48575.45,48645.0,0.0,0,False,False,False,False,False,False,False,True,69.55000000000291,87.82787667538835,48660.31833412302,False,True,-15.318334123017848
2025-03-07 14:30:00+05:30,48647.0,48731.6,48640.25,48720.05,0.0,0,False,False,False,False,False,True,False,True,91.34999999999854,88.18008900784938,48662.51037825183,True,False,57.539621748175705
2025-03-07 14:45:00+05:30,48721.55,48771.0,48709.3,48768.0,0.0,0,False,False,False,False,False,False,False,True,61.69999999999709,85.53208010706415,48669.8887959994,True,False,98.11120400059735
2025-03-07 15:00:00+05:30,48758.65,48774.75,48686.45,48700.0,0.0,0,False,False,False,False,False,True,False,False,88.30000000000291,85.80887209635803,48671.72083637955,True,False,28.279163620449253
2025-03-07 15:15:00+05:30,48699.8,48700.0,48625.0,48626.05,0.0,0,False,False,False,False,False,False,False,False,75.0,84.72798488672223,48667.255918901785,False,True,-41.20591890178184
2025-03-07 15:30:00+05:30,48625.0,48625.0,48625.0,48625.0,0.0,0,False,False,False,False,False,False,False,False,1.0500000000029104,76.36018639805029,48663.00050113718,False,True,-38.000501137183164
2025-03-10 09:15:00+05:30,48489.9,48666.3,48489.9,48635.7,0.0,0,False,False,False,False,False,True,False,False,176.40000000000146,86.3641677582454,48659.98302874171,False,True,-24.283028741716407
2025-03-10 09:30:00+05:30,48648.95,48695.0,48540.35,48694.0,0.0,0,False,False,False,False,False,True,False,False,154.65000000000146,93.19275098242102,48662.48949349296,True,False,31.51050650703837
2025-03-10 09:45:00+05:30,48694.0,48702.95,48620.0,48654.0,0.0,0,False,False,False,False,False,False,False,True,82.94999999999709,92.16847588417862,48661.5414286847,False,True,-7.541428684700804
2025-03-10 10:00:00+05:30,48662.85,48668.0,48564.0,48579.95,0.0,0,False,False,False,False,False,True,False,True,104.0,93.35162829576076,48653.98544217138,False,True,-74.03544217138551
2025-03-10 10:15:00+05:30,48573.1,48615.65,48526.5,48589.9,0.0,0,False,False,False,False,False,False,False,True,89.15000000000146,92.93146546618483,48647.4640988036,False,True,-57.5640988035957
2025-03-10 10:30:00+05:30,48580.0,48650.0,48560.0,48650.0,0.0,0,False,False,False,False,False,False,False,True,90.0,92.63831891956634,48646.60304837884,False,True,3.396951621158223
2025-03-10 10:45:00+05:30,48649.95,48669.95,48615.05,48625.0,0.0,0,False,False,False,False,False,False,False,True,54.89999999999418,88.86448702760913,48643.7152756932,False,True,-18.715275693197327
2025-03-10 11:00:00+05:30,48615.05,48624.45,48568.35,48602.15,0.0,0,False,False,False,False,False,False,False,True,56.650000000001455,85.64303832484836,48638.99545874832,False,True,-36.84545874832111
2025-03-10 11:15:00+05:30,48583.05,48601.05,48555.95,48575.65,0.0,0,False,False,False,False,False,False,False,True,46.200000000004366,81.69873449236397,48632.140365326435,False,True,-56.490365326433675
2025-03-10 11:30:00+05:30,48578.85,48653.95,48578.85,48633.25,0.0,0,False,False,False,False,False,False,False,True,78.29999999999563,81.35886104312713,48630.8298602758,False,True,2.4201397241995437
2025-03-10 11:45:00+05:30,48636.65,48644.0,48580.05,48583.45,0.0,0,False,False,False,False,False,False,False,True,63.94999999999709,79.61797493881413,48625.34837045577,False,True,-41.898370455775876
2025-03-10 12:00:00+05:30,48583.4,48606.5,48560.35,48567.05,0.0,0,False,False,False,False,False,False,False,True,46.150000000001455,76.27117744493286,48618.72983277143,False,True,-51.679832771427755
2025-03-10 12:15:00+05:30,48565.2,48620.0,48532.0,48609.0,0.0,0,False,False,False,False,False,True,False,True,88.0,77.44405970043957,48616.30674375684,False,True,-7.306743756838841
2025-03-10 12:30:00+05:30,48613.0,48650.0,48601.2,48603.5,0.0,0,False,False,False,False,False,False,False,True,48.80000000000291,74.5796537303959,48613.78960986952,False,True,-10.289609869520064
2025-03-10 12:45:00+05:30,48605.1,48646.2,48590.55,48630.75,0.0,0,False,False,False,False,False,False,False,True,55.64999999999418,72.68668835735573,48614.12410113549,True,False,16.625898864513147
2025-03-10 13:00:00+05:30,48637.55,48685.0,48620.0,48645.35,0.0,0,False,False,False,False,False,False,False,True,65.0,71.91801952162015,48616.11593748933,True,False,29.234062510666263
2025-03-10 13:15:00+05:30,48657.8,48670.0,48640.25,48659.3,0.0,0,False,False,False,False,False,False,False,True,29.75,67.70121756945814,48619.62451261285,True,False,39.675487387154135
2025-03-10 13:30:00+05:30,48659.1,48674.1,48602.0,48603.05,0.0,0,False,False,False,False,False,True,False,True,72.09999999999854,68.14109581251218,48618.18318528545,False,True,-15.133185285449144
2025-03-10 13:45:00+05:30,48603.0,48619.5,48562.95,48616.0,0.0,0,False,False,False,False,False,False,False,True,56.55000000000291,66.98198623126125,48617.99975000449,False,True,-1.9997500044919434
2025-03-10 14:00:00+05:30,48618.0,48636.0,48595.4,48616.65,0.0,0,False,False,False,False,False,False,False,True,40.599999999998545,64.34378760813497,48617.931485005094,False,True,-1.2814850050926907
2025-03-10 14:15:00+05:30,48605.55,48616.0,48260.25,48273.0,0.0,0,False,False,False,False,True,True,True,True,356.40000000000146,93.54940884732163,48586.732920791575,False,True,-313.73292079157545
2025-03-10 14:30:00+05:30,48260.0,48355.25,48220.0,48309.3,0.0,0,False,False,False,False,False,True,False,True,135.25,97.71946796258946,48559.075273250804,False,True,-249.77527325080155
2025-03-10 14:45:00+05:30,48307.35,48353.3,48270.6,48337.0,0.0,0,False,False,False,False,False,False,False,True,82.70000000000437,96.21752116633095,48534.61240535232,False,True,-197.61240535232355
2025-03-10 15:00:00+05:30,48345.15,48364.0,48290.45,48332.05,0.0,0,False,False,False,False,False,False,False,True,73.55000000000291,93.95076904969815,48510.743395176585,False,True,-178.69339517658227
2025-03-10 15:15:00+05:30,48336.95,48360.0,48250.0,48260.0,0.0,0,False,False,False,False,False,True,False,True,110.0,95.55569214472834,48481.680103751365,False,True,-221.6801037513651
2025-03-10 15:30:00+05:30,48251.0,48251.0,48251.0,48251.0,0.0,0,False,False,False,False,False,False,False,True,9.0,86.9001229302555,48453.428489189064,False,True,-202.42848918906384
2025-03-11 09:15:00+05:30,47999.95,48066.05,47751.6,47830.0,0.0,0,False,False,False,False,True,True,True,True,499.40000000000146,128.15011063723009,48388.908930837,False,True,-558.9089308370021
2025-03-11 09:30:00+05:30,47830.0,47915.0,47766.7,47900.0,0.0,0,False,False,False,False,False,True,False,True,148.3000000000029,130.16509957350735,48333.14017153798,False,True,-433.1401715379834
2025-03-11 09:45:00+05:30,47896.85,47956.0,47846.0,47915.0,0.0,0,False,False,False,False,False,False,False,True,110.0,128.1485896161566,48281.78845650365,False,True,-366.7884565036511
2025-03-11 10:00:00+05:30,47924.85,47949.0,47880.05,47919.0,0.0,0,False,False,False,False,False,False,False,True,68.94999999999709,122.22873065454067,48234.3309024367,False,True,-315.3309024366972
2025-03-11 10:15:00+05:30,47918.25,47989.85,47890.8,47955.0,0.0,0,False,False,False,False,False,False,False,True,99.04999999999563,119.91085758908616,48193.99940553598,False,True,-238.99940553597844
2025-03-11 10:30:00+05:30,47961.65,48013.75,47908.0,48013.7,0.0,0,False,False,False,False,False,False,False,True,105.75,118.49477183017754,48163.021159604825,False,True,-149.3211596048277
2025-03-11 10:45:00+05:30,48011.8,48115.0,47984.6,48090.0,0.0,0,False,False,False,False,False,True,False,True,130.40000000000146,119.68529464715994,48142.967628259736,False,True,-52.96762825973565
2025-03-11 11:00:00+05:30,48090.0,48150.0,48025.55,48050.2,0.0,0,False,False,False,False,False,True,False,True,124.44999999999709,120.16176518244365,48123.08307628671,False,True,-72.88307628671464
2025-03-11 11:15:00+05:30,48050.0,48056.9,47970.0,48010.0,0.0,0,False,False,False,False,False,False,False,True,86.90000000000146,116.83558866419942,48102.992937940246,False,True,-92.99293794024561
2025-03-11 11:30:00+05:30,48001.25,48036.15,47966.2,48000.0,0.0,0,False,False,False,False,False,False,False,True,69.95000000000437,112.14702979777992,48085.099420965664,False,True,-85.09942096566374
2025-03-11 11:45:00+05:30,47998.75,48045.0,47985.05,48038.7,0.0,0,False,False,False,False,False,False,False,True,59.94999999999709,106.92732681800165,48073.48869890572,False,True,-34.78869890572241
2025-03-11 12:00:00+05:30,48020.0,48033.3,47940.0,47969.8,0.0,0,False,False,False,False,False,False,False,True,98.69999999999709,106.1045941362012,48058.04696019895,False,True,-88.24696019895055
2025-03-11 12:15:00+05:30,47973.95,48000.0,47930.55,47979.6,0.0,0,False,False,False,False,False,False,False,True,69.44999999999709,102.43913472258077,48045.582292003724,False,True,-65.98229200372589
2025-03-11 12:30:00+05:30,47979.6,48035.0,47963.1,48025.0,0.0,0,False,False,False,False,False,False,False,True,71.90000000000146,99.38522125032284,48039.05762563671,False,True,-14.057625636713055
2025-03-11 12:45:00+05:30,48021.6,48031.05,47974.95,47990.75,0.0,0,False,False,False,False,False,False,False,True,56.10000000000582,95.05669912529115,48030.97370243353,False,True,-40.22370243353362
2025-03-11 13:00:00+05:30,47980.05,47988.0,47929.1,47961.0,0.0,0,False,False,False,False,False,False,False,True,61.650000000001455,91.71602921276218,48021.48308249063,False,True,-60.483082490631205
2025-03-11 13:15:00+05:30,47970.0,48044.0,47948.55,48036.1,0.0,0,False,False,False,False,False,True,False,True,95.44999999999709,92.08942629148567,48019.91333787177,False,True,16.186662128231546
2025-03-11 13:30:00+05:30,48033.95,48049.5,48000.0,48049.0,0.0,0,False,False,False,False,False,False,False,True,49.5,87.8304836623371,48020.44233156925,True,False,28.55766843075253
2025-03-11 13:45:00+05:30,48048.0,48120.2,48023.8,48119.2,0.0,0,False,False,False,False,False,True,False,True,96.39999999999418,88.6874352961028,48028.04670711985,True,False,91.15329288014618
2025-03-11 14:00:00+05:30,48119.0,48150.0,48080.0,48105.0,0.0,0,False,False,False,False,False,False,False,True,70.0,86.81869176649252,48034.82326302819,True,False,70.17673697180726
2025-03-11 14:15:00+05:30,48105.0,48136.5,48072.35,48072.4,0.0,0,False,False,False,False,False,False,False,True,64.15000000000146,84.55182258984341,48038.842919971365,True,False,33.55708002863685
2025-03-11 14:30:00+05:30,48066.5,48090.6,48005.0,48011.0,0.0,0,False,False,False,False,False,True,False,True,85.59999999999854,84.65664033085892,48037.300658477565,False,True,-26.300658477564866
2025-03-11 14:45:00+05:30,48012.45,48040.0,47900.0,47956.95,0.0,0,False,False,False,False,False,True,False,True,140.0,90.19097629777302,48030.77095472088,False,True,-73.82095472088258
2025-03-11 15:00:00+05:30,47960.0,47990.0,47950.0,47979.95,0.0,0,False,False,False,False,False,False,False,True,40.0,85.17187866799571,48026.26147087518,False,True,-46.31147087518184
2025-03-11 15:15:00+05:30,47980.0,48059.4,47978.3,48059.4,0.0,0,False,False,False,False,False,False,False,True,81.09999999999854,84.764690801196,48028.957438779595,True,False,30.442561220406787
2025-03-11 15:30:00+05:30,48060.0,48060.0,48060.0,48060.0,0.0,0,False,False,False,False,False,False,False,True,0.5999999999985448,76.34822172107626,48031.71761456543,True,False,28.282385434569733
2025-03-12 09:15:00+05:30,48055.05,48216.0,48005.3,48140.3,0.0,0,False,False,False,False,False,True,False,True,210.6999999999971,89.78339954896833,48041.72695148393,True,False,98.57304851607478
2025-03-12 09:30:00+05:30,48139.1,48282.0,48109.25,48241.6,0.0,0,False,False,False,False,False,True,False,True,172.75,98.0800595940715,48060.79639982125,True,False,180.80360017874773
2025-03-12 09:45:00+05:30,48251.0,48301.85,48180.0,48255.0,0.0,0,False,False,False,False,False,True,False,True,121.84999999999854,100.4570536346642,48080.74235125947,True,False,174.2576487405313
2025-03-12 10:00:00+05:30,48253.75,48271.95,48159.95,48185.05,0.0,0,False,False,False,False,False,True,False,True,112.0,101.61134827119778,48093.729302734384,True,False,91.32069726561895
2025-03-12 10:15:00+05:30,48192.8,48269.85,48170.0,48239.8,0.0,0,False,False,False,False,False,False,False,True,99.84999999999854,101.43521344407786,48110.85433886456,True,False,128.94566113543988
2025-03-12 10:30:00+05:30,48235.3,48330.0,48215.8,48290.65,0.0,0,False,False,False,False,False,True,False,True,114.19999999999709,102.71169209966979,48131.60318121984,True,False,159.0468187801598
2025-03-12 10:45:00+05:30,48305.15,48320.0,48185.0,48192.75,0.0,0,False,False,False,False,False,True,False,True,135.0,105.9405228897028,48142.29673934771,True,False,50.45326065229165
2025-03-12 11:00:00+05:30,48191.4,48235.0,48173.3,48220.0,0.0,0,False,False,False,False,False,False,False,True,61.69999999999709,101.51647060073223,48154.1716828921,True,False,65.82831710790197
2025-03-12 11:15:00+05:30,48213.0,48220.0,48105.6,48106.95,0.0,0,False,False,False,False,False,True,False,True,114.40000000000146,102.80482354065916,48154.49564658394,True,False,-47.5456465839452
2025-03-12 11:30:00+05:30,48119.95,48130.0,48021.0,48062.4,0.0,0,False,False,False,False,False,True,False,True,109.0,103.42434118659325,48149.571774696786,False,True,-87.17177469678427
2025-03-12 11:45:00+05:30,48057.6,48080.0,47960.0,47985.0,0.0,0,False,False,False,False,False,True,False,True,120.0,105.08190706793394,48136.65772552572,False,True,-151.65772552572162
2025-03-12 12:00:00+05:30,47985.0,48065.3,47976.6,48064.15,0.0,0,False,False,False,False,False,False,False,True,88.70000000000437,103.44371636114097,48130.28456494849,False,True,-66.13456494848651
2025-03-12 12:15:00+05:30,48064.4,48065.95,47999.95,48039.6,0.0,0,False,False,False,False,False,False,False,True,66.0,99.69934472502688,48121.37932921469,False,True,-81.77932921468891
2025-03-12 12:30:00+05:30,48039.0,48087.65,47990.0,48007.95,0.0,0,False,False,False,False,False,False,False,True,97.65000000000146,99.49441025252433,48109.56420677897,False,True,-101.61420677896967
2025-03-12 12:45:00+05:30,48005.0,48049.85,47939.7,48049.75,0.0,0,False,False,False,False,False,True,False,True,110.15000000000146,100.55996922727203,48101.767222265196,False,True,-52.017222265196324
2025-03-12 13:00:00+05:30,48046.0,48126.75,48030.85,48114.85,0.0,0,False,False,False,False,False,False,False,False,95.90000000000146,100.09397230454498,48100.315559607516,False,True,14.534440392482793
2025-03-12 13:15:00+05:30,48121.35,48165.5,48114.85,48130.85,0.0,0,False,False,False,False,False,False,False,False,50.650000000001455,95.14957507409062,48100.84560044369,True,False,30.00439955631009
2025-03-12 13:30:00+05:30,48120.0,48163.0,48088.05,48119.95,0.0,0,False,False,False,False,False,False,False,False,74.94999999999709,93.12961756668128,48100.9022472501,True,False,19.047752749895153
2025-03-12 13:45:00+05:30,48119.95,48150.0,48080.9,48134.8,0.0,0,False,False,False,False,False,False,False,False,69.09999999999854,90.726655810013,48102.76343093505,True,False,32.036569064955984
2025-03-12 14:00:00+05:30,48123.75,48218.0,48123.75,48209.7,0.0,0,False,False,False,False,False,True,False,False,94.25,91.0789902290117,48111.788940271814,True,False,97.91105972818332
2025-03-12 14:15:00+05:30,48205.0,48250.95,48190.0,48250.35,0.0,0,False,False,False,False,False,False,False,False,60.94999999999709,88.06609120611023,48124.711909862555,True,False,125.63809013744321
2025-03-12 14:30:00+05:30,48251.05,48265.0,48158.5,48158.5,0.0,0,False,False,False,False,False,True,False,False,106.5,89.9094820854992,48129.27643411901,True,False,29.223565880987735
2025-03-12 14:45:00+05:30,48154.9,48212.95,48144.3,48207.25,0.0,0,False,False,False,False,False,False,False,False,68.64999999999418,87.78353387694871,48138.04053306793,True,False,69.20946693207225
2025-03-12 15:00:00+05:30,48200.05,48244.0,48170.0,48219.8,0.0,0,False,False,False,False,False,False,False,False,74.0,86.40518048925384,48147.58931321132,True,False,72.21068678868323
2025-03-12 15:15:00+05:30,48210.0,48233.0,48177.9,48230.0,0.0,0,False,False,False,False,False,False,False,False,55.099999999998545,83.2746624403283,48157.565559658695,True,False,72.43444034130516
2025-03-12 15:30:00+05:30,48215.0,48215.0,48215.0,48215.0,0.0,0,False,False,False,False,False,False,False,False,15.0,76.44719619629547,48165.55970540919,True,False,49.44029459080775
2025-03-13 09:15:00+05:30,48300.0,48360.2,48150.35,48188.45,0.0,0,False,False,False,False,False,True,False,False,209.84999999999854,89.78747657666577,48170.43994245816,True,False,18.01005754184007
2025-03-13 09:30:00+05:30,48182.2,48313.0,48161.0,48255.75,0.0,0,False,False,False,False,False,True,False,False,152.0,96.0087289189992,48180.69539378032,True,False,75.05460621968086
2025-03-13 09:45:00+05:30,48262.7,48329.0,48205.75,48308.65,0.0,0,False,False,False,False,False,True,False,False,123.25,98.73285602709927,48195.00179293049,True,False,113.64820706951286
2025-03-13 10:00:00+05:30,48309.15,48349.95,48306.65,48338.85,0.0,0,False,False,False,False,False,False,False,False,43.299999999995634,93.1895704243889,48211.22302848262,True,False,127.62697151737666
2025-03-13 10:15:00+05:30,48350.0,48444.0,48349.95,48438.0,0.0,0,False,False,False,False,False,True,False,True,105.15000000000146,94.38561338195015,48235.49878767537,True,False,202.50121232462698
2025-03-13 10:30:00+05:30,48440.0,48461.0,48395.75,48443.7,0.0,0,False,False,False,False,False,False,False,True,65.25,91.47205204375514,48259.179555822724,True,False,184.52044417727302
2025-03-13 10:45:00+05:30,48445.55,48449.0,48364.0,48364.0,0.0,0,False,False,False,False,False,False,False,True,85.0,90.82484683937963,48274.30413955358,True,False,89.69586044642347
2025-03-13 11:00:00+05:30,48364.0,48401.0,48331.8,48400.0,0.0,0,False,False,False,False,False,False,False,True,69.19999999999709,88.66236215544139,48291.23756672094,True,False,108.76243327905831
2025-03-13 11:15:00+05:30,48394.95,48396.0,48310.0,48323.95,0.0,0,False,False,False,False,False,True,False,True,90.0,88.79612593989725,48299.769958081495,True,False,24.180041918501956
2025-03-13 11:30:00+05:30,48306.3,48359.3,48270.1,48301.75,0.0,0,False,False,False,False,False,True,False,True,89.20000000000437,88.83651334590796,48304.80436003415,True,False,-3.054360034147976
2025-03-13 11:45:00+05:30,48314.95,48314.95,48240.0,48300.0,0.0,0,False,False,False,False,False,False,False,True,74.94999999999709,87.44786201131687,48308.32258223044,True,False,-8.322582230437547
2025-03-13 12:00:00+05:30,48299.95,48314.85,48242.0,48269.95,0.0,0,False,False,False,False,False,False,False,True,72.84999999999854,85.98807581018504,48307.93045778269,False,True,-37.98045778269443
2025-03-13 12:15:00+05:30,48269.95,48312.7,48259.8,48277.7,0.0,0,False,False,False,False,False,False,False,True,52.89999999999418,82.67926822916596,48307.26437294883,False,True,-29.564372948836535
2025-03-13 12:30:00+05:30,48279.6,48311.95,48275.0,48309.9,0.0,0,False,False,False,False,False,False,False,True,36.94999999999709,78.10634140624907,48308.768042518845,True,False,1.13195748115686
2025-03-13 12:45:00+05:30,48309.9,48332.95,48281.35,48301.95,0.0,0,False,False,False,False,False,False,False,False,51.599999999998545,75.45570726562401,48308.98969206132,True,False,-7.039692061320238
2025-03-13 13:00:00+05:30,48307.85,48318.9,48217.0,48220.0,0.0,0,False,False,False,False,False,True,False,False,101.90000000000146,78.10013653906177,48301.3729370844,False,True,-81.3729370844012
2025-03-13 13:15:00+05:30,48220.0,48249.95,48196.3,48209.95,0.0,0,False,False,False,False,False,False,False,False,53.64999999999418,75.65512288515501,48292.6303402578,False,True,-82.68034025780071
2025-03-13 13:30:00+05:30,48209.95,48256.95,48196.35,48235.9,0.0,0,False,False,False,False,False,False,False,False,60.599999999998545,74.14961059663936,48286.25630235539,False,True,-50.356302355387015
2025-03-13 13:45:00+05:30,48236.0,48272.0,48228.05,48236.0,0.0,0,False,False,False,False,False,False,False,False,43.94999999999709,71.12964953697514,48280.092202657666,False,True,-44.09220265766635
2025-03-13 14:00:00+05:30,48235.8,48248.0,48182.0,48210.0,0.0,0,False,False,False,False,False,False,False,False,66.0,70.61668458327763,48271.901649902946,False,True,-61.90164990294579
2025-03-13 14:15:00+05:30,48212.0,48214.7,48162.0,48195.25,0.0,0,False,False,False,False,False,False,False,False,52.69999999999709,68.82501612494958,48262.81682879555,False,True,-67.56682879554864
2025-03-13 14:30:00+05:30,48194.0,48206.5,48158.0,48174.8,0.0,0,False,False,False,False,False,False,False,False,48.5,66.79251451245463,48252.427263935126,False,True,-77.62726393512276
2025-03-13 14:45:00+05:30,48168.85,48195.0,48128.0,48138.0,0.0,0,False,False,False,False,False,True,False,False,67.0,66.81326306120917,48239.348681661635,False,True,-101.34868166163506
2025-03-13 15:00:00+05:30,48147.95,48199.0,48128.05,48181.65,0.0,0,False,False,False,False,False,True,False,False,70.94999999999709,67.22693675508796,48230.98230239516,False,True,-49.332302395159786
2025-03-13 15:15:00+05:30,48194.0,48196.1,48100.0,48109.85,-3.0,-1,False,False,False,False,False,True,False,False,96.09999999999854,70.11424307957903,48216.93144217959,False,True,-107.08144217959489
2025-03-13 15:30:00+05:30,48101.0,48101.0,48101.0,48101.0,-3.0,-1,False,False,False,False,False,False,False,False,8.849999999998545,63.98781877162098,48202.96481782266,False,True,-101.96481782266346
2025-03-17 09:15:00+05:30,48250.05,48489.5,48241.15,48462.0,-1.0,-1,False,False,False,False,True,True,True,True,388.5,96.43903689445888,48222.70585165539,True,False,239.29414834461204
2025-03-17 09:30:00+05:30,48462.0,48545.0,48456.8,48513.4,1.0,1,False,False,False,False,False,False,True,True,88.19999999999709,95.61513320501271,48247.89634931218,True,False,265.5036506878241
2025-03-17 09:45:00+05:30,48509.45,48520.0,48450.05,48480.2,-3.0,-1,False,False,False,False,False,False,False,True,69.94999999999709,93.04861988451115,48270.372031928775,True,False,209.82796807122213
2025-03-17 10:00:00+05:30,48475.2,48510.3,48451.4,48472.0,-1.0,-1,False,False,False,False,False,False,False,True,58.900000000001455,89.63375789606019,48291.905780444366,True,False,180.09421955563448
2025-03-17 10:15:00+05:30,48471.05,48520.0,48455.0,48485.2,-1.0,-1,False,False,False,False,False,False,False,True,65.0,87.17038210645417,48314.012344488016,True,False,171.18765551198157
2025-03-17 10:30:00+05:30,48481.4,48481.4,48410.0,48433.75,1.0,1,False,False,False,False,False,False,False,True,75.19999999999709,85.97334389580847,48330.45990902572,True,False,103.29009097428207
2025-03-17 10:45:00+05:30,48449.95,48485.2,48426.85,48480.35,-1.0,-1,False,False,False,False,False,False,False,True,58.349999999998545,83.21100950622748,48349.86806457421,True,False,130.4819354257852
2025-03-17 11:00:00+05:30,48475.0,48514.0,48460.05,48498.9,1.0,1,False,False,False,False,False,False,False,True,53.94999999999709,80.28490855560445,48369.50490975524,True,False,129.39509024476138
2025-03-17 11:15:00+05:30,48490.9,48529.0,48484.05,48515.0,1.0,1,False,False,False,False,False,False,False,True,44.94999999999709,76.75141770004372,48388.99105363523,True,False,126.00894636476733
2025-03-17 11:30:00+05:30,48523.0,48589.6,48502.0,48548.5,1.0,1,False,False,False,False,False,True,False,True,87.59999999999854,77.83627593003919,48409.795900539204,True,False,138.704099460796
2025-03-17 11:45:00+05:30,48548.65,48558.75,48465.0,48491.3,-1.0,-1,False,False,False,False,False,True,False,True,93.75,79.42764833703527,48423.619464585114,True,False,67.68053541488916
2025-03-17 12:00:00+05:30,48498.6,48559.85,48490.0,48543.6,1.0,1,False,False,False,False,False,False,False,True,69.84999999999854,78.4698835033316,48440.38941794169,True,False,103.21058205830923
2025-03-17 12:15:00+05:30,48548.4,48548.5,48450.0,48482.95,1.0,1,False,False,False,False,False,True,False,True,98.5,80.47289515299845,48449.91684359267,True,False,33.033156407327624
2025-03-17 12:30:00+05:30,48490.0,48495.0,48442.0,48490.0,3.0,1,False,False,False,False,False,False,False,True,53.0,77.7256056376986,48458.43601791961,True,False,31.563982080391725
2025-03-17 12:45:00+05:30,48492.5,48492.5,48424.7,48479.95,-1.0,-1,False,False,False,False,False,False,False,True,67.80000000000291,76.73304507392905,48464.55748109487,True,False,15.392518905129691
2025-03-17 13:00:00+05:30,48470.0,48479.95,48412.0,48476.4,1.0,1,False,False,False,False,False,False,False,True,67.94999999999709,75.85474056653585,48469.04868065455,True,False,7.351319345449156
2025-03-17 13:15:00+05:30,48475.55,48486.65,48441.3,48484.2,3.0,1,False,False,False,False,False,False,False,True,45.349999999998545,72.80426650988213,48473.130732704594,True,False,11.069267295402824
2025-03-17 13:30:00+05:30,48483.65,48483.65,48426.0,48460.65,3.0,1,False,False,False,False,False,False,False,True,58.19999999999709,71.34383985889363,48474.14528773492,True,False,-13.495287734920566
2025-03-17 13:45:00+05:30,48455.0,48477.0,48375.9,48470.2,-1.0,-1,False,False,False,False,False,True,False,True,101.09999999999854,74.31945587300412,48475.27673209294,True,False,-5.0767320929444395
2025-03-17 14:00:00+05:30,48470.2,48535.0,48447.05,48530.95,-1.0,-1,False,False,False,False,False,True,False,True,87.94999999999709,75.68251028570342,48481.343085594395,True,False,49.606914405601856
2025-03-17 14:15:00+05:30,48530.75,48534.0,48480.0,48490.15,1.0,1,False,False,False,False,False,False,False,True,54.0,73.51425925713308,48483.242064603655,True,False,6.907935396346147
2025-03-17 14:30:00+05:30,48496.3,48514.8,48442.0,48464.8,3.0,1,False,False,False,False,False,False,False,True,72.80000000000291,73.44283333142006,48482.444928601246,False,True,-17.64492860124301
2025-03-17 14:45:00+05:30,48470.0,48500.0,48451.0,48470.0,1.0,1,False,False,False,False,False,False,False,True,49.0,70.99854999827805,48481.82087705018,False,True,-11.82087705018057
2025-03-17 15:00:00+05:30,48475.15,48493.75,48460.0,48475.65,-1.0,-1,False,False,False,False,False,False,False,False,33.75,67.27369499845024,48481.507504839356,False,True,-5.857504839354078
2025-03-17 15:15:00+05:30,48473.0,48504.95,48473.0,48500.0,1.0,1,False,False,False,False,False,False,False,False,31.94999999999709,63.74132549860492,48483.27353958211,True,False,16.726460417892667
2025-03-17 15:30:00+05:30,48500.0,48500.0,48500.0,48500.0,3.0,1,False,False,False,False,False,False,False,False,0.0,57.36719294874443,48484.948851458146,True,False,15.051148541853763
2025-03-18 09:15:00+05:30,48751.05,48919.95,48664.1,48880.6,1.0,1,True,False,False,False,True,True,True,True,419.9499999999971,93.6254736538697,48521.050409243646,True,False,359.5495907563527
2025-03-18 09:30:00+05:30,48876.7,48995.0,48868.0,48965.35,-1.0,-1,False,False,False,False,True,True,True,True,127.0,96.96292628848273,48564.48611769951,True,False,400.8638823004876
2025-03-18 09:45:00+05:30,48961.9,48996.9,48900.9,48948.0,1.0,1,False,False,False,False,False,False,False,True,96.0,96.86663365963446,48605.41156486145,True,False,342.58843513854663
2025-03-18 10:00:00+05:30,48950.1,49050.0,48945.7,49025.0,5.0,1,False,False,False,False,False,True,False,True,104.30000000000291,97.6099702936713,48651.78795248799,True,False,373.21204751201003
2025-03-18 10:15:00+05:30,49034.8,49078.0,49016.15,49060.0,3.0,1,False,False,True,False,False,False,False,True,61.849999999998545,94.03397326430402,48699.24350018521,True,False,360.75649981478637
2025-03-18 10:30:00+05:30,49065.0,49090.0,49031.5,49089.9,1.0,1,False,False,False,False,False,False,False,True,58.5,90.48057593787362,48746.770069624734,True,False,343.1299303752676
2025-03-18 10:45:00+05:30,49090.0,49115.0,49018.55,49053.2,1.0,1,False,False,False,False,False,True,False,True,96.44999999999709,91.07751834408597,48787.855202614075,True,False,265.344797385922
2025-03-18 11:00:00+05:30,49057.65,49088.0,49025.0,49085.35,5.0,1,False,False,False,False,False,False,False,True,63.0,88.26976650967738,48828.40284818217,True,False,256.9471518178252
2025-03-18 11:15:00+05:30,49070.5,49100.0,49053.05,49085.55,5.0,1,False,False,False,False,False,False,False,True,46.94999999999709,84.13778985870935,48865.314366346116,True,False,220.2356336538869
2025-03-18 11:30:00+05:30,49087.95,49116.7,49068.3,49085.1,3.0,1,False,False,False,False,False,False,False,True,48.39999999999418,80.56401087283783,48898.43355604153,True,False,186.66644395847106
2025-03-18 11:45:00+05:30,49084.65,49124.2,49060.05,49113.1,-1.0,-1,False,False,False,False,False,False,False,True,64.14999999999418,78.92260978555346,48930.35798311411,True,False,182.742016885888
2025-03-18 12:00:00+05:30,49118.0,49156.0,49105.0,49141.15,3.0,1,False,False,False,False,False,False,False,True,51.0,76.13034880699811,48961.18865974855,True,False,179.96134025145147
2025-03-18 12:15:00+05:30,49141.05,49156.65,49078.25,49086.55,3.0,1,False,False,False,False,False,True,False,True,78.40000000000146,76.35731392629845,48983.56748441763,True,False,102.98251558237098
2025-03-18 12:30:00+05:30,49062.0,49099.7,49030.0,49030.0,5.0,1,False,False,False,False,False,False,False,True,69.69999999999709,75.69158253366831,48997.532584497836,True,False,32.46741550216393
2025-03-18 12:45:00+05:30,49030.0,49087.45,49010.05,49086.9,1.0,1,False,False,False,False,False,True,False,True,77.39999999999418,75.8624242803009,49013.70559636292,True,False,73.19440363708418
2025-03-18 13:00:00+05:30,49096.4,49112.95,49061.45,49109.25,3.0,1,False,False,False,False,False,False,False,True,51.5,73.42618185227082,49029.310017819735,True,False,79.93998218026536
2025-03-18 13:15:00+05:30,49109.25,49175.0,49093.25,49154.85,3.0,1,False,False,False,False,False,True,False,True,81.75,74.25856366704373,49046.75671624736,True,False,108.09328375264158
2025-03-18 13:30:00+05:30,49150.35,49209.3,49136.65,49206.6,5.0,1,False,False,False,False,False,False,False,True,72.65000000000146,74.09770730033951,49066.848834703174,True,False,139.75116529682418
2025-03-18 13:45:00+05:30,49209.3,49240.0,49185.0,49235.0,1.0,1,False,False,False,False,False,False,False,True,55.0,72.18793657030555,49087.630654388246,True,False,147.3693456117544
2025-03-18 14:00:00+05:30,49230.35,49242.25,49201.0,49215.0,3.0,1,False,False,False,False,False,False,False,True,41.25,69.094142913275,49104.80354579216,True,False,110.19645420784218
2025-03-18 14:15:00+05:30,49206.05,49269.0,49188.35,49262.0,3.0,1,False,False,False,False,False,True,False,True,80.65000000000146,70.24972862194764,49124.51606094504,True,False,137.4839390549605
2025-03-18 14:30:00+05:30,49269.0,49288.9,49249.95,49288.0,5.0,1,False,False,False,False,False,False,False,True,38.950000000004366,67.1197557597533,49144.914997388325,True,False,143.085002611675
2025-03-18 14:45:00+05:30,49288.0,49399.0,49288.0,49388.0,1.0,1,True,False,False,False,True,True,True,True,111.0,71.50778018377797,49172.71174086528,True,False,215.28825913472247
2025-03-18 15:00:00+05:30,49380.0,49391.45,49331.65,49380.35,3.0,1,False,False,False,False,False,False,False,True,59.799999999995634,70.33700216539974,49198.06938076102,True,False,182.28061923897621
2025-03-18 15:15:00+05:30,49378.2,49481.1,49371.7,49481.1,3.0,1,False,False,False,False,True,True,True,True,109.40000000000146,74.24330194885991,49230.6953982524,True,False,250.40460174759937
2025-03-18 15:30:00+05:30,49480.0,49480.0,49480.0,49480.0,5.0,1,False,False,False,False,False,False,False,True,1.0999999999985448,66.92897175397377,49261.20006980902,True,False,218.79993019098038
2025-03-19 09:15:00+05:30,49600.05,49667.2,49435.2,49574.95,3.0,1,False,False,True,False,True,True,True,True,232.0,83.4360745785764,49298.10853391297,True,False,276.84146608702576
2025-03-19 09:30:00+05:30,49562.7,49589.15,49451.1,49533.5,3.0,1,False,False,False,False,False,True,False,True,138.0500000000029,88.89746712071904,49328.85592053549,True,False,204.64407946450956
2025-03-19 09:45:00+05:30,49554.45,49600.0,49513.25,49593.85,3.0,1,False,False,False,False,False,False,False,True,86.75,88.68272040864714,49362.49763207285,True,False,231.35236792714568
2025-03-19 10:00:00+05:30,49598.75,49635.45,49566.0,49610.05,5.0,1,False,False,False,False,False,False,False,True,69.44999999999709,86.75944836778214,49394.90964169576,True,False,215.1403583042411
2025-03-19 10:15:00+05:30,49617.55,49739.75,49617.55,49739.75,5.0,1,True,False,False,False,True,True,True,True,129.6999999999971,91.05350353100364,49436.27652816729,True,False,303.47347183270904
2025-03-19 10:30:00+05:30,49740.0,49798.3,49700.0,49789.8,5.0,1,False,False,False,False,True,True,True,True,98.30000000000291,91.77815317790358,49479.23642505035,True,False,310.5635749496505
2025-03-19 10:45:00+05:30,49798.3,49824.0,49709.15,49765.0,3.0,1,False,False,False,False,False,True,False,True,114.84999999999854,94.08533786011307,49516.80643515828,True,False,248.19356484172022
2025-03-19 11:00:00+05:30,49765.2,49793.9,49749.6,49790.0,5.0,1,False,False,False,False,False,False,False,True,44.30000000000291,89.10680407410206,49553.362513248416,True,False,236.63748675158422
2025-03-19 11:15:00+05:30,49793.9,49817.0,49730.0,49770.1,3.0,1,False,False,True,False,False,False,False,True,87.0,88.89612366669185,49584.77043733024,True,False,185.32956266975816
2025-03-19 11:30:00+05:30,49779.95,49792.25,49744.8,49765.0,5.0,1,False,False,False,False,False,False,False,True,47.44999999999709,84.75151130002237,49612.37895941234,True,False,152.62104058766272
2025-03-19 11:45:00+05:30,49762.6,49798.0,49742.15,49773.55,3.0,1,False,False,False,False,False,False,False,True,55.849999999998545,81.86136017001999,49637.518008336316,True,False,136.03199166368722
2025-03-19 12:00:00+05:30,49787.7,49792.7,49742.0,49762.95,5.0,1,False,False,False,False,False,False,False,True,50.69999999999709,78.7452241530177,49658.59929050526,True,False,104.35070949473447
2025-03-19 12:15:00+05:30,49764.75,49846.95,49764.2,49805.9,3.0,1,False,False,False,False,False,True,False,True,84.0,79.27070173771594,49680.67410080268,True,False,125.22589919732127
2025-03-19 12:30:00+05:30,49800.0,49839.5,49796.1,49809.25,5.0,1,False,False,False,False,False,False,False,True,43.400000000001455,75.68363156394449,49700.35915940989,True,False,108.89084059010929
2025-03-19 12:45:00+05:30,49800.35,49867.65,49800.35,49859.8,3.0,1,False,False,False,False,False,False,False,True,67.30000000000291,74.84526840755032,49722.13106159505,True,False,137.66893840495322
2025-03-19 13:00:00+05:30,49860.0,49878.95,49756.95,49815.6,3.0,1,False,False,False,False,False,True,False,True,122.0,79.56074156679529,49737.571603688884,True,False,78.0283963111142
2025-03-19 13:15:00+05:30,49805.0,49829.95,49794.0,49806.35,1.0,1,False,False,False,False,False,False,False,True,35.94999999999709,75.19966741011547,49750.02538467945,True,False,56.32461532054731
2025-03-19 13:30:00+05:30,49820.0,49854.1,49817.05,49849.7,5.0,1,False,False,False,False,False,False,False,True,47.75,72.45470066910391,49764.47807337057,True,False,85.22192662942689
2025-03-19 13:45:00+05:30,49849.7,49849.7,49812.25,49834.7,1.0,1,False,False,False,False,False,False,False,True,37.44999999999709,68.95423060219323,49775.82921926499,True,False,58.87078073500743
2025-03-19 14:00:00+05:30,49834.15,49849.45,49789.8,49798.95,3.0,1,False,False,False,False,False,False,False,True,59.64999999999418,68.02380754197333,49782.36173332155,True,False,16.588266678445507
2025-03-19 14:15:00+05:30,49797.75,49837.15,49786.65,49829.6,1.0,1,False,False,False,False,False,False,False,True,50.5,66.271426787776,49790.2888125808,True,False,39.31118741919636
2025-03-19 14:30:00+05:30,49829.15,49852.45,49805.6,49845.25,3.0,1,False,False,False,False,False,False,False,True,46.849999999998545,64.32928410899825,49798.436878169894,True,False,46.813121830105956
2025-03-19 14:45:00+05:30,49848.5,49855.0,49815.0,49854.85,-1.0,-1,False,False,False,False,False,False,False,True,40.0,61.89635569809843,49806.39875584175,True,False,48.4512441582483
2025-03-19 15:00:00+05:30,49855.0,49855.0,49761.05,49810.15,3.0,1,False,False,False,False,False,True,False,True,93.94999999999709,65.10172012828829,49809.362132546914,True,False,0.7878674530875287
2025-03-19 15:15:00+05:30,49800.0,49825.0,49791.85,49817.4,1.0,1,False,False,False,False,False,False,False,True,33.150000000001455,61.906548115459614,49812.16150097144,True,False,5.238499028564547
2025-03-19 15:30:00+05:30,49817.4,49817.4,49817.4,49817.4,3.0,1,False,False,False,False,False,False,False,True,0.0,55.71589330391365,49814.278879572405,True,False,3.1211204275969067
2025-03-20 09:15:00+05:30,50000.05,50087.95,49933.05,50030.0,1.0,1,True,False,False,False,True,True,True,True,270.54999999999563,77.19930397352185,49835.11207142346,True,False,194.88792857654335
2025-03-20 09:30:00+05:30,50025.85,50033.0,49892.7,49956.85,1.0,1,False,False,False,False,False,True,False,True,140.3000000000029,83.50937357616996,49848.71142899965,True,False,108.13857100034511
2025-03-20 09:45:00+05:30,49956.8,49956.8,49842.05,49845.0,1.0,1,False,False,False,False,False,True,False,True,114.79999999999563,86.63843621855253,49851.422901169746,True,False,-6.422901169746183
2025-03-20 10:00:00+05:30,49845.0,49939.95,49830.0,49860.0,3.0,1,False,False,False,False,False,True,False,True,109.94999999999709,88.96959259669698,49854.739631738215,True,False,5.260368261784606
2025-03-20 10:15:00+05:30,49858.35,49944.95,49842.7,49927.8,1.0,1,False,False,True,False,False,True,False,True,102.25,90.29763333702729,49863.51964764176,True,False,64.28035235824063
2025-03-20 10:30:00+05:30,49924.8,49945.1,49898.4,49914.75,-1.0,-1,False,False,False,False,False,False,False,True,46.69999999999709,85.93787000332426,49870.45396129519,True,False,44.29603870480787
2025-03-20 10:45:00+05:30,49911.65,49935.1,49890.0,49918.5,-1.0,-1,False,False,False,False,False,False,False,True,45.099999999998545,81.8540830029917,49877.05813647596,True,False,41.44186352404358
2025-03-20 11:00:00+05:30,49927.05,49973.95,49908.35,49964.25,1.0,1,False,False,False,False,False,False,False,True,65.59999999999854,80.22867470269239,49887.14967159442,True,False,77.10032840557687
2025-03-20 11:15:00+05:30,49964.95,49978.0,49890.0,49903.8,-1.0,-1,False,False,False,False,False,True,False,True,88.0,81.00580723242315,49891.08443778007,True,False,12.715562219935236
2025-03-20 11:30:00+05:30,49905.4,49928.05,49885.3,49913.15,1.0,1,False,False,False,False,False,False,False,True,42.75,77.18022650918084,49895.19731034025,True,False,17.95268965975265
2025-03-20 11:45:00+05:30,49900.05,49928.35,49876.3,49906.5,1.0,1,False,False,False,False,False,False,False,True,52.049999999995634,74.66720385826231,49898.09047226541,True,False,8.409527734591393
2025-03-20 12:00:00+05:30,49906.5,49927.85,49892.55,49914.1,1.0,1,False,False,False,False,False,False,False,True,35.299999999995634,70.73048347243564,49901.11458493856,True,False,12.985415061441017
2025-03-20 12:15:00+05:30,49914.1,49932.8,49890.95,49911.0,1.0,1,False,False,False,False,False,False,False,True,41.85000000000582,67.84243512519265,49903.3620962726,True,False,7.637903727401863
2025-03-20 12:30:00+05:30,49903.05,49950.0,49897.2,49945.0,1.0,1,False,False,False,False,False,False,False,True,52.80000000000291,66.33819161267368,49908.2578765899,True,False,36.74212341009843
2025-03-20 12:45:00+05:30,49945.0,49977.8,49940.0,49961.0,1.0,1,False,False,False,False,False,False,False,True,37.80000000000291,63.4843724514066,49914.20835191777,True,False,46.791648082231404
2025-03-20 13:00:00+05:30,49961.0,50030.0,49930.9,50005.4,3.0,1,False,False,False,False,False,True,False,True,99.09999999999854,67.0459352062658,49923.7899104212,True,False,81.61008957880404
2025-03-20 13:15:00+05:30,50012.0,50100.0,49995.25,50050.0,3.0,1,False,False,False,False,False,True,False,True,104.75,70.81634168563922,49936.97905321678,True,False,113.02094678321737
2025-03-20 13:30:00+05:30,50050.0,50115.0,50033.35,50092.0,1.0,1,False,False,False,False,False,True,False,True,81.65000000000146,71.89970751707544,49953.438895376676,True,False,138.56110462332435
2025-03-20 13:45:00+05:30,50092.0,50174.1,50081.1,50155.3,1.0,1,True,False,False,False,True,True,True,True,93.0,74.00973676536789,49974.94836547764,True,False,180.35163452236156
2025-03-20 14:00:00+05:30,50159.85,50160.0,50092.0,50097.65,1.0,1,False,False,False,False,False,False,False,True,68.0,73.4087630888311,49990.33336881737,True,False,107.31663118262804
2025-03-20 14:15:00+05:30,50098.5,50160.0,50061.4,50150.9,1.0,1,False,False,False,False,False,True,False,True,98.59999999999854,75.92788677994784,50009.46685830155,True,False,141.43314169844962
2025-03-20 14:30:00+05:30,50158.0,50174.0,50125.15,50133.3,1.0,1,False,False,False,False,False,False,False,True,48.849999999998545,73.22009810195291,50025.78394294123,True,False,107.51605705877591
2025-03-20 14:45:00+05:30,50130.2,50160.0,50121.9,50130.6,1.0,1,False,False,True,False,False,False,False,True,38.099999999998545,69.70808829175748,50040.51218830685,True,False,90.08781169314898
2025-03-20 15:00:00+05:30,50134.85,50144.45,50085.1,50090.0,-1.0,-1,False,False,False,False,False,False,False,True,59.349999999998545,68.67227946258159,50050.15173342064,True,False,39.84826657936355
2025-03-20 15:15:00+05:30,50092.45,50110.0,50070.05,50080.0,1.0,1,False,False,False,False,False,False,False,True,39.94999999999709,65.80005151632314,50057.488224671724,True,False,22.51177532827569
2025-03-20 15:30:00+05:30,50075.0,50075.0,50075.0,50075.0,3.0,1,False,False,False,False,False,False,False,True,5.0,59.72004636469082,50063.06043748169,True,False,11.939562518309685
2025-03-21 09:15:00+05:30,50010.3,50170.0,49980.0,50103.3,3.0,1,False,False,False,False,False,True,False,True,190.0,72.74804172822175,50070.012798739204,True,False,33.28720126079861
2025-03-21 09:30:00+05:30,50096.0,50237.0,50036.05,50237.0,1.0,1,False,False,False,False,False,True,False,True,200.9499999999971,85.56823755539929,50088.02898298377,True,False,148.97101701622887
2025-03-21 09:45:00+05:30,50234.0,50243.2,50185.0,50230.0,3.0,1,False,False,False,False,False,False,False,True,58.19999999999709,82.83141379985906,50104.37408777923,True,False,125.62591222077026
2025-03-21 10:00:00+05:30,50230.0,50286.05,50169.0,50242.7,3.0,1,False,False,False,False,False,True,False,True,117.05000000000291,86.25327241987345,50120.77374770611,True,False,121.92625229388796
2025-03-21 10:15:00+05:30,50240.0,50407.45,50211.2,50407.45,3.0,1,True,False,False,False,True,True,True,True,196.25,97.25294517788612,50150.95961524011,True,False,256.49038475988345
2025-03-21 10:30:00+05:30,50409.15,50417.0,50346.75,50385.2,1.0,1,False,False,False,False,False,False,True,True,70.25,94.5526506600975,50177.81126674732,True,False,207.38873325267923
2025-03-21 10:45:00+05:30,50390.45,50499.95,50385.25,50475.1,3.0,1,False,False,False,False,True,True,True,True,114.75,96.57238559408775,50211.25525017397,True,False,263.8447498260284
2025-03-21 11:00:00+05:30,50483.0,50545.0,50460.0,50500.0,1.0,1,False,False,False,False,False,False,True,True,85.0,95.41514703467898,50245.14629068154,True,False,254.85370931845682
2025-03-21 11:15:00+05:30,50488.65,50570.0,50470.75,50512.3,1.0,1,False,False,True,False,False,True,False,True,99.25,95.79863233121108,50278.05985691587,True,False,234.24014308413462
2025-03-21 11:30:00+05:30,50512.3,50540.0,50424.9,50425.65,-1.0,-1,False,False,False,False,False,True,False,True,115.09999999999854,97.72876909808983,50300.77959179768,True,False,124.87040820232505
2025-03-21 11:45:00+05:30,50427.95,50450.0,50391.65,50415.25,3.0,1,False,False,False,False,False,False,False,True,58.349999999998545,93.79089218828071,50320.099237801,True,False,95.1507621990022
2025-03-21 12:00:00+05:30,50429.2,50494.75,50421.35,50462.85,1.0,1,False,False,False,False,False,False,False,True,79.5,92.36180296945264,50341.29959054712,True,False,121.55040945288056
2025-03-21 12:15:00+05:30,50462.0,50545.0,50450.0,50501.0,1.0,1,False,False,False,False,False,True,False,True,95.0,92.62562267250738,50363.584977435894,True,False,137.41502256410604
2025-03-21 12:30:00+05:30,50500.0,50539.95,50492.65,50537.1,1.0,1,False,False,False,False,False,False,False,True,47.299999999995634,88.0930604052562,50386.82519479188,True,False,150.27480520811514
2025-03-21 12:45:00+05:30,50537.05,50559.7,50501.65,50523.1,3.0,1,False,False,False,False,False,False,False,True,58.049999999995634,85.08875436473014,50406.52665204224,True,False,116.57334795776114
2025-03-21 13:00:00+05:30,50525.0,50529.95,50456.75,50481.3,1.0,1,False,False,False,False,False,False,False,True,73.19999999999709,83.89987892825683,50420.23987306709,True,False,61.06012693291268
2025-03-21 13:15:00+05:30,50476.7,50558.15,50420.0,50545.95,1.0,1,False,False,False,False,False,True,False,True,138.15000000000146,89.32489103543129,50437.75743982058,True,False,108.1925601794137
2025-03-21 13:30:00+05:30,50545.0,50558.15,50420.0,50465.0,3.0,1,False,False,False,False,False,True,False,True,138.15000000000146,94.20740193188831,50446.02428992358,True,False,18.97571007641818
2025-03-21 13:45:00+05:30,50460.0,50462.95,50307.0,50374.95,3.0,1,False,False,False,False,False,True,False,True,158.0,100.58666173869948,50444.38672522095,False,True,-69.43672522095585
2025-03-21 14:00:00+05:30,50372.4,50479.0,50355.7,50419.3,1.0,1,False,False,False,False,False,True,False,True,123.30000000000291,102.85799556482982,50445.328823942255,True,False,-26.02882394225162
2025-03-21 14:15:00+05:30,50425.7,50554.35,50425.7,50554.0,1.0,1,False,False,False,False,False,True,False,True,135.04999999999563,106.07719600834639,50457.366710006274,True,False,96.63328999372607
2025-03-21 14:30:00+05:30,50553.9,50558.7,50469.0,50482.7,3.0,1,False,False,False,False,False,False,False,True,89.69999999999709,104.43947640751146,50462.002005017595,True,False,20.697994982401724
2025-03-21 14:45:00+05:30,50481.15,50534.95,50452.0,50525.75,3.0,1,False,False,False,False,False,False,False,True,82.94999999999709,102.29052876676003,50469.714888894836,True,False,56.035111105164106
2025-03-21 15:00:00+05:30,50525.75,50630.0,50481.0,50584.0,1.0,1,False,False,False,False,False,True,False,True,149.0,106.96147589008403,50481.994584940345,True,False,102.0054150596552
2025-03-21 15:15:00+05:30,50571.05,50630.0,50555.0,50610.85,1.0,1,False,False,False,False,False,False,False,True,75.0,103.76532830107563,50496.01430985368,True,False,114.8356901463194
2025-03-21 15:30:00+05:30,50609.0,50609.0,50609.0,50609.0,3.0,1,False,False,False,False,False,False,False,True,1.8499999999985448,93.57379547096792,50509.11913337337,True,False,99.88086662662681
2025-03-24 09:15:00+05:30,51001.25,51120.0,50800.0,51044.0,3.0,1,True,False,False,False,True,True,True,True,511.0,135.31641592387115,50560.84382923972,True,False,483.1561707602814
2025-03-24 09:30:00+05:30,51046.65,51154.85,50985.0,51148.95,3.0,1,False,False,False,False,True,True,True,True,169.84999999999854,138.7697743314839,50620.89091203178,True,False,528.0590879682204
2025-03-24 09:45:00+05:30,51155.0,51375.0,51155.0,51355.05,3.0,1,False,False,False,False,True,True,True,True,226.0500000000029,147.4977968983358,50697.70844648745,True,False,657.3415535125532
2025-03-24 10:00:00+05:30,51350.4,51423.95,51325.25,51399.95,5.0,1,False,False,False,False,False,False,True,True,98.69999999999709,142.61801720850193,50775.80827301431,True,False,624.1417269856902
2025-03-24 10:15:00+05:30,51396.2,51515.0,51376.9,51490.95,3.0,1,False,False,True,False,False,False,True,True,138.09999999999854,142.16621548765158,50858.4343051227,True,False,632.5156948773001
2025-03-24 10:30:00+05:30,51490.95,51649.7,51483.5,51560.0,3.0,1,False,False,False,False,True,True,True,True,166.1999999999971,144.56959393888616,50942.7203766758,True,False,617.279623324197
2025-03-24 10:45:00+05:30,51555.6,51764.85,51555.6,51764.4,1.0,1,False,False,False,False,True,True,True,True,209.25,151.03763454499753,51040.13863618107,True,False,724.2613638189287
2025-03-24 11:00:00+05:30,51772.05,51793.0,51598.0,51656.85,3.0,1,False,False,False,False,False,True,False,True,195.0,155.43387109049777,51121.62549071389,True,False,535.2245092861122
2025-03-24 11:15:00+05:30,51657.9,51668.55,51585.65,51601.5,3.0,1,False,False,False,False,False,False,False,True,82.90000000000146,148.18048398144816,51191.296648379146,True,False,410.20335162085394
2025-03-24 11:30:00+05:30,51603.65,51614.2,51505.0,51543.0,5.0,1,False,False,False,False,False,False,False,True,109.19999999999709,144.28243558330306,51248.600758138055,True,False,294.3992418619455
2025-03-24 11:45:00+05:30,51541.8,51629.9,51541.8,51594.95,3.0,1,False,False,False,False,False,False,False,True,88.09999999999854,138.6641920249726,51303.58842446344,True,False,291.3615755365536
2025-03-24 12:00:00+05:30,51604.95,51620.3,51522.4,51596.5,3.0,1,False,False,False,False,False,False,False,True,97.90000000000146,134.5877728224755,51351.922298644,True,False,244.57770135600003
2025-03-24 12:15:00+05:30,51595.1,51679.2,51575.75,51663.75,3.0,1,False,False,False,False,False,False,False,True,103.44999999999709,131.47399554022766,51399.90723653314,True,False,263.8427634668624
2025-03-24 12:30:00+05:30,51665.0,51688.15,51620.0,51669.0,3.0,1,False,False,False,False,False,False,False,True,68.15000000000146,125.14159598620503,51442.33539852549,True,False,226.6646014745129
2025-03-24 12:45:00+05:30,51662.1,51677.7,51587.0,51615.0,1.0,1,False,False,False,False,False,False,False,True,90.69999999999709,121.69743638758423,51474.274950029125,True,False,140.72504997087526
2025-03-24 13:00:00+05:30,51614.15,51672.15,51601.8,51670.3,3.0,1,False,False,False,False,False,False,False,True,70.34999999999854,116.56269274882565,51506.15763167723,True,False,164.14236832276947
2025-03-24 13:15:00+05:30,51671.05,51688.0,51600.0,51624.75,3.0,1,False,False,False,False,False,False,False,True,88.0,113.70642347394309,51529.37942511998,True,False,95.37057488002029
2025-03-24 13:30:00+05:30,51629.95,51642.35,51581.4,51604.35,3.0,1,False,False,False,False,False,False,False,True,60.94999999999709,108.43078112654848,51546.74994214619,True,False,57.60005785380781
2025-03-24 13:45:00+05:30,51604.35,51679.75,51560.3,51676.7,1.0,1,False,False,False,False,False,True,False,True,119.44999999999709,109.53270301389334,51567.2338868488,True,False,109.46611315119662
2025-03-24 14:00:00+05:30,51663.0,51745.65,51636.95,51715.25,3.0,1,False,False,False,False,False,False,False,True,108.70000000000437,109.44943271250445,51588.2504488395,True,False,126.99955116050114
2025-03-24 14:15:00+05:30,51732.95,51775.0,51690.0,51746.3,1.0,1,False,False,False,False,False,False,False,True,85.0,107.00448944125401,51609.482628035264,True,False,136.8173719647384
2025-03-24 14:30:00+05:30,51747.55,51810.9,51711.0,51732.4,3.0,1,False,False,False,False,False,False,False,True,99.90000000000146,106.29404049712875,51627.126481561274,True,False,105.27351843872748
2025-03-24 14:45:00+05:30,51720.0,51778.3,51710.0,51765.85,1.0,1,False,False,False,False,False,False,False,True,68.30000000000291,102.49463644741618,51645.697675284646,True,False,120.15232471535273
2025-03-24 15:00:00+05:30,51764.7,51764.7,51633.35,51700.0,3.0,1,False,False,False,False,False,True,False,True,132.5,105.49517280267455,51656.371916800126,True,False,43.6280831998738
2025-03-24 15:15:00+05:30,51700.0,51839.4,51700.0,51835.0,1.0,1,False,False,False,False,False,True,False,True,139.40000000000146,108.88565552240725,51677.54008566551,True,False,157.45991433448944
2025-03-24 15:30:00+05:30,51825.85,51825.85,51825.85,51825.85,3.0,1,False,False,False,False,False,False,False,True,9.150000000001455,98.91208997016666,51696.24802917119,True,False,129.60197082880768
2025-03-25 09:15:00+05:30,51950.1,51988.05,51666.0,51773.95,3.0,1,False,False,False,False,False,True,False,True,322.0500000000029,121.22588097315028,51708.63783467682,True,False,65.31216532317922
2025-03-25 09:30:00+05:30,51773.95,51975.0,51770.0,51947.8,5.0,1,True,False,False,False,True,True,True,True,205.0,129.60329287583525,51735.24014602037,True,False,212.55985397963377
2025-03-25 09:45:00+05:30,51940.0,52050.0,51901.1,52032.85,1.0,1,False,False,False,False,True,True,True,True,148.90000000000146,131.53296358825187,51767.98640189932,True,False,264.863598100681
2025-03-25 10:00:00+05:30,52042.15,52042.15,51930.2,51930.2,1.0,1,False,False,False,False,False,False,False,True,111.95000000000437,129.57466722942712,51789.67224553004,True,False,140.52775446995656
2025-03-25 10:15:00+05:30,51916.5,52035.0,51885.0,52000.0,1.0,1,False,False,False,False,False,True,False,True,150.0,131.6172005064844,51815.788074310345,True,False,184.2119256896549
2025-03-25 10:30:00+05:30,51992.1,52000.0,51770.35,51918.0,3.0,1,False,False,True,False,False,True,False,True,229.65000000000146,141.4204804558361,51832.486884111946,True,False,85.51311588805402
2025-03-25 10:45:00+05:30,51913.7,51935.0,51816.85,51877.8,-1.0,-1,False,False,False,False,False,False,False,True,118.15000000000146,139.09343241025263,51843.52732798217,True,False,34.27267201783252
2025-03-25 11:00:00+05:30,51877.8,51911.6,51830.0,51865.6,1.0,1,False,False,False,False,False,False,False,True,81.59999999999854,133.34408916922723,51851.54757550813,True,False,14.052424491870624
2025-03-25 11:15:00+05:30,51862.15,51877.05,51755.65,51775.0,1.0,1,False,False,False,False,False,False,False,True,121.40000000000146,132.14968025230465,51849.613112032916,False,True,-74.61311203291552
2025-03-25 11:30:00+05:30,51766.8,51851.0,51654.55,51714.85,1.0,1,False,False,False,False,False,True,False,True,196.4499999999971,138.5797122270739,51840.757226622816,False,True,-125.90722662281769
2025-03-25 11:45:00+05:30,51705.35,51829.6,51700.0,51818.55,-3.0,-1,False,False,False,False,False,False,False,True,129.59999999999854,137.6817410043664,51840.22471737139,False,True,-21.674717371388397
2025-03-25 12:00:00+05:30,51822.65,51850.6,51755.0,51770.0,-1.0,-1,False,False,False,False,False,False,False,True,95.59999999999854,133.4735669039296,51834.55883759088,False,True,-64.55883759087737
2025-03-25 12:15:00+05:30,51770.0,51791.45,51630.5,51710.0,-1.0,-1,False,False,False,False,False,True,False,True,160.9499999999971,136.22121021353635,51823.002925114284,False,True,-113.00292511428415
2025-03-25 12:30:00+05:30,51710.0,51750.0,51675.0,51713.25,-1.0,-1,False,False,False,False,False,False,False,True,75.0,130.0990891921827,51811.61223896762,False,True,-98.36223896761658
2025-03-25 12:45:00+05:30,51723.55,51723.55,51671.0,51716.6,-1.0,-1,False,False,False,False,False,False,False,True,52.55000000000291,122.34418027296472,51800.70873831263,False,True,-84.1087383126287
2025-03-25 13:00:00+05:30,51715.0,51733.35,51685.0,51691.4,-1.0,-1,False,False,False,False,False,False,False,True,48.349999999998545,114.9447622456681,51787.95682368664,False,True,-96.55682368663838
2025-03-25 13:15:00+05:30,51693.25,51693.25,51603.0,51634.0,-1.0,-1,False,False,False,False,False,False,True,True,90.25,112.47528602110128,51770.64718427462,False,True,-136.64718427461776
2025-03-25 13:30:00+05:30,51635.2,51744.95,51628.0,51724.1,-1.0,-1,False,False,False,False,False,True,False,True,116.94999999999709,112.92275741899087,51762.36386457007,False,True,-38.263864570071746
2025-03-25 13:45:00+05:30,51724.05,51809.95,51697.05,51743.15,-1.0,-1,False,False,False,False,False,False,False,True,112.89999999999418,112.9204816770912,51756.79485887743,False,True,-13.644858877429215
2025-03-25 14:00:00+05:30,51756.05,51825.55,51720.0,51816.0,-3.0,-1,False,False,False,False,False,False,False,True,105.55000000000291,112.18343350938237,51758.81796250447,True,False,57.182037495527766
2025-03-25 14:15:00+05:30,51818.75,51832.55,51672.65,51672.65,-3.0,-1,False,False,False,False,False,True,False,True,159.90000000000146,116.95509015844428,51748.72298909175,False,True,-76.07298909175006
2025-03-25 14:30:00+05:30,51672.0,51760.0,51672.0,51729.95,-3.0,-1,False,False,False,False,False,False,False,True,88.0,114.05958114259985,51744.6161855192,False,True,-14.666185519199644
2025-03-25 14:45:00+05:30,51716.95,51761.7,51676.25,51717.35,-1.0,-1,False,False,False,False,False,False,False,True,85.44999999999709,111.19862302833958,51740.11742306964,False,True,-22.767423069642973
2025-03-25 15:00:00+05:30,51723.3,51760.0,51710.0,51722.0,-1.0,-1,False,False,False,False,False,False,False,True,50.0,105.07876072550562,51736.70687038014,False,True,-14.706870380141481
2025-03-25 15:15:00+05:30,51712.1,51739.0,51567.0,51568.6,-3.0,-1,False,True,False,False,True,True,True,True,172.0,111.77088465295506,51719.97326490996,False,True,-151.37326490996202
2025-03-25 15:30:00+05:30,51581.9,51581.9,51581.9,51581.9,-1.0,-1,False,False,False,False,False,False,False,True,13.30000000000291,101.92379618765985,51705.056702002315,False,True,-123.15670200231398
2025-03-26 09:15:00+05:30,51649.85,51817.3,51590.85,51732.0,1.0,1,False,False,False,False,False,True,False,True,235.40000000000146,115.27141656889401,51704.48493494737,False,True,27.515065052626596
2025-03-26 09:30:00+05:30,51734.65,51799.1,51657.2,51714.4,1.0,1,False,False,False,False,False,True,False,True,141.90000000000146,117.93427491200475,51703.05367719562,False,True,11.346322804383817
2025-03-26 09:45:00+05:30,51714.25,51825.0,51660.05,51796.0,-1.0,-1,False,False,False,True,False,True,False,True,164.9499999999971,122.63584742080397,51709.65427121805,True,False,86.3457287819474
2025-03-26 10:00:00+05:30,51797.9,51808.0,51725.0,51808.0,-1.0,-1,False,False,False,False,False,False,False,True,83.0,118.67226267872357,51717.82179477455,True,False,90.17820522544935
2025-03-26 10:15:00+05:30,51810.0,51844.0,51755.05,51800.0,1.0,1,False,False,False,False,False,False,False,True,88.94999999999709,115.70003641085093,51725.52290277251,True,False,74.47709722749278
2025-03-26 10:30:00+05:30,51800.0,51958.85,51780.0,51792.35,1.0,1,False,False,False,False,False,True,False,True,178.84999999999854,122.01503276976568,51732.57719483304,True,False,59.772805166961916
2025-03-26 10:45:00+05:30,51789.1,51825.0,51650.0,51715.0,-1.0,-1,False,False,False,False,False,True,False,True,175.0,127.31352949278912,51732.48400957291,False,True,-17.48400957290869
2025-03-26 11:00:00+05:30,51715.0,51715.0,51570.3,51666.25,-1.0,-1,False,False,False,False,False,True,False,False,144.6999999999971,129.05217654350992,51727.74214749591,False,True,-61.49214749591192
2025-03-26 11:15:00+05:30,51662.15,51699.95,51614.0,51687.75,-1.0,-1,False,False,False,False,False,False,False,False,85.94999999999709,124.74195888915862,51724.74380903017,False,True,-36.993809030173
2025-03-26 11:30:00+05:30,51688.2,51688.2,51542.6,51618.85,-1.0,-1,False,False,False,False,False,True,False,False,145.59999999999854,126.82776300024261,51715.357090763435,False,True,-96.50709076343628
2025-03-26 11:45:00+05:30,51619.85,51635.3,51504.0,51505.2,-3.0,-1,False,True,False,False,True,True,True,False,131.3000000000029,127.27498670021865,51695.636910606685,False,True,-190.4369106066879
2025-03-26 12:00:00+05:30,51500.15,51550.0,51473.9,51528.75,-3.0,-1,False,False,False,False,False,False,False,False,76.09999999999854,122.15748803019665,51678.26814064766,False,True,-149.51814064766222
2025-03-26 12:15:00+05:30,51525.0,51545.95,51481.0,51515.0,-3.0,-1,False,False,False,False,False,False,False,False,64.94999999999709,116.43673922717669,51660.16561334542,False,True,-145.16561334542348
2025-03-26 12:30:00+05:30,51504.3,51541.85,51443.35,51500.0,-1.0,-1,False,False,False,False,False,False,False,False,98.5,114.64306530445901,51641.47668101417,False,True,-141.4766810141664
2025-03-26 12:45:00+05:30,51505.0,51544.95,51482.15,51491.05,-3.0,-1,False,False,False,True,False,False,False,False,62.799999999995634,109.45875877401268,51622.98868744227,False,True,-131.93868744226347
2025-03-26 13:00:00+05:30,51491.1,51500.0,51290.0,51348.2,-3.0,-1,False,False,False,False,True,True,True,False,210.0,119.51288289661143,51592.76523342516,False,True,-244.56523342516448
2025-03-26 13:15:00+05:30,51344.05,51344.05,51190.95,51293.45,-3.0,-1,False,False,False,False,True,True,True,True,157.25,123.28659460695027,51559.04815621054,False,True,-265.5981562105444
2025-03-26 13:30:00+05:30,51285.8,51314.6,51215.0,51215.6,-1.0,-1,False,False,False,False,False,False,True,True,99.59999999999854,120.9179351462551,51520.0728523904,False,True,-304.472852390405
2025-03-26 13:45:00+05:30,51211.0,51288.85,51188.35,51288.85,-1.0,-1,False,False,False,False,False,False,False,True,100.5,118.8761416316296,51489.89001142833,False,True,-201.04001142833295
2025-03-26 14:00:00+05:30,51288.85,51328.9,51244.55,51255.05,-5.0,-1,False,False,False,False,False,False,False,True,84.34999999999854,115.4235274684665,51459.065821012,False,True,-204.01582101199892
2025-03-26 14:15:00+05:30,51255.05,51317.65,51213.2,51300.0,-3.0,-1,False,False,False,False,False,False,False,True,104.45000000000437,114.32617472162028,51434.89868149932,False,True,-134.89868149931863
2025-03-26 14:30:00+05:30,51300.0,51304.6,51230.0,51240.55,-3.0,-1,False,False,False,False,False,False,False,True,74.59999999999854,110.35355724945809,51407.98932201825,False,True,-167.43932201824646
2025-03-26 14:45:00+05:30,51260.0,51298.0,51161.0,51215.0,-1.0,-1,False,False,False,False,False,True,False,True,137.0,113.01820152451228,51381.41104072929,False,True,-166.4110407292901
2025-03-26 15:00:00+05:30,51221.0,51342.9,51200.55,51299.4,-3.0,-1,False,False,False,False,False,True,False,True,142.34999999999854,115.95138137206091,51365.125109825625,False,True,-65.7251098256238
2025-03-26 15:15:00+05:30,51306.0,51306.0,51259.3,51266.7,-1.0,-1,False,False,False,False,False,False,False,True,46.69999999999709,109.02624323485452,51348.406778676115,False,True,-81.70677867611812
2025-03-26 15:30:00+05:30,51285.1,51285.1,51285.1,51285.1,-1.0,-1,False,False,False,False,False,False,False,True,18.400000000001455,99.96361891136921,51335.699386882436,False,True,-50.5993868824371
2025-03-27 09:15:00+05:30,51160.0,51473.0,51068.1,51422.4,1.0,1,False,False,False,False,False,True,False,True,404.90000000000146,130.45725702023242,51337.57265327604,True,False,84.82734672396327
2025-03-27 09:30:00+05:30,51435.65,51524.8,51382.25,51506.85,-1.0,-1,False,False,False,False,True,True,True,True,142.5500000000029,131.66653131820948,51348.89684343111,True,False,157.95315656888852
2025-03-27 09:45:00+05:30,51508.0,51634.85,51480.0,51628.4,1.0,1,True,False,False,False,True,True,True,True,154.84999999999854,133.98487818638839,51372.54181243001,True,False,255.85818756998924
2025-03-27 10:00:00+05:30,51634.85,51648.0,51576.0,51603.05,-1.0,-1,False,False,False,False,False,False,True,True,72.0,127.78639036774955,51394.57294479053,True,False,208.47705520947056
2025-03-27 10:15:00+05:30,51610.0,51631.35,51550.0,51615.0,3.0,1,False,False,False,False,False,False,True,True,81.34999999999854,123.14275133097445,51417.739364434994,True,False,197.26063556500594
2025-03-27 10:30:00+05:30,51613.4,51639.8,51531.3,51552.9,1.0,1,False,False,False,False,False,False,False,True,108.5,121.67847619787702,51434.77878193296,True,False,118.1212180670409
2025-03-27 10:45:00+05:30,51565.55,51616.95,51530.0,51600.05,3.0,1,False,False,True,False,False,False,False,True,86.94999999999709,118.20562857808902,51455.175527913896,True,False,144.87447208610683
2025-03-27 11:00:00+05:30,51609.0,51659.7,51607.2,51648.15,1.0,1,False,False,False,False,False,False,True,True,59.64999999999418,112.35006572027953,51478.704108802456,True,False,169.44589119754528
2025-03-27 11:15:00+05:30,51648.6,51688.0,51605.0,51631.95,5.0,1,False,False,False,False,False,False,False,True,83.0,109.41505914825157,51499.25408114042,True,False,132.69591885957925
2025-03-27 11:30:00+05:30,51628.15,51670.0,51628.15,51658.8,3.0,1,False,False,False,False,False,False,False,True,41.849999999998545,102.65855323342626,51520.52072579014,True,False,138.2792742098609
2025-03-27 11:45:00+05:30,51669.95,51675.0,51646.2,51656.4,3.0,1,False,False,False,False,False,False,False,True,28.80000000000291,95.27269791008392,51539.72449432597,True,False,116.67550567402941
2025-03-27 12:00:00+05:30,51656.4,51664.0,51603.25,51657.65,-1.0,-1,False,False,False,False,False,False,False,True,60.75,91.82042811907553,51557.12938370455,True,False,100.52061629544914
2025-03-27 12:15:00+05:30,51642.75,51661.1,51626.05,51650.1,3.0,1,False,False,False,False,False,False,False,True,35.049999999995634,86.14338530716755,51571.93773534558,True,False,78.16226465442014
2025-03-27 12:30:00+05:30,51649.15,51654.65,51604.6,51637.75,3.0,1,False,False,False,False,False,False,False,True,50.05000000000291,82.53404677645109,51583.772825889195,True,False,53.97717411080521
2025-03-27 12:45:00+05:30,51637.75,51654.7,51622.85,51653.0,3.0,1,False,False,False,False,False,False,False,True,31.849999999998545,77.46564209880583,51595.25061306745,True,False,57.74938693254808
2025-03-27 13:00:00+05:30,51653.0,51667.3,51623.0,51644.25,1.0,1,False,False,False,False,False,False,False,True,44.30000000000291,74.14907788892553,51604.33470506321,True,False,39.915294936792634
2025-03-27 13:15:00+05:30,51634.55,51652.2,51622.05,51645.45,1.0,1,False,False,False,False,False,False,False,True,30.14999999999418,69.74917010003239,51612.07906611986,True,False,33.370933880134544
2025-03-27 13:30:00+05:30,51641.1,51675.0,51641.1,51674.0,1.0,1,False,False,False,False,False,False,False,True,33.900000000001455,66.16425309002929,51621.12789779181,True,False,52.87210220818815
2025-03-27 13:45:00+05:30,51673.3,51677.0,51646.45,51660.15,1.0,1,False,False,False,False,False,False,False,True,30.55000000000291,62.602827781026654,51627.779714472075,True,False,32.37028552792617
2025-03-27 14:00:00+05:30,51660.95,51675.0,51631.0,51638.65,1.0,1,False,False,False,False,False,False,False,True,44.0,60.74254500292399,51631.467830845664,True,False,7.182169154337316
2025-03-27 14:15:00+05:30,51638.0,51663.1,51633.75,51635.7,-1.0,-1,False,False,False,False,False,False,False,True,29.349999999998545,57.603290502631445,51634.01770833804,True,False,1.6822916619566968
2025-03-27 14:30:00+05:30,51635.0,51655.0,51571.5,51651.0,-1.0,-1,False,False,False,False,False,True,False,True,83.5,60.192961452368294,51637.233849492884,True,False,13.766150507115526
2025-03-27 14:45:00+05:30,51655.1,51701.9,51630.3,51679.55,1.0,1,False,False,False,False,False,True,False,True,71.59999999999854,61.33366530713132,51642.445185833385,True,False,37.10481416661787
2025-03-27 15:00:00+05:30,51677.9,51693.8,51558.05,51565.0,3.0,1,False,False,False,False,False,True,False,True,135.75,68.77529877641818,51636.75914787674,False,True,-71.75914787674265
2025-03-27 15:15:00+05:30,51563.1,51592.0,51551.2,51585.9,-1.0,-1,False,False,False,False,False,False,False,True,40.80000000000291,65.97776889877665,51632.586068838136,False,True,-46.686068838134815
2025-03-28 09:15:00+05:30,52050.0,52125.0,51900.0,51905.55,-1.0,-1,False,False,False,False,True,True,True,True,539.0999999999985,113.28999200889885,51657.19370098583,True,False,248.3562990141727
2025-03-28 09:30:00+05:30,51900.05,51932.8,51754.1,51760.65,1.0,1,False,False,False,False,False,True,False,True,178.70000000000437,119.83099280800938,51668.38366402429,True,False,92.26633597571345
2025-03-28 09:45:00+05:30,51753.0,51975.0,51711.55,51975.0,3.0,1,True,False,False,False,True,True,True,True,263.4499999999971,134.19289352720816,51698.51668139551,True,False,276.4833186044925
2025-03-28 10:00:00+05:30,51975.0,51995.0,51805.0,51875.55,-1.0,-1,False,False,False,False,False,True,False,True,190.0,139.77360417448733,51718.885815774745,True,False,156.6641842252575
2025-03-28 10:15:00+05:30,51872.35,51939.65,51825.0,51930.0,-3.0,-1,False,False,False,False,False,False,False,True,114.65000000000146,137.26124375703876,51743.13047393793,True,False,186.86952606207342
2025-03-28 10:30:00+05:30,51940.0,52088.3,51922.2,51986.3,1.0,1,False,False,False,False,True,True,True,True,166.10000000000582,140.14511938133546,51771.1754076839,True,False,215.1245923161041
2025-03-28 10:45:00+05:30,51999.35,52043.0,51975.0,52001.65,3.0,1,False,False,True,False,False,False,True,True,68.0,132.93060744320192,51799.03808609045,True,False,202.61191390955355
2025-03-28 11:00:00+05:30,52004.0,52019.8,51835.95,51835.95,-1.0,-1,False,False,False,False,False,True,False,True,183.85000000000582,138.0225466988823,51810.045047186024,True,False,25.90495281397307
2025-03-28 11:15:00+05:30,51831.0,51887.1,51801.0,51834.9,-1.0,-1,False,False,False,False,False,False,False,True,86.09999999999854,132.83029202899394,51819.04297709205,True,False,15.857022907948704
2025-03-28 11:30:00+05:30,51825.0,51849.0,51756.0,51780.85,-1.0,-1,False,False,False,False,False,False,False,True,93.0,128.84726282609455,51821.32940936547,True,False,-40.47940936547093
2025-03-28 11:45:00+05:30,51781.65,51849.0,51774.8,51823.0,1.0,1,False,False,False,False,False,False,False,True,74.19999999999709,123.3825365434848,51825.82195486186,True,False,-2.821954861858103
2025-03-28 12:00:00+05:30,51823.0,51886.4,51816.0,51856.0,-1.0,-1,False,False,False,False,False,False,False,True,70.40000000000146,118.08428288913646,51831.93015353563,True,False,24.06984646437195
2025-03-28 12:15:00+05:30,51855.2,51862.1,51670.0,51677.3,-1.0,-1,False,True,False,False,True,True,True,False,192.09999999999854,125.48585460022267,51820.66223497616,False,True,-143.3622349761572
2025-03-28 12:30:00+05:30,51677.3,51734.95,51631.05,51725.4,1.0,1,False,False,False,False,False,False,False,False,103.89999999999418,123.32726914019982,51812.88903934924,False,True,-87.48903934923874
2025-03-28 12:45:00+05:30,51721.75,51780.0,51705.0,51750.0,-1.0,-1,False,False,False,False,False,False,False,False,75.0,118.49454222617983,51806.86400566566,False,True,-56.864005665658624
2025-03-28 13:00:00+05:30,51757.0,51757.0,51651.2,51677.7,-1.0,-1,False,False,False,False,False,False,True,False,105.80000000000291,117.22508800356213,51794.10078461386,False,True,-116.40078461386292
2025-03-28 13:15:00+05:30,51691.35,51732.2,51660.0,51704.5,1.0,1,False,False,False,True,False,False,False,False,72.19999999999709,112.72257920320563,51783.87339169194,False,True,-79.37339169193729
2025-03-28 13:30:00+05:30,51721.5,51816.0,51703.05,51725.0,1.0,1,False,False,False,False,False,True,False,False,112.94999999999709,112.74532128288479,51775.879710749854,False,True,-50.879710749853984
2025-03-28 13:45:00+05:30,51722.65,51742.05,51675.05,51700.2,-1.0,-1,False,False,False,False,False,False,False,False,67.0,108.1707891545963,51766.19178102259,False,True,-65.99178102259611
2025-03-28 14:00:00+05:30,51700.0,51787.0,51660.0,51787.0,-1.0,-1,False,False,False,False,False,True,False,False,127.0,110.05371023913668,51765.055346856316,False,True,21.944653143684263
2025-03-28 14:15:00+05:30,51782.55,51874.0,51770.15,51874.0,1.0,1,False,False,False,False,False,False,False,False,103.84999999999854,109.43333921522284,51772.5212708011,True,False,101.47872919889778
2025-03-28 14:30:00+05:30,51874.0,51998.0,51809.5,51992.35,-1.0,-1,False,False,False,False,True,True,True,False,188.5,117.34000529370056,51791.300375457606,True,False,201.04962454239285
2025-03-28 14:45:00+05:30,52003.0,52048.0,51940.0,51947.0,-3.0,-1,False,False,False,False,False,False,False,False,108.0,116.4060047643305,51806.24848824993,True,False,140.7515117500734
2025-03-28 15:00:00+05:30,51947.0,51955.65,51804.0,51862.5,-3.0,-1,False,False,False,False,False,True,False,False,151.65000000000146,119.93040428789759,51813.46062175611,True,False,49.039378243891406
2025-03-28 15:15:00+05:30,51863.45,51869.55,51813.95,51850.0,3.0,1,False,False,False,False,False,False,False,False,55.60000000000582,113.49736385910842,51819.222395752164,True,False,30.77760424783628
2025-03-28 15:30:00+05:30,51840.0,51840.0,51840.0,51840.0,1.0,1,False,False,False,False,False,False,False,False,10.0,103.14762747319757,51823.62172962518,True,False,16.378270374822023
2025-04-01 09:15:00+05:30,51683.95,51800.0,51538.0,51732.85,-3.0,-1,False,True,False,False,True,True,True,False,302.0,123.03286472587781,51817.767992822344,False,True,-84.9179928223457
2025-04-01 09:30:00+05:30,51732.0,51896.8,51679.95,51884.4,-3.0,-1,False,False,False,False,False,True,False,False,216.85000000000582,132.4145782532906,51825.157788949415,True,False,59.242211050586775
2025-04-01 09:45:00+05:30,51890.0,51920.0,51804.0,51877.6,1.0,1,False,False,False,False,False,False,False,False,116.0,130.77312042796154,51831.47532631771,True,False,46.12467368228681
2025-04-01 10:00:00+05:30,51874.15,51880.0,51650.0,51650.0,1.0,1,False,False,False,False,True,True,True,False,230.0,140.6958083851654,51816.663661000544,False,True,-166.66366100054438
2025-04-01 10:15:00+05:30,51639.15,51738.0,51400.0,51403.65,-3.0,-1,False,False,False,True,True,True,True,False,338.0,160.42622754664887,51779.16957894744,False,True,-375.5195789474383
2025-04-01 10:30:00+05:30,51381.8,51450.05,51315.35,51449.8,-3.0,-1,False,False,False,False,False,False,True,False,134.70000000000437,157.85360479198442,51746.000756750655,False,True,-296.20075675065164
2025-04-01 10:45:00+05:30,51442.0,51488.0,51180.9,51185.0,1.0,1,False,False,False,False,True,True,True,True,307.09999999999854,172.77824431278583,51689.56986227537,False,True,-504.5698622753698
2025-04-01 11:00:00+05:30,51190.0,51226.65,51120.5,51184.85,-1.0,-1,False,False,False,False,False,False,True,True,106.15000000000146,166.1154198815074,51634.5775059099,False,True,-449.7275059099047
2025-04-01 11:15:00+05:30,51180.25,51249.35,51175.0,51235.3,-3.0,-1,False,False,False,False,False,False,True,True,74.34999999999854,156.9388778933565,51586.415121401275,False,True,-351.1151214012716
2025-04-01 11:30:00+05:30,51230.0,51235.4,51050.0,51075.5,-3.0,-1,False,True,False,False,True,True,True,True,185.40000000000146,159.784990104021,51526.664817617835,False,True,-451.16481761783507
2025-04-01 11:45:00+05:30,51070.25,51168.0,51050.0,51137.1,1.0,1,False,False,False,False,False,False,True,True,118.0,155.6064910936189,51475.97802191439,False,True,-338.8780219143882
2025-04-01 12:00:00+05:30,51138.45,51175.0,51065.5,51166.0,-1.0,-1,False,False,False,False,False,False,False,True,109.5,150.995841984257,51431.87825307913,False,True,-265.8782530791286
2025-04-01 12:15:00+05:30,51168.2,51234.3,51160.0,51172.85,-3.0,-1,False,False,False,False,False,False,False,True,74.30000000000291,143.3262577858316,51392.62668015333,False,True,-219.77668015332893
2025-04-01 12:30:00+05:30,51171.85,51273.0,51171.0,51224.1,-5.0,-1,False,False,False,True,False,False,False,True,102.0,139.19363200724842,51362.32827201072,False,True,-138.22827201072505
2025-04-01 12:45:00+05:30,51215.0,51227.95,51124.5,51142.0,-1.0,-1,False,False,False,False,False,False,False,True,103.44999999999709,135.61926880652328,51328.79298048271,False,True,-186.7929804827072
2025-04-01 13:00:00+05:30,51142.0,51180.0,51101.0,51175.65,-1.0,-1,False,False,False,False,False,False,False,True,79.0,129.95734192587094,51302.326081950945,False,True,-126.67608195094363
2025-04-01 13:15:00+05:30,51175.65,51175.65,51082.0,51130.0,-3.0,-1,False,False,False,False,False,False,False,True,93.65000000000146,126.32660773328398,51275.49787616671,False,True,-145.497876166708
2025-04-01 13:30:00+05:30,51120.0,51184.0,51082.05,51146.8,-3.0,-1,False,False,False,False,False,False,False,True,101.94999999999709,123.88894695995529,51253.68070439384,False,True,-106.88070439383591
2025-04-01 13:45:00+05:30,51148.5,51183.9,51111.05,51139.3,-1.0,-1,False,False,False,False,False,False,False,True,72.84999999999854,118.78505226395961,51234.366517076785,False,True,-95.06651707678247
2025-04-01 14:00:00+05:30,51126.15,51199.95,51123.1,51149.75,-1.0,-1,False,False,False,False,False,False,False,True,76.84999999999854,114.59154703756352,51218.855184799584,False,True,-69.1051847995841
2025-04-01 14:15:00+05:30,51159.95,51180.0,51101.1,51180.0,-1.0,-1,False,False,False,False,False,False,False,True,78.90000000000146,111.0223923338073,51208.6115776052,False,True,-28.61157760520291
2025-04-01 14:30:00+05:30,51181.0,51225.35,51153.05,51194.1,-1.0,-1,False,False,False,False,False,False,False,True,72.29999999999563,107.15015310042614,51201.823523872736,False,True,-7.7235238727371325
2025-04-01 14:45:00+05:30,51199.0,51200.0,51160.1,51177.0,-1.0,-1,False,False,False,False,False,False,False,True,39.900000000001455,100.42513779038367,51195.30394664374,False,True,-18.303946643740346
2025-04-01 15:00:00+05:30,51177.3,51200.5,51149.95,51190.0,1.0,1,False,False,False,False,False,False,False,True,50.55000000000291,95.4376240113456,51191.45491926876,False,True,-1.454919268762751
2025-04-01 15:15:00+05:30,51191.05,51220.0,51175.25,51185.4,1.0,1,False,False,False,False,False,False,False,True,44.75,90.36886161021104,51188.39076772992,False,True,-2.990767729919753
2025-04-01 15:30:00+05:30,51191.0,51191.0,51191.0,51191.0,1.0,1,False,False,False,False,False,False,False,True,5.599999999998545,81.8919754491898,51186.777167831984,False,True,4.222832168015884
2025-04-02 09:15:00+05:30,51116.25,51399.0,51055.55,51396.0,1.0,1,True,False,False,False,True,True,True,True,343.4499999999971,108.04777790427052,51204.47087902743,True,False,191.52912097256922
2025-04-02 09:30:00+05:30,51399.95,51490.0,51380.0,51399.5,3.0,1,False,False,False,False,True,True,True,True,110.0,108.24300011384348,51222.86775217574,True,False,176.63224782425823
2025-04-02 09:45:00+05:30,51390.0,51396.2,51239.9,51365.45,3.0,1,False,False,False,False,False,True,False,True,159.59999999999854,113.37870010245896,51238.12353880954,True,False,127.32646119045967
2025-04-02 10:00:00+05:30,51375.0,51405.0,51292.5,51355.45,3.0,1,False,False,False,False,False,False,False,True,112.5,113.29083009221308,51252.054093317245,True,False,103.39590668275196
2025-04-02 10:15:00+05:30,51376.85,51450.0,51315.0,51440.0,1.0,1,False,False,True,False,True,True,True,True,135.0,115.46174708299176,51272.95953554375,True,False,167.04046445625136
2025-04-02 10:30:00+05:30,51440.0,51478.0,51389.4,51411.75,1.0,1,False,False,False,False,False,False,False,True,88.59999999999854,112.77557237469243,51290.35125736428,True,False,121.39874263571983
2025-04-02 10:45:00+05:30,51418.35,51487.5,51409.1,51480.0,1.0,1,False,False,False,False,False,False,True,True,78.40000000000146,109.33801513722332,51312.74370463308,True,False,167.2562953669185
2025-04-02 11:00:00+05:30,51485.55,51575.0,51432.5,51500.0,3.0,1,True,False,False,False,True,True,True,True,142.5,112.65421362350098,51335.565550510444,True,False,164.43444948955585
2025-04-02 11:15:00+05:30,51490.0,51525.0,51420.2,51420.2,3.0,1,False,False,False,False,False,False,False,True,104.80000000000291,111.86879226115116,51349.57480851355,True,False,70.62519148644787
2025-04-02 11:30:00+05:30,51429.35,51509.0,51372.0,51390.0,3.0,1,False,False,False,False,False,True,False,True,137.0,114.38191303503604,51359.18213580309,True,False,30.817864196913433
2025-04-02 11:45:00+05:30,51382.0,51479.0,51380.9,51441.15,3.0,1,False,False,False,False,False,False,False,True,98.09999999999854,112.75372173153228,51371.81336259292,True,False,69.33663740708289
2025-04-02 12:00:00+05:30,51452.85,51510.0,51452.2,51504.8,1.0,1,False,False,True,False,False,False,False,True,68.84999999999854,108.36334955837893,51388.68403390238,True,False,116.11596609762637
2025-04-02 12:15:00+05:30,51504.7,51540.0,51453.6,51454.5,1.0,1,False,False,False,False,False,False,False,True,86.40000000000146,106.16701460254117,51399.49866989862,True,False,55.00133010138234
2025-04-02 12:30:00+05:30,51465.5,51515.3,51420.0,51475.35,3.0,1,False,False,False,False,False,False,False,True,95.30000000000291,105.08031314228734,51410.76216807532,True,False,64.58783192467672
2025-04-02 12:45:00+05:30,51460.75,51476.6,51390.05,51408.65,1.0,1,False,False,False,False,False,False,False,False,86.54999999999563,103.22728182805818,51414.63157313831,True,False,-5.981573138305976
2025-04-02 13:00:00+05:30,51411.5,51469.0,51411.0,51469.0,1.0,1,False,False,False,False,False,False,False,False,60.349999999998545,98.93955364525222,51422.76698599887,True,False,46.23301400113269
2025-04-02 13:15:00+05:30,51475.0,51509.8,51462.45,51505.0,1.0,1,False,False,False,False,False,False,False,False,47.35000000000582,93.78059828072757,51433.111459004205,True,False,71.88854099579476
2025-04-02 13:30:00+05:30,51495.05,51520.0,51441.0,51441.0,1.0,1,False,False,False,False,False,False,False,False,79.0,92.30253845265482,51436.679906278856,True,False,4.320093721144076
2025-04-02 13:45:00+05:30,51441.3,51509.0,51435.25,51506.45,1.0,1,False,False,False,False,False,False,False,False,73.75,90.44728460738934,51445.307747087485,True,False,61.14225291251205
2025-04-02 14:00:00+05:30,51506.2,51513.35,51451.0,51468.25,-1.0,-1,False,False,False,False,False,False,False,False,62.349999999998545,87.63755614665025,51449.68977952272,True,False,18.56022047728038
2025-04-02 14:15:00+05:30,51459.15,51499.9,51449.0,51475.35,1.0,1,False,False,False,False,False,False,False,False,50.900000000001455,83.96380053198537,51454.00072144274,True,False,21.349278557259822
2025-04-02 14:30:00+05:30,51479.35,51488.7,51441.55,51480.5,1.0,1,False,False,False,False,False,False,False,False,47.14999999999418,80.28242047878625,51458.14786818556,True,False,22.352131814441236
2025-04-02 14:45:00+05:30,51470.05,51485.0,51450.1,51477.4,1.0,1,False,False,False,False,False,False,False,False,34.900000000001455,75.74417843090777,51461.45307083179,True,False,15.946929168210772
2025-04-02 15:00:00+05:30,51479.9,51606.0,51472.2,51581.0,-1.0,-1,False,False,False,False,True,True,True,False,133.8000000000029,81.54976058781729,51473.65370016784,True,False,107.34629983216291
2025-04-02 15:15:00+05:30,51580.15,51647.95,51555.1,51644.95,-1.0,-1,False,False,False,False,True,True,True,False,92.84999999999854,82.67978452903542,51491.1420119448,True,False,153.8079880551959
2025-04-02 15:30:00+05:30,51645.0,51645.0,51645.0,51645.0,1.0,1,False,False,False,False,False,False,True,False,0.05000000000291038,74.41680607613216,51507.99242409795,True,False,137.0075759020474
2025-04-03 09:15:00+05:30,51299.9,51512.2,51200.0,51490.0,3.0,1,False,False,False,False,False,True,False,False,445.0,111.47512546851894,51509.97857706062,True,False,-19.97857706061768
2025-04-03 09:30:00+05:30,51490.0,51644.3,51442.0,51540.65,1.0,1,False,False,False,False,False,True,False,False,202.3000000000029,120.55761292166736,51515.706869556096,True,False,24.94313044390583
2025-04-03 09:45:00+05:30,51531.6,51620.0,51465.05,51470.0,-1.0,-1,False,False,False,False,False,True,False,False,154.9499999999971,123.99685162950034,51514.2357428604,False,True,-44.23574286040093
2025-04-03 10:00:00+05:30,51481.0,51691.5,51475.0,51665.0,1.0,1,False,False,False,False,False,True,False,False,221.5,133.7471664665503,51529.740843180116,True,False,135.25915681988408
2025-04-03 10:15:00+05:30,51666.0,51779.8,51591.15,51770.0,3.0,1,True,False,False,False,True,True,True,False,188.65000000000146,139.23744981989543,51554.07743593368,True,False,215.92256406632077
2025-04-03 10:30:00+05:30,51771.55,51771.55,51700.0,51733.55,1.0,1,False,False,False,False,False,False,True,False,71.55000000000291,132.46870483790616,51574.2357614785,True,False,159.31423852150328
2025-04-03 10:45:00+05:30,51730.0,51734.4,51660.0,51699.05,-1.0,-1,False,False,False,False,False,False,False,False,74.40000000000146,126.6618343541157,51590.17951415092,True,False,108.87048584908189
2025-04-03 11:00:00+05:30,51704.2,51748.8,51649.0,51740.05,1.0,1,False,False,False,False,False,False,False,False,99.80000000000291,123.97565091870442,51608.62100944668,True,False,131.42899055332236
2025-04-03 11:15:00+05:30,51745.0,51748.0,51681.0,51689.75,3.0,1,False,False,True,False,False,False,False,False,67.0,118.27808582683397,51621.17980882794,True,False,68.57019117206073
2025-04-03 11:30:00+05:30,51685.45,51725.0,51668.0,51709.85,-1.0,-1,False,False,False,False,False,False,False,False,57.0,112.15027724415059,51634.18140978416,True,False,75.66859021583514
2025-04-03 11:45:00+05:30,51713.95,51747.0,51700.1,51720.0,-1.0,-1,False,False,False,False,False,False,False,False,46.900000000001455,105.62524951973569,51646.72591414612,True,False,73.27408585388184
2025-04-03 12:00:00+05:30,51730.0,51745.0,51708.1,51720.0,1.0,1,False,False,False,False,False,False,False,False,36.900000000001455,98.75272456776227,51657.90899786952,True,False,62.091002130480774
2025-04-03 12:15:00+05:30,51714.55,51730.0,51640.0,51658.0,1.0,1,False,False,False,False,False,False,False,False,90.0,97.87745211098604,51662.14881853242,True,False,-4.148818532419682
2025-04-03 12:30:00+05:30,51660.55,51719.95,51630.0,51670.35,1.0,1,False,False,False,False,False,False,False,False,89.94999999999709,97.08470689988715,51666.29538511716,True,False,4.0546148828361765
2025-04-03 12:45:00+05:30,51656.1,51710.0,51620.0,51710.0,-1.0,-1,False,False,False,False,False,False,False,False,90.0,96.37623620989844,51672.98507200869,True,False,37.01492799130938
2025-04-03 13:00:00+05:30,51709.8,51713.95,51631.0,51670.0,1.0,1,False,False,False,False,False,False,False,False,82.94999999999709,95.03361258890831,51675.127895921745,True,False,-5.127895921745221
2025-04-03 13:15:00+05:30,51672.0,51714.95,51651.0,51709.6,1.0,1,False,False,False,False,False,False,False,False,63.94999999999709,91.92525133001719,51680.07307160798,True,False,29.526928392020636
2025-04-03 13:30:00+05:30,51709.6,51824.55,51685.95,51800.0,1.0,1,True,False,False,False,True,True,True,False,138.60000000000582,96.59272619701605,51692.553072496106,True,False,107.44692750389368
2025-04-03 13:45:00+05:30,51805.95,51865.3,51783.75,51821.4,1.0,1,False,False,False,False,False,False,True,False,81.55000000000291,95.08845357731474,51706.33659065839,True,False,115.06340934160835
2025-04-03 14:00:00+05:30,51810.0,51864.75,51791.35,51805.0,1.0,1,False,False,False,False,False,False,False,False,73.40000000000146,92.91960821958341,51717.93432617,True,False,87.0656738300022
2025-04-03 14:15:00+05:30,51816.25,51853.4,51809.85,51811.45,-1.0,-1,False,False,False,False,False,False,False,False,48.400000000001455,88.46764739762521,51729.35164025525,True,False,82.09835974474845
2025-04-03 14:30:00+05:30,51810.75,51816.0,51775.0,51816.0,-1.0,-1,False,False,True,False,False,False,False,False,41.0,83.72088265786269,51740.36331681673,True,False,75.63668318327109
2025-04-03 14:45:00+05:30,51816.15,51830.9,51787.55,51814.8,-1.0,-1,False,False,False,False,False,False,False,False,43.349999999998545,79.68379439207628,51750.39964814208,True,False,64.4003518579193
2025-04-03 15:00:00+05:30,51818.0,51830.0,51772.0,51801.85,-1.0,-1,False,False,False,False,False,False,False,False,58.0,77.51541495286865,51758.361554014555,True,False,43.48844598544383
2025-04-03 15:15:00+05:30,51800.0,51822.35,51775.0,51803.35,-1.0,-1,False,False,False,False,False,False,False,False,47.349999999998545,74.49887345758165,51765.55521767579,True,False,37.79478232420661
2025-04-03 15:30:00+05:30,51803.15,51803.15,51803.15,51803.15,-1.0,-1,False,False,False,False,False,False,False,False,0.19999999999708962,67.0689861118232,51771.85060204005,True,False,31.299397959948692
2025-04-04 09:15:00+05:30,51710.0,51850.0,51565.6,51706.1,-1.0,-1,False,False,False,False,False,True,False,False,284.40000000000146,88.80208750064102,51768.50769004082,False,True,-62.407690040818125
2025-04-04 09:30:00+05:30,51699.2,51993.0,51677.35,51881.05,-3.0,-1,False,False,False,False,False,True,False,False,315.65000000000146,111.48687875057708,51780.312716866574,True,False,100.73728313342872
2025-04-04 09:45:00+05:30,51898.25,51930.0,51707.0,51750.0,-1.0,-1,False,False,False,False,False,True,False,False,223.0,122.63819087551937,51779.59804844914,False,True,-29.598048449137423
2025-04-04 10:00:00+05:30,51750.0,51773.1,51646.05,51660.0,1.0,1,False,False,False,False,True,True,True,False,127.04999999999563,123.07937178796699,51770.13406655988,False,True,-110.13406655987637
2025-04-04 10:15:00+05:30,51657.75,51816.95,51645.0,51690.45,1.0,1,False,False,False,False,False,True,False,False,171.9499999999971,127.96643460917001,51763.046355026454,False,True,-72.59635502645688
2025-04-04 10:30:00+05:30,51680.35,51731.0,51665.0,51691.7,-1.0,-1,False,False,False,False,False,False,False,False,66.0,121.769791148253,51755.92451549717,False,True,-64.22451549717516
2025-04-04 10:45:00+05:30,51680.0,51773.75,51650.05,51772.3,1.0,1,False,False,False,False,False,True,False,False,123.69999999999709,121.96281203342741,51756.15781162738,True,False,16.142188372621604
2025-04-04 11:00:00+05:30,51778.0,51869.2,51744.4,51826.8,1.0,1,False,False,False,False,False,True,False,False,124.79999999999563,122.24653083008423,51761.48972432562,True,False,65.31027567438286
2025-04-04 11:15:00+05:30,51849.95,51849.95,51777.0,51818.2,-1.0,-1,False,False,False,False,False,False,False,False,72.94999999999709,117.31687774707552,51766.18507664564,True,False,52.01492335435614
2025-04-04 11:30:00+05:30,51815.75,51888.9,51763.0,51785.0,-3.0,-1,False,False,False,False,False,True,False,False,125.90000000000146,118.17518997236812,51767.9441202222,True,False,17.05587977779942
2025-04-04 11:45:00+05:30,51780.0,51811.0,51730.05,51780.0,-1.0,-1,False,False,False,False,False,False,False,False,80.94999999999709,114.45267097513101,51769.26976126755,True,False,10.730238732452563
2025-04-04 12:00:00+05:30,51781.0,51806.0,51725.6,51789.0,-1.0,-1,False,False,False,False,False,False,False,False,80.40000000000146,111.04740387761805,51771.39779462399,True,False,17.602205376009806
2025-04-04 12:15:00+05:30,51789.0,51813.4,51756.3,51776.0,-3.0,-1,False,False,False,False,False,False,False,False,57.099999999998545,105.65266348985611,51772.29606724153,True,False,3.7039327584716375
2025-04-04 12:30:00+05:30,51780.3,51797.95,51710.0,51782.3,-3.0,-1,False,False,False,False,False,False,False,False,87.94999999999709,103.88239714087021,51773.683235693745,True,False,8.61676430625812
2025-04-04 12:45:00+05:30,51781.85,51800.0,51741.0,51772.6,-1.0,-1,False,False,False,False,False,False,False,False,59.0,99.3941574267832,51774.08840100623,True,False,-1.4884010062305606
2025-04-04 13:00:00+05:30,51775.15,51826.6,51730.55,51749.9,-1.0,-1,False,False,False,False,False,False,False,False,96.04999999999563,99.05974168410444,51772.32259644239,False,True,-22.422596442389477
2025-04-04 13:15:00+05:30,51745.0,51789.85,51694.0,51771.75,-3.0,-1,False,False,False,False,False,False,False,False,95.84999999999854,98.73876751569385,51772.44507166108,True,False,-0.695071661080874
2025-04-04 13:30:00+05:30,51774.7,51778.3,51650.0,51650.0,-3.0,-1,False,True,False,False,True,True,True,False,128.3000000000029,101.69489076412476,51761.461726998314,False,True,-111.46172699831368
2025-04-04 13:45:00+05:30,51641.05,51673.05,51575.0,51632.0,-3.0,-1,False,False,False,False,False,False,True,False,98.05000000000291,101.33040168771258,51748.87829819483,False,True,-116.87829819483159
2025-04-04 14:00:00+05:30,51632.0,51724.95,51620.0,51712.0,-1.0,-1,False,False,False,False,False,True,False,False,104.94999999999709,101.69236151894103,51743.774141955044,False,True,-31.774141955043888
2025-04-04 14:15:00+05:30,51719.95,51735.0,51611.7,51620.3,-3.0,-1,False,False,False,False,True,True,True,False,123.30000000000291,103.85312536704721,51730.71746820716,False,True,-110.41746820716071
2025-04-04 14:30:00+05:30,51616.0,51649.8,51522.15,51545.0,-1.0,-1,False,False,False,True,True,True,True,False,127.65000000000146,106.23281283034264,51711.318479179696,False,True,-166.31847917969571
2025-04-04 14:45:00+05:30,51544.95,51578.0,51475.0,51481.05,-3.0,-1,False,False,False,False,False,False,True,False,103.0,105.90953154730838,51686.82145467179,False,True,-205.7714546717907
2025-04-04 15:00:00+05:30,51487.8,51650.0,51459.15,51650.0,-3.0,-1,False,False,False,False,False,True,False,False,190.84999999999854,114.4035783925774,51678.62191982597,False,True,-28.621919825971418
2025-04-04 15:15:00+05:30,51650.0,51654.3,51580.0,51650.2,-5.0,-1,False,False,False,False,False,False,False,False,74.30000000000291,110.39322055331995,51671.579209194344,False,True,-21.379209194346913
2025-04-07 09:15:00+05:30,49901.2,50784.95,49701.5,50301.85,-3.0,-1,False,True,False,False,True,True,True,False,1948.699999999997,294.22389849798765,51543.41445837616,False,True,-1241.5644583761605
2025-04-07 09:30:00+05:30,50297.6,50499.7,50133.3,50185.25,-5.0,-1,False,False,False,False,True,True,True,True,366.3999999999942,301.4415086481883,51406.70785208497,False,True,-1221.4578520849682
2025-04-07 09:45:00+05:30,50185.25,50281.55,50088.0,50111.05,-5.0,-1,False,False,False,False,False,False,True,True,193.5500000000029,290.6523577833697,51267.15339016228,False,True,-1156.1033901622795
2025-04-07 10:00:00+05:30,50110.0,50162.5,49913.25,49922.6,-5.0,-1,False,False,False,False,False,False,True,True,249.25,286.5121220050327,51116.20457175425,False,True,-1193.604571754251
2025-04-07 10:15:00+05:30,49912.4,50105.0,49850.0,50090.15,-1.0,-1,False,False,False,True,False,False,False,True,255.0,283.36090980452946,50987.88330239285,False,True,-897.7333023928513
2025-04-07 10:30:00+05:30,50110.0,50112.7,49927.55,50100.65,-5.0,-1,False,False,False,False,False,False,False,True,185.14999999999418,273.53981882407595,50869.38526866289,False,True,-768.7352686628874
2025-04-07 10:45:00+05:30,50102.65,50275.0,50000.0,50000.05,-5.0,-1,False,False,False,False,True,True,True,True,275.0,273.68583694166836,50751.578123820545,False,True,-751.5281238205425
2025-04-07 11:00:00+05:30,50006.1,50029.0,49930.0,49940.3,-5.0,-1,False,False,False,False,False,False,True,True,99.0,256.2172532475015,50638.79099803558,False,True,-698.4909980355806
2025-04-07 11:15:00+05:30,49935.0,49976.3,49800.0,49889.4,-1.0,-1,False,False,False,False,False,False,True,True,176.3000000000029,248.22552792275164,50532.19797862575,False,True,-642.7979786257492
2025-04-07 11:30:00+05:30,49885.4,50025.0,49825.05,49850.0,-5.0,-1,False,False,False,False,False,False,True,True,199.9499999999971,243.3979751304762,50432.95295869309,False,True,-582.9529586930876
2025-04-07 11:45:00+05:30,49859.55,49869.05,49722.55,49750.45,-5.0,-1,False,False,False,False,False,False,True,True,146.5,233.70817761742856,50335.47929292948,False,True,-585.029292929481
2025-04-07 12:00:00+05:30,49753.85,49766.85,49501.8,49501.8,-5.0,-1,False,True,False,False,True,True,True,True,265.04999999999563,236.84235985568526,50225.98360110473,False,True,-724.1836011047271
2025-04-07 12:15:00+05:30,49501.8,49551.05,49450.0,49457.25,1.0,1,False,False,False,False,False,False,True,True,101.05000000000291,223.26312387011703,50122.74052711198,False,True,-665.4905271119787
2025-04-07 12:30:00+05:30,49457.05,49527.9,49366.1,49521.0,-3.0,-1,False,False,False,False,False,False,False,True,161.8000000000029,217.11681148310564,50035.38064718782,False,True,-514.3806471878197
2025-04-07 12:45:00+05:30,49530.0,49650.0,49451.0,49457.5,-3.0,-1,False,False,False,False,False,False,True,True,199.0,215.3051303347951,49952.02420823369,False,True,-494.52420823369175
2025-04-07 13:00:00+05:30,49450.0,49528.0,49426.0,49522.6,-3.0,-1,False,False,False,True,False,False,False,True,102.0,203.97461730131562,49883.87318340892,False,True,-361.2731834089209
2025-04-07 13:15:00+05:30,49519.05,49635.6,49409.0,49582.05,1.0,1,False,False,False,False,False,True,False,True,226.59999999999854,206.23715557118393,49829.86406440524,False,True,-247.81406440524006
2025-04-07 13:30:00+05:30,49572.85,49790.0,49550.1,49749.25,-1.0,-1,False,False,False,False,False,True,False,True,239.90000000000146,209.60344001406565,49799.0576613121,False,True,-49.80766131210112
2025-04-07 13:45:00+05:30,49744.4,49899.45,49727.0,49739.9,-3.0,-1,False,False,False,False,False,False,False,True,172.4499999999971,205.8880960126588,49774.5348091291,False,True,-34.63480912910018
2025-04-07 14:00:00+05:30,49745.15,49848.6,49670.0,49756.9,-1.0,-1,False,False,False,False,False,False,False,True,178.59999999999854,203.15928641139277,49757.6517243275,False,True,-0.7517243274996872
2025-04-07 14:15:00+05:30,49762.65,49808.3,49684.05,49746.5,3.0,1,False,False,False,False,False,False,False,True,124.25,195.2683577702535,49744.912204869834,False,True,1.5877951301663416
2025-04-07 14:30:00+05:30,49745.9,49873.7,49725.25,49735.5,1.0,1,False,False,False,False,False,False,False,True,148.4499999999971,190.58652199322785,49735.30320119366,False,True,0.1967988063406665
2025-04-07 14:45:00+05:30,49735.5,49838.8,49705.0,49783.95,-1.0,-1,False,False,False,False,False,False,False,True,133.8000000000029,184.90786979390538,49733.35439716306,False,True,50.59560283694009
2025-04-07 15:00:00+05:30,49800.0,50200.0,49796.8,50151.35,1.0,1,True,False,False,False,True,True,True,True,416.0500000000029,208.02208281451513,49767.197137822244,True,False,384.1528621777543
2025-04-07 15:15:00+05:30,50145.15,50225.8,50060.0,50189.9,3.0,1,False,False,False,False,False,False,True,True,165.8000000000029,203.79987453306393,49806.044720018224,True,False,383.85527998177713
2025-04-07 15:30:00+05:30,50172.3,50172.3,50172.3,50172.3,3.0,1,False,False,False,False,False,False,True,True,17.599999999998545,185.1798870797574,49843.677520859965,True,False,328.6224791400382
2025-04-08 09:15:00+05:30,50502.05,50928.25,50502.05,50902.25,1.0,1,False,False,False,False,True,True,True,True,755.9499999999971,242.25689837178138,49946.884615757,True,False,955.3653842429994
2025-04-08 09:30:00+05:30,50909.4,50966.55,50700.05,50762.55,1.0,1,False,False,True,False,True,True,True,True,266.5,244.68120853460323,50035.49502543435,True,False,727.0549745656535
2025-04-08 09:45:00+05:30,50751.0,50824.95,50552.55,50599.9,3.0,1,False,False,False,False,False,True,False,True,272.3999999999942,247.45308768114234,50105.89451633882,True,False,494.00548366118164
2025-04-08 10:00:00+05:30,50590.3,50631.75,50500.1,50538.4,3.0,1,False,False,False,False,False,False,False,True,131.65000000000146,235.87277891302824,50166.18187019796,True,False,372.21812980204413
2025-04-08 10:15:00+05:30,50530.0,50615.45,50458.75,50615.45,3.0,1,False,False,False,False,False,False,False,True,156.6999999999971,227.9555010217251,50228.27009283511,True,False,387.17990716488566
2025-04-08 10:30:00+05:30,50615.0,50636.35,50264.9,50337.0,1.0,1,False,False,False,False,False,True,False,True,371.4499999999971,242.3049509195523,50259.525188304426,True,False,77.47481169557432
2025-04-08 10:45:00+05:30,50338.9,50548.8,50282.5,50535.0,3.0,1,False,False,False,False,False,True,False,True,266.3000000000029,244.7044558275974,50303.125043312466,True,False,231.874956687534
2025-04-08 11:00:00+05:30,50531.8,50698.75,50520.1,50620.4,3.0,1,False,False,False,False,False,False,False,True,178.65000000000146,238.09901024483779,50349.096641467986,True,False,271.3033585320154
2025-04-08 11:15:00+05:30,50631.05,50656.65,50401.5,50456.65,3.0,1,False,False,False,False,False,True,False,True,255.15000000000146,239.80410922035418,50375.0392249776,True,False,81.61077502240369
2025-04-08 11:30:00+05:30,50469.0,50515.6,50365.0,50436.0,1.0,1,False,False,False,False,False,False,False,True,150.59999999999854,230.88369829831862,50394.286021623695,True,False,41.71397837630502
2025-04-08 11:45:00+05:30,50422.55,50545.0,50419.0,50538.65,3.0,1,False,False,False,False,False,False,False,True,126.0,220.39532846848675,50418.57945628272,True,False,120.07054371728009
2025-04-08 12:00:00+05:30,50537.9,50723.45,50500.0,50723.45,3.0,1,False,False,False,False,False,True,False,True,223.4499999999971,220.70079562163778,50455.90532082214,True,False,267.5446791778595
2025-04-08 12:15:00+05:30,50723.0,50735.7,50650.0,50722.6,5.0,1,False,False,False,False,False,False,False,True,85.69999999999709,207.20071605947368,50489.76549599937,True,False,232.83450400063157
2025-04-08 12:30:00+05:30,50722.85,50910.0,50692.45,50819.9,1.0,1,True,False,False,False,True,True,True,True,217.5500000000029,208.2356444535266,50529.249178848484,True,False,290.65082115151745
2025-04-08 12:45:00+05:30,50825.0,50844.0,50772.0,50832.2,1.0,1,False,False,False,False,False,False,True,True,72.0,194.61208000817393,50566.756305325485,True,False,265.4436946745118
2025-04-08 13:00:00+05:30,50844.5,50856.05,50760.0,50854.75,1.0,1,False,False,False,False,False,False,False,True,96.05000000000291,184.75587200735683,50603.23741906608,True,False,251.51258093392244
2025-04-08 13:15:00+05:30,50855.0,50900.0,50775.1,50899.0,3.0,1,False,False,False,False,False,False,True,True,124.90000000000146,178.7702848066213,50640.661426957144,True,False,258.3385730428563
2025-04-08 13:30:00+05:30,50888.9,50915.1,50664.7,50729.05,-1.0,-1,False,False,True,False,False,True,False,True,250.40000000000146,185.93325632595932,50659.579802401626,True,False,69.47019759837713
2025-04-08 13:45:00+05:30,50718.2,50760.0,50552.6,50633.65,1.0,1,False,False,False,False,False,True,False,True,207.40000000000146,188.07993069336354,50666.844348738894,True,False,-33.194348738892586
2025-04-08 14:00:00+05:30,50656.55,50760.0,50625.05,50740.15,1.0,1,False,False,False,False,False,False,False,True,134.9499999999971,182.7669376240269,50681.07588134515,True,False,59.07411865485483
2025-04-08 14:15:00+05:30,50759.0,50838.0,50744.65,50805.4,3.0,1,False,False,False,False,False,False,False,True,97.84999999999854,174.27524386162406,50698.866521927506,True,False,106.5334780724952
2025-04-08 14:30:00+05:30,50819.2,50824.8,50675.0,50731.85,1.0,1,False,False,False,False,False,False,False,True,149.8000000000029,171.82771947546195,50707.85488635819,True,False,23.99511364180944
2025-04-08 14:45:00+05:30,50730.05,50768.0,50664.7,50743.0,3.0,1,False,False,False,False,False,False,False,True,103.30000000000291,164.97494752791604,50715.954437277236,True,False,27.04556272276386
2025-04-08 15:00:00+05:30,50728.95,50787.9,50669.0,50745.35,1.0,1,False,False,False,False,False,False,False,True,118.90000000000146,160.3674527751246,50722.64200469723,True,False,22.70799530277145
2025-04-08 15:15:00+05:30,50736.1,50831.95,50724.1,50811.0,1.0,1,False,False,False,False,False,False,False,True,107.84999999999854,155.115707497612,50733.909724927136,True,False,77.09027507286373
2025-04-08 15:30:00+05:30,50824.0,50824.0,50824.0,50824.0,1.0,1,False,False,False,False,False,False,False,False,13.0,140.9041367478508,50745.169618844244,True,False,78.83038115575619
2025-04-09 09:15:00+05:30,50600.0,50754.85,50500.0,50533.0,1.0,1,False,False,False,False,True,True,True,False,324.0,159.21372307306572,50728.967437057116,False,True,-195.9674370571156
2025-04-09 09:30:00+05:30,50519.75,50658.0,50465.0,50658.0,-1.0,-1,False,False,False,False,False,True,False,False,193.0,162.59235076575914,50723.307234788874,False,True,-65.30723478887376
2025-04-09 09:45:00+05:30,50646.5,50670.0,50450.0,50452.4,-1.0,-1,False,True,False,False,True,True,True,False,220.0,168.33311568918322,50698.592278432065,False,True,-246.19227843206318
2025-04-09 10:00:00+05:30,50440.0,50585.3,50342.65,50372.05,-1.0,-1,False,False,False,False,True,True,True,False,242.65000000000146,175.76480412026504,50666.57757721911,False,True,-294.52757721910893
2025-04-09 10:15:00+05:30,50375.0,50550.0,50361.6,50389.55,-1.0,-1,False,False,False,False,True,True,True,True,188.40000000000146,177.0283237082387,50636.68753857816,False,True,-247.13753857815755
2025-04-09 10:30:00+05:30,50386.7,50395.55,50226.0,50270.0,-3.0,-1,False,False,False,False,False,False,True,True,169.5500000000029,176.28049133741513,50597.025695876604,False,True,-327.025695876604
2025-04-09 10:45:00+05:30,50260.0,50349.0,50231.55,50266.4,-1.0,-1,False,False,False,True,False,False,True,True,117.44999999999709,170.39744220367334,50558.62228373972,False,True,-292.2222837397203
2025-04-09 11:00:00+05:30,50270.0,50270.0,50040.3,50097.0,-3.0,-1,False,False,False,False,True,True,True,True,229.6999999999971,176.3276979833057,50506.94951779044,False,True,-409.94951779043913
2025-04-09 11:15:00+05:30,50109.0,50245.0,50073.5,50245.0,1.0,1,False,False,False,False,False,False,False,True,171.5,175.84492818497515,50471.30072374244,False,True,-226.300723742439
2025-04-09 11:30:00+05:30,50245.0,50360.0,50220.0,50360.0,-1.0,-1,False,False,False,False,False,False,False,True,140.0,172.26043536647762,50449.091068059104,False,True,-89.09106805910415
2025-04-09 11:45:00+05:30,50363.5,50405.95,50235.0,50235.0,1.0,1,False,False,False,False,False,False,False,True,170.9499999999971,172.12939182982956,50418.65435072779,False,True,-183.65435072778928
2025-04-09 12:00:00+05:30,50235.9,50325.0,50181.05,50301.95,-1.0,-1,False,False,False,False,False,False,False,True,143.9499999999971,169.3114526468463,50397.38061491671,False,True,-95.4306149167096
2025-04-09 12:15:00+05:30,50314.6,50349.5,50280.0,50340.0,1.0,1,False,False,False,False,False,False,False,True,69.5,159.33030738216166,50382.57987169385,False,True,-42.5798716938516
2025-04-09 12:30:00+05:30,50340.0,50448.6,50316.65,50438.0,-1.0,-1,False,False,False,False,False,False,False,True,131.9499999999971,156.5922766439452,50379.466140762124,False,True,58.53385923787573
2025-04-09 12:45:00+05:30,50439.55,50468.85,50341.2,50384.35,-1.0,-1,False,False,False,False,False,False,False,True,127.65000000000146,153.69804897955083,50373.91861508265,False,True,10.431384917348623
2025-04-09 13:00:00+05:30,50381.55,50525.0,50360.2,50471.95,-1.0,-1,False,False,False,False,False,True,False,True,164.8000000000029,154.80824408159603,50378.31673494677,True,False,93.63326505322766
2025-04-09 13:15:00+05:30,50487.2,50510.75,50410.05,50445.2,-1.0,-1,False,False,False,False,False,False,False,True,100.69999999999709,149.39741967343613,50381.843007659554,True,False,63.35699234044296
2025-04-09 13:30:00+05:30,50445.45,50480.0,50380.0,50397.15,1.0,1,False,False,False,False,False,False,False,True,100.0,144.4576777060925,50382.09881211084,True,False,15.051187889162975
2025-04-09 13:45:00+05:30,50397.0,50458.6,50395.3,50397.55,1.0,1,False,False,False,False,False,False,False,True,63.299999999995634,136.34190993548282,50383.10723626482,True,False,14.44276373518369
2025-04-09 14:00:00+05:30,50391.0,50443.7,50371.05,50435.65,1.0,1,False,False,False,False,False,False,False,False,72.64999999999418,129.97271894193395,50388.00574260101,True,False,47.64425739899161
2025-04-09 14:15:00+05:30,50433.9,50483.25,50413.05,50448.75,1.0,1,False,False,False,False,False,False,False,False,70.19999999999709,123.99544704774026,50394.27805290019,True,False,54.47194709980977
2025-04-09 14:30:00+05:30,50454.05,50469.25,50400.5,50444.85,3.0,1,False,False,False,False,False,False,False,False,68.75,118.47090234296623,50400.15476549708,True,False,44.69523450292036
2025-04-09 14:45:00+05:30,50437.9,50466.25,50424.95,50439.4,3.0,1,False,False,False,False,False,False,False,False,41.30000000000291,110.7538121086699,50405.31596942725,True,False,34.08403057275427
2025-04-09 15:00:00+05:30,50440.0,50483.25,50409.2,50479.1,3.0,1,False,False,False,False,False,False,False,False,74.05000000000291,107.0834308978032,50413.7329506826,True,False,65.3670493173995
2025-04-09 15:15:00+05:30,50479.1,50500.0,50466.65,50485.0,3.0,1,False,False,False,False,False,False,False,False,33.349999999998545,99.71008780802273,50422.23830087335,True,False,62.76169912664773
2025-04-09 15:30:00+05:30,50485.0,50485.0,50485.0,50485.0,5.0,1,False,False,False,False,False,False,False,False,0.0,89.73907902722047,50430.19962463864,True,False,54.80037536135933
2025-04-11 09:15:00+05:30,50799.0,51130.0,50799.0,50960.1,3.0,1,True,False,False,False,True,True,True,False,645.0,145.2651711244984,50480.624580266915,True,False,479.475419733084
2025-04-11 09:30:00+05:30,50960.0,51183.45,50960.0,51157.75,5.0,1,False,False,False,False,True,True,True,False,223.4499999999971,153.08365401204827,50547.982053261076,True,False,609.7679467389244
2025-04-11 09:45:00+05:30,51160.0,51249.75,51056.0,51099.1,1.0,1,False,False,False,False,True,True,True,True,193.75,157.15028861084346,50608.225884238534,True,False,490.87411576146405
2025-04-11 10:00:00+05:30,51084.25,51160.35,51056.0,51085.0,3.0,1,False,False,False,False,False,False,False,True,104.34999999999854,151.870259749759,50664.56762106433,True,False,420.4323789356713
2025-04-11 10:15:00+05:30,51085.0,51123.2,50940.0,51001.65,3.0,1,False,False,True,False,False,True,False,True,183.1999999999971,155.0032337747828,50710.06664564715,True,False,291.5833543528497
2025-04-11 10:30:00+05:30,51001.2,51096.8,50930.5,51009.95,5.0,1,False,False,False,False,False,True,False,True,166.3000000000029,156.1329103973048,50752.578957567304,True,False,257.3710424326928
2025-04-11 10:45:00+05:30,51010.0,51085.0,50953.0,51074.9,1.0,1,False,False,False,False,False,False,False,True,132.0,153.71961935757435,50796.990041988036,True,False,277.9099580119655
2025-04-11 11:00:00+05:30,51060.15,51165.0,51059.1,51160.0,3.0,1,False,False,False,False,False,False,True,True,105.90000000000146,148.93765742181705,50844.97113835588,True,False,315.02886164411757
2025-04-11 11:15:00+05:30,51161.55,51224.95,51120.8,51223.85,5.0,1,False,False,False,False,False,False,True,True,104.14999999999418,144.45889167963475,50894.47082526443,True,False,329.3791747355717
2025-04-11 11:30:00+05:30,51221.1,51319.0,51215.0,51240.0,5.0,1,False,False,False,False,False,False,True,True,104.0,140.41300251167127,50941.059363045184,True,False,298.940636954816
2025-04-11 11:45:00+05:30,51240.0,51295.8,51230.0,51288.7,3.0,1,False,False,False,False,False,False,True,True,65.80000000000291,132.95170226050442,50987.639754958545,True,False,301.0602450414517
2025-04-11 12:00:00+05:30,51281.1,51362.45,51245.05,51355.3,3.0,1,False,False,False,False,False,False,True,True,117.39999999999418,131.3965320344534,51035.841416286756,True,False,319.4585837132472
2025-04-11 12:15:00+05:30,51360.1,51385.0,51290.95,51348.05,3.0,1,False,False,False,False,False,False,False,True,94.05000000000291,127.66187883100835,51078.98148124584,True,False,269.0685187541603
2025-04-11 12:30:00+05:30,51345.05,51362.85,51273.0,51324.95,3.0,1,False,False,False,False,False,False,False,True,89.84999999999854,123.88069094790737,51115.67200374546,True,False,209.27799625453918
2025-04-11 12:45:00+05:30,51324.95,51364.05,51301.0,51301.0,1.0,1,False,False,False,False,False,False,False,True,63.05000000000291,117.79762185311692,51145.97582164605,True,False,155.02417835395318
2025-04-11 13:00:00+05:30,51301.0,51374.0,51291.5,51330.55,1.0,1,False,False,False,False,False,False,False,True,82.5,114.26785966780524,51174.975371507404,True,False,155.574628492599
2025-04-11 13:15:00+05:30,51328.6,51348.15,51252.55,51263.9,1.0,1,False,False,False,False,False,False,False,True,95.59999999999854,112.40107370102457,51194.221532085234,True,False,69.67846791476768
2025-04-11 13:30:00+05:30,51255.0,51278.75,51209.0,51278.75,1.0,1,False,False,False,False,False,False,False,True,69.75,108.13596633092212,51211.435211669115,True,False,67.31478833088477
2025-04-11 13:45:00+05:30,51274.95,51294.95,51175.25,51210.0,-1.0,-1,False,False,False,False,False,True,False,True,119.69999999999709,109.2923696978296,51219.42240853383,True,False,-9.422408533828275
2025-04-11 14:00:00+05:30,51208.85,51221.8,51101.0,51118.7,-1.0,-1,False,True,False,False,True,True,True,True,120.80000000000291,110.44313272804693,51216.56506670225,False,True,-97.86506670225208
2025-04-11 14:15:00+05:30,51123.5,51158.75,51072.0,51080.5,1.0,1,False,False,False,False,False,False,True,True,86.75,108.07381945524226,51208.204310078676,False,True,-127.70431007867592
2025-04-11 14:30:00+05:30,51089.8,51150.0,51055.2,51127.6,1.0,1,False,False,False,False,False,False,False,True,94.80000000000291,106.74643750971832,51202.660723313085,False,True,-75.06072331308678
2025-04-11 14:45:00+05:30,51141.95,51210.0,51129.0,51183.3,1.0,1,False,False,False,False,False,False,False,True,82.40000000000146,104.31179375874663,51201.243298894995,False,True,-17.94329889499204
2025-04-11 15:00:00+05:30,51180.75,51220.0,51179.15,51180.0,1.0,1,False,False,False,True,False,False,False,True,40.849999999998545,97.96561438287182,51198.99377364442,False,True,-18.99377364441898
2025-04-11 15:15:00+05:30,51175.15,51185.8,51101.2,51165.65,1.0,1,False,False,False,False,False,False,False,True,84.60000000000582,96.62905294458521,51195.19355020823,False,True,-29.543550208225497
2025-04-11 15:30:00+05:30,51174.95,51174.95,51174.95,51174.95,1.0,1,False,False,False,False,False,False,False,True,9.299999999995634,87.89614765012625,51192.213439904626,False,True,-17.263439904629195
2025-04-15 09:15:00+05:30,52099.6,52199.2,51802.0,52132.0,1.0,1,True,False,False,False,True,True,True,True,1024.25,181.53153288511362,51276.150077341736,True,False,855.8499226582644
2025-04-15 09:30:00+05:30,52138.4,52222.2,52071.8,52210.0,1.0,1,False,False,False,False,False,False,True,True,150.39999999999418,178.41837959660168,51366.72999265532,True,False,843.2700073446831
2025-04-15 09:45:00+05:30,52214.2,52248.8,52144.2,52146.2,1.0,1,False,False,False,False,False,False,False,True,104.60000000000582,171.0365416369421,51449.78361766849,True,False,696.4163823315102
2025-04-15 10:00:00+05:30,52150.0,52304.0,52146.8,52292.0,1.0,1,False,False,False,False,False,False,True,True,157.8000000000029,169.71288747324817,51543.06119545143,True,False,748.9388045485684
2025-04-15 10:15:00+05:30,52295.0,52310.0,52215.2,52250.0,-1.0,-1,False,False,True,False,False,False,False,True,94.80000000000291,162.22159872592366,51628.36314661955,True,False,621.6368533804489
2025-04-15 10:30:00+05:30,52250.0,52283.4,52240.0,52265.6,1.0,1,False,False,False,False,False,False,False,True,43.400000000001455,150.33943885333144,51709.86337850948,True,False,555.7366214905196
2025-04-15 10:45:00+05:30,52270.0,52288.0,52260.2,52270.0,3.0,1,False,False,False,False,False,False,False,True,27.80000000000291,138.0854949679986,51785.75436154673,True,False,484.24563845327066
2025-04-15 11:00:00+05:30,52275.0,52316.8,52265.2,52286.0,3.0,1,False,False,False,False,False,False,False,True,51.60000000000582,129.43694547119932,51856.5383497749,True,False,429.46165022510104
2025-04-15 11:15:00+05:30,52289.4,52343.4,52289.4,52341.0,1.0,1,False,False,False,False,False,False,False,True,57.400000000001455,122.23325092407954,51925.443317239224,True,False,415.5566827607763
2025-04-15 11:30:00+05:30,52340.6,52425.0,52313.2,52412.0,3.0,1,False,False,False,False,False,False,True,True,111.80000000000291,121.18992583167187,51993.80019522764,True,False,418.19980477236095
2025-04-15 11:45:00+05:30,52416.0,52429.2,52366.0,52408.2,3.0,1,False,False,False,False,False,False,False,True,63.19999999999709,115.3909332485044,52054.82896449978,True,False,353.37103550021857
2025-04-15 12:00:00+05:30,52410.0,52420.0,52360.8,52372.8,3.0,1,False,False,False,False,False,False,False,True,59.19999999999709,109.77183992365367,52105.79799538071,True,False,267.0020046192949
2025-04-15 12:15:00+05:30,52371.8,52385.0,52351.8,52368.2,1.0,1,False,False,False,False,False,False,False,True,33.19999999999709,102.11465593128801,52149.806317462644,True,False,218.39368253735302
2025-04-15 12:30:00+05:30,52360.8,52402.4,52331.0,52355.2,5.0,1,False,False,False,False,False,False,False,True,71.40000000000146,99.04319033815935,52186.536127206164,True,False,168.66387279383343
2025-04-15 12:45:00+05:30,52340.0,52367.6,52330.0,52350.2,3.0,1,False,False,False,False,False,False,False,True,37.599999999998545,92.89887130434326,52217.242007427645,True,False,132.95799257235194
2025-04-15 13:00:00+05:30,52350.2,52412.4,52330.2,52361.0,3.0,1,False,False,False,False,False,False,False,True,82.20000000000437,91.82898417390938,52243.93823493649,True,False,117.06176506351039
2025-04-15 13:15:00+05:30,52361.0,52396.6,52354.4,52374.4,1.0,1,False,False,False,False,False,False,False,True,42.19999999999709,86.86608575651815,52267.44893071869,True,False,106.95106928131281
2025-04-15 13:30:00+05:30,52389.0,52389.0,52356.0,52375.2,5.0,1,False,False,False,False,False,False,False,True,33.0,81.47947718086633,52287.190478715216,True,False,88.00952128478093
2025-04-15 13:45:00+05:30,52376.0,52394.8,52362.6,52380.0,1.0,1,False,False,False,False,False,False,False,True,32.200000000004366,76.55152946278012,52304.04512182599,True,False,75.95487817400863
2025-04-15 14:00:00+05:30,52379.0,52400.0,52374.0,52400.0,3.0,1,False,False,False,False,False,False,False,True,26.0,71.49637651650211,52319.86653950901,True,False,80.13346049099346
2025-04-15 14:15:00+05:30,52401.2,52403.2,52375.0,52375.2,-1.0,-1,False,False,False,False,False,False,False,True,28.19999999999709,67.16673886485161,52331.00465753811,True,False,44.19534246188414
2025-04-15 14:30:00+05:30,52375.2,52399.0,52332.8,52370.6,5.0,1,False,False,False,False,False,False,False,True,66.19999999999709,67.07006497836616,52339.65857223429,True,False,30.941427765705157
2025-04-15 14:45:00+05:30,52373.4,52404.8,52366.0,52391.0,1.0,1,False,False,False,False,False,False,False,True,38.80000000000291,64.24305848052984,52348.436777618175,True,False,42.563222381824744
2025-04-15 15:00:00+05:30,52381.6,52390.2,52310.6,52339.0,3.0,1,False,False,False,False,False,True,False,True,80.40000000000146,65.858752632477,52351.060852486895,True,False,-12.060852486894873
2025-04-15 15:15:00+05:30,52335.4,52460.0,52335.4,52454.0,1.0,1,False,False,False,False,False,True,False,True,124.59999999999854,71.73287736922916,52362.93946329877,True,False,91.0605367012322
2025-04-15 15:30:00+05:30,52460.0,52460.0,52460.0,52460.0,5.0,1,False,False,False,False,False,False,False,True,6.0,65.15958963230625,52374.37434178651,True,False,85.62565821348835
2025-04-16 09:15:00+05:30,52550.0,52665.0,52433.6,52665.0,1.0,1,True,False,False,False,True,True,True,True,231.40000000000146,81.78363066907578,52403.475120037336,True,False,261.5248799626643
2025-04-16 09:30:00+05:30,52666.0,52756.0,52646.8,52753.4,3.0,1,False,False,False,False,True,True,True,True,109.19999999999709,84.52526760216792,52439.5651885667,True,False,313.83481143329846
2025-04-16 09:45:00+05:30,52755.0,52770.0,52701.2,52735.0,-1.0,-1,False,False,False,False,False,False,True,True,68.80000000000291,82.95274084195141,52472.64379940494,True,False,262.3562005950589
2025-04-16 10:00:00+05:30,52735.4,52804.0,52724.0,52771.0,3.0,1,False,False,False,False,False,False,True,True,80.0,82.65746675775627,52507.29623745425,True,False,263.7037625457524
2025-04-16 10:15:00+05:30,52780.0,52789.4,52636.0,52715.0,1.0,1,False,False,True,False,False,True,False,True,153.40000000000146,89.7317200819808,52534.86518397964,True,False,180.13481602036336
2025-04-16 10:30:00+05:30,52709.4,52713.6,52631.0,52674.0,3.0,1,False,False,False,False,False,False,False,True,84.0,89.15854807378273,52556.471211708944,True,False,117.52878829105612
2025-04-16 10:45:00+05:30,52674.0,52696.4,52626.0,52626.0,1.0,1,False,False,False,False,False,False,False,True,70.40000000000146,87.2826932664046,52571.382009792724,True,False,54.61799020727631
2025-04-16 11:00:00+05:30,52626.0,52732.2,52585.0,52732.2,3.0,1,False,False,False,False,False,True,False,True,147.1999999999971,93.27442393976386,52593.61768058833,True,False,138.5823194116674
2025-04-16 11:15:00+05:30,52734.8,52744.0,52707.0,52710.8,1.0,1,False,False,False,False,False,False,False,True,37.0,87.64698154578748,52611.67225355617,True,False,99.12774644383171
2025-04-16 11:30:00+05:30,52706.0,52775.6,52701.2,52766.8,3.0,1,False,False,False,False,False,False,False,True,74.40000000000146,86.32228339120888,52632.62132668185,True,False,134.1786733181507
2025-04-16 11:45:00+05:30,52772.6,52772.6,52725.6,52727.4,1.0,1,False,False,False,False,False,False,False,True,47.0,82.390055052088,52647.89297758994,True,False,79.50702241006366
2025-04-16 12:00:00+05:30,52725.0,52770.8,52725.0,52738.8,3.0,1,False,False,False,False,False,False,False,True,45.80000000000291,78.73104954687949,52662.19373081699,True,False,76.60626918301568
2025-04-16 12:15:00+05:30,52738.8,52764.0,52720.2,52739.8,3.0,1,False,False,False,False,False,False,False,True,43.80000000000291,75.23794459219184,52674.7262875642,True,False,65.07371243580565
2025-04-16 12:30:00+05:30,52730.2,52803.4,52730.2,52800.2,1.0,1,False,False,False,False,False,False,False,True,73.20000000000437,75.0341501329731,52691.02908057689,True,False,109.17091942310799
2025-04-16 12:45:00+05:30,52800.0,52803.4,52761.0,52790.0,1.0,1,False,False,False,False,False,False,False,True,42.400000000001455,71.77073511967593,52704.81844381367,True,False,85.18155618633318
2025-04-16 13:00:00+05:30,52774.2,52842.0,52760.0,52839.8,3.0,1,False,False,False,False,False,True,False,True,82.0,72.79366160770834,52721.62045587215,True,False,118.17954412785184
2025-04-16 13:15:00+05:30,52842.2,52848.0,52711.8,52718.4,3.0,1,False,False,False,False,False,True,False,True,136.1999999999971,79.13429544693722,52725.97358929026,True,False,-7.573589290259406
2025-04-16 13:30:00+05:30,52723.8,52764.0,52716.2,52745.0,1.0,1,False,False,False,False,False,False,False,True,47.80000000000291,76.00086590224379,52731.411853222606,True,False,13.588146777394286
2025-04-16 13:45:00+05:30,52745.8,52960.0,52729.6,52940.2,1.0,1,True,False,False,False,True,True,True,True,230.40000000000146,91.44077931201954,52753.40618936467,True,False,186.79381063532492
2025-04-16 14:00:00+05:30,52968.0,53143.4,52968.0,53130.4,3.0,1,False,False,False,False,True,True,True,True,203.20000000000437,102.61670138081804,52791.528393953085,True,False,338.871606046916
2025-04-16 14:15:00+05:30,53135.4,53135.4,53040.0,53044.2,1.0,1,False,False,False,False,False,False,False,True,95.40000000000146,101.8950312427364,52820.47166320849,True,False,223.7283367915079
2025-04-16 14:30:00+05:30,53050.0,53081.0,53010.0,53055.0,1.0,1,False,False,False,False,False,False,False,True,71.0,98.80552811846276,52848.72894835135,True,False,206.2710516486477
2025-04-16 14:45:00+05:30,53050.0,53100.0,53038.0,53100.0,3.0,1,False,False,True,False,False,False,True,True,62.0,95.12497530661649,52879.18906462044,True,False,220.81093537955894
2025-04-16 15:00:00+05:30,53100.0,53100.0,53020.0,53045.0,5.0,1,False,False,False,False,False,False,False,True,80.0,93.61247777595484,52902.58296168039,True,False,142.41703831961058
2025-04-16 15:15:00+05:30,53041.0,53152.0,53040.0,53136.4,3.0,1,False,False,False,False,False,True,False,True,112.0,95.45122999835937,52932.04827018702,True,False,204.35172981298092
2025-04-16 15:30:00+05:30,53136.6,53136.6,53136.6,53136.6,3.0,1,False,False,False,False,False,False,False,True,0.19999999999708962,85.92610699852314,52959.21758414655,True,False,177.38241585344804
2025-04-17 09:15:00+05:30,53095.8,53282.0,53049.8,53140.2,3.0,1,False,False,False,False,False,True,False,True,232.1999999999971,100.55349629867052,52984.30010862876,True,False,155.89989137123484
2025-04-17 09:30:00+05:30,53135.6,53348.0,53125.0,53325.6,5.0,1,True,False,False,False,True,True,True,True,223.0,112.79814666880347,53023.74111695133,True,False,301.85888304866967
2025-04-17 09:45:00+05:30,53325.6,53470.0,53325.6,53432.4,3.0,1,False,False,False,False,True,True,True,True,144.40000000000146,115.95833200192328,53070.302059000824,True,False,362.0979409991778
2025-04-17 10:00:00+05:30,53420.4,53466.2,53310.0,53347.2,1.0,1,False,False,False,False,False,True,False,True,156.1999999999971,119.98249880173066,53106.315817229544,True,False,240.88418277045275
2025-04-17 10:15:00+05:30,53350.2,53429.2,53321.6,53400.0,3.0,1,False,False,False,False,False,False,False,True,107.59999999999854,118.74424892155744,53144.08768132141,True,False,255.91231867858733
2025-04-17 10:30:00+05:30,53400.0,53424.6,53355.4,53411.0,5.0,1,False,False,True,False,False,False,False,True,69.19999999999709,113.78982402940142,53179.71631648575,True,False,231.2836835142516
2025-04-17 10:45:00+05:30,53415.0,53431.8,53370.0,53380.0,3.0,1,False,False,False,False,False,False,False,True,61.80000000000291,108.59084162646157,53209.310427217606,True,False,170.68957278239395
2025-04-17 11:00:00+05:30,53379.8,53445.0,53345.0,53440.2,3.0,1,False,False,False,False,False,False,False,True,100.0,107.73175746381541,53241.1420833553,True,False,199.0579166446987
2025-04-17 11:15:00+05:30,53445.0,53548.8,53432.6,53524.8,5.0,1,True,False,False,False,True,True,True,True,116.20000000000437,108.5785817174343,53277.47314100994,True,False,247.32685899006174
2025-04-17 11:30:00+05:30,53522.0,53725.6,53520.0,53674.6,5.0,1,False,False,False,False,True,True,True,True,205.59999999999854,118.28072354569072,53324.22229886693,True,False,350.3777011330676
2025-04-17 11:45:00+05:30,53671.8,53721.6,53625.0,53649.0,3.0,1,False,False,False,False,False,False,True,True,96.59999999999854,116.1126511911215,53365.38356653994,True,False,283.61643346006167
2025-04-17 12:00:00+05:30,53646.6,53720.0,53620.2,53699.6,3.0,1,False,False,False,False,False,False,True,True,99.80000000000291,114.48138607200966,53407.73306288577,True,False,291.8669371142314
2025-04-17 12:15:00+05:30,53694.8,53800.0,53672.4,53800.0,5.0,1,False,False,True,False,True,True,True,True,127.59999999999854,115.79324746480854,53455.6977813438,True,False,344.30221865620115
2025-04-17 12:30:00+05:30,53791.8,53897.8,53779.0,53872.8,5.0,1,False,False,False,False,True,True,True,True,118.80000000000291,116.09392271832799,53506.64521176635,True,False,366.15478823365265
2025-04-17 12:45:00+05:30,53872.6,54050.0,53851.0,54050.0,5.0,1,False,False,False,False,True,True,True,True,199.0,124.38453044649518,53569.85840818732,True,False,480.1415918126804
2025-04-17 13:00:00+05:30,54049.6,54247.0,54014.8,54242.0,3.0,1,True,False,False,False,True,True,True,True,232.1999999999971,135.16607740184537,53646.39716890385,True,False,595.6028310961483
2025-04-17 13:15:00+05:30,54249.0,54373.2,54142.4,54150.2,3.0,1,False,False,False,False,False,True,False,True,230.79999999999563,144.7294696616604,53710.07637820258,True,False,440.12362179741467
2025-04-17 13:30:00+05:30,54150.6,54259.8,54111.0,54218.4,5.0,1,False,False,False,False,True,True,True,True,148.8000000000029,145.13652269549465,53774.98766066937,True,False,443.41233933062904
2025-04-17 13:45:00+05:30,54215.0,54287.0,54210.0,54257.8,5.0,1,False,False,False,False,False,False,True,True,77.0,138.32287042594518,53838.24644257703,True,False,419.5535574229725
2025-04-17 14:00:00+05:30,54256.0,54294.0,54187.2,54187.2,1.0,1,False,False,True,False,False,False,False,True,106.80000000000291,135.17058338335096,53889.66229288591,True,False,297.53770711409015
2025-04-17 14:15:00+05:30,54193.2,54225.6,54088.6,54174.8,1.0,1,False,False,False,False,False,True,False,True,137.0,135.35352504501586,53934.45173081689,True,False,240.34826918311592
2025-04-17 14:30:00+05:30,54165.4,54284.8,54154.0,54267.6,5.0,1,False,False,False,False,False,False,False,True,130.8000000000029,134.89817254051457,53982.278737670706,True,False,285.32126232929295
2025-04-17 14:45:00+05:30,54257.6,54272.0,54161.2,54216.2,5.0,1,False,False,False,False,False,False,False,True,110.80000000000291,132.48835528646342,54020.24850817966,True,False,195.95149182033492
2025-04-17 15:00:00+05:30,54201.0,54217.8,54141.0,54156.6,3.0,1,False,False,False,False,False,False,False,True,76.80000000000291,126.91951975781737,54047.85961780427,True,False,108.74038219572685
2025-04-17 15:15:00+05:30,54165.0,54249.0,54155.0,54223.6,1.0,1,False,False,False,False,False,False,False,True,94.0,123.62756778203564,54076.98273801975,True,False,146.61726198024553
2025-04-21 09:15:00+05:30,54640.8,55115.0,54577.8,55025.0,5.0,1,True,False,False,False,True,True,True,True,891.4000000000015,200.4048110038322,54174.63825204639,True,False,850.3617479536115
2025-04-21 09:30:00+05:30,55030.0,55145.4,54998.6,55123.0,5.0,1,False,False,False,False,False,False,True,True,146.8000000000029,195.0443299034493,54276.895043318684,True,False,846.1049566813163
2025-04-21 09:45:00+05:30,55128.2,55203.0,55050.0,55191.4,3.0,1,False,False,False,False,False,False,True,True,153.0,190.83989691310438,54380.314407587,True,False,811.085592413001
2025-04-21 10:00:00+05:30,55190.0,55225.0,55125.0,55129.8,1.0,1,False,False,False,False,False,False,False,True,100.0,181.75590722179396,54472.316580139726,True,False,657.4834198602766
2025-04-21 10:15:00+05:30,55111.0,55161.0,55045.6,55146.0,5.0,1,False,False,True,False,False,False,False,True,115.40000000000146,175.12031649961472,54559.28338324225,True,False,586.7166167577525
2025-04-21 10:30:00+05:30,55143.6,55168.0,55086.2,55149.0,5.0,1,False,False,False,False,False,False,False,True,81.80000000000291,165.78828484965354,54639.54009361508,True,False,509.4599063849164
2025-04-21 10:45:00+05:30,55150.0,55290.0,55147.4,55279.2,3.0,1,False,False,False,False,False,False,True,True,142.59999999999854,163.46945636468803,54724.312136197404,True,False,554.8878638025926
2025-04-21 11:00:00+05:30,55277.0,55333.0,55236.8,55303.6,1.0,1,False,False,False,False,False,False,True,True,96.19999999999709,156.74251072821895,54803.79686871438,True,False,499.8031312856183
2025-04-21 11:15:00+05:30,55305.0,55348.0,55289.6,55341.2,5.0,1,False,False,False,False,False,False,True,True,58.400000000001455,146.90825965539722,54879.0619212483,True,False,462.1380787516973
2025-04-21 11:30:00+05:30,55341.2,55341.2,55250.0,55271.8,5.0,1,False,False,False,False,False,False,False,True,91.19999999999709,141.3374336898572,54940.41410086883,True,False,331.38589913117175
2025-04-21 11:45:00+05:30,55279.4,55376.0,55264.0,55350.0,3.0,1,False,False,False,False,False,False,False,True,112.0,138.40369032087148,55001.4313390603,True,False,348.56866093970166
2025-04-21 12:00:00+05:30,55350.0,55350.0,55304.2,55337.4,3.0,1,False,False,False,False,False,False,False,True,45.80000000000291,129.14332128878462,55054.20945453076,True,False,283.1905454692387
2025-04-21 12:15:00+05:30,55336.0,55416.6,55320.0,55360.0,5.0,1,False,False,False,False,False,False,False,True,96.59999999999854,125.888989159906,55102.33218287675,True,False,257.6678171232488
2025-04-21 12:30:00+05:30,55370.0,55400.0,55339.2,55364.6,3.0,1,False,False,False,False,False,False,False,True,60.80000000000291,119.3800902439157,55144.63420814545,True,False,219.96579185454902
2025-04-21 12:45:00+05:30,55360.0,55399.0,55360.0,55395.0,3.0,1,False,False,False,False,False,False,False,True,39.0,111.34208121952413,55183.95641461457,True,False,211.04358538542874
2025-04-21 13:00:00+05:30,55398.0,55410.4,55362.0,55374.0,3.0,1,False,False,False,False,False,False,False,True,48.400000000001455,105.04787309757187,55216.145430403936,True,False,157.8545695960638
2025-04-21 13:15:00+05:30,55373.6,55391.6,55336.4,55339.0,3.0,1,False,False,False,False,False,False,False,True,55.19999999999709,100.06308578781439,55240.44265521164,True,False,98.55734478835802
2025-04-21 13:30:00+05:30,55342.4,55362.2,55201.0,55227.0,1.0,1,False,False,False,False,False,True,False,True,161.1999999999971,106.17677720903266,55250.41166332377,True,False,-23.41166332377179
2025-04-21 13:45:00+05:30,55229.8,55330.0,55201.6,55300.2,3.0,1,False,False,False,False,False,True,False,True,128.40000000000146,108.39909948812956,55263.47345218518,True,False,36.72654781481833
2025-04-21 14:00:00+05:30,55300.2,55338.0,55260.4,55290.0,3.0,1,False,False,False,False,False,False,False,True,77.59999999999854,105.31918953931645,55272.68738762082,True,False,17.31261237918079
2025-04-21 14:15:00+05:30,55290.0,55300.0,55250.0,55267.2,1.0,1,False,False,False,False,False,False,False,True,50.0,99.7872705853848,55277.43826393925,True,False,-10.238263939252647
2025-04-21 14:30:00+05:30,55279.8,55294.6,55212.6,55289.0,1.0,1,False,False,False,False,False,False,False,True,82.0,98.00854352684632,55282.26328696212,True,False,6.736713037877053
2025-04-21 14:45:00+05:30,55291.4,55320.0,55258.0,55302.4,1.0,1,False,False,False,False,False,False,False,True,62.0,94.40768917416169,55286.832780143355,True,False,15.567219856646261
2025-04-21 15:00:00+05:30,55305.0,55311.0,55240.6,55267.0,3.0,1,False,False,False,False,False,False,False,True,70.40000000000146,92.00692025674566,55287.065397768325,True,False,-20.065397768325056
2025-04-21 15:15:00+05:30,55275.0,55345.0,55271.0,55280.0,1.0,1,False,False,False,False,False,False,False,True,78.0,90.60622823107109,55287.64703163163,True,False,-7.647031631633581
2025-04-21 15:30:00+05:30,55280.0,55280.0,55280.0,55280.0,1.0,1,False,False,False,False,False,False,False,True,0.0,81.54560540796398,55287.65529462948,True,False,-7.655294629483251
2025-04-22 09:15:00+05:30,55360.0,55450.0,55252.0,55345.0,1.0,1,False,False,False,False,False,True,False,True,198.0,93.19104486716758,55293.178639629674,True,False,51.82136037032615
2025-04-22 09:30:00+05:30,55343.4,55550.0,55331.0,55550.0,3.0,1,True,False,False,False,True,True,True,True,219.0,105.77194038045081,55317.014147763985,True,False,232.9858522360155
2025-04-22 09:45:00+05:30,55545.0,55580.0,55500.6,55555.8,1.0,1,False,False,False,False,False,False,True,True,79.40000000000146,103.13474634240588,55340.97754441917,True,False,214.82245558083378
2025-04-22 10:00:00+05:30,55565.0,55655.0,55546.2,55633.8,1.0,1,False,False,False,False,True,True,True,True,108.80000000000291,103.70127170816559,55371.32579888025,True,False,262.47420111975225
2025-04-22 10:15:00+05:30,55634.6,55876.4,55634.4,55796.6,1.0,1,False,False,False,False,True,True,True,True,242.59999999999854,117.59114453734887,55415.40669871964,True,False,381.19330128035654
2025-04-22 10:30:00+05:30,55796.6,55857.2,55779.4,55811.4,1.0,1,False,False,True,False,False,False,True,True,77.79999999999563,113.61203008361353,55459.322443573285,True,False,352.0775564267169
2025-04-22 10:45:00+05:30,55811.4,55848.0,55780.0,55841.4,-1.0,-1,False,False,False,False,False,False,True,True,68.0,109.05082707525216,55503.90645777643,True,False,337.49354222357215
2025-04-22 11:00:00+05:30,55845.4,55900.0,55801.2,55834.8,1.0,1,False,False,False,False,False,False,False,True,98.80000000000291,108.02574436772724,55545.35041418782,True,False,289.4495858121809
2025-04-22 11:15:00+05:30,55840.8,55848.0,55623.2,55625.0,1.0,1,False,False,False,False,False,True,False,True,224.8000000000029,119.7031699309548,55564.83050488095,True,False,60.169495119051135
2025-04-22 11:30:00+05:30,55620.0,55735.6,55566.6,55716.8,3.0,1,False,False,False,False,False,True,False,True,169.0,124.63285293785933,55589.56234936735,True,False,127.23765063265455
2025-04-22 11:45:00+05:30,55722.0,55750.0,55690.8,55736.8,-1.0,-1,False,False,False,False,False,False,False,True,59.19999999999709,118.0895676440731,55613.101003943666,True,False,123.69899605633691
2025-04-22 12:00:00+05:30,55730.4,55734.8,55630.0,55690.0,1.0,1,False,False,False,False,False,False,False,True,106.80000000000291,116.96061087966609,55629.470059373176,True,False,60.5299406268241
2025-04-22 12:15:00+05:30,55694.8,55707.0,55601.0,55707.0,1.0,1,False,False,False,False,False,False,False,True,106.0,115.86454979169949,55644.62919276544,True,False,62.37080723456165
2025-04-22 12:30:00+05:30,55704.0,55719.6,55621.0,55680.0,3.0,1,False,False,False,False,False,False,False,True,98.59999999999854,114.1380948125294,55654.83981701688,True,False,25.16018298311974
2025-04-22 12:45:00+05:30,55680.0,55684.6,55630.0,55661.4,1.0,1,False,False,False,False,False,False,False,True,54.599999999998545,108.1842853312763,55661.154021132694,True,False,0.2459788673077128
2025-04-22 13:00:00+05:30,55660.2,55710.0,55644.6,55710.0,1.0,1,False,False,False,False,False,False,False,True,65.40000000000146,103.9058567981488,55669.99955872434,True,False,40.000441275660705
2025-04-22 13:15:00+05:30,55709.6,55749.8,55694.2,55747.8,1.0,1,False,False,False,False,False,False,False,True,55.60000000000582,99.0752711183345,55680.70447696141,True,False,67.09552303859527
2025-04-22 13:30:00+05:30,55749.8,55768.6,55709.0,55712.0,1.0,1,False,False,False,False,False,False,False,True,59.599999999998545,95.1277440065009,55686.822160013995,True,False,25.177839986004983
2025-04-22 13:45:00+05:30,55724.8,55731.0,55641.2,55664.0,-1.0,-1,False,False,False,False,False,False,False,True,89.80000000000291,94.5949696058511,55687.44601697054,True,False,-23.446016970541677
2025-04-22 14:00:00+05:30,55663.6,55748.0,55656.6,55691.0,-1.0,-1,False,False,False,False,False,False,False,True,91.40000000000146,94.27547264526615,55689.6072091181,True,False,1.3927908819023287
2025-04-22 14:15:00+05:30,55691.0,55730.0,55670.6,55707.4,-1.0,-1,False,False,False,False,False,False,False,True,59.400000000001455,90.78792538073968,55692.560632770794,True,False,14.83936722920771
2025-04-22 14:30:00+05:30,55716.6,55725.0,55685.8,55710.0,-1.0,-1,False,False,False,False,False,False,False,True,39.19999999999709,85.62913284266543,55695.20961536192,True,False,14.790384638079558
2025-04-22 14:45:00+05:30,55703.8,55703.8,55565.2,55638.8,-3.0,-1,False,False,False,False,False,True,False,True,144.8000000000029,91.54621955839917,55690.975402264194,False,True,-52.17540226419078
2025-04-22 15:00:00+05:30,55632.8,55660.0,55619.6,55630.0,-1.0,-1,False,False,False,False,False,False,False,True,40.400000000001455,86.43159760255939,55685.65186140282,False,True,-55.6518614028173
2025-04-22 15:15:00+05:30,55630.4,55630.6,55495.0,55570.6,-1.0,-1,False,True,False,False,True,True,True,True,135.59999999999854,91.3484378423033,55674.82074173813,False,True,-104.22074173812871
2025-04-22 15:30:00+05:30,55548.2,55548.2,55548.2,55548.2,-1.0,-1,False,False,False,False,False,False,True,True,22.400000000001455,84.45359405807311,55662.0302885768,False,True,-113.8302885768062
2025-04-23 09:15:00+05:30,55865.0,55900.2,55696.0,55702.0,-3.0,-1,False,False,False,False,False,True,False,True,352.0,111.20823465226582,55663.48009253664,True,False,38.5199074633565
2025-04-23 09:30:00+05:30,55712.6,55750.4,55520.2,55651.2,-1.0,-1,False,False,False,False,False,True,False,True,230.20000000000437,123.10741118703967,55660.71794538997,False,True,-9.517945389976376
2025-04-23 09:45:00+05:30,55645.2,55722.2,55530.0,55549.0,-1.0,-1,False,False,False,True,False,True,False,True,192.1999999999971,130.0166700683354,55649.077497385915,False,True,-100.0774973859152
2025-04-23 10:00:00+05:30,55556.0,55598.0,55321.0,55329.0,-3.0,-1,False,False,False,False,True,True,True,True,277.0,144.71500306150185,55617.954228545845,False,True,-288.95422854584467
2025-04-23 10:15:00+05:30,55336.6,55437.6,55336.6,55402.8,-3.0,-1,False,False,False,False,False,False,False,True,108.59999999999854,141.1035027553515,55594.26549266985,False,True,-191.46549266984948
2025-04-23 10:30:00+05:30,55417.6,55419.2,55229.0,55229.0,-1.0,-1,False,True,False,False,True,True,True,True,190.1999999999971,146.01315247981606,55555.91005061256,False,True,-326.91005061256146
2025-04-23 10:45:00+05:30,55225.4,55288.6,55184.8,55288.0,-1.0,-1,False,False,False,False,False,False,True,True,103.79999999999563,141.791837231834,55524.36671795183,False,True,-236.36671795183065
2025-04-23 11:00:00+05:30,55276.4,55309.2,55238.4,55263.8,-3.0,-1,False,False,False,False,False,False,False,True,70.79999999999563,134.69265350865015,55492.4826758318,False,True,-228.6826758317984
2025-04-23 11:15:00+05:30,55263.8,55369.4,55263.2,55286.0,-3.0,-1,False,False,False,False,False,False,False,True,106.20000000000437,131.84338815778557,55464.75554232668,False,True,-178.7555423266822
2025-04-23 11:30:00+05:30,55286.0,55370.0,55271.6,55359.0,-3.0,-1,False,False,False,True,False,False,False,True,98.40000000000146,128.49904934200714,55446.00019681397,False,True,-87.00019681396952
2025-04-23 11:45:00+05:30,55360.0,55422.4,55330.0,55340.0,-1.0,-1,False,False,False,False,False,False,False,True,92.40000000000146,124.88914440780657,55427.93201550444,False,True,-87.93201550444064
2025-04-23 12:00:00+05:30,55360.4,55375.0,55270.0,55323.8,-1.0,-1,False,False,False,False,False,False,False,True,105.0,122.90022996702592,55410.74565793061,False,True,-86.9456579306061
2025-04-23 12:15:00+05:30,55323.8,55323.8,55247.4,55252.8,-1.0,-1,False,False,False,False,False,False,False,True,76.40000000000146,118.25020697032349,55389.37335087672,False,True,-136.57335087671527
2025-04-23 12:30:00+05:30,55281.2,55329.4,55225.2,55325.0,-1.0,-1,False,False,False,False,False,False,False,True,104.20000000000437,116.84518627329157,55376.71070908947,False,True,-51.71070908947149
2025-04-23 12:45:00+05:30,55325.0,55359.6,55292.4,55356.4,1.0,1,False,False,False,False,False,False,False,True,67.19999999999709,111.88066764596212,55368.931275998126,False,True,-12.531275998124329
2025-04-23 13:00:00+05:30,55351.0,55395.0,55321.0,55339.4,1.0,1,False,False,False,False,False,False,False,True,74.0,108.09260088136591,55361.42002504093,False,True,-22.020025040925248
2025-04-23 13:15:00+05:30,55352.2,55370.2,55318.4,55355.0,1.0,1,False,False,False,False,False,False,False,True,51.799999999995634,102.46334079322887,55356.88404386246,False,True,-1.8840438624611124
2025-04-23 13:30:00+05:30,55357.8,55418.2,55333.2,55418.2,-1.0,-1,False,False,False,False,False,False,False,False,85.0,100.71700671390599,55359.392721038246,True,False,58.80727896175085
2025-04-23 13:45:00+05:30,55412.6,55483.4,55376.8,55478.0,-1.0,-1,False,False,False,False,True,True,True,False,106.59999999999854,101.30530604251524,55368.34761059646,True,False,109.65238940354175
2025-04-23 14:00:00+05:30,55480.0,55488.8,55421.2,55441.2,1.0,1,False,False,False,False,False,False,False,False,67.60000000000582,97.9347754382643,55374.6356717905,True,False,66.56432820949703
2025-04-23 14:15:00+05:30,55449.0,55465.0,55410.4,55430.0,1.0,1,False,False,False,False,False,False,False,False,54.599999999998545,93.60129789443772,55380.24177545365,True,False,49.75822454634908
2025-04-23 14:30:00+05:30,55430.0,55450.8,55387.6,55395.8,-1.0,-1,False,False,False,False,False,False,False,False,63.200000000004366,90.56116810499438,55382.82216537225,True,False,12.9778346277526
2025-04-23 14:45:00+05:30,55401.8,55447.4,55401.8,55430.0,1.0,1,False,False,False,False,False,False,False,False,51.599999999998545,86.6650512944948,55388.40023555642,True,False,41.59976444357744
2025-04-23 15:00:00+05:30,55430.2,55444.6,55390.2,55424.2,1.0,1,False,False,False,False,False,False,False,False,54.400000000001455,83.43854616504547,55393.21806249412,True,False,30.981937505879614
2025-04-23 15:15:00+05:30,55424.0,55431.4,55365.0,55385.6,1.0,1,False,False,False,False,False,False,False,False,66.40000000000146,81.73469154854106,55394.19388766152,True,False,-8.593887661518238
2025-04-24 09:15:00+05:30,55244.0,55464.0,55215.0,55441.8,1.0,1,False,False,False,False,False,True,False,False,249.0,98.46122239368695,55399.88527369934,True,False,41.91472630065982
2025-04-24 09:30:00+05:30,55451.6,55576.4,55310.0,55317.6,-1.0,-1,False,False,False,False,False,True,False,False,266.40000000000146,115.25510015431841,55393.91682433466,False,True,-76.31682433465903
2025-04-24 09:45:00+05:30,55320.0,55414.8,55268.4,55390.0,1.0,1,False,False,False,False,False,True,False,False,146.40000000000146,118.36959013888672,55394.16705584916,True,False,-4.167055849160533
2025-04-24 10:00:00+05:30,55392.0,55441.4,55365.4,55416.0,1.0,1,False,False,False,False,False,False,False,False,76.0,114.13263112499806,55396.53336144005,True,False,19.46663855994848
2025-04-24 10:15:00+05:30,55416.0,55450.0,55406.6,55409.4,3.0,1,False,False,False,False,False,False,False,False,43.400000000001455,107.05936801249841,55398.09929491719,True,False,11.300705082809145
2025-04-24 10:30:00+05:30,55405.0,55425.0,55368.8,55381.0,-1.0,-1,False,False,False,False,False,False,False,False,56.19999999999709,101.97343121124828,55396.91320907728,False,True,-15.913209077276406
2025-04-24 10:45:00+05:30,55383.2,55426.6,55379.2,55396.2,1.0,1,False,False,False,False,False,False,False,False,47.400000000001455,96.51608809012359,55396.974456125456,True,False,-0.7744561254585278
2025-04-24 11:00:00+05:30,55396.2,55420.0,55384.4,55417.0,-1.0,-1,False,False,False,False,False,False,False,False,35.599999999998545,90.42447928111109,55398.840511628645,True,False,18.15948837135511
2025-04-24 11:15:00+05:30,55417.2,55421.8,55325.0,55351.0,1.0,1,False,False,False,False,False,True,False,False,96.80000000000291,91.06203135300026,55394.658294832465,False,True,-43.65829483246489
2025-04-24 11:30:00+05:30,55351.0,55389.0,55345.0,55389.0,-1.0,-1,False,False,False,False,False,False,False,False,44.0,86.35582821770024,55393.89932687192,False,True,-4.899326871920493
2025-04-24 11:45:00+05:30,55389.0,55400.0,55376.2,55385.2,1.0,1,False,False,False,False,False,False,False,False,23.80000000000291,80.1002453959305,55392.82840168024,False,True,-7.628401680245588
2025-04-24 12:00:00+05:30,55385.2,55409.0,55378.0,55383.0,-3.0,-1,False,False,False,False,False,False,False,False,31.0,75.19022085633745,55391.613174494145,False,True,-8.613174494144914
2025-04-24 12:15:00+05:30,55386.6,55418.6,55384.0,55401.0,-1.0,-1,False,False,False,False,False,False,False,False,35.599999999998545,71.23119877070356,55392.10463664788,True,False,8.89536335212324
2025-04-24 12:30:00+05:30,55399.6,55409.8,55365.2,55400.0,-1.0,-1,False,False,False,False,False,False,False,False,44.60000000000582,68.56807889363378,55392.58183658226,True,False,7.4181634177366504
2025-04-24 12:45:00+05:30,55400.0,55404.8,55365.0,55367.0,3.0,1,False,False,False,False,False,False,False,False,39.80000000000291,65.6912710042707,55390.1279747475,False,True,-23.12797474749823
2025-04-24 13:00:00+05:30,55367.0,55399.0,55367.0,55379.2,-1.0,-1,False,False,False,False,False,False,False,False,32.0,62.32214390384363,55388.84671670656,False,True,-9.646716706563893
2025-04-24 13:15:00+05:30,55379.2,55396.4,55371.0,55384.2,1.0,1,False,False,False,False,False,False,False,False,25.400000000001455,58.62992951345941,55388.10300426189,False,True,-3.903004261890601
2025-04-24 13:30:00+05:30,55391.0,55414.8,55390.0,55402.4,-1.0,-1,False,False,False,False,False,False,False,False,30.60000000000582,55.82693656211406,55389.09667107236,True,False,13.303328927642724
2025-04-24 13:45:00+05:30,55405.2,55410.0,55377.2,55385.0,3.0,1,False,False,False,False,False,False,False,False,32.80000000000291,53.52424290590294,55388.58432626191,False,True,-3.5843262619091547
2025-04-24 14:00:00+05:30,55379.2,55400.0,55375.0,55397.6,-1.0,-1,False,False,False,False,False,False,False,False,25.0,50.671818615312645,55389.26873184774,True,False,8.331268152258417
2025-04-24 14:15:00+05:30,55401.8,55420.0,55384.4,55410.4,-1.0,-1,False,False,False,False,False,False,False,False,35.599999999998545,49.16463675378124,55391.15410940966,True,False,19.245890590340423
2025-04-24 14:30:00+05:30,55415.4,55416.6,55366.0,55383.0,-1.0,-1,False,False,False,False,False,True,False,False,50.599999999998545,49.308173078402966,55390.56452154354,False,True,-7.564521543543378
2025-04-24 14:45:00+05:30,55384.0,55395.4,55342.0,55349.0,1.0,1,False,False,False,False,False,True,False,False,53.400000000001455,49.71735577056281,55386.88303277018,False,True,-37.88303277017985
2025-04-24 15:00:00+05:30,55349.6,55350.0,55130.0,55236.0,-3.0,-1,False,True,False,False,True,True,True,False,220.0,66.74562019350654,55372.97460113979,False,True,-136.9746011397874
2025-04-24 15:15:00+05:30,55236.0,55242.8,55202.0,55209.8,-3.0,-1,False,False,False,False,False,False,True,True,40.80000000000291,64.15105817415618,55356.841716235605,False,True,-147.0417162356025
2025-04-25 09:15:00+05:30,55355.0,55555.0,55100.0,55297.0,-1.0,-1,False,False,False,False,False,True,False,False,455.0,103.23595235674057,55348.99056937036,False,True,-51.99056937036221
2025-04-25 09:30:00+05:30,55281.2,55296.4,54956.0,55014.4,-1.0,-1,False,False,False,False,True,True,True,False,341.0,127.0123571210665,55316.055504866265,False,True,-301.6555048662631
2025-04-25 09:45:00+05:30,55006.4,55028.0,54852.0,54937.0,-3.0,-1,False,False,False,True,True,True,True,False,176.0,131.91112140895984,55276.91699894882,False,True,-339.91699894882186
2025-04-25 10:00:00+05:30,54940.0,54940.0,54711.0,54890.4,-3.0,-1,False,False,False,False,True,True,True,False,229.0,141.62000926806385,55234.85857025562,False,True,-344.45857025562145
2025-04-25 10:15:00+05:30,54890.8,54925.6,54742.2,54742.2,-3.0,-1,False,False,False,False,True,True,True,True,183.40000000000146,145.7980083412576,55181.186024543094,False,True,-438.9860245430973
2025-04-25 10:30:00+05:30,54750.2,54771.4,54656.0,54675.6,-3.0,-1,False,False,False,False,False,False,True,True,115.40000000000146,142.758207507132,55123.87048372927,False,True,-448.2704837292695
2025-04-25 10:45:00+05:30,54685.4,54752.8,54590.0,54590.0,-3.0,-1,False,True,False,False,True,True,True,True,162.8000000000029,144.7623867564191,55061.80877888123,False,True,-471.8087788812336
2025-04-25 11:00:00+05:30,54603.0,54707.8,54565.6,54642.4,-3.0,-1,False,False,False,False,False,False,True,True,142.20000000000437,144.50614808077762,55008.11359054641,False,True,-365.71359054640925
2025-04-25 11:15:00+05:30,54636.4,54650.0,54540.0,54594.0,-3.0,-1,False,False,False,False,False,False,True,True,110.0,141.05553327269985,54954.12517575292,False,True,-360.12517575291713
2025-04-25 11:30:00+05:30,54594.0,54625.0,54535.4,54590.0,-3.0,-1,False,False,False,False,False,False,True,True,89.59999999999854,135.9099799454297,54904.19269421382,False,True,-314.1926942138234
2025-04-25 11:45:00+05:30,54590.0,54590.8,54409.4,54476.2,-3.0,-1,False,False,False,True,True,True,True,True,181.40000000000146,140.45898195088688,54848.569134534104,False,True,-372.3691345341067
2025-04-25 12:00:00+05:30,54476.6,54636.0,54451.0,54600.0,-3.0,-1,False,False,False,False,False,True,False,True,185.0,144.9130837557982,54808.944594657805,False,True,-208.94459465780528
2025-04-25 12:15:00+05:30,54605.0,54710.0,54563.8,54697.8,-3.0,-1,False,False,False,False,False,True,False,True,146.1999999999971,145.0417753802181,54782.96887263174,False,True,-85.16887263173703
2025-04-25 12:30:00+05:30,54698.8,54739.8,54618.6,54619.0,-1.0,-1,False,False,False,False,False,False,False,True,121.20000000000437,142.6575978421967,54754.36446918382,False,True,-135.3644691838199
2025-04-25 12:45:00+05:30,54618.6,54770.0,54618.2,54747.0,-1.0,-1,False,False,False,False,False,True,False,True,151.8000000000029,143.57183805797735,54741.51466291253,False,True,5.485337087469816
2025-04-25 13:00:00+05:30,54748.4,54790.0,54670.0,54779.8,-1.0,-1,False,False,False,False,False,False,False,True,120.0,141.21465425217963,54735.32839575485,False,True,44.471604245154595
2025-04-25 13:15:00+05:30,54780.0,54845.8,54730.6,54730.6,-1.0,-1,False,False,False,False,False,False,False,True,115.20000000000437,138.6131888269621,54727.770490601164,False,True,2.829509398834489
2025-04-25 13:30:00+05:30,54740.0,54900.0,54740.0,54865.2,1.0,1,True,False,False,False,True,True,True,True,169.40000000000146,141.69186994426605,54734.92205267922,True,False,130.27794732077746
2025-04-25 13:45:00+05:30,54880.0,55088.0,54870.0,55080.0,-1.0,-1,False,False,False,False,True,True,True,True,222.8000000000029,149.80268294983972,54763.44244418238,True,False,316.5575558176206
2025-04-25 14:00:00+05:30,55088.6,55099.0,54850.2,54925.0,-1.0,-1,False,False,False,False,False,True,False,True,248.8000000000029,159.70241465485603,54778.99872673682,True,False,146.00127326318034
2025-04-25 14:15:00+05:30,54925.0,55020.0,54925.0,54958.0,-1.0,-1,False,False,False,False,False,False,False,True,95.0,153.23217318937043,54797.873770353086,True,False,160.126229646914
2025-04-25 14:30:00+05:30,54965.2,54965.2,54770.0,54794.6,1.0,1,False,False,True,False,False,True,False,True,195.1999999999971,157.42895587043307,54801.689475977146,True,False,-7.089475977147231
2025-04-25 14:45:00+05:30,54794.0,54912.6,54750.0,54869.0,-1.0,-1,False,False,False,False,False,True,False,True,162.59999999999854,157.9460602833896,54811.64260829066,True,False,57.35739170933812
2025-04-25 15:00:00+05:30,54868.0,54900.0,54778.4,54800.2,1.0,1,False,False,False,False,False,False,False,True,121.59999999999854,154.3114542550505,54814.55901592949,True,False,-14.359015929490852
2025-04-25 15:15:00+05:30,54814.8,54814.8,54641.4,54651.4,1.0,1,False,False,False,False,True,True,True,True,173.40000000000146,156.2203088295456,54803.08788683845,False,True,-151.68788683845196
2025-04-25 15:30:00+05:30,54671.0,54671.0,54671.0,54671.0,3.0,1,False,False,False,False,False,False,True,True,19.599999999998545,142.55827794659086,54792.63318573462,False,True,-121.63318573462311
2025-04-28 09:15:00+05:30,54735.2,55310.2,54650.0,55282.0,1.0,1,True,False,False,False,True,True,True,True,660.1999999999971,194.3224501519315,54837.0944989167,True,False,444.90550108330353
2025-04-28 09:30:00+05:30,55274.4,55490.0,55274.4,55356.2,3.0,1,False,False,False,False,True,True,True,True,215.59999999999854,196.4502051367382,54887.65580454103,True,False,468.5441954589696
2025-04-28 09:45:00+05:30,55355.0,55447.4,55313.0,55436.8,3.0,1,False,False,False,False,False,False,True,True,134.40000000000146,190.24518462306452,54944.28538816329,True,False,492.514611836712
2025-04-28 10:00:00+05:30,55435.0,55499.0,55327.0,55498.8,3.0,1,False,False,False,False,False,False,True,True,172.0,188.42066616075806,55004.61679943035,True,False,494.18320056965604
2025-04-28 10:15:00+05:30,55499.0,55541.4,55360.6,55399.0,-1.0,-1,False,False,True,False,False,False,False,True,180.8000000000029,187.65859954468255,55053.27074359386,True,False,345.72925640614267
2025-04-28 10:30:00+05:30,55384.0,55499.0,55384.0,55457.0,3.0,1,False,False,False,False,False,False,True,True,115.0,180.3927395902143,55103.97519513088,True,False,353.024804869121
2025-04-28 10:45:00+05:30,55453.2,55510.0,55418.2,55472.8,3.0,1,False,False,False,False,False,False,False,True,91.80000000000291,171.53346563119314,55152.48001933245,True,False,320.3199806675548
2025-04-28 11:00:00+05:30,55491.0,55500.0,55370.2,55390.0,3.0,1,False,False,False,False,False,False,False,True,129.8000000000029,167.3601190680741,55189.507099889765,True,False,200.4929001102355
2025-04-28 11:15:00+05:30,55379.4,55438.4,55316.0,55436.8,-1.0,-1,False,False,False,False,False,False,False,True,122.40000000000146,162.86410716126684,55226.657921266225,True,False,210.14207873377745
2025-04-28 11:30:00+05:30,55430.4,55511.0,55404.4,55483.4,3.0,1,False,False,False,False,False,False,False,True,106.59999999999854,157.23769644514002,55263.92448120884,True,False,219.4755187911651
2025-04-28 11:45:00+05:30,55499.6,55640.0,55487.8,55587.0,3.0,1,False,False,False,False,False,False,True,True,156.59999999999854,157.17392680062588,55306.53566553082,True,False,280.46433446917945
2025-04-28 12:00:00+05:30,55590.0,55600.0,55534.0,55578.8,3.0,1,False,False,False,False,False,False,True,True,66.0,148.0565341205633,55344.40709339051,True,False,234.39290660949337
2025-04-28 12:15:00+05:30,55582.0,55739.0,55576.2,55730.0,1.0,1,True,False,False,False,True,True,True,True,162.8000000000029,149.53088070850725,55392.05732852183,True,False,337.942671478173
2025-04-28 12:30:00+05:30,55737.0,55739.0,55666.2,55685.0,3.0,1,False,False,False,False,False,False,True,True,72.80000000000291,141.85779263765681,55431.72968794975,True,False,253.27031205024832
2025-04-28 12:45:00+05:30,55689.0,55825.0,55674.6,55773.8,5.0,1,False,False,False,False,True,True,True,True,150.40000000000146,142.71201337389127,55475.57159839283,True,False,298.2284016071717
2025-04-28 13:00:00+05:30,55784.8,55800.0,55682.2,55722.8,3.0,1,False,False,False,False,False,False,False,True,117.80000000000291,140.22081203650242,55510.9468667429,True,False,211.85313325710013
2025-04-28 13:15:00+05:30,55720.4,55741.2,55640.0,55708.8,3.0,1,False,False,True,False,False,False,False,True,101.19999999999709,136.31873083285188,55541.273673289674,True,False,167.52632671032916
2025-04-28 13:30:00+05:30,55700.0,55758.6,55681.8,55720.0,1.0,1,False,False,False,False,False,False,False,True,76.79999999999563,130.36685774956626,55568.994511152676,True,False,151.00548884732416
2025-04-28 13:45:00+05:30,55720.0,55760.0,55680.0,55713.8,3.0,1,False,False,False,False,False,False,False,True,80.0,125.33017197460963,55592.73340556587,True,False,121.06659443413082
2025-04-28 14:00:00+05:30,55713.8,55748.4,55682.0,55748.4,1.0,1,False,False,False,False,False,False,False,True,66.40000000000146,119.43715477714882,55616.42190782269,True,False,131.97809217731265
2025-04-28 14:15:00+05:30,55750.0,55764.8,55630.0,55630.0,1.0,1,False,False,False,False,False,True,False,True,134.8000000000029,120.97343929943422,55626.425481440776,True,False,3.5745185592240887
2025-04-28 14:30:00+05:30,55630.0,55705.0,55558.2,55578.2,1.0,1,False,False,False,False,False,True,False,True,146.8000000000029,123.55609536949109,55629.09648712121,True,False,-50.896487121215614
2025-04-28 14:45:00+05:30,55576.2,55685.2,55540.0,55677.0,3.0,1,False,False,False,False,False,True,False,True,145.1999999999971,125.72048583254168,55638.52906800688,True,False,38.47093199312076
2025-04-28 15:00:00+05:30,55675.0,55724.8,55625.0,55641.0,1.0,1,False,False,False,False,False,False,False,True,99.80000000000291,123.1284372492878,55642.89623684769,True,False,-1.896236847693217
2025-04-28 15:15:00+05:30,55655.2,55687.0,55640.2,55678.8,3.0,1,False,False,False,False,False,False,False,True,46.80000000000291,115.49559352435931,55649.21557280967,True,False,29.584427190333372
2025-04-28 15:30:00+05:30,55678.8,55678.8,55678.8,55678.8,1.0,1,False,False,False,False,False,False,False,True,0.0,103.94603417192339,55654.35235842353,True,False,24.44764157647296
2025-04-29 09:15:00+05:30,55744.6,56194.8,55739.8,56004.6,3.0,1,True,False,False,False,True,True,True,True,516.0,145.15143075473105,55688.07485957924,True,False,316.52514042075927
2025-04-29 09:30:00+05:30,56003.4,56099.8,55701.2,55771.4,-1.0,-1,False,False,False,False,False,True,False,True,398.6000000000058,170.49628767925853,55699.6608170343,True,False,71.739182965699
2025-04-29 09:45:00+05:30,55765.0,55943.2,55712.6,55902.4,1.0,1,False,False,False,False,False,True,False,True,230.59999999999854,176.50665891133252,55722.003725606104,True,False,180.39627439389733
2025-04-29 10:00:00+05:30,55886.4,55918.8,55701.0,55750.0,-1.0,-1,False,False,False,False,False,True,False,True,217.8000000000029,180.63599302019958,55729.34681836738,True,False,20.653181632616906
2025-04-29 10:15:00+05:30,55743.2,55755.0,55605.0,55626.2,1.0,1,False,False,True,False,False,False,False,True,150.0,177.57239371817963,55724.24387784759,False,True,-98.04387784759456
2025-04-29 10:30:00+05:30,55626.2,55680.0,55556.4,55563.4,-3.0,-1,False,False,False,False,False,False,True,True,123.59999999999854,172.17515434636152,55712.39736305031,False,True,-148.9973630503082
2025-04-29 10:45:00+05:30,55563.4,55700.0,55527.6,55604.8,1.0,1,False,False,False,False,False,True,False,True,172.40000000000146,172.1976389117255,55703.570128861924,False,True,-98.77012886192097
2025-04-29 11:00:00+05:30,55601.0,55687.0,55601.0,55630.0,-1.0,-1,False,False,False,False,False,False,False,True,86.0,163.57787502055297,55696.621982605146,False,True,-66.6219826051456
2025-04-29 11:15:00+05:30,55631.2,55665.0,55575.2,55577.4,-1.0,-1,False,False,False,False,False,False,False,True,89.80000000000291,156.20008751849795,55684.763858207196,False,True,-107.36385820719443
2025-04-29 11:30:00+05:30,55583.0,55629.0,55509.0,55620.0,-3.0,-1,False,False,False,False,False,False,False,True,120.0,152.58007876664814,55676.8835263091,False,True,-56.88352630910231
2025-04-29 11:45:00+05:30,55620.0,55621.6,55475.0,55484.8,-1.0,-1,False,False,False,False,False,False,True,True,146.59999999999854,151.98207088998316,55657.08566842921,False,True,-172.28566842920554
2025-04-29 12:00:00+05:30,55482.8,55564.6,55460.0,55530.0,1.0,1,False,False,False,False,False,False,False,True,104.59999999999854,147.24386380098468,55641.9732097955,False,True,-111.9732097954984
2025-04-29 12:15:00+05:30,55525.0,55559.6,55468.6,55480.8,1.0,1,False,False,False,False,False,False,True,True,91.0,141.6194774208862,55623.24642550437,False,True,-142.44642550436402
2025-04-29 12:30:00+05:30,55486.4,55618.0,55460.0,55580.0,-1.0,-1,False,False,False,False,False,True,False,True,158.0,143.25752967879757,55614.56648628102,False,True,-34.56648628102266
2025-04-29 12:45:00+05:30,55580.0,55661.0,55548.2,55658.8,1.0,1,False,False,False,False,False,False,False,True,112.80000000000291,140.2117767109181,55614.19656115824,False,True,44.60343884176109
2025-04-29 13:00:00+05:30,55658.8,55720.6,55604.2,55630.0,-1.0,-1,False,False,False,False,False,False,False,True,116.40000000000146,137.8305990398264,55612.31355546049,False,True,17.686444539511285
2025-04-29 13:15:00+05:30,55630.0,55665.0,55581.0,55625.0,-1.0,-1,False,False,False,False,False,False,False,True,84.0,132.44753913584378,55610.93115430744,False,True,14.068845692563627
2025-04-29 13:30:00+05:30,55620.2,55644.4,55581.0,55584.4,-3.0,-1,False,False,False,False,False,False,False,True,63.400000000001455,125.54278522225954,55606.67518748457,False,True,-22.27518748457078
2025-04-29 13:45:00+05:30,55590.0,55633.0,55575.0,55605.2,1.0,1,False,False,False,False,False,False,False,True,58.0,118.78850670003358,55604.986449014286,False,True,0.2135509857107536
2025-04-29 14:00:00+05:30,55595.0,55616.4,55580.0,55600.0,-3.0,-1,False,False,False,False,False,False,False,True,36.400000000001455,110.54965603003036,55603.39397039564,False,True,-3.3939703956421
2025-04-29 14:15:00+05:30,55594.0,55649.0,55594.0,55624.0,-3.0,-1,False,False,False,False,False,False,False,True,55.0,104.99469042702734,55604.4269083442,True,False,19.573091655802273
2025-04-29 14:30:00+05:30,55624.6,55649.0,55602.6,55638.0,-3.0,-1,False,False,False,False,False,False,False,True,46.400000000001455,99.13522138432475,55607.05887018449,True,False,30.941129815510067
2025-04-29 14:45:00+05:30,55628.2,55637.0,55552.8,55597.4,1.0,1,False,False,False,False,False,False,False,True,85.19999999999709,97.74169924589198,55606.208688923936,False,True,-8.808688923934824
2025-04-29 15:00:00+05:30,55589.8,55615.0,55533.2,55533.2,-3.0,-1,False,False,False,False,False,False,False,True,81.80000000000291,96.14752932130307,55599.64367356319,False,True,-66.4436735631898
2025-04-29 15:15:00+05:30,55533.0,55548.2,55437.0,55440.0,-3.0,-1,False,True,False,False,True,True,True,True,111.19999999999709,97.65277638917247,55584.73481088006,False,True,-144.73481088005792
2025-04-29 15:30:00+05:30,55440.0,55440.0,55440.0,55440.0,-1.0,-1,False,False,False,False,False,False,True,True,0.0,87.88749875025522,55570.05823480784,False,True,-130.05823480783874
2025-04-30 09:15:00+05:30,55440.0,55450.0,55131.0,55372.0,-1.0,-1,False,False,False,False,True,True,True,True,319.0,110.9987488752297,55549.64341101083,False,True,-177.6434110108312
2025-04-30 09:30:00+05:30,55370.0,55572.4,55350.4,55460.8,-3.0,-1,False,False,False,False,False,True,False,True,222.0,122.09887398770672,55537.939304959655,False,True,-77.13930495965178
2025-04-30 09:45:00+05:30,55477.8,55630.0,55444.0,55490.0,-3.0,-1,False,False,False,True,False,True,False,True,186.0,128.48898658893603,55529.73465875142,False,True,-39.734658751418465
2025-04-30 10:00:00+05:30,55499.0,55500.0,55352.0,55370.0,-1.0,-1,False,False,False,False,False,True,False,True,148.0,130.44008793004244,55511.575819893,False,True,-141.57581989299797
2025-04-30 10:15:00+05:30,55370.0,55427.6,55305.0,55326.0,-1.0,-1,False,False,False,False,False,False,True,True,122.59999999999854,129.65607913703803,55490.454180880624,False,True,-164.45418088062434
2025-04-30 10:30:00+05:30,55320.4,55325.0,55200.0,55280.4,-5.0,-1,False,False,False,False,False,False,True,True,126.0,129.29047122333424,55466.40162629827,False,True,-186.0016262982681
2025-04-30 10:45:00+05:30,55298.0,55360.0,55230.2,55345.0,-3.0,-1,False,False,False,False,False,True,False,True,129.8000000000029,129.3414241010011,55449.60583740218,False,True,-104.60583740218135
2025-04-30 11:00:00+05:30,55350.0,55383.0,55248.0,55294.6,-3.0,-1,False,False,False,False,False,True,False,True,135.0,129.90728169090102,55429.773604235794,False,True,-135.1736042357952
2025-04-30 11:15:00+05:30,55305.0,55394.0,55271.0,55300.0,-3.0,-1,False,False,False,False,False,False,False,True,123.0,129.2165535218109,55412.03757435985,False,True,-112.0375743598488
2025-04-30 11:30:00+05:30,55302.4,55355.0,55271.0,55331.0,-3.0,-1,False,False,False,False,False,False,False,True,84.0,124.69489816962982,55398.775891252655,False,True,-67.77589125265513
2025-04-30 11:45:00+05:30,55331.6,55333.8,55258.2,55287.8,-1.0,-1,False,False,False,False,False,False,False,True,75.60000000000582,119.78540835266742,55383.24714681644,False,True,-95.44714681643381
2025-04-30 12:00:00+05:30,55275.0,55315.4,55270.4,55270.4,-1.0,-1,False,False,False,False,False,False,False,True,45.0,112.30686751740068,55367.746227115946,False,True,-97.3462271159442
2025-04-30 12:15:00+05:30,55273.8,55380.0,55258.2,55372.4,-3.0,-1,False,False,False,False,False,True,False,True,121.80000000000291,113.25618076566089,55363.06507170873,False,True,9.334928291274991
2025-04-30 12:30:00+05:30,55372.4,55394.0,55321.0,55379.0,-3.0,-1,False,False,False,False,False,False,False,True,73.0,109.23056268909481,55360.43355295322,False,True,18.566447046781832
2025-04-30 12:45:00+05:30,55394.0,55422.0,55357.2,55357.2,1.0,1,False,False,False,False,False,False,False,True,64.80000000000291,104.78750642018562,55357.06148208183,False,True,0.13851791816705372
2025-04-30 13:00:00+05:30,55370.2,55398.2,55350.2,55385.0,-1.0,-1,False,False,False,False,False,False,False,True,48.0,99.10875577816707,55357.23558752107,True,False,27.764412478929444
2025-04-30 13:15:00+05:30,55385.0,55395.6,55330.0,55340.0,-3.0,-1,False,False,False,False,False,False,False,True,65.59999999999854,95.75788020035021,55354.145219673446,False,True,-14.145219673446263
2025-04-30 13:30:00+05:30,55340.0,55418.0,55325.4,55407.4,-3.0,-1,False,False,False,False,False,False,False,True,92.59999999999854,95.44209218031504,55357.797094479356,True,False,49.602905520645436
2025-04-30 13:45:00+05:30,55409.0,55416.2,55335.0,55350.2,1.0,1,False,False,False,False,False,False,False,False,81.19999999999709,94.01788296228325,55356.71331318138,False,True,-6.513313181385456
2025-04-30 14:00:00+05:30,55348.0,55348.0,55277.0,55306.0,-3.0,-1,False,False,False,False,False,False,False,False,73.19999999999709,91.93609466605463,55351.90869535778,False,True,-45.908695357778925
2025-04-30 14:15:00+05:30,55305.2,55319.6,55265.4,55265.4,-1.0,-1,False,False,False,False,False,False,False,False,54.19999999999709,88.16248519944887,55343.64387661711,False,True,-78.2438766171108
2025-04-30 14:30:00+05:30,55279.8,55309.8,55232.2,55288.2,-3.0,-1,False,False,False,False,False,False,False,False,77.60000000000582,87.10623667950456,55337.68467278858,False,True,-49.48467278858152
2025-04-30 14:45:00+05:30,55288.6,55356.0,55283.4,55323.8,1.0,1,False,False,False,False,False,False,False,False,72.59999999999854,85.65561301155397,55335.2374959382,False,True,-11.437495938196662
2025-04-30 15:00:00+05:30,55323.8,55343.0,55276.2,55320.0,-1.0,-1,False,False,False,False,False,False,False,False,66.80000000000291,83.77005171039886,55332.74203754407,False,True,-12.742037544070627
2025-04-30 15:15:00+05:30,55320.0,55323.8,55172.0,55172.0,1.0,1,False,False,False,False,True,True,True,False,151.8000000000029,90.57304653935927,55317.11522080548,False,True,-145.1152208054773
2025-04-30 15:30:00+05:30,55180.0,55180.0,55180.0,55180.0,-1.0,-1,False,False,False,False,False,False,True,True,8.0,82.31574188542334,55302.59795841373,False,True,-122.59795841373125
2025-05-02 09:15:00+05:30,55250.2,55849.0,55218.2,55849.0,1.0,1,True,False,False,False,True,True,True,True,669.0,140.984167696881,55349.30814194253,True,False,499.6918580574711
2025-05-02 09:30:00+05:30,55850.0,55929.0,55727.2,55757.2,-1.0,-1,False,False,False,False,True,True,True,True,201.8000000000029,147.0657509271932,55387.95442013053,True,False,369.24557986946456
2025-05-02 09:45:00+05:30,55760.6,55825.0,55712.2,55774.8,1.0,1,False,False,False,False,False,False,True,True,112.80000000000291,143.63917583447417,55427.7342625874,True,False,347.0657374126022
2025-05-02 10:00:00+05:30,55770.2,55830.0,55750.0,55794.4,-3.0,-1,False,False,False,False,False,False,True,True,80.0,137.27525825102674,55468.19452163867,True,False,326.2054783613348
2025-05-02 10:15:00+05:30,55794.8,55800.0,55710.0,55738.6,-1.0,-1,False,False,True,False,False,False,False,True,90.0,132.54773242592407,55501.90497316147,True,False,236.69502683852625
2025-05-02 10:30:00+05:30,55736.0,55751.6,55611.0,55696.4,-3.0,-1,False,False,False,False,False,True,False,True,140.59999999999854,133.3529591833315,55529.62413764841,True,False,166.77586235159106
2025-05-02 10:45:00+05:30,55697.6,55720.6,55512.0,55570.0,-1.0,-1,False,False,False,False,False,True,False,True,208.59999999999854,140.8776632649982,55543.42292753267,True,False,26.577072467327525
2025-05-02 11:00:00+05:30,55570.0,55620.0,55501.0,55554.8,-3.0,-1,False,False,False,False,False,False,False,True,119.0,138.6898969384984,55553.32205648831,True,False,1.4779435116943205
2025-05-02 11:15:00+05:30,55544.8,55597.6,55450.0,55450.0,-3.0,-1,False,True,False,False,True,True,True,True,147.59999999999854,139.58090724464842,55551.339129273234,False,True,-101.339129273234
2025-05-02 11:30:00+05:30,55450.0,55475.8,55329.6,55339.0,-3.0,-1,False,False,False,False,True,True,True,True,146.20000000000437,140.24281652018402,55537.21841925999,False,True,-198.21841925998888
2025-05-02 11:45:00+05:30,55350.0,55429.8,55294.4,55391.2,-1.0,-1,False,False,False,False,False,False,True,True,135.40000000000146,139.75853486816578,55526.26541119631,False,True,-135.06541119631584
2025-05-02 12:00:00+05:30,55400.0,55400.0,55280.0,55305.0,-3.0,-1,False,False,False,False,False,False,True,True,120.0,137.7826813813492,55506.49338363659,False,True,-201.493383636589
2025-05-02 12:15:00+05:30,55309.6,55317.8,55152.4,55152.8,-3.0,-1,False,False,False,True,True,True,True,True,165.40000000000146,140.54441324321442,55472.47965089534,False,True,-319.6796508953339
2025-05-02 12:30:00+05:30,55152.4,55232.0,55073.6,55225.0,-1.0,-1,False,False,False,False,True,True,True,True,158.40000000000146,142.32997191889314,55445.244985182406,False,True,-220.2449851824058
2025-05-02 12:45:00+05:30,55230.0,55315.0,55199.0,55209.4,-1.0,-1,False,False,False,False,False,False,True,True,116.0,139.6969747270038,55417.474997745914,False,True,-208.0749977459127
2025-05-02 13:00:00+05:30,55210.0,55269.8,55165.0,55195.0,-1.0,-1,False,False,False,False,False,False,False,True,104.80000000000291,136.20727725430373,55389.77665764289,False,True,-194.77665764289122
2025-05-02 13:15:00+05:30,55186.4,55352.0,55186.4,55330.0,-1.0,-1,False,False,False,False,False,True,False,True,165.59999999999854,139.1465495288732,55376.09634811137,False,True,-46.09634811137221
2025-05-02 13:30:00+05:30,55344.4,55455.6,55340.2,55373.8,-3.0,-1,False,False,False,False,False,False,False,False,125.59999999999854,137.79189457598574,55368.359907125094,False,True,5.440092874909169
2025-05-02 13:45:00+05:30,55378.4,55411.0,55340.0,55351.2,-3.0,-1,False,False,False,False,False,False,False,False,71.0,131.11270511838717,55360.50541761608,False,True,-9.305417616080376
2025-05-02 14:00:00+05:30,55338.8,55388.0,55275.2,55330.0,-3.0,-1,False,False,False,False,False,False,False,False,112.80000000000291,129.28143460654874,55352.51588292436,False,True,-22.515882924359175
2025-05-02 14:15:00+05:30,55333.0,55366.4,55121.0,55123.2,-3.0,-1,False,True,False,False,True,True,True,False,245.40000000000146,140.893291145894,55327.38898274994,False,True,-204.1889827499399
2025-05-02 14:30:00+05:30,55126.4,55220.0,55092.0,55203.0,-1.0,-1,False,False,False,False,False,False,False,False,128.0,139.6039620313046,55311.05951237809,False,True,-108.05951237808767
2025-05-02 14:45:00+05:30,55203.2,55321.2,55180.6,55306.0,-3.0,-1,False,False,False,False,False,True,False,False,140.59999999999854,139.703565828174,55305.645998239175,False,True,0.3540017608247581
2025-05-02 15:00:00+05:30,55317.0,55359.0,55185.0,55266.0,-3.0,-1,False,False,False,False,False,True,False,False,174.0,143.1332092453566,55298.0506095267,False,True,-32.05060952669737
2025-05-02 15:15:00+05:30,55262.2,55281.0,55162.6,55191.8,-3.0,-1,False,False,False,True,False,False,False,False,118.40000000000146,140.65988832082107,55284.9868810161,False,True,-93.18688101609587
2025-05-02 15:30:00+05:30,55191.8,55191.8,55191.8,55191.8,1.0,1,False,False,False,False,False,False,False,False,0.0,126.59389948873896,55273.07780257804,False,True,-81.27780257803533
2025-05-05 09:15:00+05:30,55124.8,55448.0,55056.2,55120.0,-3.0,-1,False,False,False,False,False,True,False,False,391.8000000000029,153.11450953986534,55255.76458594442,False,True,-135.76458594441647
2025-05-05 09:30:00+05:30,55115.0,55180.0,55011.2,55130.8,-1.0,-1,False,False,False,False,False,True,False,False,168.8000000000029,154.6830585858791,55240.54026049394,False,True,-109.74026049393433
2025-05-05 09:45:00+05:30,55135.0,55280.0,55052.0,55273.0,-1.0,-1,False,False,False,False,False,True,False,False,228.0,162.01475272729118,55239.362772336804,False,True,33.63722766319552
2025-05-05 10:00:00+05:30,55256.0,55292.0,55155.0,55189.0,1.0,1,False,False,False,False,False,False,False,False,137.0,159.51327745456206,55231.64985354001,False,True,-42.649853540009644
2025-05-05 10:15:00+05:30,55194.6,55246.0,55170.0,55210.2,-3.0,-1,False,False,False,False,False,False,False,False,76.0,151.16194970910584,55226.81626053875,False,True,-16.616260538750794
2025-05-05 10:30:00+05:30,55215.0,55343.8,55204.0,55315.4,-1.0,-1,False,False,False,False,False,False,False,False,139.8000000000029,150.02575473819553,55232.39304263961,True,False,83.00695736039052
2025-05-05 10:45:00+05:30,55316.6,55316.6,55100.0,55125.0,-1.0,-1,False,False,False,False,False,True,False,False,216.59999999999854,156.68317926437584,55221.400698503814,False,True,-96.40069850381406
2025-05-05 11:00:00+05:30,55120.0,55171.0,55069.0,55115.0,-1.0,-1,False,False,False,False,False,False,False,False,102.0,151.21486133793826,55210.08115154074,False,True,-95.0811515407404
2025-05-05 11:15:00+05:30,55115.0,55130.0,55037.0,55075.0,-5.0,-1,False,False,False,False,False,False,False,False,93.0,145.39337520414443,55195.74817412874,False,True,-120.74817412874108
2025-05-05 11:30:00+05:30,55070.0,55131.0,55021.0,55060.0,-3.0,-1,False,False,False,False,False,False,False,False,110.0,141.85403768372998,55180.7402561117,False,True,-120.74025611169782
2025-05-05 11:45:00+05:30,55065.8,55075.0,54960.0,55043.2,-3.0,-1,False,False,False,False,False,False,False,False,115.0,139.168633915357,55165.00101386701,False,True,-121.80101386701426
2025-05-05 12:00:00+05:30,55036.8,55054.8,54992.2,55009.8,-1.0,-1,False,False,False,False,False,False,True,False,62.60000000000582,131.5117705238219,55147.14278306421,False,True,-137.34278306421038
2025-05-05 12:15:00+05:30,55003.4,55009.6,54929.2,54992.8,-3.0,-1,False,False,False,False,False,False,True,False,80.60000000000582,126.4205934714403,55128.78556535928,False,True,-135.98556535927491
2025-05-05 12:30:00+05:30,55000.0,55000.0,54935.0,54947.0,-1.0,-1,False,False,False,False,False,False,True,False,65.0,120.27853412429627,55107.459143033106,False,True,-160.45914303310565
2025-05-05 12:45:00+05:30,54941.0,55024.8,54915.0,55020.0,-1.0,-1,False,False,False,False,False,False,False,False,109.80000000000291,119.23068071186694,55094.08563252438,False,True,-74.08563252438034
2025-05-05 13:00:00+05:30,55020.0,55088.8,55011.4,55036.0,-1.0,-1,False,False,False,False,False,False,False,False,77.40000000000146,115.04761264068038,55083.58774678389,False,True,-47.58774678388727
2025-05-05 13:15:00+05:30,55036.0,55109.2,54993.0,55074.4,-1.0,-1,False,False,False,False,False,True,False,False,116.19999999999709,115.16285137661205,55077.98181405272,False,True,-3.5818140527189826
2025-05-05 13:30:00+05:30,55070.0,55115.0,55064.4,55105.2,1.0,1,False,False,False,False,False,False,False,False,50.599999999998545,108.7065662389507,55076.48760689756,False,True,28.71239310243982
2025-05-05 13:45:00+05:30,55115.0,55165.0,55102.4,55135.2,1.0,1,False,False,False,False,False,False,False,False,62.599999999998545,104.09590961505549,55078.863294929455,True,False,56.33670507054194
2025-05-05 14:00:00+05:30,55135.2,55186.0,55085.0,55130.0,-3.0,-1,False,False,False,False,False,False,False,False,101.0,103.78631865354994,55081.68832673986,True,False,48.311673260141106
2025-05-05 14:15:00+05:30,55136.0,55140.0,55050.0,55096.6,-1.0,-1,False,False,False,False,False,False,False,False,90.0,102.40768678819495,55082.15695468063,True,False,14.443045319370867
2025-05-05 14:30:00+05:30,55113.2,55215.0,55107.8,55135.0,-1.0,-1,False,False,False,False,False,True,False,False,118.40000000000146,104.0069181093756,55086.568867363014,True,False,48.43113263698615
2025-05-05 14:45:00+05:30,55130.4,55166.0,55101.4,55102.0,-1.0,-1,False,False,False,False,False,False,False,False,64.59999999999854,100.0662262984379,55088.25767182176,True,False,13.742328178239404
2025-05-05 15:00:00+05:30,55102.8,55118.4,55040.0,55055.0,-3.0,-1,False,False,False,False,False,False,False,False,78.40000000000146,97.89960366859425,55085.78534836993,False,True,-30.785348369929125
2025-05-05 15:15:00+05:30,55055.0,55099.2,55050.0,55081.0,-1.0,-1,False,False,False,False,False,False,False,False,49.19999999999709,93.02964330173454,55085.68996583348,False,True,-4.689965833480528
2025-05-06 09:15:00+05:30,55050.6,55205.8,54866.0,54880.0,-1.0,-1,False,True,False,False,True,True,True,False,339.8000000000029,117.70667897156136,55067.35338984993,False,True,-187.35338984992995
2025-05-06 09:30:00+05:30,54879.8,54960.0,54806.8,54837.4,-1.0,-1,False,False,False,False,True,True,True,False,153.1999999999971,121.25601107440494,55045.24874722343,False,True,-207.84874722342647
2025-05-06 09:45:00+05:30,54837.2,54880.4,54780.0,54790.0,-3.0,-1,False,False,False,False,False,False,True,False,100.40000000000146,119.1704099669646,55019.235746958744,False,True,-229.23574695874413
2025-05-06 10:00:00+05:30,54789.2,54845.0,54751.0,54761.0,-1.0,-1,False,False,False,False,False,False,True,False,94.0,116.65336897026813,54991.3317681969,False,True,-230.33176819689834
2025-05-06 10:15:00+05:30,54750.2,54750.2,54650.0,54718.4,-1.0,-1,False,False,False,True,False,False,True,False,111.0,116.08803207324131,54960.67549900218,False,True,-242.27549900217855
2025-05-06 10:30:00+05:30,54720.4,54749.0,54670.0,54700.0,-1.0,-1,False,False,False,False,False,False,True,False,79.0,112.37922886591718,54929.83190567833,False,True,-229.83190567832935
2025-05-06 10:45:00+05:30,54700.0,54747.8,54680.0,54728.0,-3.0,-1,False,False,False,False,False,False,False,True,67.80000000000291,107.92130597932575,54903.35330666651,False,True,-175.35330666651134
2025-05-06 11:00:00+05:30,54728.0,54736.0,54650.0,54690.0,-3.0,-1,False,False,False,False,False,False,True,True,86.0,105.72917538139318,54875.513149825376,False,True,-185.51314982537588
2025-05-06 11:15:00+05:30,54689.8,54699.8,54630.0,54630.8,-3.0,-1,False,False,False,False,False,False,True,True,69.80000000000291,102.13625784325414,54844.56771217462,False,True,-213.76771217461646
2025-05-06 11:30:00+05:30,54626.2,54673.8,54557.2,54600.0,-1.0,-1,False,True,False,False,True,True,True,True,116.60000000000582,103.5826320589293,54813.253798474434,False,True,-213.253798474434
2025-05-06 11:45:00+05:30,54600.0,54625.0,54580.2,54605.0,-3.0,-1,False,False,False,False,False,False,False,True,44.80000000000291,97.70436885303667,54784.9603370895,False,True,-179.96033708949835
2025-05-06 12:00:00+05:30,54600.0,54680.0,54594.2,54673.0,-3.0,-1,False,False,False,False,False,False,False,True,85.80000000000291,96.51393196773328,54765.4822562164,False,True,-92.48225621639722
2025-05-06 12:15:00+05:30,54679.4,54714.8,54662.2,54705.0,-5.0,-1,False,False,False,False,False,False,False,True,52.60000000000582,92.12253877096053,54751.51490627034,False,True,-46.51490627034218
2025-05-06 12:30:00+05:30,54705.0,54725.0,54640.0,54644.0,-3.0,-1,False,False,False,True,False,False,False,True,85.0,91.41028489386449,54734.45468334682,False,True,-90.45468334681937
2025-05-06 12:45:00+05:30,54644.0,54662.0,54615.0,54615.2,-1.0,-1,False,False,False,False,False,False,False,True,47.0,86.96925640447805,54717.02636122904,False,True,-101.82636122903932
2025-05-06 13:00:00+05:30,54615.0,54659.6,54607.4,54635.6,-1.0,-1,False,False,False,False,False,False,False,True,52.19999999999709,83.49233076402996,54703.53120369321,False,True,-67.93120369320968
2025-05-06 13:15:00+05:30,54640.2,54670.6,54622.0,54650.0,-3.0,-1,False,False,False,False,False,False,False,True,48.599999999998545,80.00309768762682,54693.254393099676,False,True,-43.254393099676236
2025-05-06 13:30:00+05:30,54649.0,54674.6,54637.0,54650.0,-3.0,-1,False,False,False,False,False,False,False,True,37.599999999998545,75.76278791886399,54684.68695124141,False,True,-34.68695124141232
2025-05-06 13:45:00+05:30,54664.4,54710.0,54642.0,54710.0,-1.0,-1,False,False,False,False,False,False,False,True,68.0,74.9865091269776,54683.0560155123,False,True,26.94398448769789
2025-05-06 14:00:00+05:30,54710.0,54729.8,54642.0,54659.6,-1.0,-1,False,False,False,False,False,True,False,True,87.80000000000291,76.26785821428012,54678.10432589425,False,True,-18.50432589425327
2025-05-06 14:15:00+05:30,54665.8,54668.8,54585.0,54595.0,-3.0,-1,False,False,False,False,False,True,False,True,83.80000000000291,77.0210723928524,54668.305361170445,False,True,-73.3053611704454
2025-05-06 14:30:00+05:30,54599.0,54639.8,54554.4,54587.8,-3.0,-1,False,False,False,False,False,True,False,True,85.40000000000146,77.85896515356731,54658.72666013458,False,True,-70.92666013457347
2025-05-06 14:45:00+05:30,54578.6,54578.6,54386.2,54408.2,-1.0,-1,False,True,False,False,True,True,True,True,201.60000000000582,90.23306863821117,54633.67170935094,False,True,-225.47170935094618
2025-05-06 15:00:00+05:30,54410.0,54473.8,54390.0,54403.0,1.0,1,False,False,False,False,False,False,True,True,83.80000000000291,89.58976177439034,54609.03586523386,False,True,-206.03586523386184
2025-05-06 15:15:00+05:30,54402.0,54402.0,54270.0,54275.0,-1.0,-1,False,False,False,False,True,True,True,True,133.0,93.93078559695131,54573.90283735666,False,True,-298.9028373566616
2025-05-06 15:30:00+05:30,54267.0,54267.0,54267.0,54267.0,-1.0,-1,False,False,False,False,False,False,True,True,8.0,85.33770703725618,54539.45109863321,False,True,-272.45109863320977
2025-05-07 09:15:00+05:30,54250.0,54755.0,54037.6,54714.0,1.0,1,True,False,False,True,True,True,True,True,717.4000000000015,148.5439363335307,54547.29512847179,True,False,166.70487152820715
2025-05-07 09:30:00+05:30,54726.4,54796.0,54616.4,54690.0,1.0,1,False,False,False,False,True,True,True,True,179.59999999999854,151.64954270017748,54554.72646690211,True,False,135.27353309789032
2025-05-07 09:45:00+05:30,54680.4,54709.0,54511.0,54600.0,-1.0,-1,False,False,False,False,False,True,False,True,198.0,156.28458843015974,54555.40516634601,True,False,44.594833653987735
2025-05-07 10:00:00+05:30,54602.4,54615.6,54380.4,54432.8,-3.0,-1,False,False,False,False,False,True,False,True,235.1999999999971,164.1761295871435,54542.024151483725,False,True,-109.22415148372238
2025-05-07 10:15:00+05:30,54434.4,54488.0,54361.0,54362.0,1.0,1,False,False,True,False,False,False,False,True,127.0,160.45851662842915,54523.18546077357,False,True,-161.18546077357314
2025-05-07 10:30:00+05:30,54365.2,54490.8,54362.0,54467.6,1.0,1,False,False,False,False,False,False,False,True,128.8000000000029,157.29266496558654,54514.910294633235,False,True,-47.31029463323648
2025-05-07 10:45:00+05:30,54475.0,54521.0,54380.0,54407.0,1.0,1,False,False,False,False,False,False,False,True,141.0,155.66339846902787,54502.130158734086,False,True,-95.13015873408585
2025-05-07 11:00:00+05:30,54421.6,54515.0,54408.2,54475.0,-1.0,-1,False,False,False,False,False,False,False,True,108.0,150.8970586221251,54496.47112318068,False,True,-21.47112318067957
2025-05-07 11:15:00+05:30,54455.2,54590.8,54455.2,54565.0,-1.0,-1,False,False,False,False,False,False,False,True,135.60000000000582,149.36735275991316,54499.88631592494,True,False,65.11368407506234
2025-05-07 11:30:00+05:30,54581.8,54629.0,54550.0,54555.2,-1.0,-1,False,False,False,False,False,False,False,True,79.0,142.33061748392183,54503.1712118009,True,False,52.02878819909529
2025-05-07 11:45:00+05:30,54550.0,54552.0,54430.0,54451.6,-1.0,-1,False,False,False,False,False,False,False,False,125.19999999999709,140.61755573552935,54497.611066944875,False,True,-46.0110669448768
2025-05-07 12:00:00+05:30,54456.2,54501.0,54431.0,54459.4,-1.0,-1,False,False,False,False,False,False,False,False,70.0,133.5558001619764,54493.186269236736,False,True,-33.78626923673437
2025-05-07 12:15:00+05:30,54451.6,54515.4,54430.0,54465.0,-1.0,-1,False,False,False,False,False,False,False,False,85.40000000000146,128.7402201457789,54489.65765752127,False,True,-24.657657521267538
2025-05-07 12:30:00+05:30,54474.0,54490.0,54423.2,54429.6,-1.0,-1,False,False,False,False,False,False,False,False,66.80000000000291,122.5461981312013,54483.26973023284,False,True,-53.669730232839356
2025-05-07 12:45:00+05:30,54427.2,54489.8,54425.0,54425.0,-1.0,-1,False,False,False,False,False,False,False,False,64.80000000000291,116.77157831808145,54476.80712455884,False,True,-51.8071245588435
2025-05-07 13:00:00+05:30,54425.0,54428.0,54360.0,54419.0,1.0,1,False,False,False,False,False,False,False,False,68.0,111.89442048627332,54470.169033799604,False,True,-51.16903379960422
2025-05-07 13:15:00+05:30,54420.0,54449.8,54401.0,54405.0,1.0,1,False,False,False,False,False,False,False,False,48.80000000000291,105.58497843764628,54462.66485768134,False,True,-57.66485768133862
2025-05-07 13:30:00+05:30,54438.0,54444.0,54389.0,54420.0,-1.0,-1,False,False,False,False,False,False,False,False,55.0,100.52648059388166,54456.96937606507,False,True,-36.96937606506981
2025-05-07 13:45:00+05:30,54429.8,54489.0,54400.0,54470.0,-1.0,-1,False,False,False,False,False,False,False,False,89.0,99.37383253449349,54456.292837464694,False,True,13.707162535305542
2025-05-07 14:00:00+05:30,54477.8,54554.0,54468.0,54493.2,1.0,1,False,False,False,False,False,False,False,False,86.0,98.03644928104413,54458.18541716117,True,False,35.014582838826755
2025-05-07 14:15:00+05:30,54497.8,54536.4,54421.0,54499.8,1.0,1,False,False,False,False,False,True,False,False,115.40000000000146,99.77280435293986,54461.06018499663,True,False,38.739815003369586
2025-05-07 14:30:00+05:30,54496.8,54588.0,54491.0,54570.0,1.0,1,False,False,False,False,False,False,True,False,97.0,99.49552391764587,54470.5749240488,True,False,99.42507595119969
2025-05-07 14:45:00+05:30,54574.2,54621.0,54515.4,54549.0,1.0,1,False,False,False,False,False,True,False,False,105.59999999999854,100.10597152588113,54478.298007746664,True,False,70.70199225333636
2025-05-07 15:00:00+05:30,54532.0,54632.0,54530.0,54625.2,3.0,1,True,False,False,False,True,True,True,False,102.0,100.29537437329301,54492.85370827828,True,False,132.34629172171844
2025-05-07 15:15:00+05:30,54630.0,54763.4,54630.0,54715.0,1.0,1,False,False,False,False,True,True,True,False,138.20000000000437,104.08583693596415,54515.26548112691,True,False,199.73451887309056
2025-05-07 15:30:00+05:30,54720.0,54720.0,54720.0,54720.0,1.0,1,False,False,False,False,False,False,True,False,5.0,94.17725324236774,54537.545208150485,True,False,182.45479184951546
2025-05-08 09:15:00+05:30,54806.2,55029.0,54714.0,54819.8,1.0,1,False,False,False,False,True,True,True,False,315.0,116.25952791813097,54567.96182020657,True,False,251.8381797934344
2025-05-08 09:30:00+05:30,54820.0,54854.4,54702.0,54839.4,3.0,1,False,False,True,False,True,True,True,False,152.40000000000146,119.87357512631802,54598.89595346883,True,False,240.50404653116857
2025-05-08 09:45:00+05:30,54841.8,54888.0,54752.4,54788.8,3.0,1,False,False,False,False,False,True,False,True,135.59999999999854,121.44621761368607,54623.615331458,True,False,165.18466854200233
2025-05-08 10:00:00+05:30,54776.0,54845.0,54759.0,54842.0,3.0,1,False,False,False,False,False,False,True,True,86.0,117.90159585231747,54651.26187414181,True,False,190.73812585818814
2025-05-08 10:15:00+05:30,54846.0,54956.8,54827.0,54931.2,3.0,1,True,False,False,False,True,True,True,True,129.8000000000029,119.09143626708601,54684.90929871912,True,False,246.29070128087915
2025-05-08 10:30:00+05:30,54937.2,54937.2,54872.0,54900.0,3.0,1,False,False,False,False,False,False,False,True,65.19999999999709,113.70229264037712,54713.430908982904,True,False,186.56909101709607
2025-05-08 10:45:00+05:30,54902.8,54915.6,54856.8,54856.8,3.0,1,False,False,False,False,False,False,False,True,58.799999999995634,108.21206337633899,54735.56810606258,True,False,121.23189393742359
2025-05-08 11:00:00+05:30,54857.0,54930.2,54850.0,54864.8,3.0,1,False,False,False,False,False,False,False,True,80.19999999999709,105.4108570387048,54755.923578381684,True,False,108.876421618319
2025-05-08 11:15:00+05:30,54865.8,54890.0,54810.0,54825.0,3.0,1,False,False,True,False,False,False,False,True,80.0,102.86977133483433,54770.21894246995,True,False,54.78105753004638
2025-05-08 11:30:00+05:30,54825.0,54849.8,54810.0,54821.4,3.0,1,False,False,False,False,False,False,False,True,39.80000000000291,96.56279420135118,54781.87234848036,True,False,39.52765151963831
2025-05-08 11:45:00+05:30,54820.0,54830.0,54781.0,54820.0,1.0,1,False,False,False,False,False,False,False,True,49.0,91.80651478121607,54791.29304855119,True,False,28.706951448810287
2025-05-08 12:00:00+05:30,54820.0,54829.8,54768.6,54815.6,3.0,1,False,False,False,False,False,False,False,True,61.200000000004366,88.7458633030949,54798.44909334521,True,False,17.150906654787832
2025-05-08 12:15:00+05:30,54815.2,54850.0,54788.0,54837.4,3.0,1,False,False,False,False,False,False,False,True,62.0,86.0712769727854,54805.9713927077,True,False,31.428607292298693
2025-05-08 12:30:00+05:30,54837.4,54853.2,54803.4,54820.4,1.0,1,False,False,False,False,False,False,False,True,49.799999999995634,82.44414927550642,54810.58285281413,True,False,9.817147185873182
2025-05-08 12:45:00+05:30,54819.6,54900.0,54806.2,54869.0,-1.0,-1,False,False,False,False,False,True,False,True,93.80000000000291,83.57973434795608,54818.45625114042,True,False,50.543748859578045
2025-05-08 13:00:00+05:30,54880.0,54897.4,54825.0,54828.0,1.0,1,False,False,False,False,False,False,False,True,72.40000000000146,82.46176091316062,54821.65086653514,True,False,6.349133464857005
2025-05-08 13:15:00+05:30,54830.2,54866.2,54766.0,54819.8,1.0,1,False,False,False,False,False,True,False,True,100.19999999999709,84.23558482184426,54823.29579626112,True,False,-3.4957962611151743
2025-05-08 13:30:00+05:30,54819.6,54819.6,54640.0,54660.0,-1.0,-1,False,True,False,False,True,True,True,True,179.8000000000029,93.79202633966011,54809.812629350636,False,True,-149.8126293506357
2025-05-08 13:45:00+05:30,54650.0,54677.0,54522.2,54529.8,-3.0,-1,False,False,False,False,True,True,True,True,154.8000000000029,99.89282370569438,54784.14695635427,False,True,-254.3469563542676
2025-05-08 14:00:00+05:30,54545.8,54588.8,54473.8,54508.2,-1.0,-1,False,False,False,False,True,True,True,True,115.0,101.40354133512494,54756.58271067626,False,True,-248.38271067626192
2025-05-08 14:15:00+05:30,54519.0,54621.2,54496.6,54600.0,-1.0,-1,False,False,False,False,False,True,False,True,124.59999999999854,103.72318720161229,54737.90248214176,False,True,-137.90248214176245
2025-05-08 14:30:00+05:30,54586.0,54626.6,54568.6,54592.0,-3.0,-1,False,False,False,True,False,False,False,True,58.0,99.15086848145106,54719.44769395135,False,True,-127.4476939513479
2025-05-08 14:45:00+05:30,54590.2,54604.4,54280.0,54302.8,-5.0,-1,False,False,False,False,True,True,True,True,324.40000000000146,121.67578163330609,54675.981308555114,False,True,-373.1813085551112
2025-05-08 15:00:00+05:30,54291.4,54465.0,54266.0,54416.2,-3.0,-1,False,False,False,False,False,True,False,True,199.0,129.4082034699755,54644.39953463883,False,True,-228.19953463883576
2025-05-08 15:15:00+05:30,54416.4,54416.4,54150.0,54184.0,-3.0,-1,False,True,False,False,True,True,True,True,266.40000000000146,143.1073831229781,54593.80046967659,False,True,-409.8004696765929
2025-05-09 09:15:00+05:30,54400.0,54400.0,53688.2,53928.6,-3.0,-1,False,False,False,False,True,True,True,True,711.8000000000029,199.97664481068057,54522.50278760465,False,True,-593.902787604653
2025-05-09 09:30:00+05:30,53935.0,53990.0,53803.0,53875.4,-5.0,-1,False,False,False,False,False,False,True,True,187.0,198.67898032961253,54449.50209058281,False,True,-574.1020905828118
2025-05-09 09:45:00+05:30,53874.2,53888.0,53752.2,53760.0,-3.0,-1,False,False,False,False,False,False,True,True,135.8000000000029,192.39108229665158,54369.91470220553,False,True,-609.9147022055331
2025-05-09 10:00:00+05:30,53770.2,53859.6,53660.0,53840.2,-1.0,-1,False,False,False,True,True,True,True,True,199.59999999999854,193.11197406698628,54302.201273687606,False,True,-462.0012736876088
2025-05-09 10:15:00+05:30,53856.0,53926.0,53810.0,53865.0,-5.0,-1,False,False,False,False,False,False,False,True,116.0,185.40077666028765,54241.91949325292,False,True,-376.9194932529208
2025-05-09 10:30:00+05:30,53867.0,53900.0,53760.4,53763.0,-3.0,-1,False,False,False,False,False,False,True,True,139.59999999999854,180.82069899425875,54177.89739715105,False,True,-414.8973971510495
2025-05-09 10:45:00+05:30,53760.2,53822.0,53722.0,53765.2,-3.0,-1,False,False,False,False,False,False,True,True,100.0,172.73862909483287,54119.7831341924,False,True,-354.58313419240585
2025-05-09 11:00:00+05:30,53789.8,53838.2,53760.0,53821.0,-1.0,-1,False,False,False,False,False,False,False,True,78.19999999999709,163.2847661853493,54072.53924969452,False,True,-251.53924969452055
2025-05-09 11:15:00+05:30,53815.0,53975.0,53761.0,53975.0,-3.0,-1,False,False,False,False,False,True,False,True,214.0,168.35628956681438,54044.97806617028,False,True,-69.97806617028255
2025-05-09 11:30:00+05:30,53975.0,54019.0,53825.0,53834.2,-3.0,-1,False,False,False,False,False,True,False,True,194.0,170.92066061013296,54010.00173181401,False,True,-175.80173181401187
2025-05-09 11:45:00+05:30,53835.0,53835.0,53731.0,53820.0,-3.0,-1,False,False,False,False,False,False,False,True,104.0,164.22859454911966,53978.61578892142,False,True,-158.6157889214228
2025-05-09 12:00:00+05:30,53816.8,53835.0,53765.2,53827.0,-1.0,-1,False,False,False,False,False,False,False,True,69.80000000000291,154.78573509420798,53952.31970202187,False,True,-125.31970202187222
2025-05-09 12:15:00+05:30,53828.2,53847.6,53746.6,53800.0,-3.0,-1,False,False,False,False,False,False,False,True,101.0,149.40716158478716,53927.58192394906,False,True,-127.58192394905927
2025-05-09 12:30:00+05:30,53797.0,53797.8,53745.0,53748.0,-3.0,-1,False,False,False,False,False,False,False,True,55.0,139.96644542630844,53901.69331700529,False,True,-153.6933170052871
2025-05-09 12:45:00+05:30,53754.6,53795.0,53740.0,53784.2,-3.0,-1,False,False,False,False,False,False,False,True,55.0,131.46980088367758,53882.274290652895,False,True,-98.07429065289762
2025-05-09 13:00:00+05:30,53805.0,53808.4,53680.0,53707.0,-1.0,-1,False,False,False,False,False,False,True,True,128.40000000000146,131.16282079530998,53858.697976483396,False,True,-151.6979764833959
2025-05-09 13:15:00+05:30,53707.2,53769.0,53630.0,53635.0,-3.0,-1,False,True,False,False,True,True,True,True,139.0,131.94653871577898,53831.145081056085,False,True,-196.14508105608547
2025-05-09 13:30:00+05:30,53630.0,53727.4,53628.4,53675.0,-3.0,-1,False,False,False,False,False,False,False,True,99.0,128.6518848442011,53809.61069423732,False,True,-134.6106942373226
2025-05-09 13:45:00+05:30,53676.2,53750.0,53651.0,53700.0,-3.0,-1,False,False,False,False,False,False,False,True,99.0,125.686696359781,53792.61627829483,False,True,-92.61627829483041
2025-05-09 14:00:00+05:30,53692.6,53765.0,53655.0,53694.0,1.0,1,False,False,False,False,False,False,False,True,110.0,124.1180267238029,53777.19660457541,False,True,-83.19660457540886
2025-05-09 14:15:00+05:30,53692.0,53755.0,53585.0,53615.2,-1.0,-1,False,False,False,True,False,True,False,True,170.0,128.7062240514226,53756.58746493306,False,True,-141.38746493306098
2025-05-09 14:30:00+05:30,53613.2,53706.6,53604.8,53660.8,-1.0,-1,False,False,False,False,False,False,False,True,101.79999999999563,126.0156016462799,53741.965378824665,False,True,-81.16537882466218
2025-05-09 14:45:00+05:30,53664.2,53738.0,53656.4,53701.2,-1.0,-1,False,False,False,False,False,False,False,True,81.59999999999854,121.57404148165176,53732.77644455711,False,True,-31.576444557111245
2025-05-09 15:00:00+05:30,53701.2,53732.0,53650.0,53700.0,1.0,1,False,False,False,False,False,False,False,True,82.0,117.6166373334866,53725.09884437961,False,True,-25.098844379608636
2025-05-09 15:15:00+05:30,53705.0,53815.4,53682.0,53808.0,1.0,1,False,False,False,False,False,True,False,True,133.40000000000146,119.19497360013808,53728.65031433151,True,False,79.34968566848693
2025-05-09 15:30:00+05:30,53808.4,53808.4,53808.4,53808.4,-1.0,-1,False,False,False,False,False,False,False,True,0.4000000000014552,107.31547624012441,53733.41514337606,True,False,74.98485662393796
2025-05-12 09:15:00+05:30,54648.0,55199.0,54502.2,55179.0,-1.0,-1,False,False,False,False,True,True,True,True,1390.5999999999985,235.64392861611182,53863.29792854957,True,False,1315.7020714504324
2025-05-12 09:30:00+05:30,55179.0,55300.0,55137.6,55166.4,1.0,1,False,False,False,False,False,False,True,True,162.40000000000146,228.3195357545008,53991.61086258436,True,False,1174.7891374156388
2025-05-12 09:45:00+05:30,55166.4,55450.0,55166.4,55394.0,1.0,1,True,False,False,False,True,True,True,True,283.59999999999854,233.8475821790506,54137.979828614916,True,False,1256.0201713850838
2025-05-12 10:00:00+05:30,55394.0,55415.0,55258.0,55310.0,1.0,1,False,False,False,False,False,False,False,True,157.0,226.16282396114553,54272.03283554978,True,False,1037.9671644502232
2025-05-12 10:15:00+05:30,55303.4,55379.0,55303.2,55321.4,1.0,1,False,False,False,False,False,False,False,True,75.80000000000291,211.12654156503126,54400.477413672175,True,False,920.9225863278261
2025-05-12 10:30:00+05:30,55325.0,55420.0,55305.6,55413.4,3.0,1,False,False,False,False,False,False,True,True,114.40000000000146,201.45388740852826,54529.08448400413,True,False,884.3155159958696
2025-05-12 10:45:00+05:30,55413.6,55440.0,55360.0,55408.8,3.0,1,False,False,True,False,False,False,False,True,80.0,189.30849866767545,54647.882672967,True,False,760.9173270329993
2025-05-12 11:00:00+05:30,55408.6,55499.0,55400.0,55453.2,1.0,1,False,False,False,False,False,False,False,True,99.0,180.2776488009079,54760.453384169465,True,False,692.7466158305324
2025-05-12 11:15:00+05:30,55450.2,55539.0,55450.2,55491.8,1.0,1,False,False,False,False,False,False,True,True,88.80000000000291,171.1298839208174,54865.785338212765,True,False,626.0146617872379
2025-05-12 11:30:00+05:30,55489.8,55513.0,55390.0,55423.6,3.0,1,False,False,False,False,False,False,False,True,123.0,166.31689552873567,54954.02354483511,True,False,469.5764551648899
2025-05-12 11:45:00+05:30,55423.6,55423.6,55330.0,55342.0,5.0,1,False,False,False,False,False,False,False,True,93.59999999999854,159.04520597586196,55024.12805042118,True,False,317.8719495788173
2025-05-12 12:00:00+05:30,55340.2,55381.6,55304.4,55337.0,3.0,1,False,False,False,False,False,False,False,True,77.19999999999709,150.8606853782755,55083.591488326805,True,False,253.40851167319488
2025-05-12 12:15:00+05:30,55340.0,55351.4,55285.0,55310.4,3.0,1,False,False,False,False,False,False,False,True,66.40000000000146,142.4146168404481,55131.26147815385,True,False,179.13852184615098
2025-05-12 12:30:00+05:30,55325.0,55517.4,55325.0,55444.2,3.0,1,False,False,False,False,False,True,False,True,207.0,148.8731551564033,55182.635824813646,True,False,261.56417518635135
2025-05-12 12:45:00+05:30,55440.2,55454.6,55380.0,55445.6,3.0,1,False,False,False,False,False,False,False,True,74.59999999999854,141.4458396407628,55226.64944801563,True,False,218.95055198436603
2025-05-12 13:00:00+05:30,55437.0,55457.8,55345.6,55350.0,1.0,1,False,False,False,False,False,False,False,True,112.20000000000437,138.52125567668696,55255.35976569338,True,False,94.640234306622
2025-05-12 13:15:00+05:30,55350.2,55440.0,55345.6,55412.0,3.0,1,False,False,False,False,False,False,False,True,94.40000000000146,134.1091301090184,55283.947243959126,True,False,128.05275604087365
2025-05-12 13:30:00+05:30,55422.2,55435.2,55381.2,55388.0,3.0,1,False,False,False,False,False,False,False,True,54.0,126.09821709811656,55305.47386202238,True,False,82.52613797762024
2025-05-12 13:45:00+05:30,55387.6,55407.8,55338.0,55385.0,3.0,1,False,False,False,False,False,False,False,True,69.80000000000291,120.4683953883052,55322.601775863484,True,False,62.39822413651564
2025-05-12 14:00:00+05:30,55388.8,55478.2,55380.0,55478.2,1.0,1,False,False,False,False,False,False,False,True,98.19999999999709,118.2415558494744,55344.746923801016,True,False,133.45307619898085
2025-05-12 14:15:00+05:30,55480.0,55550.0,55465.4,55493.4,3.0,1,False,False,False,False,False,False,False,True,84.59999999999854,114.87740026452681,55365.38055630853,True,False,128.01944369146804
2025-05-12 14:30:00+05:30,55480.0,55525.0,55400.0,55430.0,3.0,1,False,False,False,False,False,True,False,True,125.0,115.88966023807413,55377.7614701648,True,False,52.238529835201916
2025-05-12 14:45:00+05:30,55420.0,55525.0,55403.0,55507.2,1.0,1,False,False,False,False,False,True,False,True,122.0,116.50069421426672,55394.987427605876,True,False,112.2125723941208
2025-05-12 15:00:00+05:30,55516.4,55550.0,55477.4,55511.0,-1.0,-1,False,False,False,False,False,False,False,True,72.59999999999854,112.1106247928399,55410.68547856196,True,False,100.314521438042
2025-05-12 15:15:00+05:30,55505.0,55680.8,55505.0,55671.0,1.0,1,True,False,False,False,True,True,True,True,175.8000000000029,118.4795623135562,55439.19655812718,True,False,231.80344187282026
2025-05-13 09:15:00+05:30,55644.0,55644.0,55265.0,55277.4,1.0,1,False,False,False,False,True,True,True,True,406.0,147.23160608220059,55430.35687969788,False,True,-152.95687969787832
2025-05-13 09:30:00+05:30,55271.0,55490.0,55183.0,55314.6,-1.0,-1,False,False,False,False,False,True,False,True,307.0,163.20844547398053,55423.405275681216,False,True,-108.80527568121761
2025-05-13 09:45:00+05:30,55308.8,55311.8,55200.0,55240.0,-1.0,-1,False,False,False,False,False,False,True,True,114.59999999999854,158.34760092658234,55408.62530831277,False,True,-168.62530831276672
2025-05-13 10:00:00+05:30,55236.0,55350.0,55202.8,55318.2,3.0,1,False,False,True,False,False,False,False,True,147.1999999999971,157.23284083392383,55400.29724193564,False,True,-82.09724193564034
2025-05-13 10:15:00+05:30,55315.8,55340.0,55209.6,55220.8,1.0,1,False,False,False,False,False,False,True,True,130.40000000000146,154.5495567505316,55382.890304467146,False,True,-162.09030446714314
2025-05-13 10:30:00+05:30,55206.2,55248.2,55128.0,55235.0,-1.0,-1,False,False,False,False,False,False,False,True,120.19999999999709,151.11460107547813,55366.88239601081,False,True,-131.88239601081295
2025-05-13 10:45:00+05:30,55235.0,55320.0,55203.0,55298.8,-1.0,-1,False,False,False,False,False,False,False,True,117.0,147.70314096793032,55357.13411372914,False,True,-58.334113729135424
2025-05-13 11:00:00+05:30,55298.6,55412.4,55222.6,55250.6,1.0,1,False,False,False,False,False,True,False,True,189.8000000000029,151.91282687113758,55343.735243711715,False,True,-93.13524371171661
2025-05-13 11:15:00+05:30,55252.8,55390.0,55252.8,55356.0,1.0,1,False,False,False,False,False,False,False,True,139.40000000000146,150.66154418402397,55340.780109152336,False,True,15.219890847663919
2025-05-13 11:30:00+05:30,55380.0,55404.6,55290.2,55294.2,-1.0,-1,False,False,False,False,False,False,False,True,114.40000000000146,147.03538976562172,55333.173242342615,False,True,-38.973242342617596
2025-05-13 11:45:00+05:30,55299.8,55347.2,55250.0,55280.2,-1.0,-1,False,False,False,False,False,False,False,True,97.19999999999709,142.05185078905924,55325.22727834205,False,True,-45.02727834205143
2025-05-13 12:00:00+05:30,55280.0,55345.6,55244.6,55318.6,-1.0,-1,False,False,False,False,False,False,False,True,101.0,137.94666571015333,55321.682845538795,False,True,-3.0828455387963913
2025-05-13 12:15:00+05:30,55327.4,55339.8,55222.2,55263.6,-1.0,-1,False,False,False,False,False,False,False,True,117.60000000000582,135.91199913913857,55314.01168687445,False,True,-50.41168687445315
2025-05-13 12:30:00+05:30,55255.2,55275.6,55166.0,55180.6,-3.0,-1,False,False,False,False,False,False,False,True,109.59999999999854,133.28079922522457,55299.60556880998,False,True,-119.00556880998192
2025-05-13 12:45:00+05:30,55182.0,55217.6,55110.0,55119.2,-3.0,-1,False,False,False,False,False,False,True,True,107.59999999999854,130.71271930270197,55280.438501094795,False,True,-161.23850109479827
2025-05-13 13:00:00+05:30,55110.0,55194.0,55106.0,55173.2,-3.0,-1,False,False,False,False,False,False,False,True,88.0,126.44144737243178,55267.08123117874,False,True,-93.88123117874056
2025-05-13 13:15:00+05:30,55178.8,55179.8,55097.8,55097.8,-3.0,-1,False,False,False,False,False,False,True,True,82.0,121.99730263518862,55247.90023249724,False,True,-150.100232497236
2025-05-13 13:30:00+05:30,55095.0,55169.0,55080.0,55147.4,-1.0,-1,False,False,False,False,False,False,False,True,89.0,118.69757237166975,55234.32423833966,False,True,-86.92423833965586
2025-05-13 13:45:00+05:30,55154.4,55159.8,55072.0,55086.6,-3.0,-1,False,False,False,False,False,False,False,True,87.80000000000291,115.60781513450306,55216.433131221056,False,True,-129.83313122105756
2025-05-13 14:00:00+05:30,55090.6,55167.0,55063.0,55104.6,-1.0,-1,False,False,False,False,False,False,False,True,104.0,114.44703362105274,55201.440789617234,False,True,-96.84078961723571
2025-05-13 14:15:00+05:30,55107.8,55152.2,55055.6,55120.0,-3.0,-1,False,False,False,False,False,False,False,False,96.59999999999854,112.66233025894732,55189.17972688418,False,True,-69.17972688417649
2025-05-13 14:30:00+05:30,55114.8,55156.8,55101.0,55131.4,-1.0,-1,False,False,False,False,False,False,False,False,55.80000000000291,106.97609723305288,55179.298660454035,False,True,-47.898660454033234
2025-05-13 14:45:00+05:30,55131.0,55207.0,55131.0,55150.6,-3.0,-1,False,False,False,False,False,False,False,False,76.0,103.87848750974759,55172.465449609575,False,True,-21.8654496095769
2025-05-13 15:00:00+05:30,55150.8,55151.2,55042.0,55073.8,-1.0,-1,False,False,False,False,False,True,False,False,109.19999999999709,104.41063875877254,55159.887654076185,False,True,-86.08765407618193
2025-05-13 15:15:00+05:30,55074.2,55140.0,55060.4,55100.0,-1.0,-1,False,False,False,False,False,False,False,False,79.59999999999854,101.92957488289514,55150.835976355986,False,True,-50.83597635598562
2025-05-13 15:30:00+05:30,55100.0,55100.0,55100.0,55100.0,-3.0,-1,False,False,False,False,False,False,False,False,0.0,91.73661739460563,55142.88745642233,False,True,-42.887456422329706
2025-05-14 09:15:00+05:30,55124.4,55258.4,55050.0,55180.0,-3.0,-1,False,False,False,False,False,True,False,False,208.40000000000146,103.4029556551452,55143.21807605304,True,False,36.78192394696089
2025-05-14 09:30:00+05:30,55181.0,55183.0,55015.0,55150.0,-1.0,-1,False,False,False,False,False,True,False,False,168.0,109.86266008963068,55141.713142410335,False,True,8.286857589664578
2025-05-14 09:45:00+05:30,55157.8,55159.8,54968.2,55055.6,-3.0,-1,False,False,False,False,False,True,False,False,191.60000000000582,118.0363940806682,55132.356482485855,False,True,-76.7564824858564
2025-05-14 10:00:00+05:30,55059.2,55175.0,55054.2,55175.0,-3.0,-1,False,False,False,False,False,True,False,False,120.80000000000291,118.31275467260168,55134.45042273745,True,False,40.54957726255088
2025-05-14 10:15:00+05:30,55170.4,55192.8,55113.6,55129.0,-3.0,-1,False,False,False,False,False,False,False,False,79.20000000000437,114.40147920534196,55132.90695654441,False,True,-3.906956544407876
2025-05-14 10:30:00+05:30,55129.0,55140.0,55055.0,55135.0,-1.0,-1,False,False,False,False,False,False,False,False,85.0,111.46133128480776,55132.30761965027,False,True,2.692380349726591
2025-05-14 10:45:00+05:30,55135.0,55137.0,55035.0,55035.0,-3.0,-1,False,False,False,False,False,False,False,False,102.0,110.51519815632699,55122.94983446121,False,True,-87.9498344612075
2025-05-14 11:00:00+05:30,55046.2,55102.8,55022.2,55090.0,-3.0,-1,False,False,False,False,False,False,False,False,80.60000000000582,107.52367834069487,55118.875562942325,False,True,-28.875562942324905
2025-05-14 11:15:00+05:30,55090.0,55120.0,55058.0,55110.4,-3.0,-1,False,False,False,False,False,False,False,False,62.0,102.97131050662537,55116.97807669793,False,True,-6.578076697929646
2025-05-14 11:30:00+05:30,55100.0,55120.0,55012.0,55020.2,-1.0,-1,False,False,False,False,False,True,False,False,108.0,103.47417945596285,55107.21130168746,False,True,-87.01130168746022
2025-05-14 11:45:00+05:30,55031.4,55031.4,54912.4,54959.4,-3.0,-1,False,True,False,False,True,True,True,False,119.0,105.02676151036658,55092.27397124698,False,True,-132.873971246976
2025-05-14 12:00:00+05:30,54959.8,54979.0,54890.8,54949.8,-5.0,-1,False,False,False,False,False,False,True,False,88.19999999999709,103.34408535932963,55076.945393658585,False,True,-127.14539365858218
2025-05-14 12:15:00+05:30,54940.2,54950.8,54892.4,54920.0,-3.0,-1,False,False,False,False,False,False,True,False,58.400000000001455,98.8496768233968,55059.56920575559,False,True,-139.56920575559343
2025-05-14 12:30:00+05:30,54920.0,54930.0,54760.2,54804.8,-3.0,-1,False,False,False,False,True,True,True,False,169.8000000000029,105.94470914105742,55032.583600063466,False,True,-227.78360006346338
2025-05-14 12:45:00+05:30,54800.0,54815.6,54576.8,54662.2,-3.0,-1,False,False,False,True,True,True,True,True,238.79999999999563,119.23023822695123,54993.75702148214,False,True,-331.55702148214186
2025-05-14 13:00:00+05:30,54665.4,54789.0,54654.4,54750.0,-3.0,-1,False,False,False,False,False,True,False,True,134.59999999999854,120.76721440425597,54964.37177347544,False,True,-214.3717734754391
2025-05-14 13:15:00+05:30,54746.6,54795.6,54654.0,54766.6,-3.0,-1,False,False,False,False,False,True,False,True,141.59999999999854,122.85049296383022,54938.343962808576,False,True,-171.74396280857763
2025-05-14 13:30:00+05:30,54766.0,54770.6,54712.2,54721.0,-3.0,-1,False,False,False,False,False,False,False,True,58.400000000001455,116.40544366744734,54910.25842916609,False,True,-189.25842916608963
2025-05-14 13:45:00+05:30,54720.2,54744.8,54675.4,54691.2,-3.0,-1,False,False,False,False,False,False,False,True,69.40000000000146,111.70489930070275,54881.714214631065,False,True,-190.51421463106817
2025-05-14 14:00:00+05:30,54680.8,54737.4,54657.0,54737.4,-1.0,-1,False,False,False,False,False,False,False,True,80.40000000000146,108.57440937063261,54859.743214198854,False,True,-122.34321419885237
2025-05-14 14:15:00+05:30,54735.0,54827.0,54708.2,54785.2,-3.0,-1,False,False,False,False,False,True,False,True,118.80000000000291,109.59696843356964,54844.54353843397,False,True,-59.34353843397548
2025-05-14 14:30:00+05:30,54789.8,54830.0,54659.8,54777.0,-1.0,-1,False,False,False,False,False,True,False,True,170.1999999999971,115.65727159021239,54830.95484161799,False,True,-53.95484161798959
2025-05-14 14:45:00+05:30,54777.0,54837.6,54760.0,54814.4,-1.0,-1,False,False,False,False,False,False,False,True,77.59999999999854,111.851544431191,54822.94442745206,False,True,-8.54442745205597
2025-05-14 15:00:00+05:30,54812.6,54924.0,54800.0,54899.0,-1.0,-1,False,False,False,False,False,True,False,True,124.0,113.06638998807189,54824.564175576845,True,False,74.43582442315528
2025-05-14 15:15:00+05:30,54896.4,54997.8,54836.0,54972.0,-3.0,-1,False,False,False,False,True,True,True,True,161.8000000000029,117.93975098926498,54834.42616888998,True,False,137.57383111002127
2025-05-14 15:30:00+05:30,54972.0,54972.0,54972.0,54972.0,-1.0,-1,False,False,False,False,False,False,True,True,0.0,106.14577589033847,54845.46227529307,True,False,126.53772470692638
2025-05-15 09:15:00+05:30,54970.0,54991.0,54729.0,54755.0,-1.0,-1,False,False,False,False,False,True,False,True,262.0,121.73119830130463,54837.51789402169,False,True,-82.51789402168652
2025-05-15 09:30:00+05:30,54753.0,54785.0,54669.2,54700.0,-1.0,-1,False,False,False,False,False,False,True,True,115.80000000000291,121.13807847117445,54824.99733719367,False,True,-124.99733719367214
2025-05-15 09:45:00+05:30,54692.4,54775.0,54625.0,54738.2,-1.0,-1,False,False,False,False,False,True,False,True,150.0,124.024270624057,54816.309339909516,False,True,-78.1093399095189
2025-05-15 10:00:00+05:30,54737.6,54762.0,54656.6,54737.8,1.0,1,False,False,False,False,False,False,False,True,105.40000000000146,122.16184356165145,54807.96753169787,False,True,-70.16753169786534
2025-05-15 10:15:00+05:30,54728.6,54752.8,54685.0,54730.6,1.0,1,False,False,False,False,False,False,False,True,67.80000000000291,116.7256592054866,54799.37357730758,False,True,-68.77357730758376
2025-05-15 10:30:00+05:30,54727.0,55098.0,54727.0,54971.0,1.0,1,True,False,False,False,True,True,True,True,371.0,142.15309328493794,54813.020110123616,True,False,157.97988987638382
2025-05-15 10:45:00+05:30,54970.0,55030.0,54880.0,55015.0,-1.0,-1,False,False,False,False,True,True,True,True,150.0,142.93778395644415,54830.98649629352,True,False,184.01350370648288
2025-05-15 11:00:00+05:30,55010.0,55019.8,54769.8,54789.2,1.0,1,False,False,False,False,False,True,False,True,250.0,153.6440055607997,54828.50264525944,False,True,-39.302645259442215
2025-05-15 11:15:00+05:30,54796.6,54878.0,54778.0,54819.6,3.0,1,False,False,False,False,False,False,False,True,100.0,148.27960500471974,54828.63470643991,True,False,-9.034706439910224
2025-05-15 11:30:00+05:30,54805.0,54825.2,54760.0,54819.4,1.0,1,False,False,True,False,False,False,False,True,65.19999999999709,139.97164450424748,54828.603830420965,False,True,-9.20383042096364
2025-05-15 11:45:00+05:30,54811.4,54840.0,54775.0,54817.2,1.0,1,False,False,False,False,False,False,False,True,65.0,132.47448005382273,54828.220290234334,False,True,-11.020290234337153
2025-05-15 12:00:00+05:30,54790.6,54931.2,54790.0,54886.4,1.0,1,False,False,False,False,False,True,False,True,141.1999999999971,133.34703204844018,54833.965568350264,True,False,52.434431649737235
2025-05-15 12:15:00+05:30,54886.8,54971.2,54817.6,54820.0,3.0,1,False,False,False,False,False,True,False,True,153.59999999999854,135.37232884359602,54833.51674015313,False,True,-13.516740153128922
2025-05-15 12:30:00+05:30,54821.8,54937.8,54820.0,54830.4,1.0,1,False,False,False,False,False,False,False,True,117.80000000000291,133.61509595923673,54833.816792171434,True,False,-3.416792171432462
2025-05-15 12:45:00+05:30,54835.0,54900.0,54830.0,54889.0,1.0,1,False,False,False,False,False,False,False,True,70.0,127.25358636331305,54839.26385706161,True,False,49.736142938389094
2025-05-15 13:00:00+05:30,54887.2,55150.0,54887.2,55150.0,1.0,1,True,False,False,False,True,True,True,True,262.8000000000029,140.808227726982,54868.19377066285,True,False,281.80622933714767
2025-05-15 13:15:00+05:30,55144.4,55235.0,55076.4,55204.4,3.0,1,False,False,False,False,True,True,True,True,158.59999999999854,142.58740495428367,54901.63840785092,True,False,302.76159214907966
2025-05-15 13:30:00+05:30,55210.0,55329.6,55210.0,55295.0,3.0,1,False,False,False,False,False,False,True,True,125.19999999999709,140.848664458855,54942.43732534817,True,False,352.5626746518319
2025-05-15 13:45:00+05:30,55300.0,55411.0,55300.0,55384.8,3.0,1,False,False,False,False,False,False,True,True,116.0,138.3637980129695,54990.01088702699,True,False,394.7891129730124
2025-05-15 14:00:00+05:30,55397.0,55480.0,55322.6,55464.0,3.0,1,False,False,True,False,True,True,True,True,157.40000000000146,140.2674182116727,55042.825563412276,True,False,421.1744365877239
2025-05-15 14:15:00+05:30,55462.4,55499.6,55421.2,55485.0,3.0,1,False,False,False,False,False,False,True,True,78.40000000000146,134.08067639050557,55095.00014028664,True,False,389.9998597133599
2025-05-15 14:30:00+05:30,55481.4,55493.0,55346.2,55414.4,3.0,1,False,False,False,False,False,True,False,True,146.8000000000029,135.3526087514553,55137.665968288886,True,False,276.7340317111157
2025-05-15 14:45:00+05:30,55403.6,55437.2,55352.4,55409.8,1.0,1,False,False,False,False,False,False,False,True,84.79999999999563,130.29734787630935,55176.40904966508,True,False,233.3909503349205
2025-05-15 15:00:00+05:30,55412.0,55449.0,55355.8,55430.2,3.0,1,False,False,False,False,False,False,False,True,93.19999999999709,126.58761308867811,55213.28845461513,True,False,216.91154538486444
2025-05-15 15:15:00+05:30,55422.0,55425.6,55373.4,55375.0,1.0,1,False,False,False,False,False,False,False,True,56.799999999995634,119.60885177980985,55241.36302813574,True,False,133.63697186425998
2025-05-15 15:30:00+05:30,55376.0,55376.0,55376.0,55376.0,1.0,1,False,False,False,False,False,False,False,True,1.0,107.74796660182888,55265.785669910576,True,False,110.21433008942404
2025-05-16 09:15:00+05:30,55405.4,55600.0,55252.6,55439.8,3.0,1,False,False,False,False,False,True,False,True,347.40000000000146,131.71316994164613,55292.44569114306,True,False,147.35430885694223
2025-05-16 09:30:00+05:30,55425.2,55532.4,55312.8,55369.6,3.0,1,False,False,False,False,False,True,False,True,219.59999999999854,140.50185294748138,55309.418137700915,True,False,60.18186229908315
2025-05-16 09:45:00+05:30,55377.0,55420.0,55305.0,55344.4,1.0,1,False,False,False,False,False,False,False,True,115.0,137.95166765273325,55321.06399054008,True,False,23.336009459919296
2025-05-16 10:00:00+05:30,55340.0,55447.0,55336.0,55430.6,1.0,1,False,False,False,False,False,False,False,True,111.0,135.25650088745994,55337.86181136138,True,False,92.73818863862107
2025-05-16 10:15:00+05:30,55412.6,55500.0,55386.0,55420.6,1.0,1,False,False,False,False,False,False,False,True,114.0,133.13085079871394,55351.431817915785,True,False,69.16818208421319
2025-05-16 10:30:00+05:30,55424.2,55473.4,55394.4,55450.8,1.0,1,False,False,False,False,False,False,False,True,79.0,127.71776571884254,55365.69860980568,True,False,85.10139019432245
2025-05-16 10:45:00+05:30,55445.2,55469.4,55407.0,55469.4,-1.0,-1,False,False,False,False,False,False,False,True,62.400000000001455,121.18598914695845,55379.857690692625,True,False,89.54230930737685
2025-05-16 11:00:00+05:30,55466.0,55467.0,55364.6,55411.8,-1.0,-1,False,False,False,False,False,False,False,True,104.80000000000291,119.54739023226288,55387.19014233338,True,False,24.60985766662634
2025-05-16 11:15:00+05:30,55415.0,55431.2,55367.2,55390.8,-1.0,-1,False,False,False,False,False,False,False,True,64.0,113.99265120903661,55391.20934632627,True,False,-0.40934632626886014
2025-05-16 11:30:00+05:30,55384.0,55460.0,55370.0,55413.2,-1.0,-1,False,False,False,False,False,False,False,True,90.0,111.59338608813296,55396.078974244585,True,False,17.12102575541212
2025-05-16 11:45:00+05:30,55430.0,55451.8,55400.0,55409.8,-1.0,-1,False,False,False,False,False,False,False,True,51.80000000000291,105.61404747931996,55399.66492005081,True,False,10.135079949192004
2025-05-16 12:00:00+05:30,55409.8,55440.0,55382.2,55386.6,-1.0,-1,False,False,False,False,False,False,False,True,57.80000000000291,100.83264273138826,55400.341001224886,True,False,-13.741001224887441
2025-05-16 12:15:00+05:30,55386.2,55414.8,55377.0,55390.4,-1.0,-1,False,False,False,False,False,False,False,True,37.80000000000291,94.52937845824972,55400.72138842471,True,False,-10.321388424708857
2025-05-16 12:30:00+05:30,55398.0,55485.6,55353.0,55483.2,-1.0,-1,False,False,False,False,False,True,False,True,132.59999999999854,98.33644061242461,55409.03397292208,True,False,74.16602707791753
2025-05-16 12:45:00+05:30,55485.0,55524.0,55430.0,55450.2,-1.0,-1,False,False,False,False,False,False,False,True,94.0,97.90279655118215,55413.94148218161,True,False,36.25851781838719
2025-05-16 13:00:00+05:30,55446.6,55493.4,55434.0,55460.4,1.0,1,False,False,False,False,False,False,False,True,59.400000000001455,94.05251689606408,55419.36958987928,True,False,41.03041012072208
2025-05-16 13:15:00+05:30,55464.0,55510.0,55449.4,55506.0,1.0,1,False,False,False,False,False,False,False,True,60.599999999998545,90.70726520645752,55428.54114369871,True,False,77.4588563012876
2025-05-16 13:30:00+05:30,55505.2,55522.8,55454.0,55459.6,-3.0,-1,False,False,False,False,False,False,False,True,68.80000000000291,88.51653868581207,55433.08174444891,True,False,26.518255551090988
2025-05-16 13:45:00+05:30,55460.0,55489.0,55425.0,55479.8,1.0,1,False,False,False,False,False,False,False,True,64.0,86.06488481723086,55438.9970133989,True,False,40.80298660110566
2025-05-16 14:00:00+05:30,55476.4,55519.8,55466.0,55481.6,3.0,1,False,False,False,False,False,False,False,True,53.80000000000291,82.83839633550807,55444.60892557997,True,False,36.99107442003151
2025-05-16 14:15:00+05:30,55475.6,55500.0,55467.0,55488.0,1.0,1,False,False,False,False,False,False,False,True,33.0,77.85455670195725,55450.31677133828,True,False,37.68322866172093
2025-05-16 14:30:00+05:30,55487.8,55510.0,55455.0,55506.2,-1.0,-1,False,False,False,False,False,False,False,True,55.0,75.56910103176152,55457.176543968635,True,False,49.023456031362
2025-05-16 14:45:00+05:30,55506.8,55508.0,55460.8,55491.2,1.0,1,False,False,False,False,False,False,False,True,47.19999999999709,72.73219092858508,55462.15767356553,True,False,29.042326434464485
2025-05-16 15:00:00+05:30,55493.4,55525.0,55470.4,55500.0,3.0,1,False,False,False,False,False,False,False,True,54.599999999998545,70.91897183572642,55467.40715603147,True,False,32.59284396853036
2025-05-16 15:15:00+05:30,55500.0,55517.8,55475.4,55515.0,3.0,1,False,False,False,False,False,False,False,True,42.400000000001455,68.06707465215393,55473.492339426586,True,False,41.50766057341389
2025-05-16 15:30:00+05:30,55516.2,55516.2,55516.2,55516.2,-1.0,-1,False,False,False,False,False,False,False,True,1.1999999999970896,61.380367186938244,55479.16110808741,True,False,37.038891912583495
2025-05-19 09:15:00+05:30,55536.2,55618.0,55403.4,55530.0,3.0,1,False,False,False,False,False,True,False,True,214.59999999999854,76.70233046824427,55485.55348328538,True,False,44.446516714619065
2025-05-19 09:30:00+05:30,55510.2,55642.8,55471.0,55519.8,5.0,1,False,False,False,False,False,True,False,True,171.8000000000029,86.21209742142014,55490.48980263249,True,False,29.310197367514775
2025-05-19 09:45:00+05:30,55519.6,55568.6,55480.0,55500.0,5.0,1,False,False,False,False,False,True,False,True,88.59999999999854,86.45088767927798,55493.10246951607,True,False,6.897530483933224
2025-05-19 10:00:00+05:30,55495.0,55595.4,55480.0,55585.0,1.0,1,False,False,False,False,False,True,False,True,115.40000000000146,89.34579891135033,55502.92592004112,True,False,82.07407995888207
2025-05-19 10:15:00+05:30,55587.2,55701.0,55575.0,55643.2,3.0,1,True,False,False,False,True,True,True,True,126.0,93.0112190202153,55517.52322245513,True,False,125.67677754486795
2025-05-19 10:30:00+05:30,55648.8,55718.6,55638.0,55675.2,5.0,1,False,False,False,False,False,False,True,True,80.59999999999854,91.77009711819362,55534.417711939175,True,False,140.78228806082188
2025-05-19 10:45:00+05:30,55675.2,55790.8,55657.0,55761.2,5.0,1,False,False,False,False,True,True,True,True,133.8000000000029,95.97308740637455,55558.35290752909,True,False,202.8470924709036
2025-05-19 11:00:00+05:30,55764.6,55782.8,55722.0,55741.8,-1.0,-1,False,False,False,False,False,False,True,True,60.80000000000291,92.45577866573738,55579.556730703815,True,False,162.24326929618837
2025-05-19 11:15:00+05:30,55750.0,55799.0,55730.0,55740.0,3.0,1,False,False,True,False,False,False,False,True,69.0,90.11020079916365,55599.39307597534,True,False,140.60692402465793
2025-05-19 11:30:00+05:30,55745.0,55779.2,55725.0,55725.4,5.0,1,False,False,False,False,False,False,False,True,54.19999999999709,86.51918071924699,55616.52584081572,True,False,108.87415918428451
2025-05-19 11:45:00+05:30,55739.2,55767.8,55725.0,55731.0,5.0,1,False,False,False,False,False,False,False,True,42.80000000000291,82.14726264732258,55632.670321929494,True,False,98.3296780705059
2025-05-19 12:00:00+05:30,55729.8,55746.8,55680.0,55738.6,1.0,1,False,False,False,False,False,False,False,True,66.80000000000291,80.6125363825906,55647.94789443712,True,False,90.65210556287639
2025-05-19 12:15:00+05:30,55737.2,55800.0,55700.0,55785.0,1.0,1,False,False,False,False,False,True,False,True,100.0,82.55128274433154,55665.855309576305,True,False,119.14469042369456
2025-05-19 12:30:00+05:30,55785.0,55831.4,55770.6,55780.0,3.0,1,False,False,False,False,False,False,False,True,60.80000000000291,80.37615446989868,55681.7167861134,True,False,98.2832138865997
2025-05-19 12:45:00+05:30,55780.0,55809.8,55767.4,55787.2,3.0,1,False,False,False,False,False,False,False,True,42.400000000001455,76.57853902290896,55696.63311525648,True,False,90.5668847435154
2025-05-19 13:00:00+05:30,55780.0,55785.0,55692.2,55718.4,-1.0,-1,False,False,False,False,False,True,False,True,95.0,78.42068512061806,55703.74136599094,True,False,14.658634009058005
2025-05-19 13:15:00+05:30,55711.6,55752.0,55690.0,55712.2,-1.0,-1,False,False,False,False,False,False,False,True,62.0,76.77861660855625,55708.81796975913,True,False,3.382030240863969
2025-05-19 13:30:00+05:30,55715.0,55736.4,55650.0,55652.6,1.0,1,False,False,False,False,False,True,False,True,86.40000000000146,77.74075494770076,55707.19592406361,False,True,-54.5959240636148
2025-05-19 13:45:00+05:30,55651.0,55662.0,55613.8,55628.8,1.0,1,False,False,False,False,False,False,True,True,48.19999999999709,74.7866794529304,55702.35262317289,False,True,-73.55262317288725
2025-05-19 14:00:00+05:30,55628.0,55630.0,55472.0,55510.6,-1.0,-1,False,True,False,False,True,True,True,True,158.0,83.10801150763737,55686.01744622023,False,True,-175.41744622022816
2025-05-19 14:15:00+05:30,55523.0,55576.4,55493.0,55509.0,-1.0,-1,False,False,False,False,True,True,True,True,83.40000000000146,83.13721035687378,55669.13544823664,False,True,-160.13544823663688
2025-05-19 14:30:00+05:30,55519.0,55555.0,55491.2,55520.0,1.0,1,False,False,False,False,False,False,False,True,63.80000000000291,81.2034893211867,55653.27508696042,False,True,-133.2750869604206
2025-05-19 14:45:00+05:30,55518.0,55518.0,55422.0,55481.2,-1.0,-1,False,False,False,False,True,True,True,True,98.0,82.88314038906802,55634.29195231703,False,True,-153.09195231703052
2025-05-19 15:00:00+05:30,55480.8,55552.6,55464.0,55512.0,-3.0,-1,False,False,False,True,False,True,False,True,88.59999999999854,83.45482635016107,55618.82651843389,False,True,-106.82651843388885
2025-05-19 15:15:00+05:30,55515.0,55538.0,55500.0,55512.2,-3.0,-1,False,False,False,False,False,False,False,True,38.0,78.90934371514496,55604.37164853591,False,True,-92.17164853591385
2025-05-20 09:15:00+05:30,55700.0,55701.6,55365.4,55366.4,-1.0,-1,False,False,False,False,True,True,True,True,336.1999999999971,104.63840934363016,55577.86395783213,False,True,-211.46395783212938
2025-05-20 09:30:00+05:30,55365.2,55428.8,55290.0,55315.4,-3.0,-1,False,True,False,False,True,True,True,True,138.8000000000029,108.05456840926745,55548.10717789708,False,True,-232.7071778970785
2025-05-20 09:45:00+05:30,55308.2,55335.4,55270.6,55329.8,-1.0,-1,False,False,False,False,False,False,True,True,64.80000000000291,103.72911156834098,55521.31103704832,False,True,-191.5110370483162
2025-05-20 10:00:00+05:30,55329.8,55358.4,55299.0,55335.0,-1.0,-1,False,False,False,False,False,False,False,True,59.400000000001455,99.29620041150703,55496.87726041672,False,True,-161.87726041671704
2025-05-20 10:15:00+05:30,55344.2,55346.8,55285.6,55334.8,-1.0,-1,False,False,False,False,False,False,False,True,61.200000000004366,95.48658037035676,55474.46720344368,False,True,-139.66720344367786
2025-05-20 10:30:00+05:30,55332.2,55425.0,55316.2,55420.0,-5.0,-1,False,False,False,True,False,True,False,True,108.80000000000291,96.81792233332138,55461.902869762234,False,True,-41.90286976223433
2025-05-20 10:45:00+05:30,55415.0,55474.8,55375.0,55399.6,-3.0,-1,False,False,False,False,False,True,False,True,99.80000000000291,97.11613009998953,55449.56570021036,False,True,-49.96570021036314
2025-05-20 11:00:00+05:30,55400.0,55427.6,55342.0,55372.8,-1.0,-1,False,False,False,False,False,False,False,True,85.59999999999854,95.96451708999044,55436.73345958396,False,True,-63.93345958395366
2025-05-20 11:15:00+05:30,55360.0,55368.4,55301.0,55312.0,-1.0,-1,False,False,False,False,False,False,False,True,71.80000000000291,93.54806538099169,55420.17693626953,False,True,-108.17693626952678
2025-05-20 11:30:00+05:30,55304.8,55334.6,55231.4,55255.4,-3.0,-1,False,True,False,False,True,True,True,False,103.19999999999709,94.51325884289223,55400.16715987145,False,True,-144.76715987145144
2025-05-20 11:45:00+05:30,55260.0,55320.0,55245.2,55299.0,-1.0,-1,False,False,False,False,False,False,False,False,74.80000000000291,92.5419329586033,55385.74575229643,False,True,-86.74575229643233
2025-05-20 12:00:00+05:30,55299.0,55344.4,55280.2,55290.0,-1.0,-1,False,False,False,False,False,False,False,False,64.20000000000437,89.7077396627434,55372.096268928755,False,True,-82.09626892875531
2025-05-20 12:15:00+05:30,55299.2,55346.4,55286.8,55315.2,-1.0,-1,False,False,False,False,False,False,False,False,59.599999999998545,86.69696569646892,55362.23638376657,False,True,-47.03638376657182
2025-05-20 12:30:00+05:30,55318.0,55360.0,55301.2,55331.4,-3.0,-1,False,False,False,True,False,False,False,False,58.80000000000291,83.90726912682233,55355.24636444805,False,True,-23.846364448050736
2025-05-20 12:45:00+05:30,55329.0,55332.6,55201.2,55225.0,-1.0,-1,False,False,False,False,True,True,True,False,131.40000000000146,88.65654221414025,55339.87088170441,False,True,-114.87088170440984
2025-05-20 13:00:00+05:30,55225.2,55254.2,55156.6,55175.8,-3.0,-1,False,False,False,False,True,True,True,False,97.59999999999854,89.55088799272608,55321.21781159523,False,True,-145.4178115952236
2025-05-20 13:15:00+05:30,55175.8,55216.8,55130.2,55206.2,-3.0,-1,False,False,False,False,False,False,False,False,86.60000000000582,89.25579919345405,55306.53368603961,False,True,-100.33368603961571
2025-05-20 13:30:00+05:30,55200.0,55220.0,55140.2,55153.4,-3.0,-1,False,False,False,False,False,False,True,False,79.80000000000291,88.31021927410895,55288.31025468165,False,True,-134.91025468165026
2025-05-20 13:45:00+05:30,55153.4,55239.0,55151.0,55200.0,-1.0,-1,False,False,False,False,False,False,False,False,88.0,88.27919734669806,55275.59850125667,False,True,-75.59850125666708
2025-05-20 14:00:00+05:30,55181.2,55197.0,55115.0,55133.0,-3.0,-1,False,False,False,False,False,False,True,False,85.0,87.95127761202825,55258.124093320395,False,True,-125.12409332039533
2025-05-20 14:15:00+05:30,55128.2,55149.4,55050.0,55056.0,-3.0,-1,False,True,False,False,True,True,True,True,99.40000000000146,89.09614985082557,55234.99951114472,False,True,-178.9995111447206
2025-05-20 14:30:00+05:30,55069.8,55113.8,55035.0,55042.0,-1.0,-1,False,False,False,False,False,False,True,True,78.80000000000291,88.06653486574331,55212.03454172031,False,True,-170.03454172031343
2025-05-20 14:45:00+05:30,55033.0,55106.0,55032.6,55035.0,-1.0,-1,False,False,False,False,False,False,True,True,73.40000000000146,86.59988137916912,55189.99715077661,False,True,-154.9971507766095
2025-05-20 15:00:00+05:30,55031.0,55173.2,55030.0,55132.8,-3.0,-1,False,False,False,False,False,True,False,True,143.1999999999971,92.25989324125192,55178.50222432099,False,True,-45.702224320986716
2025-05-20 15:15:00+05:30,55132.6,55139.4,55073.6,55087.0,-3.0,-1,False,False,False,True,False,False,False,True,65.80000000000291,89.61390391712702,55164.53872162441,False,True,-77.53872162441257
2025-05-21 09:15:00+05:30,55201.0,55201.0,55037.0,55076.2,1.0,1,False,False,False,False,False,True,False,True,164.0,97.05251352541431,55151.2137903138,False,True,-75.01379031380202
2025-05-21 09:30:00+05:30,55076.2,55221.0,55028.4,55191.0,1.0,1,False,False,False,False,False,True,False,True,192.59999999999854,106.60726217287274,55149.85644977733,False,True,41.14355022266682
2025-05-21 09:45:00+05:30,55210.0,55285.0,55200.0,55239.0,-1.0,-1,False,False,False,False,False,False,True,True,94.0,105.34653595558548,55154.250745471676,True,False,84.74925452832395
2025-05-21 10:00:00+05:30,55230.2,55373.0,55230.2,55373.0,-1.0,-1,False,False,False,False,True,True,True,True,142.8000000000029,109.09188236002724,55171.90316637629,True,False,201.09683362371288
2025-05-21 10:15:00+05:30,55373.6,55427.0,55329.4,55363.0,-1.0,-1,False,False,False,False,False,False,True,True,97.59999999999854,107.94269412402437,55189.337576067395,True,False,173.66242393260472
2025-05-21 10:30:00+05:30,55355.4,55450.0,55355.4,55400.2,-1.0,-1,False,False,False,False,False,False,True,True,94.59999999999854,106.60842471162178,55210.34685522407,True,False,189.85314477593056
2025-05-21 10:45:00+05:30,55405.4,55426.4,55345.6,55350.0,-1.0,-1,False,False,False,False,False,False,False,True,80.80000000000291,104.02758224045988,55226.54411831529,True,False,123.45588168471295
2025-05-21 11:00:00+05:30,55356.2,55373.2,55267.0,55321.2,-1.0,-1,False,False,False,False,False,True,False,True,106.19999999999709,104.2448240164136,55239.47825054809,True,False,81.72174945190636
2025-05-21 11:15:00+05:30,55324.8,55350.0,55270.0,55271.4,-1.0,-1,False,False,False,False,False,False,False,True,80.0,101.82034161477225,55246.98344202103,True,False,24.41655797896965
2025-05-21 11:30:00+05:30,55280.0,55294.0,55191.8,55209.6,-1.0,-1,False,False,False,False,False,True,False,True,102.19999999999709,101.85830745329473,55247.84193796442,True,False,-38.241937964419776
2025-05-21 11:45:00+05:30,55210.4,55219.4,55100.0,55126.0,-1.0,-1,False,True,False,False,True,True,True,False,119.40000000000146,103.6124767079654,55240.096851747716,False,True,-114.09685174771585
2025-05-21 12:00:00+05:30,55126.6,55130.2,54869.2,54900.0,-1.0,-1,False,False,False,False,True,True,True,True,261.0,119.35122903716885,55211.0157501893,False,True,-311.01575018929725
2025-05-21 12:15:00+05:30,54905.0,54980.0,54773.0,54934.8,1.0,1,False,False,False,False,True,True,True,True,207.0,128.11610613345198,55184.67666731982,False,True,-249.8766673198188
2025-05-21 12:30:00+05:30,54935.4,55096.0,54935.0,55003.6,1.0,1,False,False,False,False,False,True,False,True,161.1999999999971,131.4244955201065,55164.73102778722,False,True,-161.13102778721804
2025-05-21 12:45:00+05:30,54995.0,55024.0,54920.0,55014.6,1.0,1,False,False,False,True,False,False,False,True,104.0,128.68204596809585,55146.39974348208,False,True,-131.79974348207907
2025-05-21 13:00:00+05:30,55016.6,55100.0,55010.0,55085.0,1.0,1,False,False,False,False,False,False,False,True,90.0,124.81384137128626,55135.41383557213,False,True,-50.413835572129756
2025-05-21 13:15:00+05:30,55100.0,55196.8,55050.0,55051.4,1.0,1,False,False,False,False,False,True,False,True,146.8000000000029,127.01245723415794,55122.557168696774,False,True,-71.15716869677271
2025-05-21 13:30:00+05:30,55050.0,55130.6,55017.0,55028.0,1.0,1,False,False,False,False,False,False,False,True,113.59999999999854,125.671211510742,55108.86397044698,False,True,-80.86397044698242
2025-05-21 13:45:00+05:30,55025.0,55090.0,55024.4,55071.0,1.0,1,False,False,False,False,False,False,False,True,65.59999999999854,119.66409035966765,55100.43138954927,False,True,-29.431389549266896
2025-05-21 14:00:00+05:30,55071.0,55090.0,54975.2,55088.0,1.0,1,False,False,False,False,False,False,False,True,114.80000000000291,119.17768132370118,55094.900544696844,False,True,-6.900544696844008
2025-05-21 14:15:00+05:30,55095.0,55141.2,55064.8,55110.4,1.0,1,False,False,False,False,False,False,False,False,76.39999999999418,114.89991319133048,55092.66512728926,False,True,17.734872710738273
2025-05-21 14:30:00+05:30,55110.4,55158.0,55101.2,55110.0,1.0,1,False,False,False,False,False,False,False,False,56.80000000000291,109.08992187219773,55091.49808276492,False,True,18.501917235080327
2025-05-21 14:45:00+05:30,55106.8,55141.8,55102.2,55117.0,1.0,1,False,False,False,False,False,False,False,False,39.60000000000582,102.14092968497854,55091.875833788734,True,False,25.12416621126613
2025-05-21 15:00:00+05:30,55117.0,55180.0,55111.8,55115.8,-1.0,-1,False,False,False,False,False,False,False,False,68.19999999999709,98.7468367164804,55092.85230365093,True,False,22.94769634907425
2025-05-21 15:15:00+05:30,55117.0,55163.0,55112.2,55126.6,1.0,1,False,False,False,False,False,False,False,False,50.80000000000291,93.95215304483266,55095.318382505015,True,False,31.281617494983948
2025-05-21 15:30:00+05:30,55130.0,55130.0,55130.0,55130.0,1.0,1,False,False,False,False,False,False,False,False,3.400000000001455,84.89693774034954,55098.418476209496,True,False,31.581523790504434
2025-05-22 09:15:00+05:30,54944.8,55061.0,54861.0,54902.0,1.0,1,False,False,False,False,True,True,True,False,269.0,103.30724396631459,55081.00305687389,False,True,-179.00305687388754
2025-05-22 09:30:00+05:30,54888.6,54967.0,54850.6,54959.8,1.0,1,False,False,False,False,False,True,False,False,116.40000000000146,104.61651956968326,55069.00395486283,False,True,-109.2039548628236
2025-05-22 09:45:00+05:30,54960.0,54989.6,54906.0,54989.6,1.0,1,False,False,False,False,False,False,False,False,83.59999999999854,102.51486761271481,55060.043523912354,False,True,-70.44352391235589
2025-05-22 10:00:00+05:30,54980.0,55009.0,54920.0,54970.0,1.0,1,False,False,False,False,False,False,False,False,89.0,101.16338085144334,55049.749186737376,False,True,-79.74918673737557
2025-05-22 10:15:00+05:30,54975.0,55015.0,54937.0,54940.0,1.0,1,False,False,False,False,False,False,False,False,78.0,98.847042766299,55037.27312511571,False,True,-97.27312511570926
2025-05-22 10:30:00+05:30,54940.0,54983.0,54890.6,54915.0,1.0,1,False,False,False,False,False,False,False,False,92.40000000000146,98.20233848966924,55023.185606956955,False,True,-108.18560695695487
2025-05-22 10:45:00+05:30,54907.2,54944.6,54886.0,54913.4,-1.0,-1,False,False,False,False,False,False,False,False,58.599999999998545,94.24210464070218,55009.74247148684,False,True,-96.3424714868379
2025-05-22 11:00:00+05:30,54916.2,54940.0,54882.0,54884.6,-1.0,-1,False,False,False,False,False,False,False,True,58.0,90.61789417663196,54994.60171217731,False,True,-110.00171217731258
2025-05-22 11:15:00+05:30,54885.8,54910.4,54830.4,54854.4,-1.0,-1,False,False,False,False,False,False,True,True,80.0,89.55610475896876,54977.74819913037,False,True,-123.34819913037063
2025-05-22 11:30:00+05:30,54840.2,54854.0,54705.0,54769.2,-1.0,-1,False,True,False,False,True,True,True,True,149.40000000000146,95.54049428307204,54954.311886778116,False,True,-185.1118867781188
2025-05-22 11:45:00+05:30,54759.8,54828.0,54731.2,54786.2,-1.0,-1,False,False,False,False,True,True,True,True,96.80000000000291,95.66644485476512,54933.71823911984,False,True,-147.51823911983956
2025-05-22 12:00:00+05:30,54789.4,54809.6,54750.6,54769.8,-3.0,-1,False,False,False,False,False,False,True,True,59.0,91.99980036928861,54913.103547951214,False,True,-143.30354795121093
2025-05-22 12:15:00+05:30,54766.0,54766.0,54730.0,54750.6,-1.0,-1,False,False,False,False,False,False,True,True,39.80000000000291,86.77982033236003,54892.3317331143,False,True,-141.73173311429855
2025-05-22 12:30:00+05:30,54750.0,54799.0,54750.0,54788.8,-1.0,-1,False,False,False,True,False,False,False,True,49.0,83.00183829912403,54876.702605288585,False,True,-87.90260528858198
2025-05-22 12:45:00+05:30,54774.0,54782.0,54700.0,54779.8,-3.0,-1,False,False,False,False,False,True,False,True,88.80000000000291,83.58165446921193,54861.97144205529,False,True,-82.17144205528894
2025-05-22 13:00:00+05:30,54768.0,54797.2,54744.2,54782.6,-5.0,-1,False,False,False,False,False,False,False,True,53.0,80.52348902229073,54849.17831449721,False,True,-66.57831449720834
2025-05-22 13:15:00+05:30,54795.0,54836.0,54788.0,54815.2,-1.0,-1,False,False,False,False,False,False,False,True,53.400000000001455,77.81114012006181,54840.96190631323,False,True,-25.7619063132297
2025-05-22 13:30:00+05:30,54814.4,54825.2,54760.0,54780.0,-1.0,-1,False,False,False,False,False,False,False,True,65.19999999999709,76.55002610805533,54831.05626412585,False,True,-51.05626412585116
2025-05-22 13:45:00+05:30,54780.0,54823.2,54770.2,54774.2,-1.0,-1,False,False,False,False,False,False,False,True,53.0,74.1950234972498,54821.98897309829,False,True,-47.788973098293354
2025-05-22 14:00:00+05:30,54778.2,54820.0,54765.2,54785.4,-3.0,-1,False,False,False,False,False,False,False,True,54.80000000000291,72.25552114752512,54815.180023248984,False,True,-29.780023248982616
2025-05-22 14:15:00+05:30,54778.8,54810.0,54721.2,54775.2,1.0,1,False,False,False,False,False,True,False,True,88.80000000000291,73.90996903277289,54808.55842456801,False,True,-33.35842456801038
2025-05-22 14:30:00+05:30,54780.0,54929.4,54746.6,54902.6,-1.0,-1,False,False,False,False,True,True,True,True,182.8000000000029,84.7989721294959,54814.46897186965,True,False,88.13102813034493
2025-05-22 14:45:00+05:30,54902.6,55088.0,54847.4,55040.0,1.0,1,True,False,False,False,True,True,True,True,240.59999999999854,100.37907491654616,54833.60937639908,True,False,206.39062360092066
2025-05-22 15:00:00+05:30,55040.0,55120.0,55030.0,55069.4,-1.0,-1,False,False,False,False,False,False,True,True,90.0,99.34116742489155,54855.80413813214,True,False,213.59586186786328
2025-05-22 15:15:00+05:30,55061.0,55094.8,55036.2,55090.0,3.0,1,False,False,False,False,False,False,True,True,58.60000000000582,95.26705068240298,54879.78244298141,True,False,210.21755701858638
2025-05-23 09:15:00+05:30,55149.0,55200.0,54941.4,55052.8,1.0,1,False,False,False,False,False,True,False,True,258.59999999999854,111.60034561416255,54899.842646487596,True,False,152.95735351240728
2025-05-23 09:30:00+05:30,55042.6,55265.0,55020.0,55265.0,3.0,1,False,False,True,False,True,True,True,True,245.0,124.9403110527463,54938.212046899745,True,False,326.7879531002545
2025-05-23 09:45:00+05:30,55275.0,55319.4,55210.2,55246.2,-1.0,-1,False,False,False,False,False,False,True,True,109.20000000000437,123.3662799474721,54973.512617306464,True,False,272.68738269353344
2025-05-23 10:00:00+05:30,55240.6,55293.4,55226.8,55274.0,5.0,1,False,False,False,False,False,False,True,True,66.59999999999854,117.68965195272474,55009.48615329854,True,False,264.51384670146217
2025-05-23 10:15:00+05:30,55274.0,55276.0,55119.0,55130.6,3.0,1,False,False,False,False,False,True,False,True,157.0,121.62068675745226,55030.22006972415,True,False,100.37993027584889
2025-05-23 10:30:00+05:30,55133.8,55210.0,55075.0,55210.0,3.0,1,False,False,False,False,False,True,False,True,135.0,122.95861808170703,55055.71235284405,True,False,154.28764715595025
2025-05-23 10:45:00+05:30,55211.2,55444.0,55200.0,55392.2,1.0,1,True,False,False,False,True,True,True,True,244.0,135.0627562735363,55095.22736870303,True,False,296.9726312969651
2025-05-23 11:00:00+05:30,55384.2,55449.0,55370.0,55406.2,3.0,1,False,False,False,False,False,False,True,True,79.0,129.45648064618268,55133.36314273626,True,False,272.8368572637337
2025-05-23 11:15:00+05:30,55427.8,55488.2,55380.0,55471.4,1.0,1,False,False,False,False,False,False,True,True,108.19999999999709,127.33083258156412,55174.55476636299,True,False,296.8452336370101
2025-05-23 11:30:00+05:30,55487.8,55559.4,55426.8,55438.8,3.0,1,False,False,False,False,True,True,True,True,132.59999999999854,127.85774932340757,55209.7528965035,True,False,229.04710349650122
2025-05-23 11:45:00+05:30,55447.8,55447.8,55315.0,55360.0,3.0,1,False,False,True,False,False,True,False,True,132.8000000000029,128.3519743910671,55234.643102207665,True,False,125.35689779233508
2025-05-23 12:00:00+05:30,55360.0,55398.0,55320.0,55350.4,3.0,1,False,False,False,False,False,False,False,True,78.0,123.3167769519604,55255.529199823126,True,False,94.87080017687549
2025-05-23 12:15:00+05:30,55350.0,55465.0,55345.2,55449.0,3.0,1,False,False,False,False,False,False,False,True,119.80000000000291,122.96509925676466,55282.38056238424,True,False,166.61943761575822
2025-05-23 12:30:00+05:30,55447.0,55519.8,55440.0,55440.0,3.0,1,False,False,False,False,False,False,False,True,79.80000000000291,118.64858933108849,55305.59019919569,True,False,134.40980080430745
2025-05-23 12:45:00+05:30,55440.0,55511.0,55438.6,55460.4,1.0,1,False,False,False,False,False,False,False,True,72.40000000000146,114.02373039797979,55327.94982610139,True,False,132.4501738986146
2025-05-23 13:00:00+05:30,55453.0,55510.0,55453.0,55465.0,3.0,1,False,False,False,False,False,False,False,True,57.0,108.32135735818181,55348.17628915739,True,False,116.82371084261104
2025-05-23 13:15:00+05:30,55465.8,55535.0,55437.2,55489.2,3.0,1,False,False,False,False,False,False,False,True,97.80000000000291,107.26922162236392,55368.20151999041,True,False,120.99848000958445
2025-05-23 13:30:00+05:30,55488.8,55515.0,55405.0,55438.0,3.0,1,False,False,False,False,False,True,False,True,110.0,107.54229946012751,55381.33994084986,True,False,56.660059150141024
2025-05-23 13:45:00+05:30,55428.2,55498.0,55400.2,55490.0,-1.0,-1,False,False,False,False,False,False,False,True,97.80000000000291,106.56806951411504,55397.129540473026,True,False,92.87045952697372
2025-05-23 14:00:00+05:30,55489.8,55531.2,55476.2,55486.6,1.0,1,False,False,False,False,False,False,False,True,55.0,101.41126256270353,55410.73359160183,True,False,75.86640839817119
2025-05-23 14:15:00+05:30,55486.6,55530.0,55460.4,55496.0,1.0,1,False,False,False,False,False,False,False,True,69.59999999999854,98.23013630643302,55423.46571355306,True,False,72.53428644694213
2025-05-23 14:30:00+05:30,55503.4,55503.4,55422.0,55425.6,3.0,1,False,False,False,False,False,False,False,True,81.40000000000146,96.54712267578986,55428.23818142796,True,False,-2.6381814279593527
2025-05-23 14:45:00+05:30,55425.0,55484.8,55413.0,55443.4,1.0,1,False,False,False,False,False,False,False,True,71.80000000000291,94.07241040821117,55433.23564810712,True,False,10.164351892883133
2025-05-23 15:00:00+05:30,55443.4,55499.0,55442.0,55481.2,1.0,1,False,False,False,False,False,False,False,True,57.0,90.36516936739005,55440.48987267941,True,False,40.710127320584434
2025-05-23 15:15:00+05:30,55490.2,55520.0,55474.6,55519.0,1.0,1,False,False,False,False,False,False,False,True,45.400000000001455,85.8686524306512,55450.16853118405,True,False,68.83146881595167
2025-05-23 15:30:00+05:30,55519.8,55519.8,55519.8,55519.8,3.0,1,False,False,False,False,False,False,False,True,0.8000000000029104,77.36178718758637,55459.017425955106,True,False,60.782574044897046
2025-05-26 09:15:00+05:30,55586.4,55939.6,55586.2,55925.4,1.0,1,True,False,False,False,True,True,True,True,419.79999999999563,111.60560846882731,55503.799667158186,True,False,421.60033284181554
2025-05-26 09:30:00+05:30,55928.6,55971.2,55885.0,55930.0,1.0,1,False,False,False,False,False,False,True,True,86.19999999999709,109.06504762194429,55547.922002763735,True,False,382.0779972362652
2025-05-26 09:45:00+05:30,55921.0,55980.0,55851.0,55889.2,1.0,1,False,False,False,False,True,True,True,True,129.0,111.05854285974985,55586.75222191473,True,False,302.4477780852685
2025-05-26 10:00:00+05:30,55900.0,55900.0,55805.0,55831.8,3.0,1,False,False,False,False,False,False,False,True,95.0,109.45268857377486,55618.335250864155,True,False,213.46474913584825
2025-05-26 10:15:00+05:30,55846.0,55869.0,55500.0,55609.0,-1.0,-1,False,False,True,False,True,True,True,True,369.0,135.40741971639736,55627.359840321034,True,False,-18.359840321034426
2025-05-26 10:30:00+05:30,55606.8,55606.8,55357.0,55509.8,-1.0,-1,False,True,False,False,True,True,True,True,252.0,147.0666777447576,55624.996603568645,False,True,-115.19660356864188
2025-05-26 10:45:00+05:30,55506.8,55585.8,55444.4,55530.0,1.0,1,False,False,False,False,False,False,True,True,141.40000000000146,146.500009970282,55622.340926115445,False,True,-92.34092611544474
2025-05-26 11:00:00+05:30,55518.0,55550.0,55497.0,55518.0,3.0,1,False,False,False,False,False,False,True,True,53.0,137.15000897325382,55616.85610310648,False,True,-98.8561031064819
2025-05-26 11:15:00+05:30,55522.0,55643.4,55479.0,55522.0,1.0,1,False,False,False,False,False,True,False,True,164.40000000000146,139.87500807592858,55610.39986065307,False,True,-88.39986065307312
2025-05-26 11:30:00+05:30,55530.4,55543.8,55460.2,55510.2,-1.0,-1,False,False,False,True,False,False,False,True,83.60000000000582,134.2475072683363,55601.95503315168,False,True,-91.75503315168316
2025-05-26 11:45:00+05:30,55520.8,55644.0,55517.2,55606.0,1.0,1,False,False,False,False,False,False,False,True,133.8000000000029,134.20275654150296,55601.676328996495,False,True,4.3236710035052965
2025-05-26 12:00:00+05:30,55606.0,55641.0,55561.0,55595.0,1.0,1,False,False,False,False,False,False,False,True,80.0,128.78248088735268,55600.177906748955,False,True,-5.177906748955138
2025-05-26 12:15:00+05:30,55593.0,55682.8,55557.0,55660.0,1.0,1,False,False,False,False,False,False,False,True,125.80000000000291,128.4842327986177,55604.53553254481,True,False,55.46446745518915
2025-05-26 12:30:00+05:30,55660.0,55670.0,55531.6,55531.6,-1.0,-1,False,False,False,False,False,True,False,True,138.40000000000146,129.47580951875608,55597.30698170454,False,True,-65.70698170454125
2025-05-26 12:45:00+05:30,55531.4,55594.4,55500.2,55569.0,3.0,1,False,False,False,False,False,False,False,True,94.20000000000437,125.9482285668809,55593.61468881319,False,True,-24.614688813191606
2025-05-26 13:00:00+05:30,55569.0,55625.0,55534.2,55577.6,1.0,1,False,False,False,False,False,False,False,False,90.80000000000291,122.4334057101931,55590.96025270309,False,True,-13.360252703088918
2025-05-26 13:15:00+05:30,55578.4,55584.0,55527.6,55569.0,1.0,1,False,False,False,False,False,False,False,False,56.400000000001455,115.83006513917394,55587.82902188663,False,True,-18.82902188663138
2025-05-26 13:30:00+05:30,55569.0,55613.2,55557.0,55606.0,-3.0,-1,False,False,False,False,False,False,False,False,56.19999999999709,109.86705862525625,55588.37256106068,True,False,17.62743893932202
2025-05-26 13:45:00+05:30,55596.4,55625.0,55560.0,55580.0,1.0,1,False,False,False,False,False,False,False,False,65.0,105.38035276273062,55586.85564451039,False,True,-6.8556445103895385
2025-05-26 14:00:00+05:30,55574.8,55613.6,55548.0,55594.8,1.0,1,False,False,False,False,False,False,False,False,65.59999999999854,101.4023174864574,55586.93406731827,True,False,7.8659326817360125
2025-05-26 14:15:00+05:30,55592.6,55595.6,55520.0,55550.4,1.0,1,False,False,False,False,False,False,False,False,75.59999999999854,98.82208573781152,55583.198880708536,False,True,-32.79888070853485
2025-05-26 14:30:00+05:30,55548.8,55620.0,55538.0,55586.2,-1.0,-1,False,False,False,False,False,False,False,False,82.0,97.13987716403037,55582.90011039534,False,True,3.2998896046556183
2025-05-26 14:45:00+05:30,55588.6,55657.8,55573.2,55619.4,3.0,1,False,False,False,False,False,False,False,False,84.60000000000582,95.88588944762792,55585.78778516472,True,False,33.61221483528061
2025-05-26 15:00:00+05:30,55633.4,55710.0,55633.4,55672.0,1.0,1,False,False,False,False,False,False,False,False,90.59999999999854,95.35730050286499,55593.560019983895,True,False,78.43998001610453
2025-05-26 15:15:00+05:30,55681.8,55709.0,55664.0,55697.4,1.0,1,False,False,False,False,False,False,False,False,45.0,90.32157045257848,55603.63386884429,True,False,93.76613115570945
2025-05-26 15:30:00+05:30,55697.4,55697.4,55697.4,55697.4,-1.0,-1,False,False,False,False,False,False,False,False,0.0,81.28941340732064,55613.54413275093,True,False,83.85586724906898
2025-05-27 09:15:00+05:30,55590.8,55644.8,55215.2,55232.6,1.0,1,False,False,False,False,True,True,True,False,482.20000000000437,121.38047206658901,55580.98461963014,False,True,-348.38461963013833
2025-05-27 09:30:00+05:30,55230.4,55354.2,55118.8,55292.4,-1.0,-1,False,True,False,False,True,True,True,True,235.39999999999418,132.78242485992953,55553.70678943293,False,True,-261.3067894329288
2025-05-27 09:45:00+05:30,55299.0,55299.0,55155.8,55189.8,-1.0,-1,False,False,False,False,True,True,True,True,143.1999999999971,133.82418237393628,55517.46917372673,False,True,-327.6691737267247
2025-05-27 10:00:00+05:30,55188.2,55257.8,55069.2,55200.0,-1.0,-1,False,False,False,False,True,True,True,True,188.60000000000582,139.30176413654323,55482.99488566077,False,True,-282.99488566077343
2025-05-27 10:15:00+05:30,55192.6,55217.0,55130.0,55160.0,1.0,1,False,False,False,False,False,False,True,True,87.0,134.0715877228889,55446.2487815063,False,True,-286.24878150629957
2025-05-27 10:30:00+05:30,55160.0,55259.0,55144.8,55189.8,1.0,1,False,False,False,True,False,False,False,True,114.19999999999709,132.08442895059972,55414.026761036934,False,True,-224.22676103693084
2025-05-27 10:45:00+05:30,55189.8,55265.8,55167.0,55230.0,1.0,1,False,False,False,False,False,False,False,True,98.80000000000291,128.75598605554003,55387.656364536924,False,True,-157.65636453692423
2025-05-27 11:00:00+05:30,55230.0,55467.4,55202.2,55433.0,1.0,1,False,False,False,False,True,True,True,True,265.20000000000437,142.40038744998645,55382.13178089372,False,True,50.868219106283505
2025-05-27 11:15:00+05:30,55429.0,55874.8,55429.0,55874.8,1.0,1,True,False,False,False,True,True,True,True,445.8000000000029,172.7403487049881,55419.063687338494,True,False,455.73631266150915
2025-05-27 11:30:00+05:30,55880.0,55940.0,55698.0,55745.2,-1.0,-1,False,False,False,False,True,True,True,True,242.0,179.66631383448927,55446.06133973383,True,False,299.13866026616597
2025-05-27 11:45:00+05:30,55733.4,55815.6,55636.0,55762.0,-1.0,-1,False,False,False,False,False,False,True,True,179.59999999999854,179.6596824510402,55475.55177942643,True,False,286.4482205735694
2025-05-27 12:00:00+05:30,55763.8,55809.0,55700.2,55761.6,1.0,1,False,False,False,False,False,False,True,True,108.80000000000291,172.57371420593648,55505.21991195982,True,False,256.3800880401759
2025-05-27 12:15:00+05:30,55762.8,55788.6,55591.0,55650.6,1.0,1,False,False,True,False,False,True,False,True,197.59999999999854,175.0763427853427,55524.32755446329,True,False,126.27244553670607
2025-05-27 12:30:00+05:30,55621.0,55724.2,55510.0,55675.4,-3.0,-1,False,False,False,False,False,True,False,True,214.1999999999971,178.9887085068081,55544.64878981341,True,False,130.7512101865941
2025-05-27 12:45:00+05:30,55675.4,55709.8,55591.0,55616.2,-3.0,-1,False,False,False,False,False,False,False,True,118.80000000000291,172.9698376561276,55558.20294741103,True,False,57.997052588965744
2025-05-27 13:00:00+05:30,55616.2,55660.0,55575.0,55613.0,-1.0,-1,False,False,False,False,False,False,False,True,85.0,164.17285389051483,55569.84537261124,True,False,43.154627388757945
2025-05-27 13:15:00+05:30,55615.0,55636.0,55480.2,55550.0,-1.0,-1,False,False,False,False,False,False,False,False,155.8000000000029,163.33556850146365,55574.08748454422,True,False,-24.087484544223116
2025-05-27 13:30:00+05:30,55545.0,55625.6,55525.0,55625.0,-3.0,-1,False,False,False,False,False,False,False,False,100.59999999999854,157.06201165131716,55583.51607480775,True,False,41.48392519225308
2025-05-27 13:45:00+05:30,55625.6,55719.0,55448.2,55450.6,-3.0,-1,False,True,False,False,True,True,True,False,270.8000000000029,168.43581048618574,55575.65541882401,False,True,-125.05541882401303
2025-05-27 14:00:00+05:30,55457.4,55466.8,55362.2,55420.6,1.0,1,False,False,False,False,False,False,True,False,104.60000000000582,162.05222943756775,55563.85124107653,False,True,-143.25124107653392
2025-05-27 14:15:00+05:30,55425.0,55466.8,55257.0,55303.8,1.0,1,False,False,False,False,True,True,True,False,209.8000000000029,166.82700649381127,55540.65072384303,False,True,-236.85072384302475
2025-05-27 14:30:00+05:30,55300.0,55432.2,55290.2,55428.4,-1.0,-1,False,False,False,False,False,False,False,False,142.0,164.34430584443015,55528.451429163535,False,True,-100.05142916353361
2025-05-27 14:45:00+05:30,55430.0,55472.0,55400.0,55472.0,-1.0,-1,False,False,False,True,False,False,False,False,72.0,155.10987525998715,55520.373985697996,False,True,-48.37398569799552
2025-05-27 15:00:00+05:30,55478.0,55519.8,55425.0,55494.8,-1.0,-1,False,False,False,False,False,False,False,False,94.80000000000291,149.07888773398872,55514.81667011726,False,True,-20.01667011725658
2025-05-27 15:15:00+05:30,55497.4,55510.0,55428.4,55428.4,1.0,1,False,False,False,False,False,False,False,False,81.59999999999854,142.3309989605897,55503.8596221261,False,True,-75.45962212610175
2025-05-27 15:30:00+05:30,55432.2,55432.2,55432.2,55432.2,-1.0,-1,False,False,False,False,False,False,False,False,3.7999999999956344,128.4778990645303,55493.9985305586,False,True,-61.7985305586044
2025-05-28 09:15:00+05:30,55424.4,55575.0,55290.4,55345.0,-3.0,-1,False,True,False,False,True,True,True,False,284.59999999999854,144.09010915807713,55477.09563651892,False,True,-132.0956365189195
2025-05-28 09:30:00+05:30,55337.0,55512.0,55321.0,55512.0,-1.0,-1,False,False,False,False,False,True,False,False,191.0,148.78109824226942,55476.31582708219,False,True,35.68417291781225
2025-05-28 09:45:00+05:30,55518.4,55548.2,55375.2,55452.2,-1.0,-1,False,False,False,False,False,True,False,False,173.0,151.20298841804248,55471.10775648527,False,True,-18.90775648527051
2025-05-28 10:00:00+05:30,55461.0,55470.0,55350.0,55394.2,1.0,1,False,False,False,False,False,False,False,False,120.0,148.08268957623824,55461.53269510156,False,True,-67.33269510156242
2025-05-28 10:15:00+05:30,55400.0,55410.0,55325.4,55370.0,-1.0,-1,False,False,False,True,False,False,False,False,84.59999999999854,141.73442061861425,55450.61191361102,False,True,-80.61191361102101
2025-05-28 10:30:00+05:30,55370.0,55425.0,55305.0,55391.8,1.0,1,False,False,False,False,False,False,False,False,120.0,139.56097855675281,55442.514898612404,False,True,-50.71489861240116
2025-05-28 10:45:00+05:30,55391.8,55481.0,55380.2,55454.2,-1.0,-1,False,False,False,False,False,False,False,False,100.80000000000291,135.68488070107782,55440.91130331033,False,True,13.28869668966945
2025-05-28 11:00:00+05:30,55454.2,55520.0,55415.2,55449.0,1.0,1,False,False,False,False,False,False,False,False,104.80000000000291,132.59639263097034,55439.59175057969,False,True,9.408249420310312
2025-05-28 11:15:00+05:30,55435.0,55487.0,55376.4,55419.2,-1.0,-1,False,False,False,False,False,False,False,False,110.59999999999854,130.39675336787315,55436.20054882927,False,True,-17.00054882927361
2025-05-28 11:30:00+05:30,55404.4,55418.2,55355.0,55382.0,1.0,1,False,False,False,False,False,False,False,False,64.19999999999709,123.77707803108554,55429.96738111477,False,True,-47.96738111477316
2025-05-28 11:45:00+05:30,55388.8,55420.0,55355.0,55379.6,1.0,1,False,False,False,False,False,False,False,False,65.0,117.89937022797699,55424.00023002884,False,True,-44.40023002884118
2025-05-28 12:00:00+05:30,55377.0,55400.6,55350.0,55352.0,3.0,1,False,False,False,False,False,False,False,False,50.599999999998545,111.16943320517915,55416.00004845061,False,True,-64.00004845060903
2025-05-28 12:15:00+05:30,55352.0,55384.8,55350.0,55371.2,1.0,1,False,False,False,False,False,False,False,False,34.80000000000291,103.53248988466153,55410.22033752414,False,True,-39.020337524139904
2025-05-28 12:30:00+05:30,55371.2,55439.8,55371.2,55406.2,1.0,1,False,False,False,False,False,False,False,False,68.60000000000582,100.03924089619596,55408.109925314995,False,True,-1.9099253149979631
2025-05-28 12:45:00+05:30,55406.2,55507.2,55399.4,55462.2,-1.0,-1,False,False,False,False,False,True,False,False,107.79999999999563,100.81531680657592,55411.54772563988,True,False,50.65227436011628
2025-05-28 13:00:00+05:30,55461.6,55564.0,55459.8,55463.8,1.0,1,False,False,False,False,False,True,False,False,104.19999999999709,101.15378512591803,55415.508253371205,True,False,48.29174662879814
2025-05-28 13:15:00+05:30,55466.8,55480.0,55412.0,55453.2,-1.0,-1,False,False,False,False,False,False,False,False,68.0,97.83840661332623,55418.7510555512,True,False,34.44894444879901
2025-05-28 13:30:00+05:30,55452.0,55456.0,55389.2,55400.0,1.0,1,False,False,False,False,False,False,False,False,66.80000000000291,94.7345659519939,55417.29088923452,False,True,-17.290889234522183
2025-05-28 13:45:00+05:30,55400.0,55430.6,55358.4,55405.8,-1.0,-1,False,False,False,False,False,False,False,False,72.19999999999709,92.48110935679422,55416.409584704445,False,True,-10.609584704441659
2025-05-28 14:00:00+05:30,55395.4,55472.0,55380.0,55433.0,1.0,1,False,False,False,False,False,False,False,False,92.0,92.4329984211148,55418.025310378354,True,False,14.974689621645666
2025-05-28 14:15:00+05:30,55443.6,55462.6,55379.2,55379.2,-1.0,-1,False,False,False,False,False,False,False,False,83.40000000000146,91.52969857900347,55414.759646088074,False,True,-35.55964608807699
2025-05-28 14:30:00+05:30,55379.2,55490.0,55366.6,55475.0,1.0,1,False,False,False,False,False,True,False,False,123.40000000000146,94.71672872110327,55420.171510924345,True,False,54.82848907565494
2025-05-28 14:45:00+05:30,55481.0,55498.0,55441.6,55463.4,-1.0,-1,False,False,False,False,False,False,False,False,56.400000000001455,90.88505584899308,55424.49683729857,True,False,38.90316270143376
2025-05-28 15:00:00+05:30,55480.2,55485.2,55419.0,55432.2,1.0,1,False,False,False,False,False,False,False,False,66.19999999999709,88.41655026409347,55425.88015273941,True,False,6.319847260587267
2025-05-28 15:15:00+05:30,55428.6,55475.0,55421.8,55459.0,-3.0,-1,False,False,False,False,False,False,False,False,53.19999999999709,84.89489523768384,55429.541276269236,True,False,29.458723730764177
2025-05-28 15:30:00+05:30,55459.0,55459.0,55459.0,55459.0,-1.0,-1,False,False,False,False,False,False,False,False,0.0,76.40540571391546,55433.02382175619,True,False,25.976178243807226
2025-05-29 09:15:00+05:30,55659.8,55747.8,55426.8,55506.2,-1.0,-1,False,False,False,False,False,True,False,False,321.0,100.86486514252391,55440.57089440248,True,False,65.62910559751617
2025-05-29 09:30:00+05:30,55512.6,55547.0,55325.0,55427.8,1.0,1,False,False,False,False,False,True,False,False,222.0,112.97837862827153,55440.73414917403,True,False,-12.93414917402697
2025-05-29 09:45:00+05:30,55427.8,55460.0,55346.8,55457.8,-3.0,-1,False,False,False,False,False,True,False,True,113.19999999999709,113.00054076544409,55443.314553880395,True,False,14.485446119608241
2025-05-29 10:00:00+05:30,55457.8,55498.6,55310.4,55330.0,-1.0,-1,False,True,False,False,True,True,True,True,188.1999999999971,120.52048668889938,55434.02239271269,False,True,-104.02239271269355
2025-05-29 10:15:00+05:30,55324.4,55366.2,55266.0,55290.0,-3.0,-1,False,False,False,False,False,False,True,True,100.19999999999709,118.48843802000916,55420.91370861401,False,True,-130.91370861401083
2025-05-29 10:30:00+05:30,55289.0,55314.8,55218.2,55219.0,-1.0,-1,False,False,False,False,False,False,True,True,96.60000000000582,116.29959421800882,55401.39400804476,False,True,-182.39400804475736
2025-05-29 10:45:00+05:30,55220.0,55303.2,55218.6,55245.8,-5.0,-1,False,False,False,False,False,False,True,True,84.59999999999854,113.1296347962078,55384.61548454962,False,True,-138.8154845496174
2025-05-29 11:00:00+05:30,55241.0,55254.8,55180.0,55181.8,-3.0,-1,False,False,False,True,False,False,True,True,74.80000000000291,109.2966713165873,55362.63705995729,False,True,-180.83705995728815
2025-05-29 11:15:00+05:30,55175.2,55200.2,55144.8,55173.0,-3.0,-1,False,False,False,False,False,False,True,False,55.39999999999418,103.90700418492797,55340.74323136448,False,True,-167.7432313644822
2025-05-29 11:30:00+05:30,55173.0,55206.4,55130.0,55130.0,1.0,1,False,False,False,False,False,False,True,False,76.40000000000146,101.15630376643531,55316.11456037414,False,True,-186.11456037413882
2025-05-29 11:45:00+05:30,55130.6,55177.8,55117.2,55160.2,-5.0,-1,False,False,False,False,False,False,False,False,60.60000000000582,97.10067338979236,55295.646733011665,False,True,-135.44673301166767
2025-05-29 12:00:00+05:30,55160.2,55189.8,55144.0,55165.0,-1.0,-1,False,False,False,False,False,False,False,False,45.80000000000291,91.97060605081342,55277.23875403716,False,True,-112.23875403715647
2025-05-29 12:15:00+05:30,55177.4,55204.8,55133.2,55195.6,-3.0,-1,False,False,False,False,False,False,False,False,71.60000000000582,89.93354544573266,55263.33900401136,False,True,-67.73900401136052
2025-05-29 12:30:00+05:30,55195.0,55204.2,55083.0,55120.4,1.0,1,False,False,False,False,True,True,True,False,121.19999999999709,93.0601909011591,55244.374261856705,False,True,-123.97426185670338
2025-05-29 12:45:00+05:30,55126.8,55270.2,55116.0,55242.4,-3.0,-1,False,False,False,False,False,True,False,False,154.1999999999971,99.1741718110429,55238.21872578956,False,True,4.181274210444826
2025-05-29 13:00:00+05:30,55242.4,55258.0,55182.8,55209.0,-1.0,-1,False,False,False,False,False,False,False,False,75.19999999999709,96.77675462993832,55230.69653122576,False,True,-21.696531225759827
2025-05-29 13:15:00+05:30,55221.0,55261.2,55201.2,55229.0,-3.0,-1,False,False,False,False,False,False,False,False,60.0,93.09907916694449,55226.46519837161,False,True,2.534801628389687
2025-05-29 13:30:00+05:30,55230.0,55267.0,55224.2,55249.0,1.0,1,False,False,False,False,False,False,False,False,42.80000000000291,88.06917125025033,55225.329608964654,False,True,23.670391035346256
2025-05-29 13:45:00+05:30,55249.0,55295.0,55239.8,55260.6,-1.0,-1,False,False,False,False,False,False,False,False,55.19999999999709,84.78225412522501,55226.29792594981,True,False,34.30207405018882
2025-05-29 14:00:00+05:30,55256.4,55270.0,55185.2,55206.4,1.0,1,False,False,False,False,False,True,False,False,84.80000000000291,84.78402871270279,55223.1576930832,False,True,-16.757693083200138
2025-05-29 14:15:00+05:30,55208.0,55260.0,55196.6,55245.0,-1.0,-1,False,False,False,False,False,False,False,False,63.400000000001455,82.64562584143266,55224.12379457639,True,False,20.876205423606734
2025-05-29 14:30:00+05:30,55245.0,55269.0,55222.0,55260.0,3.0,1,False,False,False,False,False,False,False,False,47.0,79.0810632572894,55226.892332803756,True,False,33.10766719624371
2025-05-29 14:45:00+05:30,55260.0,55266.0,55205.2,55262.0,1.0,1,False,False,False,False,False,False,False,False,60.80000000000291,77.25295693156076,55230.10969305057,True,False,31.89030694943358
2025-05-29 15:00:00+05:30,55270.0,55535.0,55270.0,55530.0,3.0,1,True,False,False,False,True,True,True,False,273.0,96.82766123840469,55257.73605128976,True,False,272.2639487102424
2025-05-29 15:15:00+05:30,55524.8,55556.4,55520.0,55542.4,1.0,1,False,False,False,False,False,False,True,False,36.400000000001455,90.78489511456436,55286.27893109847,True,False,256.1210689015279
2025-05-29 15:30:00+05:30,55542.2,55542.2,55542.2,55542.2,5.0,1,False,False,False,False,False,False,True,False,0.20000000000436557,81.72640560310836,55314.119631366375,True,False,228.08036863362213
2025-05-30 09:15:00+05:30,55950.0,56002.0,55800.0,55970.0,3.0,1,False,False,False,False,True,True,True,True,459.8000000000029,119.53376504279781,55379.63539790585,True,False,590.3646020941524
2025-05-30 09:30:00+05:30,55970.2,56010.0,55884.2,55924.6,3.0,1,False,False,True,False,True,True,True,True,125.80000000000291,120.16038853851833,55439.26193331894,True,False,485.33806668105535
2025-05-30 09:45:00+05:30,55924.6,55948.8,55822.0,55860.0,1.0,1,False,False,False,False,False,True,False,True,126.80000000000291,120.8243496846668,55490.423496991,True,False,369.57650300899695
2025-05-30 10:00:00+05:30,55859.0,55922.2,55809.4,55900.0,3.0,1,False,False,False,False,False,False,False,True,112.79999999999563,120.02191471619967,55541.97379559599,True,False,358.0262044040064
2025-05-30 10:15:00+05:30,55899.4,55899.4,55834.0,55861.6,3.0,1,False,False,False,False,False,False,False,True,66.0,114.6197232445797,55586.3376546764,True,False,275.26234532360104
2025-05-30 10:30:00+05:30,55860.0,55860.0,55720.8,55764.0,3.0,1,False,False,False,False,False,True,False,True,140.79999999999563,117.23775092012129,55617.83317371485,True,False,146.16682628515264
2025-05-30 10:45:00+05:30,55760.0,55814.4,55707.0,55796.0,1.0,1,False,False,False,False,False,False,False,True,107.40000000000146,116.2539758281093,55648.14349496977,True,False,147.8565050302277
2025-05-30 11:00:00+05:30,55795.0,55835.0,55780.2,55800.2,3.0,1,False,False,False,False,False,False,False,True,54.80000000000291,110.10857824529867,55674.86139139348,True,False,125.33860860651475
2025-05-30 11:15:00+05:30,55811.0,55894.8,55802.2,55863.0,1.0,1,False,False,False,False,False,False,False,True,94.60000000000582,108.55772042076937,55703.49705351753,True,False,159.50294648246927
2025-05-30 11:30:00+05:30,55863.0,55905.4,55825.0,55837.0,1.0,1,False,False,False,False,False,False,False,True,80.40000000000146,105.74194837869258,55726.230920010305,True,False,110.76907998969546
2025-05-30 11:45:00+05:30,55822.4,55875.0,55797.4,55840.2,1.0,1,False,False,False,False,False,False,False,True,77.59999999999854,102.92775354082319,55745.97302145904,True,False,94.22697854095895
2025-05-30 12:00:00+05:30,55840.0,55841.0,55776.2,55785.0,1.0,1,False,False,False,False,False,False,False,True,64.80000000000291,99.11497818674117,55757.74144734428,True,False,27.25855265572318
2025-05-30 12:15:00+05:30,55784.4,55830.4,55756.8,55814.8,1.0,1,False,False,False,False,False,False,False,True,73.59999999999854,96.5634803680669,55769.6072623473,True,False,45.19273765270191
2025-05-30 12:30:00+05:30,55808.4,55825.6,55771.0,55780.0,1.0,1,False,False,False,False,False,False,False,True,54.599999999998545,92.36713233126007,55776.09195575245,True,False,3.9080442475533346
2025-05-30 12:45:00+05:30,55789.8,55826.2,55786.6,55807.6,1.0,1,False,False,False,False,False,False,False,True,46.19999999999709,87.75041909813378,55783.21709422114,True,False,24.38290577886073
2025-05-30 13:00:00+05:30,55811.4,55920.0,55811.4,55899.0,1.0,1,False,False,False,False,False,True,False,True,112.40000000000146,90.21537718832055,55797.10730172887,True,False,101.8926982711273
2025-05-30 13:15:00+05:30,55899.0,56060.0,55899.0,56025.0,1.0,1,True,False,False,False,True,True,True,True,161.0,97.29383946948849,55821.119834979276,True,False,203.88016502072423
2025-05-30 13:30:00+05:30,56025.0,56074.0,55997.0,56065.0,1.0,1,False,False,False,False,False,False,True,True,77.0,95.26445552253963,55847.48896441877,True,False,217.5110355812285
2025-05-30 13:45:00+05:30,56070.0,56100.0,56028.8,56083.6,-1.0,-1,False,False,False,False,False,False,True,True,71.19999999999709,92.85800997028538,55874.16517503349,True,False,209.4348249665054
2025-05-30 14:00:00+05:30,56080.0,56100.0,55974.4,55990.0,-1.0,-1,False,False,False,False,False,True,False,True,125.59999999999854,96.1322089732567,55890.819050229584,True,False,99.18094977041619
2025-05-30 14:15:00+05:30,55989.8,56100.0,55960.0,56090.0,1.0,1,False,False,True,False,True,True,True,True,140.0,100.51898807593102,55914.913053884884,True,False,175.086946115116
2025-05-30 14:30:00+05:30,56090.0,56140.2,56040.0,56050.4,3.0,1,False,False,False,False,False,False,False,True,100.19999999999709,100.48708926833763,55933.71976892273,True,False,116.68023107726913
2025-05-30 14:45:00+05:30,56050.0,56104.8,56015.2,56074.4,1.0,1,False,False,False,False,False,False,False,True,89.60000000000582,99.39838034150445,55952.92666448569,True,False,121.47333551431075
2025-05-30 15:00:00+05:30,56074.8,56100.0,56030.0,56064.8,-1.0,-1,False,False,False,False,False,False,False,True,70.0,96.45854230735401,55969.459232888024,True,False,95.3407671119785
2025-05-30 15:15:00+05:30,56061.0,56110.0,56056.0,56095.0,1.0,1,False,False,False,False,False,False,False,True,54.0,92.2126880766186,55986.92905616543,True,False,108.07094383457297
2025-05-30 15:30:00+05:30,56082.0,56082.0,56082.0,56082.0,1.0,1,False,False,False,False,False,False,False,True,13.0,84.29141926895674,56001.446989295706,True,False,80.55301070429414
2025-06-02 09:15:00+05:30,56100.0,56100.0,55719.0,55785.4,-1.0,-1,False,True,False,False,True,True,True,True,381.0,113.96227734206107,55987.35034126537,False,True,-201.95034126537212
2025-06-02 09:30:00+05:30,55791.2,55948.0,55743.0,55930.0,-1.0,-1,False,False,False,False,False,True,False,True,205.0,123.06604960785496,55984.94078053886,False,True,-54.94078053886187
2025-06-02 09:45:00+05:30,55923.6,55939.8,55829.2,55885.8,3.0,1,False,False,False,False,False,False,False,True,110.60000000000582,121.81944464707006,55977.518301143966,False,True,-91.71830114396289
2025-06-02 10:00:00+05:30,55886.6,55938.8,55836.6,55897.6,3.0,1,False,False,False,False,False,False,False,True,102.20000000000437,119.8575001823635,55970.49696984795,False,True,-72.89696984794864
2025-06-02 10:15:00+05:30,55890.0,55920.0,55860.2,55900.0,1.0,1,False,False,False,True,False,False,False,True,59.80000000000291,113.85175016412742,55963.35718746557,False,True,-63.35718746556813
2025-06-02 10:30:00+05:30,55901.6,55992.6,55887.6,55978.0,1.0,1,False,False,False,False,False,False,False,True,105.0,112.96657514771468,55963.23589609218,False,True,14.764103907822573
2025-06-02 10:45:00+05:30,55978.0,55995.0,55900.0,55940.0,1.0,1,False,False,False,False,False,False,False,True,95.0,111.16991763294322,55959.79285049803,False,True,-19.79285049803002
2025-06-02 11:00:00+05:30,55930.0,55961.8,55910.0,55921.0,3.0,1,False,False,False,False,False,False,False,True,51.80000000000291,105.2329258696492,55954.85062482406,False,True,-33.850624824059196
2025-06-02 11:15:00+05:30,55921.8,55987.8,55890.0,55962.0,1.0,1,False,False,False,False,False,False,False,True,97.80000000000291,104.48963328268455,55953.94489901653,False,True,8.055100983467128
2025-06-02 11:30:00+05:30,55962.0,56020.2,55943.0,55960.0,1.0,1,False,False,False,False,False,False,False,True,77.19999999999709,101.7606699544158,55953.21778776377,False,True,6.782212236226769
2025-06-02 11:45:00+05:30,55953.6,56017.8,55950.0,55998.0,1.0,1,False,False,False,False,False,False,False,True,67.80000000000291,98.36460295897452,55956.27772937898,True,False,41.7222706210232
2025-06-02 12:00:00+05:30,55997.0,56041.6,55990.0,56010.4,3.0,1,False,False,False,False,False,False,False,True,51.599999999998545,93.68814266307692,55960.737873900005,True,False,49.662126099996385
2025-06-02 12:15:00+05:30,56016.8,56045.0,55980.0,56016.0,3.0,1,False,False,False,False,False,False,False,True,65.0,90.81932839676922,55965.86865479537,True,False,50.131345204630634
2025-06-02 12:30:00+05:30,56017.6,56130.0,56011.8,56098.2,3.0,1,True,False,False,False,True,True,True,True,118.19999999999709,93.55739555709201,55978.48862015167,True,False,119.71137984832603
2025-06-02 12:45:00+05:30,56098.6,56126.2,56022.0,56026.4,1.0,1,False,False,False,False,False,True,False,True,104.19999999999709,94.62165600138252,55984.45486102957,True,False,41.94513897043362
2025-06-02 13:00:00+05:30,56026.4,56083.2,56024.8,56068.2,3.0,1,False,False,False,False,False,False,False,True,58.39999999999418,90.99949040124368,55993.89857948489,True,False,74.30142051510484
2025-06-02 13:15:00+05:30,56075.4,56107.6,56057.2,56071.0,3.0,1,False,False,False,False,False,False,False,True,50.400000000001455,86.93954136111945,56003.16252169777,True,False,67.83747830223001
2025-06-02 13:30:00+05:30,56054.0,56170.0,56040.0,56155.4,5.0,1,False,False,True,False,True,True,True,True,130.0,91.24558722500751,56019.522405528616,True,False,135.87759447138524
2025-06-02 13:45:00+05:30,56157.4,56170.0,56106.2,56141.8,1.0,1,False,False,False,False,False,False,False,True,63.80000000000291,88.50102850250705,56033.94072869185,True,False,107.85927130815253
2025-06-02 14:00:00+05:30,56128.0,56150.0,56040.2,56091.4,5.0,1,False,False,False,False,False,True,False,True,109.80000000000291,90.63092565225665,56042.91433826424,True,False,48.485661735758185
2025-06-02 14:15:00+05:30,56091.8,56110.8,56027.0,56086.2,5.0,1,False,False,False,False,False,False,False,True,83.80000000000291,89.94783308703128,56050.45881340487,True,False,35.741186595128966
2025-06-02 14:30:00+05:30,56086.2,56099.8,55980.0,56041.4,5.0,1,False,False,False,False,False,True,False,True,119.80000000000291,92.93304977832845,56052.97788276186,True,False,-11.577882761856017
2025-06-02 14:45:00+05:30,56041.6,56153.0,56027.8,56153.0,1.0,1,False,False,False,False,False,True,False,False,125.19999999999709,96.15974480049532,56064.71387360369,True,False,88.2861263963132
2025-06-02 15:00:00+05:30,56153.0,56217.2,56152.0,56177.0,3.0,1,False,False,False,False,False,False,True,False,65.19999999999709,93.0637703204455,56077.76312975303,True,False,99.23687024696846
2025-06-02 15:15:00+05:30,56177.0,56191.0,56147.4,56170.4,3.0,1,False,False,False,False,False,False,False,True,43.599999999998545,88.1173932884008,56089.3123803192,True,False,81.08761968080216
2025-06-02 15:30:00+05:30,56175.0,56175.0,56175.0,56175.0,3.0,1,False,False,False,False,False,False,False,True,4.599999999998545,79.76565395956058,56100.34291060902,True,False,74.65708939098113
2025-06-03 09:15:00+05:30,56275.0,56355.0,56100.0,56118.0,1.0,1,False,False,False,False,False,True,False,True,255.0,97.28908856360452,56105.253411719204,True,False,12.74658828079555
2025-06-03 09:30:00+05:30,56117.4,56220.6,56059.4,56141.6,3.0,1,False,False,False,False,False,True,False,True,161.1999999999971,103.68017970724377,56111.38873205224,True,False,30.211267947757733
2025-06-03 09:45:00+05:30,56141.0,56218.6,56105.0,56127.0,3.0,1,False,False,False,False,False,True,False,True,113.59999999999854,104.67216173651923,56115.35949330796,True,False,11.640506692041527
2025-06-03 10:00:00+05:30,56131.2,56180.0,56111.0,56169.0,3.0,1,False,False,False,False,False,False,False,True,69.0,101.1049455628673,56122.374781373954,True,False,46.62521862604626
2025-06-03 10:15:00+05:30,56175.0,56298.0,56155.2,56234.0,-1.0,-1,False,False,False,False,True,True,True,True,142.8000000000029,105.27445100658088,56134.58357690956,True,False,99.41642309044255
2025-06-03 10:30:00+05:30,56247.4,56286.2,56086.4,56153.8,1.0,1,False,False,False,False,False,True,False,True,199.79999999999563,114.72700590592235,56138.81204968952,True,False,14.98795031048212
2025-06-03 10:45:00+05:30,56155.0,56199.0,56136.8,56157.8,1.0,1,False,False,False,False,False,False,False,True,62.19999999999709,109.47430531532981,56142.700905470534,True,False,15.099094529468857
2025-06-03 11:00:00+05:30,56162.0,56170.0,56051.2,56054.6,1.0,1,False,False,False,False,False,True,False,True,118.80000000000291,110.40687478379714,56136.5962688901,False,True,-81.9962688900996
2025-06-03 11:15:00+05:30,56051.0,56114.4,56020.4,56097.6,-3.0,-1,False,False,False,False,False,False,False,True,94.0,108.7661873054174,56133.892998163705,False,True,-36.292998163706216
2025-06-03 11:30:00+05:30,56094.8,56132.4,56012.0,56054.8,-1.0,-1,False,False,False,False,False,True,False,True,120.40000000000146,109.92956857487579,56126.99109300232,False,True,-72.19109300231503
2025-06-03 11:45:00+05:30,56050.0,56088.6,56026.0,56071.4,-1.0,-1,False,False,False,False,False,False,False,True,62.599999999998545,105.19661171738808,56121.445421068034,False,True,-50.04542106803274
2025-06-03 12:00:00+05:30,56065.4,56089.8,56020.0,56030.0,-1.0,-1,False,False,False,False,False,False,False,True,69.80000000000291,101.65695054564956,56112.16827800176,False,True,-82.16827800175815
2025-06-03 12:15:00+05:30,56029.0,56033.6,55940.0,56010.0,-3.0,-1,False,False,False,False,False,False,False,True,93.59999999999854,100.85125549108446,56101.26582525933,False,True,-91.2658252593319
2025-06-03 12:30:00+05:30,56003.2,56056.0,56003.0,56020.0,-3.0,-1,False,False,False,False,False,False,False,False,53.0,96.06612994197602,56091.63960125297,False,True,-71.63960125297308
2025-06-03 12:45:00+05:30,56028.8,56038.4,55859.4,55880.6,-3.0,-1,False,True,False,False,True,True,True,False,179.0,104.35951694777842,56069.89962294311,False,True,-189.29962294310826
2025-06-03 13:00:00+05:30,55873.0,55910.0,55824.2,55879.6,-1.0,-1,False,False,False,False,False,False,True,True,85.80000000000291,102.50356525300086,56048.80568964656,False,True,-169.2056896465583
2025-06-03 13:15:00+05:30,55878.8,55920.2,55825.4,55903.8,-3.0,-1,False,False,False,False,False,False,False,True,94.79999999999563,101.73320872770033,56030.9118848506,False,True,-127.11188485059392
2025-06-03 13:30:00+05:30,55910.0,55980.0,55892.2,55901.0,-1.0,-1,False,False,False,False,False,False,False,True,87.80000000000291,100.3398878549306,56013.97403299773,False,True,-112.9740329977285
2025-06-03 13:45:00+05:30,55901.2,55962.0,55883.0,55956.0,-1.0,-1,False,False,False,True,False,False,False,False,79.0,98.20589906943754,56003.36851352407,False,True,-47.36851352406666
2025-06-03 14:00:00+05:30,55957.8,56008.2,55945.2,56001.0,1.0,1,False,False,False,False,False,False,False,False,63.0,94.68530916249378,55998.23459252766,False,True,2.765407472339575
2025-06-03 14:15:00+05:30,56008.0,56009.6,55952.6,55952.6,-3.0,-1,False,False,False,False,False,False,False,False,57.0,90.9167782462444,55990.03112688814,False,True,-37.4311268881429
2025-06-03 14:30:00+05:30,55959.8,56075.0,55959.8,56050.4,-3.0,-1,False,False,False,False,False,True,False,False,122.40000000000146,94.0651004216201,55991.90600157521,True,False,58.493998424790334
2025-06-03 14:45:00+05:30,56050.0,56063.4,55979.0,56008.2,-3.0,-1,False,False,False,False,False,False,False,False,84.40000000000146,93.09859037945823,55990.99728611656,False,True,17.202713883438264
2025-06-03 15:00:00+05:30,56016.8,56033.6,55941.0,55955.0,-1.0,-1,False,False,False,False,False,False,False,False,92.59999999999854,93.04873134151225,55986.08759407257,False,True,-31.0875940725673
2025-06-03 15:15:00+05:30,55952.0,55990.0,55848.0,55850.0,-3.0,-1,False,True,False,False,True,True,True,False,142.0,97.94385820736103,55972.32929005738,False,True,-122.3292900573797
2025-06-03 15:30:00+05:30,55852.2,55852.2,55852.2,55852.2,-3.0,-1,False,False,False,False,False,False,True,False,2.1999999999970896,88.36947238662464,55959.412599586416,False,True,-107.21259958641895
2025-06-04 09:15:00+05:30,55930.8,55998.8,55868.0,55871.2,-3.0,-1,False,False,False,False,False,True,False,False,146.60000000000582,94.19252514796275,55948.913841571935,False,True,-77.71384157193825
2025-06-04 09:30:00+05:30,55877.8,55910.0,55720.0,55756.0,1.0,1,False,False,False,False,True,True,True,False,190.0,103.77327263316647,55928.70761049103,False,True,-172.7076104910302
2025-06-04 09:45:00+05:30,55750.4,55793.2,55700.0,55781.8,-1.0,-1,False,False,False,True,False,False,True,False,93.19999999999709,102.71594536984954,55911.686329049066,False,True,-129.88632904906262
2025-06-04 10:00:00+05:30,55790.2,55830.0,55766.0,55809.6,-1.0,-1,False,False,False,False,False,False,False,False,64.0,98.84435083286459,55898.19145501841,False,True,-88.59145501840976
2025-06-04 10:15:00+05:30,55809.4,55875.0,55780.6,55875.0,-1.0,-1,False,False,False,False,False,False,False,False,94.40000000000146,98.39991574957828,55891.73210012593,False,True,-16.732100125933357
2025-06-04 10:30:00+05:30,55875.0,55917.2,55858.2,55886.0,3.0,1,False,False,False,False,False,False,False,False,59.0,94.45992417462045,55887.381220469484,False,True,-1.3812204694841057
2025-06-04 10:45:00+05:30,55898.8,55925.2,55860.0,55915.0,1.0,1,False,False,False,False,False,False,False,False,65.19999999999709,91.53393175715811,55886.69312997077,False,True,28.306870029227866
2025-06-04 11:00:00+05:30,55920.0,55950.0,55901.0,55920.8,1.0,1,False,False,False,False,False,False,False,False,49.0,87.2805385814423,55887.43467106047,True,False,33.36532893952972
2025-06-04 11:15:00+05:30,55920.2,55968.0,55888.4,55968.0,1.0,1,False,False,False,False,False,False,True,False,79.59999999999854,86.51248472329793,55893.190241867596,True,False,74.80975813240366
2025-06-04 11:30:00+05:30,55967.0,56017.0,55966.0,55986.8,1.0,1,False,False,False,False,False,False,True,False,51.0,82.96123625096814,55901.17375544094,True,False,85.62624455906189
2025-06-04 11:45:00+05:30,55987.6,55995.2,55917.2,55950.0,-1.0,-1,False,False,False,False,False,False,False,False,78.0,82.46511262587133,55906.0938321298,True,False,43.90616787019826
2025-06-04 12:00:00+05:30,55950.0,55980.0,55925.2,55979.0,1.0,1,False,False,False,False,False,False,False,False,54.80000000000291,79.6986013632845,55913.69883985103,True,False,65.30116014897067
2025-06-04 12:15:00+05:30,55980.0,55999.0,55947.6,55955.0,-1.0,-1,False,False,False,False,False,False,False,False,51.400000000001455,76.86874122695619,55919.00029050756,True,False,35.99970949244016
2025-06-04 12:30:00+05:30,55957.2,55969.0,55930.0,55944.6,-1.0,-1,False,False,False,False,False,False,False,False,39.0,73.08186710426057,55923.079142465744,True,False,21.5208575342549
2025-06-04 12:45:00+05:30,55941.6,55964.8,55926.4,55954.0,-1.0,-1,False,False,False,False,False,False,False,False,38.400000000001455,69.61368039383466,55927.639602708914,True,False,26.360397291085974
2025-06-04 13:00:00+05:30,55954.0,55980.0,55930.0,55931.0,1.0,1,False,False,False,False,False,False,False,False,50.0,67.6523123544512,55929.68872002184,True,False,1.3112799781592912
2025-06-04 13:15:00+05:30,55931.0,55938.8,55888.2,55901.0,1.0,1,False,False,False,False,False,False,False,False,50.60000000000582,65.94708111900665,55928.577020787816,False,True,-27.577020787815854
2025-06-04 13:30:00+05:30,55904.2,55936.0,55900.8,55912.2,1.0,1,False,False,False,False,False,False,False,False,35.19999999999709,62.87237300710569,55928.087549788856,False,True,-15.88754978885845
2025-06-04 13:45:00+05:30,55915.0,55958.0,55915.0,55936.8,1.0,1,False,False,False,False,False,False,False,False,45.80000000000291,61.16513570639542,55929.512516186594,True,False,7.287483813408471
2025-06-04 14:00:00+05:30,55944.8,56000.0,55920.0,55976.0,3.0,1,False,False,False,False,False,True,False,False,80.0,63.04862213575588,55934.23537149013,True,False,41.76462850986718
2025-06-04 14:15:00+05:30,55975.4,55997.0,55930.0,55932.0,1.0,1,False,False,False,False,False,True,False,False,67.0,63.44375992218029,55934.728569790226,True,False,-2.7285697902261745
2025-06-04 14:30:00+05:30,55946.0,55984.6,55936.2,55979.0,1.0,1,False,False,False,False,False,False,False,False,52.599999999998545,62.35938392996212,55939.26111965557,True,False,39.738880344426434
2025-06-04 14:45:00+05:30,55974.6,56045.8,55971.4,56030.4,-1.0,-1,False,False,False,False,True,True,True,False,74.40000000000146,63.56344553696606,55948.24550375489,True,False,82.15449624510802
2025-06-04 15:00:00+05:30,56034.8,56047.8,55955.0,55970.0,1.0,1,False,False,False,False,False,True,False,False,92.80000000000291,66.48710098326974,55951.48646835254,True,False,18.513531647462514
2025-06-04 15:15:00+05:30,55971.4,55995.0,55969.0,55984.8,1.0,1,False,False,False,False,False,False,False,False,26.0,62.43839088494277,55955.75149872184,True,False,29.048501278164622
2025-06-05 09:15:00+05:30,56010.4,56056.0,55851.0,55961.2,1.0,1,False,False,False,False,False,True,False,False,205.0,76.6945517964485,55957.545676043585,True,False,3.6543239564125543
2025-06-05 09:30:00+05:30,55961.2,56035.8,55920.2,56023.0,-1.0,-1,False,False,False,False,False,True,False,False,115.60000000000582,80.58509661680424,55964.6119394781,True,False,58.388060521901934
2025-06-05 09:45:00+05:30,56023.0,56080.0,56000.6,56035.0,-1.0,-1,False,False,False,False,False,False,False,False,79.40000000000146,80.46658695512396,55972.41541950093,True,False,62.58458049906767
2025-06-05 10:00:00+05:30,56034.8,56054.0,55975.0,55994.4,-1.0,-1,False,False,False,False,False,False,False,False,79.0,80.31992825961156,55976.12387326563,True,False,18.276126734373975
2025-06-05 10:15:00+05:30,55994.4,56035.0,55960.0,55990.0,1.0,1,False,False,False,False,False,False,False,False,75.0,79.7879354336504,55978.9880763042,True,False,11.011923695798032
2025-06-05 10:30:00+05:30,55994.8,56000.0,55969.6,55993.0,1.0,1,False,False,False,False,False,False,False,False,30.400000000001455,74.84914189028551,55981.69177621648,True,False,11.30822378351877
2025-06-05 10:45:00+05:30,55993.0,56000.0,55946.0,55969.2,-1.0,-1,False,False,False,False,False,False,False,False,54.0,72.76422770125696,55981.82969868227,True,False,-12.629698682270828
2025-06-05 11:00:00+05:30,55980.0,56000.0,55972.0,55981.6,1.0,1,False,False,False,False,False,False,False,False,30.80000000000291,68.56780493113155,55982.73182457368,True,False,-1.1318245736838435
2025-06-05 11:15:00+05:30,55995.0,56090.0,55990.0,56038.0,3.0,1,False,False,False,False,False,True,False,False,108.40000000000146,72.55102443801854,55988.44845171832,True,False,49.55154828167724
2025-06-05 11:30:00+05:30,56040.0,56055.6,56017.0,56017.2,3.0,1,False,False,False,False,False,False,False,False,38.599999999998545,69.15592199421654,55991.99365074905,True,False,25.206349250947824
2025-06-05 11:45:00+05:30,56020.0,56029.0,55970.6,56029.0,1.0,1,False,False,False,False,False,False,False,False,58.400000000001455,68.08032979479503,55996.31211953947,True,False,32.68788046052941
2025-06-05 12:00:00+05:30,56030.0,56197.0,56026.8,56185.2,1.0,1,True,False,False,False,True,True,True,False,170.1999999999971,78.29229681531524,56014.492817113656,True,False,170.7071828863409
2025-06-05 12:15:00+05:30,56187.4,56219.0,56036.0,56090.0,1.0,1,False,False,False,False,False,True,False,False,183.0,88.76306713378372,56023.62177323186,True,False,66.37822676813812
2025-06-05 12:30:00+05:30,56083.8,56123.0,56063.0,56088.2,1.0,1,False,False,False,False,False,False,False,False,60.0,85.88676042040535,56032.01324948899,True,False,56.18675051100581
2025-06-05 12:45:00+05:30,56078.0,56125.0,56060.0,56080.6,-1.0,-1,False,False,False,False,False,False,False,False,65.0,83.79808437836482,56039.073013567424,True,False,41.52698643257463
2025-06-05 13:00:00+05:30,56082.4,56111.0,56030.0,56046.2,1.0,1,False,False,True,False,False,False,False,False,81.0,83.51827594052834,56042.33011697152,True,False,3.8698830284774886
2025-06-05 13:15:00+05:30,56031.0,56076.2,56021.0,56044.8,-1.0,-1,False,False,False,False,False,False,False,False,55.19999999999709,80.68644834647522,56044.78700115907,True,False,0.012998840931686573
2025-06-05 13:30:00+05:30,56044.8,56044.8,55941.4,55950.0,1.0,1,False,False,False,False,True,True,True,False,103.40000000000146,82.95780351182785,56038.03053778275,False,True,-88.03053778275353
2025-06-05 13:45:00+05:30,55950.0,56000.0,55940.0,55972.4,1.0,1,False,False,False,False,False,False,False,False,60.0,80.66202316064506,56032.82486757228,False,True,-60.424867572277435
2025-06-05 14:00:00+05:30,55965.0,55983.8,55905.6,55967.0,1.0,1,False,False,False,False,False,False,False,False,78.20000000000437,80.41582084458099,56026.84393045274,False,True,-59.843930452741915
2025-06-05 14:15:00+05:30,55956.0,56020.8,55951.2,56001.8,-1.0,-1,False,False,False,False,False,False,False,False,69.60000000000582,79.33423876012348,56023.90923465904,False,True,-22.10923465903761
2025-06-05 14:30:00+05:30,56000.0,56050.0,55971.2,56015.0,1.0,1,False,False,False,False,False,False,False,False,78.80000000000291,79.28081488411144,56022.20298687577,False,True,-7.2029868757672375
2025-06-05 14:45:00+05:30,56019.0,56048.4,55994.2,56014.8,3.0,1,False,False,False,False,False,False,False,False,54.200000000004366,76.77273339570073,56020.595615475206,False,True,-5.795615475202794
2025-06-05 15:00:00+05:30,56005.0,56035.0,55967.2,56035.0,1.0,1,False,False,False,False,False,False,False,False,67.80000000000291,75.87546005613095,56020.989710573835,True,False,14.0102894261654
2025-06-05 15:15:00+05:30,56039.0,56080.0,56035.8,56045.8,-1.0,-1,False,False,False,False,False,False,False,False,45.0,72.78791405051786,56022.54952884893,True,False,23.250471151070087
2025-06-05 15:30:00+05:30,56043.4,56043.4,56043.4,56043.4,-1.0,-1,False,False,False,False,False,False,False,False,2.400000000001455,65.74912264546622,56024.054047130136,True,False,19.34595286986587
2025-06-06 09:15:00+05:30,55999.8,56059.8,55910.0,55945.0,1.0,1,False,False,False,False,True,True,True,False,149.8000000000029,74.15421038091988,56016.75576579309,False,True,-71.75576579308836
2025-06-06 09:30:00+05:30,55945.0,55950.2,55855.2,55858.6,1.0,1,False,False,False,False,True,True,True,False,95.0,76.23878934282789,56001.76336892335,False,True,-143.16336892334948
2025-06-06 09:45:00+05:30,55858.8,55925.0,55851.0,55913.4,-1.0,-1,False,False,False,False,False,False,False,False,74.0,76.01491040854509,55992.02511596046,False,True,-78.62511596045806
2025-06-06 10:00:00+05:30,55919.8,56250.0,55780.0,55945.4,-1.0,-1,False,False,False,False,False,True,False,False,470.0,115.41341936769058,55985.631466965584,False,True,-40.23146696558251
2025-06-06 10:15:00+05:30,55941.2,56297.0,55825.0,56297.0,1.0,1,True,False,False,False,True,True,True,False,472.0,151.07207743092152,56011.63926708332,True,False,285.3607329166771
2025-06-06 10:30:00+05:30,56298.0,56656.6,56289.4,56600.0,1.0,1,False,False,False,False,True,True,True,False,367.1999999999971,172.6848696878291,56065.43111863428,True,False,534.568881365718
2025-06-06 10:45:00+05:30,56599.8,56694.0,56505.0,56600.2,1.0,1,False,False,False,False,True,True,True,True,189.0,174.3163827190462,56118.8731226176,True,False,481.32687738239474
2025-06-06 11:00:00+05:30,56600.4,56733.0,56596.6,56726.8,1.0,1,False,False,False,False,False,False,True,True,136.40000000000146,170.52474444714173,56182.56204813366,True,False,544.2379518663438
2025-06-06 11:15:00+05:30,56727.0,56745.0,56635.0,56635.0,3.0,1,False,False,True,False,False,False,True,True,110.0,164.47227000242756,56235.81717649634,True,False,399.18282350365916
2025-06-06 11:30:00+05:30,56643.8,56778.0,56635.2,56763.2,3.0,1,False,False,False,False,False,False,True,True,143.0,162.32504300218483,56297.798067649965,True,False,465.40193235003244
2025-06-06 11:45:00+05:30,56770.0,56782.6,56724.0,56773.0,1.0,1,False,False,False,False,False,False,True,True,58.599999999998545,151.9525387019662,56357.10452620601,True,False,415.895473793993
2025-06-06 12:00:00+05:30,56776.8,56799.0,56726.2,56748.2,1.0,1,False,False,False,False,False,False,True,True,72.80000000000291,144.03728483176988,56410.00539651655,True,False,338.1946034834473
2025-06-06 12:15:00+05:30,56748.6,56753.4,56580.2,56696.6,1.0,1,False,False,False,False,False,True,False,True,173.20000000000437,146.95355634859334,56453.66766532467,True,False,242.9323346753299
2025-06-06 12:30:00+05:30,56696.6,56750.0,56650.0,56720.0,1.0,1,False,False,False,False,False,False,False,True,100.0,142.258200713734,56494.72100723672,True,False,225.27899276327662
2025-06-06 12:45:00+05:30,56720.6,56762.0,56712.4,56737.4,1.0,1,False,False,False,False,False,False,False,True,49.599999999998545,132.99238064236044,56532.63418795851,True,False,204.7658120414926
2025-06-06 13:00:00+05:30,56734.0,56759.6,56696.4,56707.2,-1.0,-1,False,False,False,False,False,False,False,True,63.19999999999709,126.0131425781241,56563.214040900755,True,False,143.98595909924188
2025-06-06 13:15:00+05:30,56704.8,56746.4,56680.4,56693.0,1.0,1,False,False,False,False,False,False,False,True,66.0,120.01182832031171,56588.15360346951,True,False,104.84639653049089
2025-06-06 13:30:00+05:30,56685.8,56772.0,56647.4,56755.0,3.0,1,False,False,False,False,False,True,False,True,124.59999999999854,120.47064548828038,56614.71607505781,True,False,140.2839249421886
2025-06-06 13:45:00+05:30,56759.8,56777.0,56709.4,56730.0,1.0,1,False,False,False,False,False,False,False,True,67.59999999999854,115.18358093945218,56635.38390112068,True,False,94.6160988793199
2025-06-06 14:00:00+05:30,56728.8,56758.0,56679.4,56758.0,1.0,1,False,False,False,False,False,False,False,True,78.59999999999854,111.52522284550682,56655.33123239316,True,False,102.66876760683954
2025-06-06 14:15:00+05:30,56753.2,56832.8,56753.2,56797.0,1.0,1,False,False,False,False,False,False,False,True,79.60000000000582,108.33270056095671,56675.926366659594,True,False,121.07363334040565
2025-06-06 14:30:00+05:30,56793.2,56800.0,56695.6,56749.0,1.0,1,False,False,False,False,False,False,False,True,104.40000000000146,107.93943050486118,56689.59412409713,True,False,59.40587590287032
2025-06-06 14:45:00+05:30,56738.2,56790.0,56722.2,56768.2,1.0,1,False,False,False,False,False,False,False,True,67.80000000000291,103.92548745437534,56702.727871636955,True,False,65.47212836304243
2025-06-06 15:00:00+05:30,56767.8,56790.2,56725.0,56750.6,1.0,1,False,False,False,False,False,False,False,True,65.19999999999709,100.05293870893752,56712.28836603208,True,False,38.31163396791817
2025-06-06 15:15:00+05:30,56757.0,56799.0,56748.8,56781.0,1.0,1,False,False,False,False,False,False,False,True,50.19999999999709,95.06764483804348,56722.897575433155,True,False,58.102424566845
2025-06-06 15:30:00+05:30,56795.0,56795.0,56795.0,56795.0,1.0,1,False,False,False,False,False,False,False,True,14.0,86.96088035423914,56733.30231344513,True,False,61.697686554871325
2025-06-09 09:15:00+05:30,57150.0,57165.2,56905.4,56939.6,1.0,1,True,False,False,False,True,True,True,True,370.1999999999971,115.28479231881492,56755.52016525287,True,False,184.0798347471282
2025-06-09 09:30:00+05:30,56934.2,57065.2,56920.0,57040.0,1.0,1,False,False,False,False,True,True,True,True,145.1999999999971,118.27631308693314,56785.58532053409,True,False,254.41467946591
2025-06-09 09:45:00+05:30,57052.8,57088.8,57000.0,57065.0,1.0,1,False,False,False,False,False,False,True,True,88.80000000000291,115.32868177824011,56816.5169125384,True,False,248.48308746160183
2025-06-09 10:00:00+05:30,57065.0,57123.6,57052.8,57112.8,1.0,1,False,False,False,False,False,False,True,True,70.79999999999563,110.87581360041565,56850.15337034387,True,False,262.6466296561339
2025-06-09 10:15:00+05:30,57120.0,57135.4,57076.6,57105.0,1.0,1,False,False,True,False,False,False,True,True,58.80000000000291,105.6682322403744,56881.197352821255,True,False,223.80264717874525
2025-06-09 10:30:00+05:30,57104.8,57146.0,57089.0,57138.0,1.0,1,False,False,False,False,False,False,True,True,57.0,100.80140901633696,56913.10618337678,True,False,224.8938166232183
2025-06-09 10:45:00+05:30,57139.6,57160.0,57118.0,57131.4,1.0,1,False,False,False,False,False,False,True,True,42.0,94.92126811470327,56942.08692139127,True,False,189.31307860873494
2025-06-09 11:00:00+05:30,57123.4,57151.6,57069.8,57090.4,1.0,1,False,False,False,False,False,False,False,True,81.79999999999563,93.6091413032325,56964.86636968027,True,False,125.53363031973277
2025-06-09 11:15:00+05:30,57090.0,57091.4,57026.4,57029.2,-1.0,-1,False,False,False,False,False,False,False,True,65.0,90.74822717290925,56979.5637911465,True,False,49.63620885349519
2025-06-09 11:30:00+05:30,57030.4,57074.6,57009.0,57054.6,3.0,1,False,False,False,False,False,False,False,True,65.59999999999854,88.23340445561819,56994.12235194428,True,False,60.47764805571933
2025-06-09 11:45:00+05:30,57068.2,57068.2,57024.4,57059.8,1.0,1,False,False,False,False,False,False,False,True,43.799999999995634,83.79006401005593,57006.884336030154,True,False,52.91566396984854
2025-06-09 12:00:00+05:30,57050.4,57093.8,57050.4,57082.0,-1.0,-1,False,False,False,False,False,False,False,True,43.400000000001455,79.75105760905049,57019.58511597276,True,False,62.41488402723917
2025-06-09 12:15:00+05:30,57087.4,57100.0,57056.8,57100.0,1.0,1,False,False,False,False,False,False,False,True,43.19999999999709,76.09595184814515,57032.04520991995,True,False,67.9547900800535
2025-06-09 12:30:00+05:30,57093.6,57135.0,57075.0,57080.0,1.0,1,False,False,False,False,False,False,False,True,60.0,74.48635666333064,57041.00532028094,True,False,38.994679719056876
2025-06-09 12:45:00+05:30,57080.0,57083.0,57048.4,57052.0,1.0,1,False,False,False,False,False,False,False,True,34.599999999998545,70.49772099699743,57045.930428507796,True,False,6.069571492203977
2025-06-09 13:00:00+05:30,57051.8,57090.0,57050.0,57090.0,1.0,1,False,False,False,False,False,False,False,True,40.0,67.44794889729769,57053.02352721473,True,False,36.976472785267106
2025-06-09 13:15:00+05:30,57095.0,57107.8,57060.0,57060.0,-1.0,-1,False,False,False,False,False,False,False,True,47.80000000000291,65.48315400756822,57056.3182704732,True,False,3.681729526797426
2025-06-09 13:30:00+05:30,57066.2,57080.0,57055.0,57075.0,-1.0,-1,False,False,False,False,False,False,False,True,25.0,61.4348386068114,57060.07062468912,True,False,14.92937531087955
2025-06-09 13:45:00+05:30,57062.8,57088.4,57061.6,57070.0,-1.0,-1,False,False,False,False,False,False,False,True,26.80000000000291,57.971354746130544,57062.63380080658,True,False,7.366199193420471
2025-06-09 14:00:00+05:30,57069.8,57080.2,57011.0,57011.0,-1.0,-1,False,True,False,False,True,True,True,True,69.19999999999709,59.094219271517204,57059.25009583411,False,True,-48.25009583411156
2025-06-09 14:15:00+05:30,57011.0,57034.0,56985.0,57026.4,-2.0,-1,False,False,False,False,False,False,False,True,49.0,58.084797344365484,57056.82800745401,False,True,-30.428007454007457
2025-06-09 14:30:00+05:30,57027.0,57048.0,57008.2,57015.2,-3.0,-1,False,False,False,False,False,False,False,True,39.80000000000291,56.256317609929226,57053.12758562848,False,True,-37.9275856284803
2025-06-09 14:45:00+05:30,57019.6,57036.0,57010.0,57010.2,-3.0,-1,False,False,False,False,False,False,False,True,26.0,53.23068584893631,57048.85627159707,False,True,-38.65627159707219
2025-06-09 15:00:00+05:30,57008.4,57020.0,56990.0,57011.0,-3.0,-1,False,False,False,True,False,False,False,True,30.0,50.907617264042685,57044.67226861169,False,True,-33.672268611691834
2025-06-09 15:15:00+05:30,57011.0,57021.2,56986.6,56990.0,-2.0,-1,False,False,False,False,False,False,False,True,34.599999999998545,49.27685553763827,57038.70935668863,False,True,-48.7093566886324
2025-06-10 09:15:00+05:30,57026.2,57099.0,56805.0,56805.2,-3.0,-1,False,False,False,False,True,True,True,True,294.0,73.74916998387444,57016.215974071536,False,True,-211.01597407153895
2025-06-10 09:30:00+05:30,56802.0,56874.2,56750.0,56820.0,-1.0,-1,False,True,False,False,True,True,True,True,124.19999999999709,78.79425298548671,56995.51013350912,False,True,-175.5101335091167
2025-06-10 09:45:00+05:30,56805.8,56900.2,56800.0,56817.6,-1.0,-1,False,False,False,False,True,True,True,True,100.19999999999709,80.93482768693775,56975.34229247486,False,True,-157.74229247486073
2025-06-10 10:00:00+05:30,56822.8,56944.2,56817.6,56933.2,-2.0,-1,False,False,False,False,False,True,False,True,126.59999999999854,85.50134491824383,56966.67083891397,False,True,-33.47083891397051
2025-06-10 10:15:00+05:30,56930.0,56960.0,56883.0,56883.0,-5.0,-1,False,False,False,False,False,False,False,True,77.0,84.65121042641945,56954.59305696977,False,True,-71.59305696976662
2025-06-10 10:30:00+05:30,56880.6,56926.0,56853.0,56904.0,-3.0,-1,False,False,False,True,False,False,False,True,73.0,83.48608938377751,56945.59809780941,False,True,-41.5980978094085
2025-06-10 10:45:00+05:30,56906.8,56907.4,56760.6,56791.8,-1.0,-1,False,False,False,False,True,True,True,True,146.8000000000029,89.81748044540005,56927.61766751349,False,True,-135.81766751348914
2025-06-10 11:00:00+05:30,56791.8,56830.0,56760.0,56816.0,-4.0,-1,False,False,False,False,False,False,False,True,70.0,87.83573240086005,56913.05258329325,False,True,-97.05258329324715
2025-06-10 11:15:00+05:30,56807.0,56824.6,56765.0,56770.0,-5.0,-1,False,False,False,False,False,False,True,True,59.599999999998545,85.0121591607739,56895.598815004785,False,True,-125.59881500478514
2025-06-10 11:30:00+05:30,56765.0,56789.6,56729.0,56788.0,-1.0,-1,False,False,False,False,False,False,False,True,60.599999999998545,82.57094324469637,56881.10268749143,False,True,-93.10268749143142
2025-06-10 11:45:00+05:30,56777.8,56798.0,56760.0,56772.0,-1.0,-1,False,False,False,False,False,False,False,True,38.0,78.11384892022673,56866.51434402946,False,True,-94.51434402946325
2025-06-10 12:00:00+05:30,56761.0,56795.8,56750.0,56780.0,-2.0,-1,False,False,False,False,False,False,False,True,45.80000000000291,74.88246402820434,56854.01264543065,False,True,-74.0126454306519
2025-06-10 12:15:00+05:30,56780.2,56793.0,56760.2,56777.4,-3.0,-1,False,False,False,False,False,False,False,True,32.80000000000291,70.6742176253842,56842.61891911888,False,True,-65.21891911888088
2025-06-10 12:30:00+05:30,56777.4,56832.2,56771.0,56820.0,1.0,1,False,False,False,False,False,False,False,True,61.19999999999709,69.72679586284549,56836.38676501546,False,True,-16.38676501545706
2025-06-10 12:45:00+05:30,56817.0,56878.0,56817.0,56850.2,0.0,1,False,False,False,False,False,False,False,True,61.0,68.85411627656094,56834.0995037187,False,True,16.10049628129491
2025-06-10 13:00:00+05:30,56862.0,56890.0,56831.0,56831.0,-3.0,-1,False,False,False,False,False,False,False,True,59.0,67.86870464890485,56831.12028577325,False,True,-0.12028577324963408
2025-06-10 13:15:00+05:30,56824.0,56864.8,56801.0,56850.0,-3.0,-1,False,False,False,False,False,False,False,True,63.80000000000291,67.46183418401466,56830.74113893186,False,True,19.258861068141414
2025-06-10 13:30:00+05:30,56853.4,56872.0,56820.0,56820.0,1.0,1,False,False,False,False,False,False,False,True,52.0,65.9156507656132,56828.350191565536,False,True,-8.350191565536079
2025-06-10 13:45:00+05:30,56826.4,56846.0,56802.0,56819.8,0.0,1,False,False,False,False,False,False,False,True,44.0,63.724085689051876,56826.49718083203,False,True,-6.697180832030426
2025-06-10 14:00:00+05:30,56817.4,56850.0,56812.4,56825.0,-3.0,-1,False,False,False,False,False,False,False,True,37.599999999998545,61.111677120146545,56825.55513152862,False,True,-0.555131528621132
2025-06-10 14:15:00+05:30,56825.0,56827.0,56783.8,56791.4,-3.0,-1,False,False,False,False,False,False,False,True,43.19999999999709,59.3205094081316,56821.90257879267,False,True,-30.502578792671557
2025-06-10 14:30:00+05:30,56794.0,56824.8,56790.0,56810.0,-1.0,-1,False,False,False,False,False,False,False,True,34.80000000000291,56.868458467318725,56820.206321825135,False,True,-10.206321825135092
2025-06-10 14:45:00+05:30,56801.0,56815.0,56772.0,56794.0,-2.0,-1,False,False,False,False,False,False,False,True,43.0,55.48161262058685,56817.289701050635,False,True,-23.289701050634903
2025-06-10 15:00:00+05:30,56781.0,56813.0,56742.0,56780.2,-3.0,-1,False,False,False,False,False,True,False,True,71.0,57.03345135852817,56813.32382109581,False,True,-33.123821095810854
2025-06-10 15:15:00+05:30,56781.4,56800.2,56721.0,56735.0,-3.0,-1,False,True,False,False,True,True,True,True,79.19999999999709,59.25010622267506,56805.46414643938,False,True,-70.46414643937896
2025-06-10 15:30:00+05:30,56735.0,56735.0,56735.0,56735.0,1.0,1,False,False,False,False,False,False,False,True,0.0,53.32509560040755,56797.85844546311,False,True,-62.85844546311273
2025-06-11 09:15:00+05:30,56755.0,56820.6,56660.0,56694.8,0.0,1,False,False,False,False,True,True,True,True,160.59999999999854,64.05258604036665,56786.94288273931,False,True,-92.14288273931015
2025-06-11 09:30:00+05:30,56694.0,56729.8,56670.0,56682.0,-1.0,-1,False,False,False,False,False,False,True,True,59.80000000000291,63.627327436330276,56775.30406993095,False,True,-93.30406993094948
2025-06-11 09:45:00+05:30,56682.0,56758.0,56607.0,56751.8,-1.0,-1,False,False,False,True,False,True,False,True,151.0,72.36459469269724,56770.55715076235,False,True,-18.757150762350648
2025-06-11 10:00:00+05:30,56752.0,56784.8,56717.0,56751.8,1.0,1,False,False,False,False,False,False,False,True,67.80000000000291,71.9081352234278,56766.43878664391,False,True,-14.638786643903586
2025-06-11 10:15:00+05:30,56761.6,56794.0,56719.2,56724.0,0.0,1,False,False,False,False,False,True,False,True,74.80000000000291,72.19732170108531,56760.42154922971,False,True,-36.421549229708035
2025-06-11 10:30:00+05:30,56724.0,56860.0,56720.2,56849.0,-1.0,-1,False,False,False,False,True,True,True,True,139.8000000000029,78.95758953097707,56766.35157186379,True,False,82.64842813621362
2025-06-11 10:45:00+05:30,56850.8,56895.0,56825.0,56855.2,-1.0,-1,False,False,False,False,False,False,True,True,70.0,78.06183057787936,56773.36307612745,True,False,81.83692387254996
2025-06-11 11:00:00+05:30,56856.0,56888.0,56840.2,56866.6,1.0,1,False,False,False,False,False,False,True,True,47.80000000000291,75.03564752009171,56781.730028711405,True,False,84.86997128859366
2025-06-11 11:15:00+05:30,56883.6,56920.0,56848.0,56848.2,1.0,1,False,False,False,False,False,False,False,True,72.0,74.73208276808255,56788.542324205664,True,False,59.657675794333045
2025-06-11 11:30:00+05:30,56852.0,56902.4,56848.2,56865.2,1.0,1,False,False,False,False,False,False,False,True,54.200000000004366,72.67887449127474,56796.81986216391,True,False,68.38013783608767
2025-06-11 11:45:00+05:30,56872.8,56925.0,56865.4,56895.4,-1.0,-1,False,False,False,False,False,False,True,True,59.80000000000291,71.39098704214756,56807.59355964533,True,False,87.80644035467412
2025-06-11 12:00:00+05:30,56909.0,56918.0,56873.0,56888.4,1.0,1,False,False,False,False,False,False,False,True,45.0,68.7518883379328,56817.32071548824,True,False,71.07928451176122
2025-06-11 12:15:00+05:30,56900.2,56938.0,56875.2,56890.0,1.0,1,False,False,False,False,False,False,False,True,62.80000000000291,68.15669950413981,56826.6293759847,True,False,63.370624015296926
2025-06-11 12:30:00+05:30,56890.0,56898.0,56831.4,56855.6,1.0,1,False,False,False,False,False,False,False,True,66.59999999999854,68.00102955372569,56832.145092745675,True,False,23.45490725432319
2025-06-11 12:45:00+05:30,56856.0,56887.0,56853.0,56873.0,-1.0,-1,False,False,False,False,False,False,False,True,34.0,64.60092659835311,56838.514652087,True,False,34.48534791300335
2025-06-11 13:00:00+05:30,56870.0,56882.8,56829.6,56830.0,1.0,1,False,False,False,False,False,False,False,True,53.200000000004366,63.460833938518235,56840.2577245162,True,False,-10.25772451620287
2025-06-11 13:15:00+05:30,56830.0,56830.0,56734.0,56743.0,1.0,1,False,False,False,False,True,True,True,True,96.0,66.71475054466642,56833.42699055456,False,True,-90.42699055455887
2025-06-11 13:30:00+05:30,56739.0,56750.0,56673.4,56690.6,1.0,1,False,False,False,False,True,True,True,True,76.59999999999854,67.70327549019963,56821.31371030395,False,True,-130.71371030394948
2025-06-11 13:45:00+05:30,56700.0,56700.0,56614.0,56679.8,-1.0,-1,False,True,False,False,True,True,True,True,86.0,69.53294794117967,56807.95013391854,False,True,-128.15013391853427
2025-06-11 14:00:00+05:30,56669.8,56670.0,56570.4,56597.2,-1.0,-1,False,False,False,False,True,True,True,True,109.40000000000146,73.51965314706186,56787.12293868078,False,True,-189.9229386807856
2025-06-11 14:15:00+05:30,56596.8,56660.0,56582.0,56616.4,1.0,1,False,False,False,False,True,True,True,True,78.0,73.96768783235567,56768.399998149325,False,True,-151.9999981493238
2025-06-11 14:30:00+05:30,56620.0,56665.0,56617.8,56625.0,1.0,1,False,False,False,False,False,False,False,True,48.599999999998545,71.43091904911995,56751.162082656265,False,True,-126.16208265626483
2025-06-11 14:45:00+05:30,56625.0,56713.8,56622.6,56679.0,-1.0,-1,False,False,False,True,False,True,False,True,91.20000000000437,73.40782714420838,56739.793216020225,False,True,-60.79321602022537
2025-06-11 15:00:00+05:30,56675.0,56690.0,56645.2,56662.0,-3.0,-1,False,False,False,False,False,False,False,True,44.80000000000291,70.54704442978783,56728.01737856657,False,True,-66.01737856656837
2025-06-11 15:15:00+05:30,56661.0,56669.8,56622.0,56625.0,-1.0,-1,False,False,False,False,False,False,False,True,47.80000000000291,68.27233998680933,56714.09427620257,False,True,-89.09427620257338
2025-06-12 09:15:00+05:30,56635.0,56696.0,56541.2,56664.8,-1.0,-1,False,False,False,False,False,True,False,True,154.8000000000029,76.92510598812869,56705.04174862634,False,True,-40.24174862633663
2025-06-12 09:30:00+05:30,56669.6,56742.6,56582.2,56582.2,-3.0,-1,False,False,False,False,False,True,False,True,160.40000000000146,85.27259538931597,56689.764770408205,False,True,-107.56477040820755
2025-06-12 09:45:00+05:30,56585.0,56646.4,56560.0,56603.4,-5.0,-1,False,False,False,False,False,True,False,True,86.40000000000146,85.38533585038451,56677.666675326815,False,True,-74.26667532681313
2025-06-12 10:00:00+05:30,56612.0,56614.0,56557.2,56580.0,-3.0,-1,False,False,False,False,False,False,False,True,56.80000000000291,82.52680226534635,56664.70616721575,False,True,-84.70616721575061
2025-06-12 10:15:00+05:30,56575.0,56582.0,56507.0,56572.0,-3.0,-1,False,False,False,False,False,False,False,True,75.0,81.77412203881171,56652.25669534906,False,True,-80.25669534906046
2025-06-12 10:30:00+05:30,56570.0,56595.0,56466.0,56490.0,-3.0,-1,False,True,False,False,True,True,True,True,129.0,86.49670983493054,56633.58670503052,False,True,-143.5867050305169
2025-06-12 10:45:00+05:30,56489.6,56518.0,56470.0,56492.0,-5.0,-1,False,False,False,False,False,False,True,True,48.0,82.64703885143749,56616.33601039705,False,True,-124.33601039704808
2025-06-12 11:00:00+05:30,56494.8,56514.8,56450.0,56470.2,-3.0,-1,False,False,False,False,False,False,True,True,64.80000000000291,80.86233496629403,56598.409173113556,False,True,-128.2091731135588
2025-06-12 11:15:00+05:30,56470.2,56554.8,56466.0,56523.8,-3.0,-1,False,False,False,False,False,True,False,True,88.80000000000291,81.65610146966492,56586.69837084639,False,True,-62.89837084638566
2025-06-12 11:30:00+05:30,56512.0,56512.0,56452.6,56481.8,-3.0,-1,False,False,False,True,False,False,False,True,71.20000000000437,80.61049132269886,56572.54547108683,False,True,-90.745471086826
2025-06-12 11:45:00+05:30,56475.0,56484.8,56430.4,56431.8,-3.0,-1,False,False,False,False,False,False,True,True,54.400000000001455,77.98944219042912,56555.202407906276,False,True,-123.40240790627286
2025-06-12 12:00:00+05:30,56430.0,56478.0,56420.0,56458.0,-1.0,-1,False,False,False,False,False,False,False,True,58.0,75.9904979713862,56541.59722770416,False,True,-83.59722770415829
2025-06-12 12:15:00+05:30,56458.0,56519.4,56453.6,56480.0,-1.0,-1,False,False,False,False,False,False,False,True,65.80000000000291,74.97144817424787,56531.36128215101,False,True,-51.36128215101053
2025-06-12 12:30:00+05:30,56479.8,56540.4,56479.6,56506.0,-3.0,-1,False,False,False,False,False,False,False,True,60.80000000000291,73.55430335682337,56524.81143734004,False,True,-18.811437340038538
2025-06-12 12:45:00+05:30,56505.0,56527.2,56444.0,56464.2,-3.0,-1,False,False,False,False,False,True,False,True,83.19999999999709,74.51887302114073,56515.69971660409,False,True,-51.4997166040921
2025-06-12 13:00:00+05:30,56467.8,56479.8,56445.0,56470.0,-3.0,-1,False,False,False,False,False,False,False,True,34.80000000000291,70.54698571902695,56508.23708450778,False,True,-38.23708450778213
2025-06-12 13:15:00+05:30,56472.0,56481.8,56375.0,56400.0,-3.0,-1,False,True,False,False,True,True,True,True,106.80000000000291,74.17228714712454,56495.46174364189,False,True,-95.4617436418921
2025-06-12 13:30:00+05:30,56392.0,56410.0,56292.4,56310.8,-5.0,-1,False,False,False,False,True,True,True,True,117.59999999999854,78.51505843241193,56475.58343830223,False,True,-164.7834383022273
2025-06-12 13:45:00+05:30,56306.2,56340.0,56265.0,56293.6,-1.0,-1,False,False,False,False,False,False,True,True,75.0,78.16355258917073,56455.188978514714,False,True,-161.58897851471556
2025-06-12 14:00:00+05:30,56290.0,56293.8,56200.0,56254.8,-1.0,-1,False,False,False,False,True,True,True,True,93.80000000000291,79.72719733025396,56432.44473734188,False,True,-177.64473734187777
2025-06-12 14:15:00+05:30,56254.8,56350.0,56240.0,56329.8,-1.0,-1,False,False,False,True,False,True,False,True,110.0,82.75447759722856,56417.81565283656,False,True,-88.01565283655509
2025-06-12 14:30:00+05:30,56328.0,56420.0,56327.8,56370.0,-5.0,-1,False,False,False,False,False,True,False,True,92.19999999999709,83.6990298375054,56408.24125258895,False,True,-38.24125258895219
2025-06-12 14:45:00+05:30,56370.0,56411.2,56366.0,56382.0,-1.0,-1,False,False,False,False,False,False,False,True,45.19999999999709,79.84912685375457,56401.14595802342,False,True,-19.14595802342228
2025-06-12 15:00:00+05:30,56384.8,56400.0,56280.0,56299.8,-1.0,-1,False,False,False,False,False,True,False,True,120.0,83.8642141683791,56387.902315237756,False,True,-88.10231523775292
2025-06-12 15:15:00+05:30,56299.8,56300.0,56203.0,56205.4,-1.0,-1,False,True,False,False,True,True,True,True,97.0,85.1777927515412,56367.341833314815,False,True,-161.94183331481327
2025-06-12 15:30:00+05:30,56208.8,56208.8,56208.8,56208.8,-5.0,-1,False,False,False,False,False,False,True,True,3.400000000001455,77.00001347638724,56348.37343223628,False,True,-139.57343223627686
2025-06-13 09:15:00+05:30,55555.6,55740.0,55350.6,55685.0,-1.0,-1,False,False,False,False,True,True,True,True,858.2000000000044,155.12001212874895,56283.28123144131,False,True,-598.2812314413095
2025-06-13 09:30:00+05:30,55667.4,55667.6,55505.0,55563.0,-1.0,-1,False,False,False,False,True,True,True,True,180.0,157.60801091587405,56208.922228992036,False,True,-645.9222289920363
2025-06-13 09:45:00+05:30,55564.6,55616.4,55511.2,55579.8,1.0,1,False,False,False,True,False,False,True,True,105.20000000000437,152.36720982428707,56138.71714242358,False,True,-558.9171424235756
2025-06-13 10:00:00+05:30,55579.8,55608.0,55522.0,55581.6,-3.0,-1,False,False,False,False,False,False,True,True,86.0,145.73048884185837,56072.12824890646,False,True,-490.528248906463
2025-06-13 10:15:00+05:30,55589.4,55659.4,55541.0,55654.8,-3.0,-1,False,False,False,False,False,False,False,True,118.40000000000146,142.9974399576727,56016.311918658175,False,True,-361.51191865817236
2025-06-13 10:30:00+05:30,55650.0,55730.0,55634.2,55698.4,-3.0,-1,False,False,False,False,False,False,False,True,95.80000000000291,138.27769596190572,55969.060168898315,False,True,-270.6601688983137
2025-06-13 10:45:00+05:30,55699.4,55719.0,55658.2,55671.0,-1.0,-1,False,False,False,False,False,False,False,True,60.80000000000291,130.52992636571543,55924.16263768859,False,True,-253.16263768859062
2025-06-13 11:00:00+05:30,55675.2,55704.6,55552.0,55552.2,-3.0,-1,False,True,False,False,True,True,True,True,152.59999999999854,132.73693372914374,55873.38592493286,False,True,-321.1859249328627
2025-06-13 11:15:00+05:30,55552.2,55617.0,55547.0,55603.6,-1.0,-1,False,False,False,False,False,False,False,True,70.0,126.46324035622938,55832.17215437567,False,True,-228.57215437567356
2025-06-13 11:30:00+05:30,55600.6,55700.0,55590.4,55667.0,-1.0,-1,False,False,False,False,False,False,False,True,109.59999999999854,124.7769163206063,55801.53909998264,False,True,-134.53909998264135
2025-06-13 11:45:00+05:30,55666.2,55673.6,55586.8,55624.0,-1.0,-1,False,False,False,False,False,False,False,True,86.79999999999563,120.97922468854524,55771.58106513711,False,True,-147.58106513710663
2025-06-13 12:00:00+05:30,55629.0,55662.0,55610.0,55626.0,-3.0,-1,False,False,False,True,False,False,False,True,52.0,114.08130221969073,55746.02527881417,False,True,-120.02527881417336
2025-06-13 12:15:00+05:30,55631.6,55699.0,55622.8,55634.8,-1.0,-1,False,False,False,False,False,False,False,True,76.19999999999709,110.29317199772136,55725.11279935731,False,True,-90.31279935730709
2025-06-13 12:30:00+05:30,55630.0,55643.8,55586.8,55610.0,-1.0,-1,False,False,False,False,False,False,False,True,57.0,104.96385479794921,55705.38702975484,False,True,-95.38702975484193
2025-06-13 12:45:00+05:30,55610.8,55619.6,55580.2,55600.4,-1.0,-1,False,False,False,False,False,False,False,True,39.400000000001455,98.40746931815444,55687.82152962593,False,True,-87.42152962592809
2025-06-13 13:00:00+05:30,55600.0,55628.0,55581.2,55628.0,-1.0,-1,False,False,False,False,False,False,False,True,46.80000000000291,93.24672238633929,55675.419501388154,False,True,-47.41950138815446
2025-06-13 13:15:00+05:30,55628.0,55672.0,55610.2,55637.2,1.0,1,False,False,False,False,False,False,False,True,61.80000000000291,90.10205014770565,55666.151718679146,False,True,-28.951718679149053
2025-06-13 13:30:00+05:30,55637.2,55750.0,55637.0,55742.0,1.0,1,True,False,False,False,True,True,True,True,113.0,92.39184513293509,55668.32796459332,True,False,73.67203540667833
2025-06-13 13:45:00+05:30,55741.4,55800.0,55653.0,55682.0,-1.0,-1,False,False,False,False,False,True,False,True,147.0,97.85266061964157,55666.601853011205,False,True,15.398146988794906
2025-06-13 14:00:00+05:30,55675.0,55710.0,55650.0,55685.2,-1.0,-1,False,False,False,False,False,False,False,True,60.0,94.06739455767742,55666.30870353838,False,True,18.891296461617458
2025-06-13 14:15:00+05:30,55685.2,55696.4,55651.2,55682.6,1.0,1,False,False,False,False,False,False,False,True,45.200000000004366,89.1806551019101,55666.61466196877,True,False,15.985338031227002
2025-06-13 14:30:00+05:30,55684.8,55704.8,55614.8,55620.2,1.0,1,False,False,True,False,False,True,False,True,90.0,89.26258959171909,55661.83751978273,False,True,-41.63751978273649
2025-06-13 14:45:00+05:30,55625.8,55659.4,55500.0,55525.0,-3.0,-1,False,True,False,False,True,True,True,True,159.40000000000146,96.27633063254733,55648.836193226925,False,True,-123.83619322692539
2025-06-13 15:00:00+05:30,55534.0,55631.8,55520.2,55623.0,-1.0,-1,False,False,False,False,False,True,False,True,111.60000000000582,97.80869756929317,55645.113857441596,False,True,-22.113857441596338
2025-06-13 15:15:00+05:30,55623.0,55655.8,55590.4,55655.8,1.0,1,False,False,False,False,False,False,False,True,65.40000000000146,94.567827812364,55644.77314814139,False,True,11.026851858616283
2025-06-16 09:15:00+05:30,55550.0,55760.0,55550.0,55595.6,1.0,1,False,False,False,False,False,True,False,True,210.0,106.1110450311276,55639.32200214155,False,True,-43.72200214154873
2025-06-16 09:30:00+05:30,55595.0,55640.0,55550.6,55582.0,-1.0,-1,False,False,False,True,False,False,False,True,89.40000000000146,104.439940528015,55632.957012065795,False,True,-50.957012065795425
2025-06-16 09:45:00+05:30,55600.0,55600.0,55505.0,55570.0,1.0,1,False,False,False,False,False,False,False,True,95.0,103.49594647521349,55625.853198489836,False,True,-55.85319848983636
2025-06-16 10:00:00+05:30,55575.0,55638.0,55561.6,55600.2,1.0,1,False,False,False,False,False,False,False,True,76.40000000000146,100.78635182769229,55621.88445396332,False,True,-21.684453963323904
2025-06-16 10:15:00+05:30,55600.0,55750.0,55600.0,55749.8,1.0,1,True,False,False,False,True,True,True,True,150.0,105.70771664492307,55631.9052107414,True,False,117.89478925860021
2025-06-16 10:30:00+05:30,55745.6,55825.0,55732.2,55800.0,1.0,1,False,False,False,False,False,False,True,True,92.80000000000291,104.41694498043105,55646.79538775777,True,False,153.20461224223254
2025-06-16 10:45:00+05:30,55805.0,55845.0,55750.0,55788.2,3.0,1,False,False,False,False,False,False,True,True,95.0,103.47525048238795,55660.68042530827,True,False,127.51957469173067
2025-06-16 11:00:00+05:30,55795.2,55950.0,55790.0,55895.6,1.0,1,False,False,False,False,True,True,True,True,161.8000000000029,109.30772543414946,55684.09631775511,True,False,211.5036822448892
2025-06-16 11:15:00+05:30,55899.0,55930.0,55811.0,55830.0,1.0,1,False,False,True,False,False,True,False,True,119.0,110.27695289073452,55701.04079939161,True,False,128.95920060839126
2025-06-16 11:30:00+05:30,55834.2,55924.0,55830.0,55924.0,1.0,1,False,False,False,False,False,False,True,True,94.0,108.64925760166106,55725.67572672133,True,False,198.32427327866753
2025-06-16 11:45:00+05:30,55920.0,55995.6,55875.0,55888.0,3.0,1,False,False,False,False,False,True,False,True,120.59999999999854,109.84433184149479,55745.93583585593,True,False,142.06416414406704
2025-06-16 12:00:00+05:30,55884.8,55960.2,55865.2,55954.0,1.0,1,False,False,False,False,False,False,True,True,95.0,108.35989865734533,55770.809767287654,True,False,183.1902327123462
2025-06-16 12:15:00+05:30,55959.8,55966.8,55875.6,55882.6,1.0,1,False,False,False,False,False,False,False,True,91.20000000000437,106.64390879161124,55787.62550519549,True,False,94.97449480451178
2025-06-16 12:30:00+05:30,55886.4,56040.0,55886.4,55988.4,3.0,1,True,False,False,False,True,True,True,True,157.40000000000146,111.71951791245026,55812.30816809485,True,False,176.09183190514887
2025-06-16 12:45:00+05:30,55987.0,56019.0,55940.2,55951.0,5.0,1,False,False,False,False,False,False,False,True,78.80000000000291,108.42756612120552,55831.775676875586,True,False,119.22432312441379
2025-06-16 13:00:00+05:30,55958.0,56033.0,55953.0,56000.0,3.0,1,False,False,False,False,False,False,True,True,82.0,105.78480950908497,55853.77763238509,True,False,146.22236761490785
2025-06-16 13:15:00+05:30,56000.0,56025.0,55967.6,56006.0,3.0,1,False,False,False,False,False,False,True,True,57.400000000001455,100.94632855817662,55874.3806290567,True,False,131.61937094329915
2025-06-16 13:30:00+05:30,55995.0,56050.0,55987.0,56001.2,3.0,1,False,False,True,False,False,False,False,True,63.0,97.15169570235896,55892.583020214406,True,False,108.61697978559096
2025-06-16 13:45:00+05:30,56001.2,56023.0,55929.0,55974.4,3.0,1,False,False,False,False,False,False,False,True,94.0,96.83652613212307,55906.411942675375,True,False,67.98805732462642
2025-06-16 14:00:00+05:30,55985.0,56062.8,55983.2,56044.8,5.0,1,False,False,False,False,False,False,True,True,88.40000000000146,95.9928735189109,55924.762804417376,True,False,120.03719558262674
2025-06-16 14:15:00+05:30,56050.0,56065.4,55980.0,55980.6,5.0,1,False,False,False,False,False,False,False,True,85.40000000000146,94.93358616701995,55935.51339164102,True,False,45.08660835897899
2025-06-16 14:30:00+05:30,55992.0,56011.2,55975.0,55990.2,3.0,1,False,False,False,False,False,False,False,True,36.19999999999709,89.06022755031766,55945.455564243086,True,False,44.744435756911116
2025-06-16 14:45:00+05:30,56005.0,56048.0,55971.0,56048.0,3.0,1,False,False,False,False,False,False,False,True,77.0,87.8542047952859,55959.1155595352,True,False,88.88444046479708
2025-06-16 15:00:00+05:30,56045.2,56110.0,56033.2,56108.8,3.0,1,False,False,False,False,False,False,True,True,76.80000000000291,86.7487843157576,55976.88305016933,True,False,131.91694983067282
2025-06-16 15:15:00+05:30,56096.8,56165.0,56090.0,56165.0,3.0,1,False,False,False,False,False,False,True,True,75.0,85.57390588418184,55998.379596018865,True,False,166.6204039811346
2025-06-16 15:30:00+05:30,56164.8,56164.8,56164.8,56164.8,1.0,1,False,False,False,False,False,False,True,True,0.19999999999708962,77.03651529576337,56018.45283886833,True,False,146.34716113167087
2025-06-17 09:15:00+05:30,56110.0,56599.6,55968.0,56000.4,1.0,1,False,False,False,False,False,True,False,True,631.5999999999985,132.49286376618687,56022.14735013161,True,False,-21.747350131605344
2025-06-17 09:30:00+05:30,56000.0,56099.0,55971.0,55997.0,1.0,1,False,False,False,False,False,False,False,True,128.0,132.04357738956818,56024.126277328214,True,False,-27.1262773282142
2025-06-17 09:45:00+05:30,56000.0,56015.4,55906.0,55975.0,3.0,1,False,False,False,False,False,False,False,True,109.40000000000146,129.7792196506115,56022.90375811821,False,True,-47.90375811821286
2025-06-17 10:00:00+05:30,55968.8,55980.0,55880.2,55959.4,-1.0,-1,False,False,False,False,False,False,False,True,99.80000000000291,126.78129768555065,56019.28698816064,False,True,-59.886988160636974
2025-06-17 10:15:00+05:30,55950.0,56025.0,55950.0,55990.0,-1.0,-1,False,False,False,False,False,False,False,True,75.0,121.60316791699559,56017.71698277092,False,True,-27.716982770922186
2025-06-17 10:30:00+05:30,55993.8,56060.8,55987.8,56012.0,-1.0,-1,False,False,False,False,False,False,False,True,73.0,116.74285112529603,56017.64354487489,False,True,-5.643544874888903
2025-06-17 10:45:00+05:30,56012.2,56018.2,55935.0,55946.0,1.0,1,False,False,False,False,False,False,False,True,83.19999999999709,113.38856601276613,56011.25952932228,False,True,-65.25952932227665
2025-06-17 11:00:00+05:30,55946.0,55946.0,55895.0,55931.4,-3.0,-1,False,False,False,False,False,False,False,True,51.0,107.14970941148951,56003.402426343964,False,True,-72.00242634396272
2025-06-17 11:15:00+05:30,55930.4,55945.0,55868.4,55945.0,-3.0,-1,False,False,False,False,False,False,False,True,76.59999999999854,104.09473847034042,55996.83358107036,False,True,-51.83358107035747
2025-06-17 11:30:00+05:30,55940.0,55940.0,55890.0,55905.0,-3.0,-1,False,False,False,False,False,False,True,True,55.0,99.18526462330638,55986.86438725846,False,True,-81.86438725845801
2025-06-17 11:45:00+05:30,55905.0,55926.0,55851.0,55869.8,-1.0,-1,False,False,False,False,False,False,True,True,75.0,96.76673816097573,55974.08376194551,False,True,-104.28376194550947
2025-06-17 12:00:00+05:30,55869.6,55880.0,55821.0,55821.8,-3.0,-1,False,False,False,False,False,False,True,True,59.0,92.99006434487816,55957.50099643781,False,True,-135.7009964378085
2025-06-17 12:15:00+05:30,55821.0,55858.6,55803.0,55814.8,-3.0,-1,False,False,False,False,False,False,True,True,55.599999999998545,89.2510579103902,55941.02354705035,False,True,-126.22354705034377
2025-06-17 12:30:00+05:30,55828.0,55849.0,55801.0,55802.2,-5.0,-1,False,False,False,False,False,False,True,True,48.0,85.12595211935118,55924.33135503935,False,True,-122.13135503935337
2025-06-17 12:45:00+05:30,55801.0,55825.6,55750.0,55791.8,-3.0,-1,False,False,False,False,False,False,True,True,75.59999999999854,84.17335690741592,55907.78144020453,False,True,-115.98144020453037
2025-06-17 13:00:00+05:30,55790.0,55804.8,55764.4,55790.0,-3.0,-1,False,False,False,False,False,False,False,True,40.400000000001455,79.79602121667448,55892.281963913956,False,True,-102.28196391395613
2025-06-17 13:15:00+05:30,55798.0,55821.0,55770.0,55791.0,-3.0,-1,False,False,False,False,False,False,False,True,51.0,76.91641909500703,55878.178372614864,False,True,-87.1783726148642
2025-06-17 13:30:00+05:30,55791.0,55819.4,55773.6,55774.8,-3.0,-1,False,False,False,False,False,False,False,True,45.80000000000291,73.80477718550662,55863.959437208505,False,True,-89.15943720850191
2025-06-17 13:45:00+05:30,55768.4,55825.0,55750.0,55810.0,-1.0,-1,False,False,False,False,False,True,False,True,75.0,73.92429946695596,55854.304041162075,False,True,-44.30404116207501
2025-06-17 14:00:00+05:30,55800.0,55838.0,55783.4,55820.2,-1.0,-1,False,False,False,False,False,False,False,True,54.599999999998545,71.99186952026022,55846.91463223494,False,True,-26.714632234943565
2025-06-17 14:15:00+05:30,55835.0,55835.0,55800.0,55829.0,-3.0,-1,False,False,False,False,False,False,False,True,35.0,68.2926825682342,55841.57168083518,False,True,-12.571680835178995
2025-06-17 14:30:00+05:30,55824.8,55861.8,55790.2,55820.0,-3.0,-1,False,False,False,False,False,True,False,True,71.60000000000582,68.62341431141137,55836.534113607784,False,True,-16.534113607784093
2025-06-17 14:45:00+05:30,55820.0,55844.2,55794.8,55830.0,-3.0,-1,False,False,False,False,False,False,False,True,49.39999999999418,66.70107288026965,55833.38553562975,False,True,-3.3855356297499384
2025-06-17 15:00:00+05:30,55817.0,55840.8,55780.0,55793.0,1.0,1,False,False,False,False,False,False,False,True,60.80000000000291,66.11096559224298,55827.72108406121,False,True,-34.721084061209694
2025-06-17 15:15:00+05:30,55808.0,55810.0,55735.0,55761.8,-1.0,-1,False,False,False,False,False,True,False,True,75.0,66.99986903301868,55819.945685521394,False,True,-58.14568552139099
2025-06-17 15:30:00+05:30,55765.0,55765.0,55765.0,55765.0,-1.0,-1,False,False,False,False,False,False,False,True,3.1999999999970896,60.61988212971653,55813.11352232464,False,True,-48.113522324638325
2025-06-18 09:15:00+05:30,55670.0,55880.0,55670.0,55860.8,-1.0,-1,False,False,False,False,False,True,False,True,210.0,75.55789391674487,55815.58393155642,True,False,45.2160684435803
2025-06-18 09:30:00+05:30,55864.8,55983.0,55864.8,55943.6,3.0,1,True,False,False,False,True,True,True,True,122.19999999999709,80.2221045250701,55826.07865131915,True,False,117.52134868084977
2025-06-18 09:45:00+05:30,55948.0,56000.0,55926.2,55938.2,1.0,1,False,False,False,False,False,False,True,True,73.80000000000291,79.57989407256338,55836.383218128816,True,False,101.81678187118086
2025-06-18 10:00:00+05:30,55938.4,56050.6,55938.4,56000.0,-1.0,-1,False,False,False,False,True,True,True,True,112.40000000000146,82.86190466530718,55852.3337141687,True,False,147.66628583129932
2025-06-18 10:15:00+05:30,56009.2,56028.0,55931.4,55956.4,-1.0,-1,False,False,False,False,False,True,False,True,96.59999999999854,84.23571419877632,55864.10167026861,True,False,92.29832973139128
2025-06-18 10:30:00+05:30,55951.0,56014.0,55904.4,55995.0,3.0,1,False,False,True,False,True,True,True,True,109.59999999999854,86.77214277889854,55878.88922936335,True,False,116.11077063665289
2025-06-18 10:45:00+05:30,55994.2,55999.8,55880.2,55915.0,1.0,1,False,False,False,False,False,True,False,True,119.60000000000582,90.05492850100927,55885.73784006872,True,False,29.262159931276983
2025-06-18 11:00:00+05:30,55909.4,55910.4,55840.0,55880.6,-1.0,-1,False,False,False,False,False,False,False,True,75.0,88.54943565090835,55888.65236552536,True,False,-8.052365525363712
2025-06-18 11:15:00+05:30,55869.2,55884.6,55800.4,55822.0,1.0,1,False,False,False,False,False,False,True,True,84.19999999999709,88.11449208581722,55885.43612909182,False,True,-63.43612909181684
2025-06-18 11:30:00+05:30,55819.0,55850.0,55735.0,55840.0,3.0,1,False,False,False,False,False,True,False,True,115.0,90.8030428772355,55883.13660216363,False,True,-43.136602163627686
2025-06-18 11:45:00+05:30,55836.0,55839.4,55780.0,55792.0,1.0,1,False,False,False,False,False,False,True,True,60.0,87.72273858951195,55875.92737799943,False,True,-83.92737799943279
2025-06-18 12:00:00+05:30,55782.0,55923.6,55775.8,55888.6,-1.0,-1,False,False,False,False,False,True,False,True,147.79999999999563,93.73046473056031,55877.11026135783,True,False,11.489738642165321
2025-06-18 12:15:00+05:30,55896.0,55905.0,55854.8,55870.0,-1.0,-1,False,False,False,False,False,False,False,True,50.19999999999709,89.37741825750399,55876.39513209338,False,True,-6.39513209337747
2025-06-18 12:30:00+05:30,55870.0,55907.4,55852.0,55860.0,1.0,1,False,False,False,False,False,False,False,True,55.400000000001455,85.97967643175375,55874.649091554296,False,True,-14.64909155429632
2025-06-18 12:45:00+05:30,55860.0,55880.2,55825.0,55864.4,3.0,1,False,False,False,False,False,False,False,False,55.19999999999709,82.90170878857808,55873.26822448129,False,True,-8.868224481288053
2025-06-18 13:00:00+05:30,55859.2,55894.8,55850.0,55881.0,-1.0,-1,False,False,False,False,False,False,False,False,44.80000000000291,79.09153790972056,55873.43322705713,True,False,7.5667729428678285
2025-06-18 13:15:00+05:30,55889.0,55893.6,55850.0,55864.4,-1.0,-1,False,False,False,False,False,False,False,False,43.599999999998545,75.54238411874834,55872.173254039415,False,True,-7.773254039413587
2025-06-18 13:30:00+05:30,55868.6,55940.8,55868.6,55890.4,-1.0,-1,False,False,False,False,False,True,False,False,76.40000000000146,75.62814570687365,55873.371852715245,True,False,17.028147284756415
2025-06-18 13:45:00+05:30,55895.0,55896.8,55805.0,55818.0,1.0,1,False,False,False,False,False,True,False,False,91.80000000000291,77.24533113618658,55868.106852586025,False,True,-50.106852586024615
2025-06-18 14:00:00+05:30,55820.4,55840.0,55800.0,55825.0,-1.0,-1,False,False,False,False,False,False,False,False,40.0,73.52079802256792,55863.59889233482,False,True,-38.59889233481954
2025-06-18 14:15:00+05:30,55817.0,55817.4,55759.8,55798.0,-1.0,-1,False,False,False,False,False,False,False,False,65.19999999999709,72.68871822031083,55856.8246892462,False,True,-58.82468924619752
2025-06-18 14:30:00+05:30,55800.0,55879.0,55792.6,55864.6,-1.0,-1,False,False,False,False,False,True,False,False,86.40000000000146,74.0598463982799,55856.33566837982,False,True,8.264331620179291
2025-06-18 14:45:00+05:30,55864.6,55921.6,55838.4,55893.8,1.0,1,False,False,False,False,False,True,False,False,83.19999999999709,74.97386175845162,55858.767863061476,True,False,35.0321369385274
2025-06-18 15:00:00+05:30,55906.2,55922.4,55877.2,55878.6,1.0,1,False,False,False,False,False,False,False,False,45.200000000004366,71.9964755826069,55860.04532249702,True,False,18.554677502979757
2025-06-18 15:15:00+05:30,55889.8,55915.2,55876.8,55878.0,1.0,1,False,False,False,False,False,False,False,False,38.39999999999418,68.63682802434563,55861.425820888566,True,False,16.574179111434205
2025-06-19 09:15:00+05:30,55884.4,55968.4,55786.0,55949.0,1.0,1,True,False,False,False,True,True,True,False,182.40000000000146,80.01314522191122,55869.344943473116,True,False,79.65505652688444
2025-06-19 09:30:00+05:30,55945.0,55998.0,55917.4,55975.0,1.0,1,False,False,False,False,True,True,True,False,80.59999999999854,80.07183069971995,55879.61879540216,True,False,95.38120459784113
2025-06-19 09:45:00+05:30,55980.0,56025.0,55874.2,55939.2,1.0,1,False,False,False,False,False,True,False,False,150.8000000000029,87.14464762974825,55886.47938842989,True,False,52.720611570104666
2025-06-19 10:00:00+05:30,55935.0,55935.0,55863.4,55898.2,-1.0,-1,False,False,False,False,False,False,False,False,75.79999999999563,86.010182866773,55889.313032925376,True,False,8.88696707462077
2025-06-19 10:15:00+05:30,55900.0,55909.8,55860.0,55874.8,-1.0,-1,False,False,True,False,False,False,False,False,49.80000000000291,82.38916458009598,55889.6490516702,True,False,-14.849051670200424
2025-06-19 10:30:00+05:30,55860.0,55869.8,55800.0,55820.0,-1.0,-1,False,False,False,False,False,False,True,False,74.80000000000291,81.63024812208667,55884.642266663155,False,True,-64.64226666315517
2025-06-19 10:45:00+05:30,55819.8,55855.0,55805.0,55818.4,-1.0,-1,False,False,False,False,False,False,False,False,50.0,78.467223309878,55879.19292200338,False,True,-60.79292200337659
2025-06-19 11:00:00+05:30,55830.2,55833.4,55762.2,55777.8,-1.0,-1,False,False,False,False,False,False,True,False,71.20000000000437,77.74050097889064,55869.89393661284,False,True,-92.09393661283684
2025-06-19 11:15:00+05:30,55778.0,55778.0,55711.0,55736.2,-1.0,-1,False,False,False,False,False,False,True,False,67.0,76.66645088100157,55856.81613874269,False,True,-120.61613874269096
2025-06-19 11:30:00+05:30,55735.6,55785.0,55715.8,55727.2,-3.0,-1,False,False,False,False,False,False,True,False,69.19999999999709,75.91980579290112,55843.12693605868,False,True,-115.92693605868408
2025-06-19 11:45:00+05:30,55729.8,55775.0,55727.2,55751.2,-1.0,-1,False,False,False,False,False,False,False,True,47.80000000000291,73.10782521361129,55832.04592677476,False,True,-80.8459267747603
2025-06-19 12:00:00+05:30,55762.8,55769.0,55714.0,55755.0,-1.0,-1,False,False,False,False,False,False,False,True,55.0,71.29704269225016,55821.927717383674,False,True,-66.92771738367446
2025-06-19 12:15:00+05:30,55751.4,55753.0,55718.8,55730.2,-1.0,-1,False,False,False,False,False,False,False,True,36.19999999999709,67.78733842302486,55810.307668230926,False,True,-80.10766823092854
2025-06-19 12:30:00+05:30,55730.0,55735.0,55654.0,55671.2,-3.0,-1,False,True,False,False,True,True,True,True,81.0,69.10860458072237,55794.18766587263,False,True,-122.98766587263526
2025-06-19 12:45:00+05:30,55670.2,55714.0,55636.2,55695.0,-1.0,-1,False,False,False,False,False,True,False,True,77.80000000000291,69.97774412265042,55781.19634380993,False,True,-86.19634380992647
2025-06-19 13:00:00+05:30,55688.6,55773.4,55670.0,55725.4,-1.0,-1,False,False,False,False,False,True,False,True,103.40000000000146,73.31996971038552,55772.03746083526,False,True,-46.637460835256206
2025-06-19 13:15:00+05:30,55743.2,55744.6,55685.0,55691.0,-1.0,-1,False,False,False,False,False,False,False,True,59.599999999998545,71.94797273934682,55760.86281569245,False,True,-69.8628156924533
2025-06-19 13:30:00+05:30,55691.0,55728.0,55671.2,55685.4,-3.0,-1,False,False,False,True,False,False,False,True,56.80000000000291,70.43317546541243,55750.27817967088,False,True,-64.87817967087904
2025-06-19 13:45:00+05:30,55685.4,55745.0,55680.2,55745.0,-1.0,-1,False,False,False,False,False,False,False,True,64.80000000000291,69.86985791887147,55746.18823901442,False,True,-1.1882390144164674
2025-06-19 14:00:00+05:30,55756.0,55783.8,55713.0,55759.0,-3.0,-1,False,False,False,False,False,True,False,True,70.80000000000291,69.96287212698462,55744.388891069415,False,True,14.611108930585033
2025-06-19 14:15:00+05:30,55755.0,55780.0,55701.6,55730.0,-3.0,-1,False,False,False,False,False,True,False,True,78.40000000000146,70.8065849142863,55740.84230631298,False,True,-10.842306312981236
2025-06-19 14:30:00+05:30,55734.6,55772.0,55700.0,55722.6,-3.0,-1,False,False,False,False,False,True,False,True,72.0,70.92592642285767,55737.3703689083,False,True,-14.770368908299133
2025-06-19 14:45:00+05:30,55725.8,55755.0,55721.0,55739.2,-1.0,-1,False,False,False,False,False,False,False,True,34.0,67.2333337805719,55736.03824595934,False,True,3.161754040658707
2025-06-19 15:00:00+05:30,55741.0,55741.0,55660.0,55669.2,-1.0,-1,False,False,False,False,False,True,False,True,81.0,68.61000040251471,55728.88203173587,False,True,-59.68203173587244
2025-06-19 15:15:00+05:30,55665.6,55694.4,55612.8,55614.0,-1.0,-1,False,True,False,False,True,True,True,True,81.59999999999854,69.9090003622631,55717.17862607796,False,True,-103.17862607796269
2025-06-19 15:30:00+05:30,55615.0,55615.0,55615.0,55615.0,-1.0,-1,False,False,False,False,False,False,True,True,1.0,63.01810032603679,55706.05691577276,False,True,-91.05691577275866
2025-06-20 09:15:00+05:30,55680.0,55875.0,55651.2,55778.4,1.0,1,True,False,False,True,True,True,True,True,260.0,82.7162902934331,55710.317839017356,True,False,68.08216098264529
2025-06-20 09:30:00+05:30,55783.0,55835.0,55731.0,55833.0,1.0,1,False,False,False,False,True,True,True,True,104.0,84.8446612640898,55720.05461637697,True,False,112.94538362303138
2025-06-20 09:45:00+05:30,55830.0,55860.0,55795.0,55858.2,1.0,1,False,False,False,False,False,False,True,True,65.0,82.86019513768082,55732.402349617005,True,False,125.79765038299229
2025-06-20 10:00:00+05:30,55851.4,55871.2,55808.0,55866.0,1.0,1,False,False,False,False,False,False,True,True,63.19999999999709,80.89417562391245,55745.53246294302,True,False,120.46753705698211
2025-06-20 10:15:00+05:30,55866.6,56114.8,55866.6,56080.0,3.0,1,False,False,True,False,True,True,True,True,248.8000000000029,97.68475806152149,55777.882025836436,True,False,302.1179741635642
2025-06-20 10:30:00+05:30,56075.6,56221.8,56075.6,56169.6,3.0,1,False,False,False,False,True,True,True,True,146.20000000000437,102.53628225536977,55817.783455279234,True,False,351.8165447207648
2025-06-20 10:45:00+05:30,56173.0,56205.8,56100.0,56115.0,3.0,1,False,False,False,False,True,True,True,True,105.80000000000291,102.86265402983308,55851.603518439624,True,False,263.39648156037583
2025-06-20 11:00:00+05:30,56117.8,56249.0,56117.8,56242.6,3.0,1,True,False,False,False,True,True,True,True,134.0,105.97638862684975,55895.346547506546,True,False,347.25345249345264
2025-06-20 11:15:00+05:30,56248.2,56271.2,56207.2,56227.2,3.0,1,False,False,False,False,False,False,True,True,64.0,101.77874976416477,55935.568349659756,True,False,291.6316503402413
2025-06-20 11:30:00+05:30,56228.0,56309.0,56221.0,56251.0,1.0,1,False,False,False,False,False,False,True,True,88.0,100.4008747877483,55975.3690130365,True,False,275.6309869635006
2025-06-20 11:45:00+05:30,56245.2,56275.0,56203.4,56210.0,1.0,1,False,False,False,False,False,False,False,True,71.59999999999854,97.52078730897333,56008.52856125106,True,False,201.47143874893663
2025-06-20 12:00:00+05:30,56209.4,56280.0,56180.6,56280.0,3.0,1,False,False,True,False,True,True,True,True,99.40000000000146,97.70870857807614,56044.89768282691,True,False,235.10231717309216
2025-06-20 12:15:00+05:30,56279.8,56279.8,56160.0,56160.0,1.0,1,False,False,False,False,False,True,False,True,120.0,99.93783772026852,56067.13013902548,True,False,92.86986097451882
2025-06-20 12:30:00+05:30,56163.0,56220.2,56130.0,56203.2,3.0,1,False,False,False,False,False,False,False,True,90.19999999999709,98.96405394824137,56090.04380114752,True,False,113.15619885247725
2025-06-20 12:45:00+05:30,56210.0,56258.4,56210.0,56231.2,3.0,1,False,False,False,False,False,False,False,True,55.200000000004366,94.58764855341767,56112.424215504245,True,False,118.7757844957523
2025-06-20 13:00:00+05:30,56232.4,56265.0,56204.0,56250.0,5.0,1,False,False,False,False,False,False,False,True,61.0,91.2288836980759,56133.61771597522,True,False,116.38228402478126
2025-06-20 13:15:00+05:30,56250.2,56325.2,56241.8,56298.8,1.0,1,False,False,False,False,False,False,True,True,83.39999999999418,90.44599532826774,56156.539217435624,True,False,142.26078256437904
2025-06-20 13:30:00+05:30,56282.6,56310.8,56250.2,56278.8,1.0,1,False,False,False,False,False,False,False,True,60.60000000000582,87.46139579544155,56175.12856170511,True,False,103.67143829489214
2025-06-20 13:45:00+05:30,56270.2,56300.0,56250.6,56256.4,1.0,1,False,False,False,False,False,False,False,True,49.400000000001455,83.65525621589754,56189.34399854869,True,False,67.0560014513103
2025-06-20 14:00:00+05:30,56259.4,56272.4,56230.0,56246.4,3.0,1,False,False,False,False,False,False,False,True,42.400000000001455,79.52973059430794,56200.52511665818,True,False,45.87488334182126
2025-06-20 14:15:00+05:30,56253.0,56277.0,56185.0,56186.2,1.0,1,False,False,False,False,False,True,False,True,92.0,80.77675753487713,56204.35994211379,True,False,-18.159942113794386
2025-06-20 14:30:00+05:30,56185.8,56217.0,56175.0,56188.0,1.0,1,False,False,False,False,False,False,False,True,42.0,76.89908178138941,56206.753051134045,True,False,-18.753051134044654
2025-06-20 14:45:00+05:30,56198.2,56230.0,56169.0,56222.0,1.0,1,False,False,False,False,False,False,False,True,61.0,75.30917360325047,56210.93429634706,True,False,11.065703652937373
2025-06-20 15:00:00+05:30,56219.0,56329.0,56218.8,56297.0,1.0,1,False,False,False,False,False,True,False,True,110.19999999999709,78.79825624292513,56220.88374332717,True,False,76.11625667283079
2025-06-20 15:15:00+05:30,56297.0,56340.0,56261.2,56294.4,-1.0,-1,False,False,False,False,False,True,False,True,78.80000000000291,78.79843061863292,56229.72384326501,True,False,64.67615673498949
2025-06-20 15:30:00+05:30,56292.8,56292.8,56292.8,56292.8,-1.0,-1,False,False,False,False,False,False,False,True,1.5999999999985448,71.07858755676948,56237.62588874707,True,False,55.17411125293438
2025-06-23 09:15:00+05:30,55899.8,56161.6,55897.6,55941.8,-1.0,-1,False,True,False,False,True,True,True,True,395.20000000000437,103.49072880109297,56212.972515745976,False,True,-271.1725157459732
2025-06-23 09:30:00+05:30,55940.0,56001.0,55902.0,55910.0,1.0,1,False,False,False,False,False,False,True,True,99.0,103.04165592098366,56184.999780221166,False,True,-274.99978022116557
2025-06-23 09:45:00+05:30,55908.8,55923.2,55826.2,55867.4,-1.0,-1,False,False,False,False,False,False,True,True,97.0,102.43749032888529,56153.27000912932,False,True,-285.87000912932126
2025-06-23 10:00:00+05:30,55868.8,55882.8,55805.0,55866.8,1.0,1,False,False,False,False,False,False,True,True,77.80000000000291,99.97374129599704,56122.14125476999,False,True,-255.34125476998452
2025-06-23 10:15:00+05:30,55855.0,55984.8,55828.6,55943.2,1.0,1,False,False,False,True,False,True,False,True,156.20000000000437,105.59636716639777,56099.110511967054,False,True,-155.91051196705666
2025-06-23 10:30:00+05:30,55939.8,55983.2,55903.2,55948.0,1.0,1,False,False,False,False,False,False,False,True,80.0,103.03673044975798,56078.06523078447,False,True,-130.06523078447208
2025-06-23 10:45:00+05:30,55950.0,55983.2,55930.0,55960.2,1.0,1,False,False,False,False,False,False,False,True,53.19999999999709,98.0530574047819,56059.90648862616,False,True,-99.70648862616508
2025-06-23 11:00:00+05:30,55962.6,55977.8,55911.6,55940.0,-1.0,-1,False,False,False,False,False,False,False,True,66.20000000000437,94.86775166430414,56041.82331599314,False,True,-101.82331599314057
2025-06-23 11:15:00+05:30,55944.8,55967.8,55900.0,55945.8,-1.0,-1,False,False,False,False,False,False,False,True,67.80000000000291,92.16097649787402,56026.22082626334,False,True,-80.42082626334013
2025-06-23 11:30:00+05:30,55945.0,55976.2,55919.8,55970.0,1.0,1,False,False,False,False,False,False,False,True,56.39999999999418,88.58487884808603,56014.751793083116,False,True,-44.751793083116354
2025-06-23 11:45:00+05:30,55963.0,55969.8,55900.0,55903.0,3.0,1,False,False,False,False,False,False,False,True,70.0,86.72639096327744,55999.0507522376,False,True,-96.05075223759923
2025-06-23 12:00:00+05:30,55903.0,55960.0,55890.0,55929.8,1.0,1,False,False,False,False,False,False,False,True,70.0,85.0537518669497,55987.51210052887,False,True,-57.71210052886454
2025-06-23 12:15:00+05:30,55932.0,55974.0,55929.2,55950.6,1.0,1,False,False,False,False,False,False,False,True,44.80000000000291,81.02837668025502,55979.48010134986,False,True,-28.880101349859615
2025-06-23 12:30:00+05:30,55945.0,55996.0,55935.2,55985.2,3.0,1,False,False,False,False,False,False,False,True,60.80000000000291,79.00553901222982,55976.04212039736,False,True,9.157879602636967
2025-06-23 12:45:00+05:30,55984.6,55999.0,55950.0,55970.2,3.0,1,False,False,False,False,False,False,False,True,49.0,76.00498511100685,55972.49064641352,False,True,-2.2906464135230635
2025-06-23 13:00:00+05:30,55958.0,56000.0,55950.2,55997.4,1.0,1,False,False,False,False,False,False,False,True,49.80000000000291,73.38448659990645,55972.43110893454,False,True,24.968891065458592
2025-06-23 13:15:00+05:30,56000.0,56238.6,55990.0,56215.8,1.0,1,True,False,False,False,True,True,True,True,248.59999999999854,90.90603793991566,55992.98243048136,True,False,222.81756951864372
2025-06-23 13:30:00+05:30,56204.8,56247.0,56150.0,56181.8,3.0,1,False,False,False,False,True,True,True,True,97.0,91.5154341459241,56010.88955662921,True,False,170.91044337079074
2025-06-23 13:45:00+05:30,56193.6,56206.0,56166.8,56195.2,3.0,1,False,False,False,False,False,False,True,True,39.19999999999709,86.28389073133141,56029.98281468785,True,False,165.2171853121472
2025-06-23 14:00:00+05:30,56199.4,56299.6,56170.0,56193.8,1.0,1,False,False,False,False,True,True,True,True,129.59999999999854,90.61550165819813,56048.51790114852,True,False,145.28209885147953
2025-06-23 14:15:00+05:30,56192.6,56195.0,56102.0,56130.0,1.0,1,False,False,True,False,False,True,False,True,93.0,90.85395149237831,56060.48896980107,True,False,69.51103019893344
2025-06-23 14:30:00+05:30,56117.8,56148.8,56076.0,56110.0,1.0,1,False,False,False,False,False,False,False,True,72.80000000000291,89.04855634314077,56069.63582214125,True,False,40.36417785874801
2025-06-23 14:45:00+05:30,56101.2,56137.0,56064.6,56116.0,3.0,1,False,False,False,False,False,False,False,True,72.40000000000146,87.38370070882684,56078.21484408578,True,False,37.78515591422183
2025-06-23 15:00:00+05:30,56120.0,56144.0,56085.0,56095.2,1.0,1,False,False,False,False,False,False,False,True,59.0,84.54533063794415,56083.76955080616,True,False,11.430449193838285
2025-06-23 15:15:00+05:30,56095.0,56137.0,56073.4,56105.0,1.0,1,False,False,False,False,False,False,False,True,63.599999999998545,82.45079757414959,56089.112174627924,True,False,15.887825372075895
2025-06-24 09:15:00+05:30,56506.2,56742.2,56405.2,56625.2,1.0,1,True,False,False,False,True,True,True,True,637.1999999999971,137.92571781673433,56140.60621760423,True,False,484.5937823957647
2025-06-24 09:30:00+05:30,56614.0,56667.2,56500.0,56570.2,1.0,1,False,False,False,False,True,True,True,True,167.1999999999971,140.8531460350606,56185.839438710806,True,False,384.36056128919154
2025-06-24 09:45:00+05:30,56572.4,56614.0,56490.0,56594.0,3.0,1,False,False,False,False,False,False,True,True,124.0,139.16783143155453,56231.402348111704,True,False,362.59765188829624
2025-06-24 10:00:00+05:30,56594.4,56640.0,56565.0,56632.0,3.0,1,False,False,False,False,False,False,True,True,75.0,132.7510482883991,56278.10796856426,True,False,353.8920314357383
2025-06-24 10:15:00+05:30,56624.0,56715.0,56578.4,56625.0,1.0,1,False,False,True,False,True,True,True,True,136.59999999999854,133.13594345955903,56321.43573680835,True,False,303.56426319164893
2025-06-24 10:30:00+05:30,56626.4,56655.0,56580.4,56612.4,1.0,1,False,False,False,False,False,False,False,True,74.59999999999854,127.28234911360298,56360.51031741056,True,False,251.88968258944078
2025-06-24 10:45:00+05:30,56625.0,56640.0,56505.0,56622.0,3.0,1,False,False,False,False,False,True,False,True,135.0,128.0541142022427,56397.09724964087,True,False,224.90275035912782
2025-06-24 11:00:00+05:30,56622.4,56720.0,56620.0,56684.8,3.0,1,False,False,False,False,False,False,True,True,100.0,125.24870278201843,56435.884832978874,True,False,248.91516702112858
2025-06-24 11:15:00+05:30,56684.8,56810.0,56645.2,56795.4,1.0,1,True,False,False,False,True,True,True,True,164.8000000000029,129.20383250381687,56481.12662576146,True,False,314.27337423853896
2025-06-24 11:30:00+05:30,56800.6,56840.0,56760.0,56799.0,-1.0,-1,False,False,False,False,False,False,True,True,80.0,124.28344925343518,56523.01675793358,True,False,275.983242066417
2025-06-24 11:45:00+05:30,56799.0,56815.0,56766.0,56813.8,1.0,1,False,False,False,False,False,False,True,True,49.0,116.75510432809168,56562.47786179916,True,False,251.32213820084144
2025-06-24 12:00:00+05:30,56810.0,56879.8,56796.0,56865.0,1.0,1,False,False,False,False,False,False,True,True,83.80000000000291,113.4595938952828,56602.790676988276,True,False,262.20932301172434
2025-06-24 12:15:00+05:30,56860.2,56869.4,56689.0,56794.8,1.0,1,False,False,True,False,False,True,False,True,180.40000000000146,120.15363450575464,56632.960055305746,True,False,161.8399446942567
2025-06-24 12:30:00+05:30,56800.0,56809.8,56575.0,56637.2,-1.0,-1,False,False,False,False,False,True,False,True,234.8000000000029,131.61827105517946,56645.157049535155,True,False,-7.9570495351581485
2025-06-24 12:45:00+05:30,56620.0,56782.4,56618.8,56723.6,1.0,1,False,False,False,False,False,True,False,True,163.59999999999854,134.8164439496614,56661.820458141716,True,False,61.779541858282755
2025-06-24 13:00:00+05:30,56730.0,56730.0,56630.0,56640.0,1.0,1,False,False,False,False,False,False,False,True,100.0,131.33479955469525,56667.94257184395,True,False,-27.942571843952464
2025-06-24 13:15:00+05:30,56639.8,56670.0,56516.0,56539.0,1.0,1,False,False,False,False,True,True,True,True,154.0,133.60131959922575,56662.36734347514,False,True,-123.36734347513993
2025-06-24 13:30:00+05:30,56539.6,56590.0,56357.0,56420.0,-3.0,-1,False,True,False,False,True,True,True,True,233.0,143.54118763930316,56644.01198935701,False,True,-224.01198935700813
2025-06-24 13:45:00+05:30,56418.2,56499.0,56360.0,56494.0,1.0,1,False,False,False,False,False,False,True,True,139.0,143.08706887537284,56631.05337456326,False,True,-137.0533745632565
2025-06-24 14:00:00+05:30,56490.2,56510.0,56375.0,56445.0,-1.0,-1,False,False,False,False,False,False,True,True,135.0,142.27836198783555,56612.99504266634,False,True,-167.99504266634176
2025-06-24 14:15:00+05:30,56438.2,56470.0,56414.8,56466.0,1.0,1,False,False,False,False,False,False,False,True,55.19999999999709,133.57052578905171,56596.744954587506,False,True,-130.74495458750607
2025-06-24 14:30:00+05:30,56465.0,56529.0,56455.0,56506.2,-1.0,-1,False,False,False,True,False,False,False,True,74.0,127.61347321014655,56584.53332499046,False,True,-78.33332499046082
2025-06-24 14:45:00+05:30,56519.6,56529.0,56443.2,56475.0,1.0,1,False,False,False,False,False,False,False,True,85.80000000000291,123.43212588913218,56570.23299082248,False,True,-95.23299082247831
2025-06-24 15:00:00+05:30,56474.2,56527.8,56467.8,56475.0,-1.0,-1,False,False,False,False,False,False,False,True,60.0,117.08891330021898,56556.91454725312,False,True,-81.9145472531236
2025-06-24 15:15:00+05:30,56467.2,56525.0,56467.2,56500.0,1.0,1,False,False,False,False,False,False,False,True,57.80000000000291,111.16002197019736,56547.01750009478,False,True,-47.01750009477837
2025-06-25 09:15:00+05:30,56600.0,56643.2,56440.0,56549.2,-1.0,-1,False,False,False,False,False,True,False,True,203.1999999999971,120.36401977317732,56542.810829888,False,True,6.389170111993735
2025-06-25 09:30:00+05:30,56547.8,56687.8,56541.0,56648.8,1.0,1,True,False,False,False,True,True,True,True,146.8000000000029,123.00761779585987,56548.82044642735,True,False,99.97955357265164
2025-06-25 09:45:00+05:30,56662.0,56670.0,56569.4,56625.0,-3.0,-1,False,False,False,False,False,False,False,True,100.59999999999854,120.76685601627374,56553.66077925465,True,False,71.33922074535076
2025-06-25 10:00:00+05:30,56624.8,56636.4,56580.0,56594.8,-1.0,-1,False,False,False,False,False,False,False,True,56.400000000001455,114.3301704146465,56556.47514161106,True,False,38.32485838894354
2025-06-25 10:15:00+05:30,56599.0,56646.0,56582.4,56615.2,-1.0,-1,False,False,False,False,False,False,False,True,63.599999999998545,109.2571533731817,56561.61016217133,True,False,53.58983782866562
2025-06-25 10:30:00+05:30,56615.2,56638.6,56596.0,56625.0,3.0,1,False,False,True,False,False,False,False,True,42.599999999998545,102.59143803586339,56567.884714628584,True,False,57.115285371415666
2025-06-25 10:45:00+05:30,56633.0,56660.0,56589.8,56620.0,-3.0,-1,False,False,False,False,False,False,False,True,70.19999999999709,99.35229423227676,56573.74186822291,True,False,46.25813177708915
2025-06-25 11:00:00+05:30,56635.0,56642.8,56571.0,56590.0,-1.0,-1,False,False,False,False,False,False,False,True,71.80000000000291,96.59706480904939,56576.73128404936,True,False,13.26871595063858
2025-06-25 11:15:00+05:30,56590.0,56622.8,56580.4,56621.8,-1.0,-1,False,False,False,False,False,False,False,True,42.400000000001455,91.17735832814459,56582.336350205114,True,False,39.463649794888624
2025-06-25 11:30:00+05:30,56612.2,56635.0,56609.8,56619.4,3.0,1,False,False,False,False,False,False,False,True,25.19999999999709,84.57962249532984,56587.373322479194,True,False,32.026677520807425
2025-06-25 11:45:00+05:30,56619.4,56625.2,56582.0,56590.0,-3.0,-1,False,False,False,False,False,False,False,True,43.19999999999709,80.44166024579657,56589.325277318094,True,False,0.6747226819061325
2025-06-25 12:00:00+05:30,56590.0,56590.0,56540.0,56566.4,1.0,1,False,False,False,False,False,False,False,True,50.0,77.39749422121692,56588.70213814144,False,True,-22.302138141436444
2025-06-25 12:15:00+05:30,56568.0,56610.0,56547.0,56588.2,1.0,1,False,False,False,False,False,False,False,True,63.0,75.95774479909522,56589.66580385525,True,False,-1.465803855251579
2025-06-25 12:30:00+05:30,56595.0,56635.0,56580.0,56615.0,3.0,1,False,False,False,False,False,False,False,False,55.0,73.8619703191857,56592.73212038434,True,False,22.267879615661514
2025-06-25 12:45:00+05:30,56615.0,56625.0,56583.0,56618.6,-1.0,-1,False,False,False,False,False,False,False,False,42.0,70.67577328726713,56595.83356833316,True,False,22.76643166683789
2025-06-25 13:00:00+05:30,56624.0,56663.0,56600.0,56637.8,-1.0,-1,False,False,False,False,False,False,False,False,63.0,69.90819595854042,56600.40190907449,True,False,37.3980909255115
2025-06-25 13:15:00+05:30,56618.2,56656.6,56616.8,56637.4,-1.0,-1,False,False,False,False,False,False,False,False,39.799999999995634,66.89737636268595,56604.66160974246,True,False,32.73839025753841
2025-06-25 13:30:00+05:30,56642.0,56650.0,56617.0,56633.0,1.0,1,False,False,False,False,False,False,False,False,33.0,63.50763872641735,56608.23811670413,True,False,24.761883295868756
2025-06-25 13:45:00+05:30,56633.0,56635.2,56598.0,56602.2,-1.0,-1,False,False,False,False,False,False,False,False,37.19999999999709,60.87687485377533,56608.73014502539,True,False,-6.530145025390084
2025-06-25 14:00:00+05:30,56609.0,56647.6,56577.8,56630.0,-1.0,-1,False,False,False,False,False,True,False,False,69.79999999999563,61.769187368397354,56611.47009530407,True,False,18.52990469593351
2025-06-25 14:15:00+05:30,56643.8,56650.0,56618.0,56625.4,-3.0,-1,False,False,False,False,False,False,False,False,32.0,58.79226863155761,56613.54369528467,True,False,11.856304715329316
2025-06-25 14:30:00+05:30,56625.4,56671.4,56604.8,56656.2,-1.0,-1,False,False,False,False,False,True,False,False,66.59999999999854,59.57304176840171,56618.16925537809,True,False,38.030744621908525
2025-06-25 14:45:00+05:30,56667.4,56675.8,56630.0,56634.8,-1.0,-1,False,False,False,False,False,False,False,False,45.80000000000291,58.19573759156183,56620.60602640927,True,False,14.193973590736277
2025-06-25 15:00:00+05:30,56630.0,56665.0,56602.0,56618.6,1.0,1,False,False,False,False,False,True,False,False,63.0,58.67616383240564,56621.31391100817,True,False,-2.7139110081698163
2025-06-25 15:15:00+05:30,56619.2,56631.8,56602.4,56609.4,-1.0,-1,False,False,False,False,False,False,False,False,29.400000000001455,55.74854744916522,56620.946484344444,False,True,-11.546484344442433
2025-06-25 15:30:00+05:30,56611.6,56611.6,56611.6,56611.6,-1.0,-1,False,False,False,False,False,False,False,False,2.1999999999970896,50.39369270424841,56620.577384543685,False,True,-8.97738454368664
2025-06-26 09:15:00+05:30,56655.2,56699.0,56556.4,56679.8,1.0,1,False,False,False,False,False,True,False,False,142.59999999999854,59.614323433823415,56626.23693887701,True,False,53.56306112299353
2025-06-26 09:30:00+05:30,56682.6,56789.0,56676.0,56724.4,1.0,1,True,False,False,False,True,True,True,False,113.0,64.95289109044107,56635.781025214375,True,False,88.61897478562605
2025-06-26 09:45:00+05:30,56718.0,56777.6,56689.4,56760.4,-1.0,-1,False,False,False,False,True,True,True,True,88.19999999999709,67.27760198139667,56648.34561564845,True,False,112.05438435154792
2025-06-26 10:00:00+05:30,56769.8,56774.0,56617.0,56673.8,-1.0,-1,False,False,False,False,False,True,False,True,157.0,76.249841783257,56652.67815808466,True,False,21.121841915344703
2025-06-26 10:15:00+05:30,56683.8,56707.2,56603.2,56674.0,1.0,1,False,False,False,False,False,True,False,True,104.0,79.0248576049313,56656.559604594244,True,False,17.440395405756135
2025-06-26 10:30:00+05:30,56672.0,56722.0,56629.4,56633.0,-1.0,-1,False,False,True,False,False,True,False,True,92.59999999999854,80.38237184443803,56656.24276924926,False,True,-23.242769249256526
2025-06-26 10:45:00+05:30,56633.6,56664.4,56563.4,56584.2,-1.0,-1,False,False,False,False,False,True,False,False,101.0,82.44413465999422,56651.05384549827,False,True,-66.85384549826995
2025-06-26 11:00:00+05:30,56585.4,56626.4,56535.0,56600.0,-1.0,-1,False,False,False,False,False,True,False,False,91.40000000000146,83.33972119399495,56646.960012457246,False,True,-46.960012457246194
2025-06-26 11:15:00+05:30,56605.0,56622.0,56561.0,56605.8,1.0,1,False,False,False,False,False,False,False,False,61.0,81.10574907459545,56643.1939478952,False,True,-37.39394789519429
2025-06-26 11:30:00+05:30,56600.0,56690.0,56600.0,56642.4,1.0,1,False,False,False,False,False,True,False,False,90.0,81.9951741671359,56642.66989137965,False,True,-0.2698913796484703
2025-06-26 11:45:00+05:30,56658.4,56749.0,56643.2,56730.6,1.0,1,True,False,False,False,True,True,True,False,106.59999999999854,84.45565675042216,56650.14870253607,True,False,80.45129746392922
2025-06-26 12:00:00+05:30,56728.4,57109.4,56728.4,57020.8,1.0,1,False,False,False,False,True,True,True,True,381.0,114.11009107537993,56683.926429029976,True,False,336.8735709700268
2025-06-26 12:15:00+05:30,57017.8,57054.8,56950.0,56982.4,-1.0,-1,False,False,False,False,False,False,True,True,104.80000000000291,113.17908196784222,56713.912888115185,True,False,268.48711188481684
2025-06-26 12:30:00+05:30,56979.4,57003.0,56836.6,56896.0,-1.0,-1,False,False,False,False,False,True,False,True,166.40000000000146,118.50117377105815,56735.28835542422,True,False,160.71164457577834
2025-06-26 12:45:00+05:30,56903.0,56921.6,56812.0,56877.8,3.0,1,False,False,True,False,False,False,False,True,109.59999999999854,117.61105639395218,56753.88934068595,True,False,123.91065931405319
2025-06-26 13:00:00+05:30,56864.6,56942.6,56828.4,56863.4,3.0,1,False,False,False,False,False,False,False,True,114.19999999999709,117.26995075455667,56769.837730269945,True,False,93.56226973005687
2025-06-26 13:15:00+05:30,56858.4,56985.0,56858.4,56860.2,1.0,1,False,False,False,False,False,True,False,True,126.59999999999854,118.20295567910087,56784.00914519112,True,False,76.19085480887588
2025-06-26 13:30:00+05:30,56858.4,56954.0,56836.0,56950.0,-1.0,-1,False,False,False,False,False,False,False,True,118.0,118.18266011119078,56804.770515499746,True,False,145.22948450025433
2025-06-26 13:45:00+05:30,56952.6,57049.0,56950.0,57033.8,3.0,1,False,False,False,False,False,False,True,True,99.0,116.2643941000717,56831.51047227075,True,False,202.2895277292555
2025-06-26 14:00:00+05:30,57033.2,57182.6,57006.8,57170.0,3.0,1,True,False,False,False,True,True,True,True,175.79999999999563,122.21795469006409,56868.84488109036,True,False,301.1551189096426
2025-06-26 14:15:00+05:30,57191.0,57231.0,57150.4,57179.0,1.0,1,False,False,False,False,False,False,True,True,80.59999999999854,118.05615922105753,56905.00422128935,True,False,273.99577871064685
2025-06-26 14:30:00+05:30,57194.0,57247.0,57125.2,57194.2,1.0,1,False,False,False,False,True,True,True,True,121.80000000000291,118.43054329895206,56940.27019272401,True,False,253.92980727598479
2025-06-26 14:45:00+05:30,57196.0,57249.6,57101.0,57232.0,5.0,1,False,False,False,False,True,True,True,True,148.59999999999854,121.4474889690567,56976.46040189697,True,False,255.53959810303058
2025-06-26 15:00:00+05:30,57235.0,57251.0,57186.2,57206.0,5.0,1,False,False,True,False,False,False,False,True,64.80000000000291,115.78274007215131,57007.59260816524,True,False,198.4073918347567
2025-06-26 15:15:00+05:30,57206.0,57232.8,57190.6,57215.2,3.0,1,False,False,False,False,False,False,False,True,42.200000000004366,108.42446606493661,57036.72718213511,True,False,178.47281786488747
2025-06-27 09:15:00+05:30,57260.0,57520.6,57256.4,57330.2,3.0,1,False,False,False,False,True,True,True,True,305.40000000000146,128.12201945844308,57073.41233260796,True,False,256.78766739204
2025-06-27 09:30:00+05:30,57323.0,57411.0,57301.0,57308.0,5.0,1,False,False,False,False,False,False,True,True,110.0,126.30981751259876,57105.146679233265,True,False,202.85332076673512
2025-06-27 09:45:00+05:30,57305.2,57348.0,57269.6,57294.8,5.0,1,False,False,False,False,False,False,False,True,78.40000000000146,121.51883576133903,57132.6860913732,True,False,162.11390862680128
2025-06-27 10:00:00+05:30,57285.0,57395.0,57278.4,57395.0,3.0,1,False,False,False,False,False,False,True,True,116.59999999999854,121.02695218520498,57166.341297430925,True,False,228.6587025690751
2025-06-27 10:15:00+05:30,57390.2,57440.0,57382.0,57388.0,3.0,1,False,False,False,False,False,False,True,True,58.0,114.72425696668446,57196.4176153128,True,False,191.58238468720083
2025-06-27 10:30:00+05:30,57394.0,57483.0,57394.0,57479.8,5.0,1,False,False,False,False,False,False,True,True,95.0,112.75183127001601,57231.88392212961,True,False,247.91607787039538
2025-06-27 10:45:00+05:30,57476.0,57564.0,57471.2,57523.4,5.0,1,False,False,False,False,False,False,True,True,92.80000000000291,110.75664814301471,57268.368972372875,True,False,255.0310276271266
2025-06-27 11:00:00+05:30,57525.0,57553.6,57475.6,57546.8,5.0,1,False,False,False,False,False,False,True,True,78.0,107.48098332871322,57303.990563437044,True,False,242.80943656295858
2025-06-27 11:15:00+05:30,57535.0,57550.0,57500.2,57518.0,5.0,1,False,False,False,False,False,False,False,True,49.80000000000291,101.71288499584219,57333.965170959185,True,False,184.03482904081466
2025-06-27 11:30:00+05:30,57519.4,57561.0,57504.6,57530.2,5.0,1,False,False,False,False,False,False,False,True,56.400000000001455,97.18159649625811,57362.01273305009,True,False,168.1872669499062
2025-06-27 11:45:00+05:30,57538.8,57599.6,57530.0,57575.8,5.0,1,False,False,False,False,False,False,True,True,69.59999999999854,94.42343684663214,57391.22479108102,True,False,184.57520891898457
2025-06-27 12:00:00+05:30,57581.4,57615.0,57581.2,57599.2,5.0,1,False,False,False,False,False,False,True,True,39.19999999999709,88.90109316196865,57419.65647282019,True,False,179.5435271798051
2025-06-27 12:15:00+05:30,57600.0,57638.6,57562.2,57588.6,3.0,1,False,False,False,False,False,False,False,True,76.40000000000146,87.65098384577193,57444.28626546558,True,False,144.3137345344221
2025-06-27 12:30:00+05:30,57600.0,57640.0,57582.8,57609.0,5.0,1,False,False,False,False,False,False,False,True,57.19999999999709,84.60588546119445,57468.015949133114,True,False,140.9840508668858
2025-06-27 12:45:00+05:30,57622.4,57648.0,57596.0,57628.4,5.0,1,False,False,False,False,False,False,False,True,52.0,81.34529691507501,57490.8736602858,True,False,137.52633971420437
2025-06-27 13:00:00+05:30,57615.4,57641.2,57579.0,57598.2,3.0,1,False,False,False,False,False,False,False,True,62.19999999999709,79.43076722356722,57508.482385938856,True,False,89.71761406114092
2025-06-27 13:15:00+05:30,57608.0,57609.2,57563.0,57602.8,3.0,1,False,False,False,False,False,False,False,True,46.19999999999709,76.10769050121021,57524.14974766593,True,False,78.65025233407505
2025-06-27 13:30:00+05:30,57601.6,57644.0,57593.6,57622.0,3.0,1,False,False,False,False,False,False,False,True,50.400000000001455,73.53692145108934,57539.38877528881,True,False,82.6112247111887
2025-06-27 13:45:00+05:30,57624.4,57625.0,57587.2,57625.0,5.0,1,False,False,False,False,False,False,False,True,37.80000000000291,69.9632293059807,57552.91498951755,True,False,72.08501048244943
2025-06-27 14:00:00+05:30,57614.2,57628.2,57585.2,57607.0,3.0,1,False,False,False,False,False,False,False,True,43.0,67.26690637538263,57562.99894832803,True,False,44.001051671970345
2025-06-27 14:15:00+05:30,57607.0,57607.0,57537.0,57570.0,3.0,1,False,False,False,False,False,True,False,True,70.0,67.54021573784436,57568.10436241861,True,False,1.8956375813868362
2025-06-27 14:30:00+05:30,57563.6,57633.0,57545.4,57632.8,3.0,1,False,False,False,False,False,True,False,True,87.59999999999854,69.54619416405978,57577.5017427335,True,False,55.29825726650597
2025-06-27 14:45:00+05:30,57630.0,57635.8,57600.4,57631.0,5.0,1,False,False,False,False,False,False,False,True,35.400000000001455,66.13157474765396,57585.52837317785,True,False,45.47162682215276
2025-06-27 15:00:00+05:30,57625.0,57668.6,57613.4,57655.8,3.0,1,False,False,False,False,False,False,False,True,55.19999999999709,65.03841727288827,57594.734350596016,True,False,61.065649403986754
2025-06-27 15:15:00+05:30,57653.0,57660.0,57624.6,57637.0,1.0,1,False,False,False,False,False,False,False,True,35.400000000001455,62.074575545599586,57601.27501425163,True,False,35.72498574836936
2025-06-30 09:15:00+05:30,57636.0,57849.8,57620.2,57686.8,3.0,1,False,False,False,False,False,True,False,True,229.60000000000582,78.82711799104021,57611.46196270861,True,False,75.33803729139618
2025-06-30 09:30:00+05:30,57680.0,57727.2,57635.0,57705.0,3.0,1,False,False,False,False,False,True,False,True,92.19999999999709,80.16440619193591,57622.48945900147,True,False,82.51054099853354
2025-06-30 09:45:00+05:30,57699.8,57699.8,57625.0,57640.0,1.0,1,False,False,False,False,False,False,False,True,80.0,80.14796557274232,57626.81804527137,True,False,13.181954728628625
2025-06-30 10:00:00+05:30,57640.0,57745.0,57605.0,57701.0,1.0,1,False,False,False,False,False,True,False,True,140.0,86.1331690154681,57635.90723430628,True,False,65.09276569372014
2025-06-30 10:15:00+05:30,57701.0,57745.0,57650.2,57662.8,1.0,1,False,False,False,False,False,True,False,True,94.80000000000291,86.99985211392158,57640.80212865101,True,False,21.997871348990884
2025-06-30 10:30:00+05:30,57659.2,57712.8,57640.0,57663.2,1.0,1,False,False,False,False,False,False,False,True,72.80000000000291,85.57986690252972,57645.02887740655,True,False,18.171122593448672
2025-06-30 10:45:00+05:30,57646.0,57681.4,57601.0,57655.6,1.0,1,False,False,False,False,False,False,False,True,80.40000000000146,85.06188021227689,57647.91988884522,True,False,7.680111154775659
2025-06-30 11:00:00+05:30,57655.8,57695.0,57640.0,57650.0,3.0,1,False,False,False,False,False,False,False,True,55.0,82.0556921910492,57649.72332965599,True,False,0.2766703440065612
2025-06-30 11:15:00+05:30,57660.0,57685.0,57629.4,57660.0,1.0,1,False,False,False,False,False,False,False,True,55.599999999998545,79.41012297194413,57651.93203093553,True,False,8.067969064468343
2025-06-30 11:30:00+05:30,57660.0,57700.0,57660.0,57690.0,1.0,1,False,False,False,False,False,False,False,True,40.0,75.46911067474971,57656.43432602122,True,False,33.56567397878098
2025-06-30 11:45:00+05:30,57685.6,57720.0,57680.4,57709.8,3.0,1,False,False,False,False,False,False,False,True,39.599999999998545,71.8821996072746,57662.34937996095,True,False,47.45062003905332
2025-06-30 12:00:00+05:30,57710.0,57775.0,57696.0,57765.4,1.0,1,True,False,False,False,True,True,True,True,79.0,72.59397964654714,57672.92849682016,True,False,92.47150317984051
2025-06-30 12:15:00+05:30,57765.4,57780.0,57736.2,57736.2,1.0,1,False,False,False,False,False,False,False,True,43.80000000000291,69.71458168189272,57680.433270609035,True,False,55.7667293909617
2025-06-30 12:30:00+05:30,57730.0,57748.0,57700.0,57701.6,-1.0,-1,False,False,False,False,False,False,False,True,48.0,67.54312351370345,57684.30818615053,True,False,17.29181384947151
2025-06-30 12:45:00+05:30,57700.4,57725.0,57651.0,57651.0,1.0,1,False,False,False,False,False,True,False,True,74.0,68.18881116233311,57683.08918332964,False,True,-32.089183329640946
2025-06-30 13:00:00+05:30,57652.0,57670.0,57601.0,57649.6,-1.0,-1,False,False,True,False,False,True,False,True,69.0,68.2699300460998,57681.29326009648,False,True,-31.693260096479207
2025-06-30 13:15:00+05:30,57641.4,57680.0,57617.2,57650.0,-1.0,-1,False,False,False,False,False,False,False,True,62.80000000000291,67.72293704149011,57679.18355850796,False,True,-29.183558507960697
2025-06-30 13:30:00+05:30,57650.0,57669.4,57614.2,57633.0,-3.0,-1,False,False,False,False,False,False,False,True,55.200000000004366,66.47064333734154,57675.28532207032,False,True,-42.285322070318216
2025-06-30 13:45:00+05:30,57616.6,57634.0,57522.2,57570.0,-1.0,-1,False,True,False,False,True,True,True,True,111.80000000000291,71.00357900360768,57665.53951617005,False,True,-95.53951617005077
2025-06-30 14:00:00+05:30,57571.0,57571.0,57480.0,57530.4,1.0,1,False,False,False,False,True,True,True,True,91.0,73.00322110324691,57652.22771724339,False,True,-121.82771724338818
2025-06-30 14:15:00+05:30,57530.6,57551.2,57493.2,57510.8,-1.0,-1,False,False,False,False,False,False,True,True,58.0,71.50289899292223,57637.380134669,False,True,-126.58013466899865
2025-06-30 14:30:00+05:30,57512.6,57524.6,57468.2,57524.4,-1.0,-1,False,False,False,False,False,False,False,True,56.400000000001455,69.99260909363015,57624.24062360518,False,True,-99.84062360518146
2025-06-30 14:45:00+05:30,57525.0,57606.2,57525.0,57583.2,1.0,1,False,False,False,True,False,True,False,True,81.79999999999563,71.1733481842667,57617.11105315134,False,True,-33.91105315134337
2025-06-30 15:00:00+05:30,57571.0,57603.0,57555.0,57570.0,-1.0,-1,False,False,False,False,False,False,False,True,48.0,68.85601336584003,57609.57513966897,False,True,-39.575139668966585
2025-06-30 15:15:00+05:30,57575.6,57593.0,57510.0,57521.0,-1.0,-1,False,False,False,False,False,True,False,True,83.0,70.27041202925602,57598.425171172195,False,True,-77.4251711721954
2025-07-01 09:15:00+05:30,57625.0,57625.0,57500.2,57565.0,-1.0,-1,False,False,False,False,False,True,False,True,124.80000000000291,75.72337082633071,57592.13782487521,False,True,-27.137824875208025
2025-07-01 09:30:00+05:30,57565.0,57575.0,57501.4,57505.8,-1.0,-1,False,False,False,False,False,False,False,True,73.59999999999854,75.51103374369748,57581.37049555511,False,True,-75.57049555510457
2025-07-01 09:45:00+05:30,57505.8,57550.0,57484.6,57524.6,-3.0,-1,False,False,False,False,False,False,False,True,65.40000000000146,74.49993036932787,57573.19166323144,False,True,-48.59166323144018
2025-07-01 10:00:00+05:30,57523.0,57529.2,57430.2,57434.8,-3.0,-1,False,True,False,False,True,True,True,True,99.0,76.94993733239508,57557.756227482845,False,True,-122.95622748284222
2025-07-01 10:15:00+05:30,57440.0,57480.0,57415.0,57480.0,-1.0,-1,False,False,False,False,False,False,False,True,65.0,75.75494359915557,57547.336480318554,False,True,-67.3364803185541
2025-07-01 10:30:00+05:30,57474.8,57490.0,57433.0,57444.2,-3.0,-1,False,False,False,False,False,False,False,True,57.0,73.87944923924002,57534.63376220462,False,True,-90.43376220462233
2025-07-01 10:45:00+05:30,57440.0,57468.8,57407.2,57410.2,-1.0,-1,False,False,False,False,False,False,True,True,61.60000000000582,72.6515043153166,57519.83164420282,False,True,-109.63164420282556
2025-07-01 11:00:00+05:30,57407.2,57450.0,57380.0,57436.0,-1.0,-1,False,False,False,True,False,False,False,True,70.0,72.38635388378495,57508.40347922612,False,True,-72.40347922612273
2025-07-01 11:15:00+05:30,57444.8,57465.0,57424.0,57455.0,1.0,1,False,False,False,False,False,False,False,True,41.0,69.24771849540646,57499.76990351939,False,True,-44.7699035193873
2025-07-01 11:30:00+05:30,57463.6,57481.0,57440.8,57479.8,-1.0,-1,False,False,False,False,False,False,False,True,40.19999999999709,66.34294664586552,57494.44111252426,False,True,-14.64111252425937
2025-07-01 11:45:00+05:30,57478.0,57520.0,57477.2,57512.4,1.0,1,False,False,False,False,False,False,False,True,42.80000000000291,63.98865198127926,57493.05799600059,False,True,19.342003999408917
2025-07-01 12:00:00+05:30,57500.0,57552.0,57488.2,57540.0,1.0,1,False,False,False,False,False,False,False,True,63.80000000000291,63.96978678315163,57495.04481950637,True,False,44.95518049362727
2025-07-01 12:15:00+05:30,57545.0,57590.2,57533.0,57579.0,3.0,1,False,False,False,False,False,False,True,True,57.19999999999709,63.29280810483618,57501.26167977468,True,False,77.7383202253186
2025-07-01 12:30:00+05:30,57590.0,57620.0,57565.2,57582.0,1.0,1,False,False,False,False,False,False,True,True,54.80000000000291,62.44352729435286,57508.224500229015,True,False,73.77549977098533
2025-07-01 12:45:00+05:30,57581.2,57662.4,57567.0,57652.0,1.0,1,True,False,False,False,True,True,True,True,95.40000000000146,65.73917456491772,57521.769595227495,True,False,130.2304047725047
2025-07-01 13:00:00+05:30,57649.4,57710.0,57645.6,57692.2,1.0,1,False,False,False,False,False,False,True,True,64.40000000000146,65.60525710842609,57538.92687703479,True,False,153.2731229652054
2025-07-01 13:15:00+05:30,57695.0,57700.0,57650.0,57652.6,3.0,1,False,False,False,False,False,False,False,True,50.0,64.04473139758348,57552.147598430296,True,False,100.45240156970249
2025-07-01 13:30:00+05:30,57661.0,57721.0,57661.0,57690.0,1.0,1,False,False,False,False,True,True,True,True,68.40000000000146,64.48025825782528,57568.14337098412,True,False,121.85662901587784
2025-07-01 13:45:00+05:30,57680.8,57700.0,57652.0,57700.0,1.0,1,False,False,True,False,False,False,True,True,48.0,62.83223243204276,57584.213390523575,True,False,115.78660947642493
2025-07-01 14:00:00+05:30,57700.0,57737.6,57690.8,57736.2,1.0,1,False,False,False,False,False,False,True,True,46.799999999995634,61.22900918883804,57602.538605680376,True,False,133.66139431962074
2025-07-01 14:15:00+05:30,57745.0,57750.0,57702.4,57715.0,3.0,1,False,False,False,False,False,False,False,True,47.599999999998545,59.86610826995409,57617.744395935435,True,False,97.25560406456498
2025-07-01 14:30:00+05:30,57710.4,57715.0,57660.8,57670.2,1.0,1,False,False,False,False,False,False,False,True,54.19999999999709,59.29949744295838,57627.56672678124,True,False,42.633273218758404
2025-07-01 14:45:00+05:30,57670.2,57695.0,57651.0,57689.0,3.0,1,False,False,False,False,False,False,False,True,44.0,57.76954769866254,57637.748240596164,True,False,51.25175940383633
2025-07-01 15:00:00+05:30,57692.8,57696.4,57665.0,57680.0,1.0,1,False,False,False,False,False,False,False,True,31.400000000001455,55.13259292879643,57645.80921756978,True,False,34.19078243021795
2025-07-01 15:15:00+05:30,57685.0,57710.0,57668.8,57687.0,1.0,1,False,False,False,False,False,False,False,True,41.19999999999709,53.7393336359165,57653.270712264035,True,False,33.729287735965045
2025-07-01 15:30:00+05:30,57700.0,57700.0,57700.0,57700.0,1.0,1,False,False,False,False,False,False,False,True,13.0,49.66540027232485,57660.774889607404,True,False,39.225110392595525
2025-07-02 09:15:00+05:30,57706.6,57760.8,57601.0,57610.0,1.0,1,False,False,False,False,True,True,True,True,159.8000000000029,60.678860245092665,57659.083621870785,False,True,-49.083621870784555
2025-07-02 09:30:00+05:30,57611.0,57619.8,57510.6,57525.0,-1.0,-1,False,True,False,False,True,True,True,True,109.20000000000437,65.53097422058383,57648.81386781701,False,True,-123.81386781700712
2025-07-02 09:45:00+05:30,57512.6,57560.0,57500.0,57520.2,-1.0,-1,False,False,False,False,False,False,True,True,60.0,64.97787679852544,57637.52343066172,False,True,-117.32343066172325
2025-07-02 10:00:00+05:30,57524.8,57532.4,57472.0,57509.4,-1.0,-1,False,False,False,False,False,False,True,True,60.400000000001455,64.52008911867304,57625.00297179765,False,True,-115.60297179764893
2025-07-02 10:15:00+05:30,57519.4,57544.2,57450.0,57529.8,-1.0,-1,False,False,False,False,False,True,False,True,94.19999999999709,67.48808020680545,57614.39735474349,False,True,-84.59735474348417
2025-07-02 10:30:00+05:30,57529.8,57529.8,57456.0,57492.4,-3.0,-1,False,False,False,True,True,True,True,True,73.80000000000291,68.11927218612519,57600.73368618926,False,True,-108.33368618926033
2025-07-02 10:45:00+05:30,57489.8,57511.6,57470.0,57484.2,-3.0,-1,False,False,False,False,False,False,False,True,41.599999999998545,65.46734496751252,57586.89011139697,False,True,-102.6901113969725
2025-07-02 11:00:00+05:30,57485.0,57501.2,57420.0,57460.0,-3.0,-1,False,False,False,False,True,True,True,True,81.19999999999709,67.04061047076098,57571.62557812476,False,True,-111.62557812476007
2025-07-02 11:15:00+05:30,57450.8,57499.0,57412.2,57472.0,-3.0,-1,False,False,False,False,False,True,False,True,86.80000000000291,69.01654942368518,57558.39966539747,False,True,-86.3996653974682
2025-07-02 11:30:00+05:30,57488.0,57488.0,57425.0,57470.0,-5.0,-1,False,False,False,False,False,False,False,True,63.0,68.41489448131667,57546.07425098541,False,True,-76.07425098540989
2025-07-02 11:45:00+05:30,57451.8,57482.0,57450.0,57465.6,-5.0,-1,False,False,False,False,False,False,False,True,32.0,64.773405033185,57534.50393432987,False,True,-68.90393432987184
2025-07-02 12:00:00+05:30,57463.6,57465.0,57424.0,57435.6,-5.0,-1,False,False,False,False,False,False,False,True,41.599999999998545,62.45606452986635,57521.39780432752,False,True,-85.79780432752159
2025-07-02 12:15:00+05:30,57433.2,57464.8,57417.6,57461.2,-3.0,-1,False,False,False,False,False,False,False,True,47.200000000004366,60.93045807688016,57511.81169053667,False,True,-50.61169053667254
2025-07-02 12:30:00+05:30,57459.8,57473.4,57405.0,57424.8,-5.0,-1,False,False,False,False,False,True,False,True,68.40000000000146,61.67741226919229,57500.108528990546,False,True,-75.30852899054298
2025-07-02 12:45:00+05:30,57417.0,57432.8,57355.8,57371.0,-5.0,-1,False,True,False,False,True,True,True,True,77.0,63.20967104227306,57484.67571488781,False,True,-113.67571488780959
2025-07-02 13:00:00+05:30,57370.6,57434.8,57361.0,57361.0,-5.0,-1,False,False,False,False,True,True,True,True,73.80000000000291,64.26870393804604,57469.492178544104,False,True,-108.49217854410381
2025-07-02 13:15:00+05:30,57360.0,57375.4,57225.0,57230.4,-5.0,-1,False,False,False,False,True,True,True,True,150.40000000000146,72.88183354424159,57443.657367687956,False,True,-213.25736768795468
2025-07-02 13:30:00+05:30,57220.2,57271.6,57188.2,57193.0,-5.0,-1,False,False,False,False,True,True,True,True,83.40000000000146,73.93365018981757,57415.73580718022,False,True,-222.73580718022276
2025-07-02 13:45:00+05:30,57192.8,57248.0,57175.0,57238.0,-3.0,-1,False,False,False,True,False,False,False,True,73.0,73.84028517083581,57393.407122518445,False,True,-155.40712251844525
2025-07-02 14:00:00+05:30,57240.0,57256.6,57191.4,57236.2,-3.0,-1,False,False,False,False,False,False,False,True,65.19999999999709,72.97625665375195,57372.5966653005,False,True,-136.39666530050454
2025-07-02 14:15:00+05:30,57225.0,57245.0,57200.2,57218.6,-3.0,-1,False,False,False,False,False,False,False,True,44.80000000000291,70.15863098837704,57351.967487251815,False,True,-133.36748725181678
2025-07-02 14:30:00+05:30,57223.0,57245.0,57185.0,57200.6,-3.0,-1,False,False,False,False,False,False,False,True,60.0,69.14276788953933,57331.54676592772,False,True,-130.94676592772157
2025-07-02 14:45:00+05:30,57198.6,57294.0,57192.6,57294.0,-1.0,-1,False,False,False,False,False,True,False,True,101.40000000000146,72.36849110058554,57321.476893192135,False,True,-27.47689319213532
2025-07-02 15:00:00+05:30,57290.6,57378.8,57290.6,57308.0,-3.0,-1,False,False,False,False,False,True,False,True,88.20000000000437,73.95164199052742,57314.50213270744,False,True,-6.502132707442797
2025-07-02 15:15:00+05:30,57310.0,57314.6,57245.0,57250.0,-3.0,-1,False,False,False,False,False,False,False,True,69.59999999999854,73.51647779147453,57303.923073524835,False,True,-53.92307352483476
2025-07-02 15:30:00+05:30,57245.0,57245.0,57245.0,57245.0,-1.0,-1,False,False,False,False,False,False,False,True,5.0,66.66483001232707,57294.37838150069,False,True,-49.37838150069001
2025-07-03 09:15:00+05:30,57250.0,57384.0,57175.0,57180.0,1.0,1,False,False,False,False,False,True,False,True,209.0,80.89834701109437,57280.29048695805,False,True,-100.2904869580525
2025-07-03 09:30:00+05:30,57186.0,57348.4,57186.0,57299.8,-1.0,-1,False,False,False,False,False,True,False,True,168.40000000000146,89.64851230998508,57278.319897478905,False,True,21.48010252109816
2025-07-03 09:45:00+05:30,57301.4,57435.2,57300.2,57435.2,-1.0,-1,False,False,False,False,True,True,True,True,135.39999999999418,94.223661078986,57289.74514023712,True,False,145.45485976287455
2025-07-03 10:00:00+05:30,57443.0,57455.0,57378.0,57398.4,-1.0,-1,False,False,False,False,False,False,True,True,77.0,92.50129497108739,57298.640196611515,True,False,99.75980338848603
2025-07-03 10:15:00+05:30,57399.8,57430.0,57384.2,57408.0,1.0,1,False,False,False,False,False,False,True,True,45.80000000000291,87.83116547397894,57308.845594183666,True,False,99.15440581633447
2025-07-03 10:30:00+05:30,57419.8,57441.0,57356.0,57369.2,-1.0,-1,False,False,False,False,False,False,False,True,85.0,87.54804892658105,57315.656343963194,True,False,53.54365603680344
2025-07-03 10:45:00+05:30,57369.0,57387.8,57320.0,57320.0,-1.0,-1,False,False,False,False,False,False,False,True,67.80000000000291,85.57324403392323,57317.8745513736,True,False,2.125448626400612
2025-07-03 11:00:00+05:30,57330.0,57413.8,57323.8,57358.4,-1.0,-1,False,False,False,False,False,True,False,True,93.80000000000291,86.3959196305312,57323.29679664752,True,False,35.103203352482524
2025-07-03 11:15:00+05:30,57360.0,57424.8,57350.0,57350.0,1.0,1,False,False,False,False,False,False,False,True,74.80000000000291,85.23632766747838,57327.587431237356,True,False,22.412568762643787
2025-07-03 11:30:00+05:30,57350.0,57377.4,57280.0,57286.0,-1.0,-1,False,False,False,False,False,True,False,True,97.40000000000146,86.45269490073068,57325.63333210094,False,True,-39.63333210093697
2025-07-03 11:45:00+05:30,57286.0,57300.0,57243.0,57267.0,1.0,1,False,False,False,False,False,False,False,True,57.0,83.5074254106576,57321.52983288683,False,True,-54.52983288683026
2025-07-03 12:00:00+05:30,57270.2,57289.6,57244.2,57260.0,-1.0,-1,False,False,False,False,False,False,False,True,45.400000000001455,79.69668286959198,57316.46567891307,False,True,-56.46567891306768
2025-07-03 12:15:00+05:30,57260.0,57293.6,57221.0,57291.8,-1.0,-1,False,False,False,False,False,False,False,True,72.59999999999854,78.98701458263264,57314.09228564048,False,True,-22.29228564047662
2025-07-03 12:30:00+05:30,57291.6,57312.0,57254.2,57290.0,-3.0,-1,False,False,False,False,False,False,False,True,57.80000000000291,76.86831312436966,57311.48121213617,False,True,-21.481212136168324
2025-07-03 12:45:00+05:30,57290.0,57309.8,57266.0,57266.0,1.0,1,False,False,False,False,False,False,False,True,43.80000000000291,73.56148181193299,57306.70895801499,False,True,-40.70895801499137
2025-07-03 13:00:00+05:30,57269.8,57278.2,57240.8,57256.2,-3.0,-1,False,False,False,False,False,False,False,True,37.39999999999418,69.9453336307391,57301.15712467648,False,True,-44.957124676482636
2025-07-03 13:15:00+05:30,57255.0,57255.4,57202.0,57245.4,-3.0,-1,False,False,False,False,False,False,False,True,54.19999999999709,68.3708002676649,57294.83531127929,False,True,-49.435311279288726
2025-07-03 13:30:00+05:30,57245.0,57373.8,57223.2,57355.0,-3.0,-1,False,False,False,False,False,True,False,True,150.60000000000582,76.59372024089899,57298.75393813853,True,False,56.24606186147139
2025-07-03 13:45:00+05:30,57368.6,57373.4,57215.6,57230.6,1.0,1,False,False,False,False,False,True,False,True,157.8000000000029,84.71434821680938,57291.69843233983,False,True,-61.09843233982974
2025-07-03 14:00:00+05:30,57231.6,57250.0,57215.0,57216.0,-5.0,-1,False,False,False,False,False,False,False,False,35.0,79.74291339512845,57283.617446271164,False,True,-67.61744627116423
2025-07-03 14:15:00+05:30,57212.6,57246.6,57156.0,57184.8,-5.0,-1,False,True,False,False,True,True,True,False,90.59999999999854,80.82862205561545,57273.08251392932,False,True,-88.28251392931998
2025-07-03 14:30:00+05:30,57171.0,57184.6,57105.0,57150.0,-5.0,-1,False,False,False,False,False,False,True,False,79.80000000000291,80.7257598500542,57259.86091053114,False,True,-109.86091053114069
2025-07-03 14:45:00+05:30,57134.2,57179.8,57110.0,57115.0,-1.0,-1,False,False,False,False,False,False,True,False,69.80000000000291,79.63318386504906,57244.05759429506,False,True,-129.05759429505997
2025-07-03 15:00:00+05:30,57118.8,57160.0,57108.0,57127.6,-5.0,-1,False,False,False,False,False,False,True,False,52.0,76.86986547854416,57230.13973907794,False,True,-102.53973907793988
2025-07-03 15:15:00+05:30,57140.2,57149.0,57093.0,57111.0,-5.0,-1,False,False,False,True,False,False,True,False,56.0,74.78287893068975,57215.60062307847,False,True,-104.60062307846965
2025-07-04 09:15:00+05:30,57088.8,57182.2,57060.0,57145.6,-5.0,-1,False,False,False,False,False,True,False,False,122.19999999999709,79.52459103762048,57205.19491126268,False,True,-59.594911262684036
2025-07-04 09:30:00+05:30,57135.0,57140.0,56960.4,57010.8,-1.0,-1,False,False,False,False,True,True,True,False,185.1999999999971,90.09213193385814,57183.629132011105,False,True,-172.82913201110205
2025-07-04 09:45:00+05:30,57016.6,57058.4,56983.6,57058.4,-3.0,-1,False,False,False,False,False,False,False,False,74.80000000000291,88.56291874047261,57167.54336003523,False,True,-109.14336003523204
2025-07-04 10:00:00+05:30,57052.0,57086.0,57020.0,57061.8,-3.0,-1,False,False,False,False,False,False,False,False,66.0,86.30662686642535,57153.05798383927,False,True,-91.25798383927031
2025-07-04 10:15:00+05:30,57058.2,57128.0,57053.0,57100.2,-3.0,-1,False,False,False,False,False,False,False,False,75.0,85.17596417978282,57143.39973830615,False,True,-43.19973830615345
2025-07-04 10:30:00+05:30,57108.0,57148.0,57100.0,57133.0,-3.0,-1,False,False,False,False,False,False,False,False,48.0,81.45836776180454,57138.047426536694,False,True,-5.04742653669382
2025-07-04 10:45:00+05:30,57132.0,57150.0,57100.0,57143.0,-3.0,-1,False,False,False,False,False,False,False,False,50.0,78.31253098562408,57134.83752430691,False,True,8.162475693090528
2025-07-04 11:00:00+05:30,57155.2,57171.4,57121.0,57135.0,-3.0,-1,False,False,False,False,False,False,False,False,50.400000000001455,75.52127788706181,57131.98756303307,False,True,3.0124369669283624
2025-07-04 11:15:00+05:30,57132.4,57143.6,57044.0,57070.0,-3.0,-1,False,False,False,False,False,True,False,False,99.59999999999854,77.92915009835549,57124.16432555388,False,True,-54.16432555388019
2025-07-04 11:30:00+05:30,57067.0,57076.6,56960.0,56981.0,-5.0,-1,False,True,False,False,True,True,True,False,116.59999999999854,81.79623508851981,57109.07507161553,False,True,-128.07507161553076
2025-07-04 11:45:00+05:30,56980.0,56980.0,56910.0,56947.0,-3.0,-1,False,False,False,False,False,False,True,False,71.0,80.71661157966783,57091.701613691184,False,True,-144.70161369118432
2025-07-04 12:00:00+05:30,56948.6,56970.0,56916.6,56950.0,-1.0,-1,False,False,False,False,False,False,True,False,53.400000000001455,77.9849504217012,57075.48259108054,False,True,-125.48259108053753
2025-07-04 12:15:00+05:30,56939.2,56966.4,56923.0,56934.2,-1.0,-1,False,False,False,False,False,False,True,True,43.400000000001455,74.52645537953123,57058.81462112436,False,True,-124.61462112436129
2025-07-04 12:30:00+05:30,56932.8,56985.0,56932.8,56964.4,-3.0,-1,False,False,False,True,False,False,False,True,52.19999999999709,72.29380984157781,57045.966094421885,False,True,-81.56609442188346
2025-07-04 12:45:00+05:30,56959.2,56991.6,56950.0,56967.6,-1.0,-1,False,False,False,False,False,False,False,True,41.599999999998545,69.2244288574199,57034.55653484697,False,True,-66.95653484696959
2025-07-04 13:00:00+05:30,56960.0,57026.0,56949.2,57026.0,1.0,1,False,False,False,False,False,True,False,True,76.80000000000291,69.9819859716782,57029.6098998219,False,True,-3.609899821902218
2025-07-04 13:15:00+05:30,57027.0,57039.0,57000.4,57020.2,1.0,1,False,False,False,False,False,False,False,True,38.599999999998545,66.84378737451024,57025.254627079514,False,True,-5.054627079516649
2025-07-04 13:30:00+05:30,57025.0,57050.0,57017.8,57017.8,-1.0,-1,False,False,False,False,False,False,False,True,32.19999999999709,63.37940863705893,57021.688118585334,False,True,-3.88811858533154
2025-07-04 13:45:00+05:30,57017.8,57100.0,57000.0,57099.6,1.0,1,True,False,False,False,True,True,True,False,100.0,67.04146777335305,57026.423350217556,True,False,73.17664978244284
2025-07-04 14:00:00+05:30,57100.0,57130.0,57049.0,57129.6,3.0,1,False,False,False,False,True,True,True,False,81.0,68.43732099601775,57034.577705070114,True,False,95.02229492988408
2025-07-04 14:15:00+05:30,57119.8,57130.0,57056.6,57091.0,3.0,1,False,False,False,False,False,True,False,False,73.40000000000146,68.93358889641613,57039.66804297602,True,False,51.33195702397643
2025-07-04 14:30:00+05:30,57083.8,57300.0,57083.8,57299.0,1.0,1,False,False,False,False,True,True,True,False,216.1999999999971,83.66023000677423,57063.81068214848,True,False,235.18931785151653
2025-07-04 14:45:00+05:30,57300.0,57340.0,57250.2,57291.4,1.0,1,False,False,True,False,True,True,True,True,89.80000000000291,84.2742070060971,57087.12121428027,True,False,204.2787857197327
2025-07-04 15:00:00+05:30,57283.0,57305.0,57268.0,57291.0,1.0,1,False,False,False,False,False,False,True,True,37.0,79.54678630548739,57109.81415589034,True,False,181.18584410966287
2025-07-04 15:15:00+05:30,57299.8,57320.0,57258.0,57315.0,1.0,1,False,False,False,False,False,False,True,True,62.0,77.79210767493865,57133.72594199557,True,False,181.27405800442648
2025-07-04 15:30:00+05:30,57305.2,57305.2,57305.2,57305.2,1.0,1,False,False,False,False,False,False,True,True,9.80000000000291,70.99289690744507,57155.46835027684,True,False,149.73164972315863
2025-07-07 09:15:00+05:30,57270.0,57280.0,57128.0,57190.8,1.0,1,False,False,False,False,False,True,False,True,177.1999999999971,81.61360721670027,57165.300170596405,True,False,25.499829403597687
2025-07-07 09:30:00+05:30,57190.0,57297.6,57190.0,57215.0,1.0,1,False,False,False,False,False,True,False,True,107.59999999999854,84.2122464950301,57175.69707004918,True,False,39.302929950819816
2025-07-07 09:45:00+05:30,57205.0,57239.2,57146.6,57206.2,1.0,1,False,False,False,False,False,True,False,True,92.59999999999854,85.05102184552695,57183.711425675676,True,False,22.488574324321235
2025-07-07 10:00:00+05:30,57197.0,57204.2,57105.8,57165.4,3.0,1,False,False,False,False,False,True,False,True,100.39999999999418,86.58591966097367,57186.533056262924,True,False,-21.133056262922764
2025-07-07 10:15:00+05:30,57172.2,57216.2,57151.6,57151.6,3.0,1,False,False,False,False,False,False,False,True,64.59999999999854,84.38732769487616,57186.77839418559,True,False,-35.17839418559015
2025-07-07 10:30:00+05:30,57157.0,57202.0,57150.0,57190.0,1.0,1,False,False,False,False,False,False,False,False,52.0,81.14859492538855,57189.4120032082,True,False,0.5879967918008333
2025-07-07 10:45:00+05:30,57201.0,57375.0,57189.4,57360.0,1.0,1,True,False,False,False,True,True,True,False,185.59999999999854,91.59373543284956,57206.58689640249,True,False,153.41310359750787
2025-07-07 11:00:00+05:30,57369.4,57419.2,57244.2,57260.0,1.0,1,False,False,False,False,False,True,False,False,175.0,99.9343618895646,57213.889203945495,True,False,46.110796054505045
2025-07-07 11:15:00+05:30,57254.0,57292.0,57210.6,57213.4,1.0,1,False,False,False,False,False,False,False,False,81.40000000000146,98.08092570060828,57216.1668830971,True,False,-2.766883097101527
2025-07-07 11:30:00+05:30,57213.4,57259.0,57200.0,57256.6,-1.0,-1,False,False,False,False,False,False,False,False,59.0,94.17283313054745,57221.663074484364,True,False,34.93692551563436
2025-07-07 11:45:00+05:30,57240.0,57240.0,57183.0,57223.0,-1.0,-1,False,False,True,False,False,False,False,False,73.59999999999854,92.11554981749256,57223.50834355704,True,False,-0.5083435570413712
2025-07-07 12:00:00+05:30,57205.0,57218.0,57152.0,57160.0,-1.0,-1,False,False,False,False,False,False,True,False,71.0,90.00399483574331,57219.11444678006,False,True,-59.11444678006228
2025-07-07 12:15:00+05:30,57152.0,57195.0,57118.0,57190.0,1.0,1,False,False,False,False,False,False,False,False,77.0,88.70359535216899,57217.05032614089,False,True,-27.0503261408885
2025-07-07 12:30:00+05:30,57189.8,57214.0,57185.0,57195.0,-3.0,-1,False,False,False,False,False,False,False,False,29.0,82.73323581695209,57215.19829361949,False,True,-20.19829361949087
2025-07-07 12:45:00+05:30,57195.0,57195.0,57079.0,57083.8,-3.0,-1,False,True,False,False,True,True,True,False,116.0,86.05991223525687,57203.13262947125,False,True,-119.33262947124604
2025-07-07 13:00:00+05:30,57088.8,57218.8,57063.6,57186.8,-1.0,-1,False,False,False,False,False,True,False,False,155.20000000000437,92.97392101173162,57200.443241807145,False,True,-13.643241807141749
2025-07-07 13:15:00+05:30,57186.8,57192.4,57155.0,57169.8,1.0,1,False,False,False,False,False,False,False,False,37.400000000001455,87.4165289105586,57196.40375436507,False,True,-26.60375436506729
2025-07-07 13:30:00+05:30,57168.4,57185.0,57145.0,57169.8,-1.0,-1,False,False,False,False,False,False,False,False,40.0,82.67487601950273,57192.62387766691,False,True,-22.82387766690954
2025-07-07 13:45:00+05:30,57169.2,57201.2,57122.4,57185.0,-3.0,-1,False,False,False,True,False,False,False,False,78.79999999999563,82.28738841755202,57190.538015598504,False,True,-5.538015598503989
2025-07-07 14:00:00+05:30,57190.0,57269.0,57175.2,57212.8,-1.0,-1,False,False,False,False,False,True,False,False,93.80000000000291,83.43864957579711,57191.311462888654,True,False,21.488537111348705
2025-07-07 14:15:00+05:30,57207.8,57235.0,57187.4,57209.0,1.0,1,False,False,False,False,False,False,False,False,47.599999999998545,79.85478461821727,57192.052141171676,True,False,16.94785882832366
2025-07-07 14:30:00+05:30,57207.6,57222.8,57136.4,57153.4,-1.0,-1,False,False,False,False,False,True,False,False,86.40000000000146,80.5093061563957,57188.005472677236,False,True,-34.6054726772345
2025-07-07 14:45:00+05:30,57149.4,57193.4,57137.6,57178.6,-1.0,-1,False,False,False,False,False,False,False,False,55.80000000000291,78.03837554075642,57186.47373583515,False,True,-7.873735835150001
2025-07-07 15:00:00+05:30,57178.0,57223.2,57178.0,57205.0,-1.0,-1,False,False,False,False,False,False,False,False,45.19999999999709,74.75453798668049,57187.55965393751,True,False,17.44034606248897
2025-07-07 15:15:00+05:30,57205.2,57210.0,57167.8,57171.0,1.0,1,False,False,False,False,False,False,False,False,42.19999999999709,71.49908418801215,57185.74252490786,False,True,-14.742524907858751
2025-07-08 09:15:00+05:30,57290.0,57380.0,57149.2,57299.0,-1.0,-1,False,False,False,False,True,True,True,False,230.8000000000029,87.42917576921123,57195.67277051811,True,False,103.32722948188893
2025-07-08 09:30:00+05:30,57298.4,57404.8,57298.4,57402.2,-1.0,-1,False,False,False,False,True,True,True,False,106.40000000000146,89.32625819229025,57215.0008887049,True,False,187.1991112951
2025-07-08 09:45:00+05:30,57403.8,57475.0,57331.0,57340.0,1.0,1,False,False,False,False,False,True,False,False,144.0,94.79363237306123,57228.47421137343,True,False,111.5257886265681
2025-07-08 10:00:00+05:30,57331.0,57365.0,57300.0,57358.8,3.0,1,False,False,False,False,False,False,False,False,65.0,91.8142691357551,57243.1717439076,True,False,115.62825609240099
2025-07-08 10:15:00+05:30,57351.6,57414.8,57344.8,57408.6,-1.0,-1,False,False,False,False,False,False,True,False,70.0,89.63284222217959,57261.70142815694,True,False,146.89857184305583
2025-07-08 10:30:00+05:30,57409.2,57430.0,57370.0,57414.4,-1.0,-1,False,False,False,False,False,False,True,False,60.0,86.66955799996163,57279.861798295,True,False,134.53820170499966
2025-07-08 10:45:00+05:30,57415.0,57423.2,57302.0,57378.8,1.0,1,False,False,False,False,False,True,False,False,121.19999999999709,90.12260219996517,57293.693639926605,True,False,85.10636007339781
2025-07-08 11:00:00+05:30,57374.0,57374.0,57305.6,57315.0,1.0,1,False,False,False,False,False,False,False,False,73.20000000000437,88.43034197996909,57300.50649875992,True,False,14.493501240081969
2025-07-08 11:15:00+05:30,57320.0,57368.6,57280.0,57368.6,1.0,1,False,False,False,False,False,True,False,False,88.59999999999854,88.44730778197203,57310.932727861495,True,False,57.667272138503904
2025-07-08 11:30:00+05:30,57369.0,57384.8,57314.0,57330.0,-1.0,-1,False,False,False,False,False,False,False,False,70.80000000000291,86.68257700377512,57316.65292648699,True,False,13.3470735130104
2025-07-08 11:45:00+05:30,57325.0,57347.0,57310.0,57332.0,1.0,1,False,False,False,False,False,False,False,False,37.0,81.71431930339762,57321.41393331919,True,False,10.586066680807562
2025-07-08 12:00:00+05:30,57336.0,57384.0,57322.8,57322.8,1.0,1,False,False,False,False,False,False,False,False,61.19999999999709,79.66288737305756,57324.31837413826,True,False,-1.5183741382570588
2025-07-08 12:15:00+05:30,57328.0,57375.0,57321.8,57356.4,1.0,1,False,False,False,False,False,False,False,False,53.19999999999709,77.0165986357515,57329.38566470743,True,False,27.014335292573378
2025-07-08 12:30:00+05:30,57365.8,57420.0,57325.2,57364.8,1.0,1,False,False,False,False,False,True,False,True,94.80000000000291,78.79493877217665,57334.45791435922,True,False,30.342085640782898
2025-07-08 12:45:00+05:30,57360.2,57365.0,57331.2,57334.4,3.0,1,False,False,False,False,False,False,False,True,33.80000000000291,74.29544489495927,57336.112066229696,True,False,-1.7120662296947557
2025-07-08 13:00:00+05:30,57334.4,57392.8,57310.0,57382.0,3.0,1,False,False,False,False,False,True,False,True,82.80000000000291,75.14590040546364,57341.523853379935,True,False,40.476146620065265
2025-07-08 13:15:00+05:30,57383.0,57394.0,57340.2,57364.8,1.0,1,False,False,False,False,False,False,False,True,53.80000000000291,73.01131036491756,57344.89947897355,True,False,19.900521026451315
2025-07-08 13:30:00+05:30,57370.4,57380.8,57348.4,57368.0,-1.0,-1,False,False,False,False,False,False,False,True,32.400000000001455,68.95017932842595,57348.13762880817,True,False,19.862371191833518
2025-07-08 13:45:00+05:30,57372.6,57387.8,57350.2,57378.6,1.0,1,False,False,False,False,False,False,False,True,37.60000000000582,65.81516139558394,57351.95853021887,True,False,26.641469781126943
2025-07-08 14:00:00+05:30,57357.6,57373.8,57326.0,57337.4,3.0,1,False,False,False,False,False,False,False,True,52.599999999998545,64.4936452560254,57351.69700303338,False,True,-14.29700303338177
2025-07-08 14:15:00+05:30,57337.2,57355.4,57314.8,57341.0,1.0,1,False,False,False,False,False,False,False,True,40.599999999998545,62.104280730422715,57351.462136129674,False,True,-10.462136129674036
2025-07-08 14:30:00+05:30,57330.0,57375.0,57328.0,57336.6,-1.0,-1,False,False,False,False,False,False,False,True,47.0,60.593852657380445,57350.59745364091,False,True,-13.99745364091359
2025-07-08 14:45:00+05:30,57336.6,57400.0,57328.0,57390.2,1.0,1,False,False,False,False,False,True,False,True,72.0,61.7344673916424,57354.425714223384,True,False,35.7742857766134
2025-07-08 15:00:00+05:30,57396.0,57489.4,57386.6,57456.0,1.0,1,True,False,False,False,True,True,True,True,102.80000000000291,65.84102065247845,57364.07615521883,True,False,91.9238447811731
2025-07-08 15:15:00+05:30,57465.0,57475.0,57430.4,57445.2,1.0,1,False,False,False,False,False,False,True,True,44.599999999998545,63.71691858723045,57372.53725628916,True,False,72.66274371084
2025-07-08 15:30:00+05:30,57459.8,57459.8,57459.8,57459.8,-1.0,-1,False,False,False,False,False,False,True,True,14.60000000000582,58.80522672850799,57382.00699552978,True,False,77.79300447022251
2025-07-09 09:15:00+05:30,57390.8,57465.2,57250.0,57285.6,1.0,1,False,False,False,False,True,True,True,True,215.1999999999971,74.4447040556569,57375.26667339115,False,True,-89.66667339114792
2025-07-09 09:30:00+05:30,57295.8,57325.6,57262.0,57285.2,3.0,1,False,False,True,False,False,False,True,True,63.599999999998545,73.36023365009106,57368.099540657575,False,True,-82.89954065757775
2025-07-09 09:45:00+05:30,57275.2,57378.0,57260.0,57366.0,1.0,1,False,False,False,False,False,True,False,True,118.0,77.82421028508195,57368.027987204776,False,True,-2.0279872047758545
2025-07-09 10:00:00+05:30,57365.8,57398.0,57325.6,57398.0,1.0,1,False,False,False,False,False,False,False,True,72.40000000000146,77.28178925657389,57370.73380040513,True,False,27.266199594872887
2025-07-09 10:15:00+05:30,57397.8,57420.0,57355.0,57356.6,1.0,1,False,False,False,False,False,False,False,True,65.0,76.0536103309165,57369.58559036153,False,True,-12.98559036153165
2025-07-09 10:30:00+05:30,57356.6,57391.4,57340.0,57384.0,3.0,1,False,False,False,False,False,False,False,True,51.400000000001455,73.588249297825,57370.84695926952,True,False,13.153040730481734
2025-07-09 10:45:00+05:30,57380.2,57401.0,57355.2,57384.0,1.0,1,False,False,False,False,False,False,False,True,45.80000000000291,70.80942436804278,57372.06342980837,True,False,11.9365701916322
2025-07-09 11:00:00+05:30,57383.8,57405.0,57360.0,57405.0,-1.0,-1,False,False,False,False,False,False,False,False,45.0,68.2284819312385,57375.14306769086,True,False,29.856932309143303
2025-07-09 11:15:00+05:30,57405.0,57426.0,57385.0,57413.0,0.0,-1,False,False,False,False,False,False,False,False,41.0,65.50563373811465,57378.89092571538,True,False,34.109074284620874
2025-07-09 11:30:00+05:30,57415.8,57429.4,57390.0,57405.2,3.0,1,False,False,False,False,False,False,False,False,39.400000000001455,62.89507036430333,57381.834501476056,True,False,23.365498523940914
2025-07-09 11:45:00+05:30,57400.0,57405.8,57330.0,57374.2,3.0,1,False,False,False,False,False,True,False,False,75.80000000000291,64.18556332787328,57381.83044488266,False,True,-7.6304448826631415
2025-07-09 12:00:00+05:30,57370.0,57405.0,57344.4,57405.0,1.0,1,False,False,False,False,False,False,False,False,60.599999999998545,63.82700699508581,57384.472979082224,True,False,20.5270209177761
2025-07-09 12:15:00+05:30,57399.2,57445.0,57395.0,57424.2,2.0,1,False,False,False,False,False,False,False,False,50.0,62.444306295577235,57388.70599496665,True,False,35.494005033346184
2025-07-09 12:30:00+05:30,57436.0,57451.0,57416.2,57419.4,3.0,1,False,False,False,False,False,False,False,False,34.80000000000291,59.679875666019804,57392.3188288741,True,False,27.081171125901164
2025-07-09 12:45:00+05:30,57412.2,57451.0,57375.2,57435.2,3.0,1,False,False,False,False,False,True,False,False,75.80000000000291,61.29188809941811,57397.14107151396,True,False,38.058928486039804
2025-07-09 13:00:00+05:30,57448.0,57465.0,57400.2,57457.0,1.0,1,False,False,False,False,False,True,False,False,64.80000000000291,61.642699289476596,57403.678893481745,True,False,53.321106518254965
2025-07-09 13:15:00+05:30,57465.0,57499.0,57438.2,57469.8,0.0,1,False,False,False,False,False,False,True,False,60.80000000000291,61.558429360529225,57411.06120893282,True,False,58.73879106718232
2025-07-09 13:30:00+05:30,57460.0,57480.2,57431.2,57440.0,3.0,1,False,False,False,False,False,False,False,False,49.0,60.3025864244763,57415.35725337849,True,False,24.642746621510014
2025-07-09 13:45:00+05:30,57435.0,57449.8,57411.6,57448.8,3.0,1,False,False,False,False,False,False,False,False,38.200000000004366,58.09232778202911,57420.024061761265,True,False,28.77593823873758
2025-07-09 14:00:00+05:30,57440.2,57453.4,57400.0,57418.4,1.0,1,False,False,False,False,False,False,False,False,53.400000000001455,57.62309500382635,57421.49393570311,True,False,-3.0939357031093095
2025-07-09 14:15:00+05:30,57419.4,57430.0,57401.0,57405.2,0.0,1,False,False,False,False,False,False,False,False,29.0,54.76078550344372,57421.34170312968,False,True,-16.141703129680536
2025-07-09 14:30:00+05:30,57402.0,57424.8,57382.0,57400.2,1.0,1,False,False,False,False,False,False,False,False,42.80000000000291,53.564706953099645,57420.368178609046,False,True,-20.168178609048482
2025-07-09 14:45:00+05:30,57409.8,57410.0,57346.0,57361.0,3.0,1,False,False,False,False,True,True,True,False,64.0,54.60823625778968,57415.54950290652,False,True,-54.5495029065205
2025-07-09 15:00:00+05:30,57363.2,57415.0,57363.2,57401.0,-1.0,-1,False,False,False,False,False,False,False,False,54.0,54.547412632010705,57414.17644939456,False,True,-13.176449394559313
2025-07-09 15:15:00+05:30,57401.0,57401.0,57364.2,57370.8,-2.0,-1,False,False,False,False,False,False,False,False,36.80000000000291,52.772671368809924,57409.988860087775,False,True,-39.1888600877719
2025-07-10 09:15:00+05:30,57379.8,57488.6,57378.0,57419.4,-1.0,-1,False,False,False,False,False,True,False,False,117.79999999999563,59.2754042319285,57410.2194024422,True,False,9.180597557802685
2025-07-10 09:30:00+05:30,57420.8,57426.0,57320.0,57350.0,1.0,1,False,False,False,False,False,True,False,False,106.0,63.94786380873565,57404.23096699722,False,True,-54.230966997216456
2025-07-10 09:45:00+05:30,57350.0,57415.0,57324.0,57360.2,1.0,1,False,False,False,False,False,True,False,False,91.0,66.65307742786209,57399.30242054044,False,True,-39.102420540446474
2025-07-10 10:00:00+05:30,57362.6,57390.0,57305.6,57334.0,-3.0,-1,False,False,False,False,False,True,False,False,84.40000000000146,68.42776968507602,57392.22141878921,False,True,-58.221418789209565
2025-07-10 10:15:00+05:30,57335.4,57414.8,57284.0,57411.2,-3.0,-1,False,False,False,False,False,True,False,False,130.8000000000029,74.6649927165687,57392.44506316238,True,False,18.754936837620335
2025-07-10 10:30:00+05:30,57408.0,57415.6,57375.2,57395.4,-1.0,-1,False,False,False,False,False,False,False,False,40.400000000001455,71.23849344491198,57391.56882569899,False,True,3.831174301012652
2025-07-10 10:45:00+05:30,57382.0,57400.0,57320.0,57334.8,-1.0,-1,False,False,False,False,False,True,False,False,80.0,72.11464410042079,57385.49832010691,False,True,-50.698320106908795
2025-07-10 11:00:00+05:30,57334.8,57345.0,57276.0,57328.0,-5.0,-1,False,False,False,False,False,False,False,False,69.0,71.80317969037871,57379.120865125406,False,True,-51.120865125405544
2025-07-10 11:15:00+05:30,57341.4,57345.0,57240.0,57260.6,-5.0,-1,False,True,False,False,True,True,True,False,105.0,75.12286172134084,57366.98896780105,False,True,-106.38896780105279
2025-07-10 11:30:00+05:30,57267.4,57276.0,57230.4,57234.0,-1.0,-1,False,False,False,False,False,False,True,False,45.599999999998545,72.17057554920662,57352.89093525635,False,True,-118.89093525634962
2025-07-10 11:45:00+05:30,57231.2,57280.0,57221.0,57221.0,-1.0,-1,False,False,False,False,False,False,True,False,59.0,70.85351799428597,57338.201942041975,False,True,-117.20194204197469
2025-07-10 12:00:00+05:30,57221.0,57222.0,57162.2,57218.0,-3.0,-1,False,False,False,False,False,False,True,False,59.80000000000291,69.74816619485766,57323.97945164902,False,True,-105.97945164902194
2025-07-10 12:15:00+05:30,57200.0,57292.2,57171.6,57282.0,-3.0,-1,False,False,False,True,False,True,False,False,120.59999999999854,74.83334957537174,57316.4347388234,False,True,-34.43473882340186
2025-07-10 12:30:00+05:30,57282.2,57338.2,57252.0,57255.0,-1.0,-1,False,False,False,False,False,True,False,False,86.19999999999709,75.97001461783427,57307.37980772491,False,True,-52.37980772490846
2025-07-10 12:45:00+05:30,57255.0,57286.8,57230.0,57267.6,-1.0,-1,False,False,False,False,False,False,False,False,56.80000000000291,74.05301315605114,57300.41041429198,False,True,-32.81041429198376
2025-07-10 13:00:00+05:30,57272.2,57272.2,57204.0,57222.0,-3.0,-1,False,False,False,False,False,False,False,False,68.19999999999709,73.46771184044573,57290.2365365241,False,True,-68.23653652409848
2025-07-10 13:15:00+05:30,57228.6,57274.6,57213.6,57263.4,-1.0,-1,False,False,False,False,False,False,False,False,61.0,72.22094065640115,57284.73179294995,False,True,-21.331792949946248
2025-07-10 13:30:00+05:30,57265.0,57268.0,57161.4,57180.2,-1.0,-1,False,True,False,False,True,True,True,False,106.59999999999854,75.65884659076089,57272.56665874457,False,True,-92.36665874456958
2025-07-10 13:45:00+05:30,57180.0,57213.6,57150.0,57213.6,1.0,1,False,False,False,False,False,False,False,False,63.599999999998545,74.45296193168465,57264.293836223944,False,True,-50.693836223945254
2025-07-10 14:00:00+05:30,57200.0,57320.0,57187.8,57250.0,-3.0,-1,False,False,False,False,False,True,False,False,132.1999999999971,80.2276657385159,57260.18787170243,False,True,-10.18787170243013
2025-07-10 14:15:00+05:30,57255.0,57289.8,57235.2,57284.6,-1.0,-1,False,False,False,False,False,False,False,False,54.60000000000582,77.66489916466489,57260.02659616537,False,True,24.573403834627243
2025-07-10 14:30:00+05:30,57284.8,57284.8,57243.6,57244.4,-1.0,-1,False,False,False,True,False,False,False,False,41.200000000004366,74.01840924819884,57256.91035518477,False,True,-12.51035518477147
2025-07-10 14:45:00+05:30,57248.6,57255.0,57201.6,57201.6,-1.0,-1,False,False,False,False,False,False,False,False,53.400000000001455,71.9565683233791,57250.48707818343,False,True,-48.887078183433914
2025-07-10 15:00:00+05:30,57200.0,57224.8,57166.0,57180.0,-1.0,-1,False,False,False,False,False,False,True,False,58.80000000000291,70.64091149104148,57242.62379980584,False,True,-62.62379980584228
2025-07-10 15:15:00+05:30,57175.0,57204.8,57142.2,57159.8,-1.0,-1,False,False,False,False,False,False,True,False,62.60000000000582,69.83682034193791,57233.44177692539,False,True,-73.64177692538942
2025-07-10 15:30:00+05:30,57159.8,57159.8,57159.8,57159.8,-1.0,-1,False,False,False,False,False,False,True,False,0.0,62.85313830774412,57224.79857324729,False,True,-64.9985732472851
2025-07-11 09:15:00+05:30,57075.0,57225.0,57050.0,57208.6,-1.0,-1,False,False,False,False,False,True,False,False,175.0,74.0678244769697,57221.157704539764,False,True,-12.557704539765837
2025-07-11 09:30:00+05:30,57208.2,57210.0,57155.0,57170.0,-1.0,-1,False,False,False,False,False,False,False,True,55.0,72.16104202927274,57214.59363702711,False,True,-44.59363702710834
2025-07-11 09:45:00+05:30,57169.6,57169.6,57100.0,57100.0,-1.0,-1,False,False,False,False,False,False,True,True,70.0,71.94493782634547,57202.24364151226,False,True,-102.24364151225745
2025-07-11 10:00:00+05:30,57100.0,57108.0,56982.2,57004.4,-3.0,-1,False,True,False,False,True,True,True,True,125.80000000000291,77.33044404371121,57181.83953421386,False,True,-177.4395342138596
2025-07-11 10:15:00+05:30,57000.0,57000.0,56924.8,56936.4,-3.0,-1,False,False,False,False,True,True,True,True,79.59999999999854,77.55739963933993,57156.04193101321,False,True,-219.64193101321143
2025-07-11 10:30:00+05:30,56948.2,56948.2,56884.8,56901.6,-3.0,-1,False,False,False,False,False,False,True,True,63.39999999999418,76.14165967540535,57128.11447679623,False,True,-226.5144767962338
2025-07-11 10:45:00+05:30,56900.0,56937.4,56864.2,56875.4,-3.0,-1,False,False,False,False,False,False,True,True,73.20000000000437,75.84749370786525,57099.13003587553,False,True,-223.73003587553103
2025-07-11 11:00:00+05:30,56880.0,56922.4,56833.0,56890.0,-3.0,-1,False,False,False,True,True,True,True,True,89.40000000000146,77.20274433707888,57073.07747816208,False,True,-183.07747816207848
2025-07-11 11:15:00+05:30,56861.6,56893.8,56849.0,56873.4,-3.0,-1,False,False,False,False,False,False,True,True,44.80000000000291,73.96246990337129,57047.36721143352,False,True,-173.96721143351897
2025-07-11 11:30:00+05:30,56870.6,56917.2,56868.6,56885.0,-1.0,-1,False,False,False,False,False,False,False,True,48.599999999998545,71.42622291303401,57024.730440365405,False,True,-139.73044036540523
2025-07-11 11:45:00+05:30,56885.0,56915.0,56860.0,56860.0,-3.0,-1,False,False,False,False,False,False,True,True,55.0,69.78360062173061,57001.95746058254,False,True,-141.95746058254008
2025-07-11 12:00:00+05:30,56860.0,56870.2,56814.0,56864.8,-3.0,-1,False,False,False,False,False,False,False,True,56.19999999999709,68.42524055955725,56981.800916825494,False,True,-117.000916825491
2025-07-11 12:15:00+05:30,56865.0,56908.8,56844.2,56881.2,-3.0,-1,False,False,False,False,False,False,False,True,64.60000000000582,68.04271650360211,56965.31530581549,False,True,-84.11530581549596
2025-07-11 12:30:00+05:30,56881.2,57021.8,56881.0,56988.0,1.0,1,False,False,False,False,True,True,True,True,140.8000000000029,75.3184448532422,56960.630133353414,False,True,27.36986664658616
2025-07-11 12:45:00+05:30,56988.0,56998.0,56930.0,56950.0,-3.0,-1,False,False,False,False,False,False,False,True,68.0,74.58660036791798,56954.418580080724,False,True,-4.418580080724496
2025-07-11 13:00:00+05:30,56950.0,56974.8,56898.4,56910.0,-1.0,-1,False,False,False,False,False,True,False,True,76.40000000000146,74.76794033112633,56946.224194193455,False,True,-36.22419419345533
2025-07-11 13:15:00+05:30,56923.6,56925.0,56889.0,56890.6,-1.0,-1,False,False,False,False,False,False,False,True,36.0,70.8911462980137,56937.68393544362,False,True,-47.083935443624796
2025-07-11 13:30:00+05:30,56893.2,56918.4,56870.0,56890.0,1.0,1,False,False,False,False,False,False,False,True,48.400000000001455,68.64203166821247,56930.31577617693,False,True,-40.31577617693256
2025-07-11 13:45:00+05:30,56876.4,56971.8,56870.2,56971.8,-1.0,-1,False,False,False,False,False,True,False,True,101.60000000000582,71.9378285013918,56931.428776384346,True,False,40.37122361565707
2025-07-11 14:00:00+05:30,56964.0,56980.0,56911.0,56947.0,1.0,1,False,False,False,False,False,False,False,True,69.0,71.64404565125263,56931.153622509475,False,True,15.846377490524901
2025-07-11 14:15:00+05:30,56941.4,56968.0,56900.6,56911.8,-1.0,-1,False,False,False,False,False,False,False,True,67.40000000000146,71.21964108612751,56928.32337750554,False,True,-16.52337750553852
2025-07-11 14:30:00+05:30,56906.8,56959.8,56904.8,56946.6,1.0,1,False,False,False,False,False,False,False,True,55.0,69.59767697751475,56929.12843346951,True,False,17.471566530490236
2025-07-11 14:45:00+05:30,56953.4,56982.0,56925.0,56972.0,-1.0,-1,False,False,False,False,False,False,False,True,57.0,68.33790927976328,56932.58641803193,True,False,39.413581968066865
2025-07-11 15:00:00+05:30,56979.4,56988.0,56925.0,56927.6,1.0,1,False,False,False,False,False,False,False,True,63.0,67.80411835178695,56932.2211868537,False,True,-4.621186853699328
2025-07-11 15:15:00+05:30,56935.0,56939.8,56890.0,56890.0,1.0,1,False,False,False,False,False,False,False,True,49.80000000000291,66.00370651660856,56928.5402879649,False,True,-38.54028796489729
2025-07-11 15:30:00+05:30,56890.0,56890.0,56890.0,56890.0,3.0,1,False,False,False,False,False,False,False,True,0.0,59.4033358649477,56924.92525775138,False,True,-34.92525775138347
2025-07-14 09:15:00+05:30,56888.0,56937.0,56769.2,56882.4,1.0,1,False,False,False,False,False,True,False,True,167.8000000000029,70.24300227845322,56920.70433013597,False,True,-38.30433013597212
2025-07-14 09:30:00+05:30,56877.0,56990.0,56825.6,56980.6,3.0,1,False,False,False,False,False,True,False,True,164.40000000000146,79.65870205060804,56925.50451312662,True,False,55.095486873375194
2025-07-14 09:45:00+05:30,56994.8,57056.0,56969.6,57050.0,1.0,1,True,False,False,False,True,True,True,True,86.40000000000146,80.33283184554739,56936.690115472295,True,False,113.30988452770544
2025-07-14 10:00:00+05:30,57050.0,57075.0,56951.0,57029.2,1.0,1,False,False,False,False,True,True,True,True,124.0,84.69954866099265,56945.94306828531,True,False,83.25693171468447
2025-07-14 10:15:00+05:30,57032.2,57065.0,57003.8,57020.4,-1.0,-1,False,False,False,False,False,False,False,True,61.19999999999709,82.34959379489308,56954.18496494529,True,False,66.215035054709
2025-07-14 10:30:00+05:30,57015.2,57020.0,56925.0,56964.0,1.0,1,False,False,False,False,False,True,False,True,95.40000000000146,83.65463441540392,56956.9689525895,True,False,7.0310474104990135
2025-07-14 10:45:00+05:30,56962.0,56965.6,56892.4,56895.2,-1.0,-1,False,False,True,False,False,False,True,True,73.19999999999709,82.60917097386324,56953.105245788174,False,True,-57.905245788177126
2025-07-14 11:00:00+05:30,56895.2,56918.8,56850.0,56867.2,-1.0,-1,False,False,False,False,False,False,True,True,68.80000000000291,81.22825387647721,56946.336843086836,False,True,-79.13684308683878
2025-07-14 11:15:00+05:30,56861.2,56879.8,56803.0,56830.0,-1.0,-1,False,False,False,False,False,False,True,True,76.80000000000291,80.78542848882978,56935.957860015646,False,True,-105.95786001564556
2025-07-14 11:30:00+05:30,56830.0,56860.0,56789.0,56818.0,1.0,1,False,False,False,False,False,False,True,True,71.0,79.8068856399468,56924.434412565875,False,True,-106.43441256587539
2025-07-14 11:45:00+05:30,56814.6,56844.8,56805.0,56819.8,-1.0,-1,False,False,False,False,False,False,True,True,39.80000000000291,75.80619707595241,56913.22914925671,False,True,-93.4291492567063
2025-07-14 12:00:00+05:30,56818.0,56870.0,56810.2,56856.0,-1.0,-1,False,False,False,False,False,False,False,True,59.80000000000291,74.20557736835747,56905.66291849504,False,True,-49.662918495043414
2025-07-14 12:15:00+05:30,56854.6,56895.2,56837.0,56861.0,-3.0,-1,False,False,False,False,False,False,False,True,58.19999999999709,72.60501963152143,56899.05491160235,False,True,-38.05491160234669
2025-07-14 12:30:00+05:30,56868.4,56899.6,56847.2,56899.6,1.0,1,False,False,False,False,False,False,False,True,52.400000000001455,70.58451766836943,56896.53770743462,False,True,3.0622925653806305
2025-07-14 12:45:00+05:30,56899.6,56910.0,56863.2,56885.2,-1.0,-1,False,False,False,False,False,False,False,True,46.80000000000291,68.20606590153278,56893.32739746753,False,True,-8.127397467535047
2025-07-14 13:00:00+05:30,56885.2,56919.0,56820.0,56835.0,-1.0,-1,False,False,False,False,False,True,False,True,99.0,71.28545931137951,56886.15205663721,False,True,-51.15205663721281
2025-07-14 13:15:00+05:30,56835.0,56915.2,56835.0,56914.8,-1.0,-1,False,False,False,False,False,True,False,True,80.19999999999709,72.17691338024127,56886.794039142296,True,False,28.00596085770667
2025-07-14 13:30:00+05:30,56915.0,56916.0,56845.0,56852.6,1.0,1,False,False,False,False,False,False,False,True,71.0,72.05922204221716,56882.33413468428,False,True,-29.734134684280434
2025-07-14 13:45:00+05:30,56852.0,56869.4,56808.0,56835.0,-1.0,-1,False,False,False,False,False,False,False,True,61.400000000001455,70.99329983799558,56876.74683077193,False,True,-41.746830771931855
2025-07-14 14:00:00+05:30,56828.0,56857.0,56802.0,56855.0,-1.0,-1,False,False,False,False,False,False,False,True,55.0,69.39396985419602,56873.422335574774,False,True,-18.42233557477448
2025-07-14 14:15:00+05:30,56856.4,56876.6,56843.2,56855.2,-1.0,-1,False,False,False,False,False,False,False,True,33.400000000001455,65.79457286877656,56870.5417068902,False,True,-15.341706890205387
2025-07-14 14:30:00+05:30,56859.8,56887.6,56827.4,56887.6,1.0,1,False,False,False,False,False,False,False,True,60.19999999999709,65.23511558189861,56870.985244960866,True,False,16.614755039132433
2025-07-14 14:45:00+05:30,56887.4,57011.0,56871.8,57005.0,1.0,1,True,False,False,False,True,True,True,True,139.1999999999971,72.63160402370846,56882.3980268395,True,False,122.60197316049744
2025-07-14 15:00:00+05:30,57008.6,57027.0,56951.8,56990.0,1.0,1,False,False,False,False,True,True,True,True,75.19999999999709,72.88844362133732,56892.610994072675,True,False,97.38900592732534
2025-07-14 15:15:00+05:30,56990.6,57029.4,56963.6,57001.0,1.0,1,False,False,False,False,False,False,True,True,65.80000000000291,72.17959925920387,56903.75457500672,True,False,97.245424993278
2025-07-15 09:15:00+05:30,56999.8,57160.4,56999.8,57041.6,3.0,1,False,False,False,False,True,True,True,True,160.59999999999854,81.02163933328333,56918.30816656837,True,False,123.29183343162731
2025-07-15 09:30:00+05:30,57046.6,57088.8,57010.0,57032.6,3.0,1,False,False,True,False,False,False,True,True,78.80000000000291,80.7994753999553,56931.56153778167,True,False,101.03846221832646
2025-07-15 09:45:00+05:30,57029.4,57134.8,57012.4,57115.0,3.0,1,False,False,False,False,True,True,True,True,122.40000000000146,84.95952785995992,56951.60154097037,True,False,163.39845902963134
2025-07-15 10:00:00+05:30,57120.0,57240.0,57120.0,57230.4,3.0,1,False,False,False,False,True,True,True,True,125.0,88.96357507396394,56981.20930084755,True,False,249.190699152452
2025-07-15 10:15:00+05:30,57231.2,57252.4,57180.0,57226.0,3.0,1,False,False,False,False,False,False,True,True,72.40000000000146,87.30721756656769,57009.218943442174,True,False,216.78105655782565
2025-07-15 10:30:00+05:30,57225.8,57277.2,57211.0,57274.8,3.0,1,False,False,False,False,False,False,True,True,66.19999999999709,85.19649580991063,57040.12801660044,True,False,234.6719833995594
2025-07-15 10:45:00+05:30,57275.0,57329.8,57248.6,57295.2,1.0,1,False,False,False,False,False,False,True,True,81.20000000000437,84.79684622892,57071.0702209678,True,False,224.1297790321987
2025-07-15 11:00:00+05:30,57296.8,57339.8,57266.0,57274.0,3.0,1,False,False,False,False,False,False,True,True,73.80000000000291,83.69716160602829,57098.00674132998,True,False,175.99325867002335
2025-07-15 11:15:00+05:30,57279.8,57292.6,57251.2,57255.0,1.0,1,False,False,False,False,False,False,False,True,41.400000000001455,79.46744544542561,57120.948730294054,True,False,134.05126970594574
2025-07-15 11:30:00+05:30,57245.4,57310.0,57245.0,57263.4,5.0,1,False,False,False,False,False,False,False,True,65.0,78.02070090088304,57142.2989714938,True,False,121.10102850620024
2025-07-15 11:45:00+05:30,57275.0,57276.2,57225.0,57240.4,3.0,1,False,False,False,False,False,False,False,True,51.19999999999709,75.33863081079446,57159.20937255076,True,False,81.19062744924304
2025-07-15 12:00:00+05:30,57240.6,57264.4,57216.0,57255.6,3.0,1,False,False,False,False,False,False,False,True,48.400000000001455,72.64476772971516,57175.21618766811,True,False,80.38381233188557
2025-07-15 12:15:00+05:30,57242.4,57266.8,57205.2,57257.6,1.0,1,False,False,False,False,False,False,False,True,61.60000000000582,71.54029095674422,57189.25214340185,True,False,68.34785659814952
2025-07-15 12:30:00+05:30,57265.0,57300.0,57259.6,57289.8,3.0,1,False,False,False,False,False,False,False,True,42.400000000001455,68.62626186106993,57204.21052887174,True,False,85.5894711282599
2025-07-15 12:45:00+05:30,57289.8,57310.0,57258.0,57258.2,1.0,1,False,False,False,False,False,False,False,True,52.0,66.96363567496294,57214.46255791229,True,False,43.737442087709496
2025-07-15 13:00:00+05:30,57257.8,57269.8,57230.0,57235.0,1.0,1,False,False,False,False,False,False,False,True,39.80000000000291,64.24727210746694,57220.93953250016,True,False,14.060467499839433
2025-07-15 13:15:00+05:30,57233.2,57242.4,57165.0,57182.4,-1.0,-1,False,False,False,False,True,True,True,True,77.40000000000146,65.5625448967204,57221.189454532076,True,False,-38.78945453207416
2025-07-15 13:30:00+05:30,57168.4,57190.4,57126.0,57145.0,1.0,1,False,False,False,False,False,False,True,True,64.40000000000146,65.44629040704851,57216.85370994197,False,True,-71.85370994197001
2025-07-15 13:45:00+05:30,57143.6,57218.0,57141.0,57199.0,1.0,1,False,False,False,False,False,True,False,True,77.0,66.60166136634366,57216.53225902826,False,True,-17.532259028259432
2025-07-15 14:00:00+05:30,57195.0,57195.0,57126.6,57174.2,-1.0,-1,False,False,False,False,False,True,False,True,72.40000000000146,67.18149522970944,57213.35691352438,False,True,-39.156913524384436
2025-07-15 14:15:00+05:30,57172.6,57187.8,57152.0,57169.4,-1.0,-1,False,False,False,False,False,False,False,True,35.80000000000291,64.04334570673879,57209.36453799408,False,True,-39.964537994077546
2025-07-15 14:30:00+05:30,57169.6,57202.8,57142.0,57159.8,1.0,1,False,False,False,False,False,False,False,True,60.80000000000291,63.719011136065205,57204.32824636237,False,True,-44.52824636236619
2025-07-15 14:45:00+05:30,57159.8,57164.6,57110.0,57154.6,1.0,1,False,False,False,False,False,False,False,True,54.599999999998545,62.80711002245854,57198.82725693529,False,True,-44.22725693529355
2025-07-15 15:00:00+05:30,57161.0,57258.0,57155.8,57252.4,-3.0,-1,False,False,False,False,True,True,True,True,103.40000000000146,66.86639902021282,57202.35260906234,True,False,50.04739093765966
2025-07-15 15:15:00+05:30,57253.4,57260.0,57225.0,57250.0,-3.0,-1,False,False,False,False,False,False,False,True,35.0,63.67975911819154,57205.86898862365,True,False,44.13101137634658
2025-07-15 15:30:00+05:30,57250.0,57250.0,57250.0,57250.0,-1.0,-1,False,False,False,False,False,False,False,True,0.0,57.31178320637239,57209.545240679545,True,False,40.454759320455196
2025-07-16 09:15:00+05:30,57235.8,57278.0,57111.6,57143.6,1.0,1,False,False,False,False,True,True,True,True,166.40000000000146,68.2206048857353,57203.666655382374,False,True,-60.06665538237576
2025-07-16 09:30:00+05:30,57140.8,57252.0,57140.0,57220.2,-1.0,-1,False,False,False,False,False,True,False,True,112.0,72.59854439716176,57204.8225410451,True,False,15.377458954899339
2025-07-16 09:45:00+05:30,57210.6,57211.4,57155.0,57161.6,-3.0,-1,False,False,False,False,False,False,False,True,65.19999999999709,71.85868995744529,57200.76747280752,False,True,-39.167472807523154
2025-07-16 10:00:00+05:30,57161.4,57178.6,57126.0,57140.2,-3.0,-1,False,False,False,False,False,False,False,True,52.599999999998545,69.93282096170063,57194.8720172256,False,True,-54.67201722560276
2025-07-16 10:15:00+05:30,57140.4,57204.8,57122.8,57155.2,-1.0,-1,False,False,False,False,False,True,False,True,82.0,71.13953886553057,57190.49019711033,False,True,-35.2901971103347
2025-07-16 10:30:00+05:30,57160.2,57175.6,57080.0,57085.0,-3.0,-1,False,True,False,False,True,True,True,True,95.59999999999854,73.58558497897737,57179.95290532087,False,True,-94.95290532086801
2025-07-16 10:45:00+05:30,57085.6,57110.6,57060.0,57109.8,-1.0,-1,False,False,False,False,False,False,False,True,50.599999999998545,71.2870264810795,57171.96320303394,False,True,-62.16320303393877
2025-07-16 11:00:00+05:30,57113.2,57147.2,57107.2,57123.8,-1.0,-1,False,False,False,False,False,False,False,True,40.0,68.15832383297155,57165.65365125208,False,True,-41.853651252080454
2025-07-16 11:15:00+05:30,57124.0,57149.0,57101.0,57134.0,1.0,1,False,False,False,False,False,False,False,True,48.0,66.1424914496744,57160.748649529196,False,True,-26.748649529195973
2025-07-16 11:30:00+05:30,57130.4,57139.0,57084.0,57109.4,-1.0,-1,False,False,False,True,False,False,False,True,55.0,65.02824230470695,57154.12649163247,False,True,-44.72649163247115
2025-07-16 11:45:00+05:30,57124.8,57190.0,57097.2,57180.0,1.0,1,False,False,False,False,False,True,False,False,92.80000000000291,67.80541807423654,57154.44376097837,True,False,25.556239021629153
2025-07-16 12:00:00+05:30,57180.0,57237.6,57180.0,57206.6,1.0,1,False,False,False,False,False,False,False,False,57.599999999998545,66.78487626681274,57157.68546384593,True,False,48.91453615406499
2025-07-16 12:15:00+05:30,57207.0,57239.8,57191.0,57216.6,1.0,1,False,False,False,False,False,False,False,False,48.80000000000291,64.98638864013176,57162.23771158615,True,False,54.36228841384582
2025-07-16 12:30:00+05:30,57228.0,57300.0,57211.4,57279.0,1.0,1,True,False,False,False,True,True,True,False,88.59999999999854,67.34774977611843,57172.71003313189,True,False,106.28996686811297
2025-07-16 12:45:00+05:30,57290.0,57325.8,57265.0,57305.2,1.0,1,False,False,False,False,False,False,True,False,60.80000000000291,66.69297479850688,57185.629814895496,True,False,119.57018510450143
2025-07-16 13:00:00+05:30,57306.0,57334.0,57300.4,57329.0,-1.0,-1,False,False,False,False,False,False,True,False,33.599999999998545,63.38367731865604,57200.53923193784,True,False,128.46076806216297
2025-07-16 13:15:00+05:30,57330.0,57340.0,57284.8,57291.0,-1.0,-1,False,False,False,False,False,False,False,False,55.19999999999709,62.56530958679015,57211.58409610802,True,False,79.41590389198245
2025-07-16 13:30:00+05:30,57288.0,57330.0,57266.0,57307.8,1.0,1,False,False,True,False,False,True,False,False,64.0,62.70877862811113,57223.52758202765,True,False,84.27241797235183
2025-07-16 13:45:00+05:30,57310.0,57337.4,57282.4,57292.0,1.0,1,False,False,False,False,False,False,False,False,55.0,61.937900765300014,57233.26571820385,True,False,58.734281796147116
2025-07-16 14:00:00+05:30,57295.0,57339.0,57285.4,57328.0,-1.0,-1,False,False,False,False,False,False,False,False,53.599999999998545,61.104110688769865,57245.390869624294,True,False,82.60913037570572
2025-07-16 14:15:00+05:30,57328.0,57338.4,57245.8,57246.0,-1.0,-1,False,False,False,False,False,True,False,False,92.59999999999854,64.25369961989273,57249.12940749925,True,False,-3.1294074992474634
2025-07-16 14:30:00+05:30,57242.2,57304.2,57242.2,57284.0,1.0,1,False,False,False,False,False,False,False,False,62.0,64.02832965790346,57255.3598283836,True,False,28.6401716163964
2025-07-16 14:45:00+05:30,57290.6,57319.0,57267.0,57287.8,1.0,1,False,False,False,False,False,False,False,False,52.0,62.825496692113106,57261.0446036092,True,False,26.755396390799433
2025-07-16 15:00:00+05:30,57298.8,57317.4,57265.0,57285.0,-1.0,-1,False,False,False,False,False,False,False,False,52.400000000001455,61.78294702290194,57265.64366693767,True,False,19.356333062329213
2025-07-16 15:15:00+05:30,57281.0,57296.6,57231.2,57246.8,-1.0,-1,False,False,False,False,False,True,False,False,65.40000000000146,62.1446523206119,57266.02152302296,True,False,-19.221523022955807
2025-07-16 15:30:00+05:30,57246.8,57246.8,57246.8,57246.8,1.0,1,False,False,False,False,False,False,False,False,0.0,55.9301870885507,57265.75395943793,False,True,-18.953959437923913
2025-07-17 09:15:00+05:30,57380.2,57380.2,57149.0,57178.2,-1.0,-1,False,True,False,False,True,True,True,False,231.1999999999971,73.45716837969535,57258.761843789885,False,True,-80.56184378988837
2025-07-17 09:30:00+05:30,57163.0,57164.2,57089.4,57132.4,-3.0,-1,False,False,False,False,True,True,True,False,88.79999999999563,74.99145154172537,57247.29534997288,False,True,-114.89534997288138
2025-07-17 09:45:00+05:30,57121.8,57172.2,57079.0,57150.0,-3.0,-1,False,False,False,False,True,True,True,False,93.19999999999709,76.81230638755254,57237.35197737431,False,True,-87.35197737431008
2025-07-17 10:00:00+05:30,57146.8,57160.0,57068.2,57075.0,-1.0,-1,False,False,False,False,True,True,True,False,91.80000000000291,78.31107574879758,57220.78000108495,False,True,-145.78000108495326
2025-07-17 10:15:00+05:30,57092.8,57092.8,57026.0,57053.6,-3.0,-1,False,False,False,True,False,False,True,False,66.80000000000291,77.1599681739181,57202.69014137113,False,True,-149.09014137113263
2025-07-17 10:30:00+05:30,57048.0,57085.0,57030.2,57053.0,-3.0,-1,False,False,False,False,False,False,True,False,54.80000000000291,74.92397135652658,57185.24558746198,False,True,-132.24558746197727
2025-07-17 10:45:00+05:30,57059.8,57112.0,57045.6,57090.2,-3.0,-1,False,False,False,False,False,False,False,False,66.40000000000146,74.07157422087407,57172.11665123096,False,True,-81.91665123096027
2025-07-17 11:00:00+05:30,57090.4,57106.0,57022.8,57064.8,-3.0,-1,False,False,False,False,False,True,False,False,83.19999999999709,74.98441679878637,57157.78967235017,False,True,-92.98967235016607
2025-07-17 11:15:00+05:30,57066.2,57107.0,57055.2,57099.8,-5.0,-1,False,False,False,False,False,False,False,False,51.80000000000291,72.66597511890802,57147.839428064115,False,True,-48.039428064112144
2025-07-17 11:30:00+05:30,57094.0,57135.0,57076.8,57130.0,-3.0,-1,False,False,False,False,False,False,False,False,58.19999999999709,71.21937760701692,57141.87034694981,False,True,-11.870346949806844
2025-07-17 11:45:00+05:30,57125.0,57147.2,57075.0,57081.0,-3.0,-1,False,False,False,False,False,True,False,False,72.19999999999709,71.31743984631494,57132.64947603683,False,True,-51.64947603682958
2025-07-17 12:00:00+05:30,57081.2,57089.8,57058.6,57063.6,-3.0,-1,False,False,False,False,False,False,False,False,31.200000000004366,67.30569586168389,57122.967874465656,False,True,-59.36787446565722
2025-07-17 12:15:00+05:30,57063.2,57063.2,57010.6,57030.0,-5.0,-1,False,False,False,False,False,False,True,False,53.0,65.8751262755155,57111.30455439503,False,True,-81.30455439502839
2025-07-17 12:30:00+05:30,57034.4,57074.0,57000.0,57050.0,-3.0,-1,False,False,False,False,False,True,False,False,74.0,66.68761364796396,57102.48570070276,False,True,-52.48570070276037
2025-07-17 12:45:00+05:30,57041.2,57052.4,57020.6,57031.6,-3.0,-1,False,False,False,False,False,False,False,False,31.80000000000291,63.19885228316785,57092.99298015748,False,True,-61.392980157485
2025-07-17 13:00:00+05:30,57026.6,57066.0,57020.8,57032.4,-3.0,-1,False,False,False,False,False,False,False,False,45.19999999999709,61.39896705485078,57084.520065921795,False,True,-52.120065921793866
2025-07-17 13:15:00+05:30,57029.8,57038.0,57013.0,57027.4,-5.0,-1,False,False,False,False,False,False,False,False,25.0,57.7590703493657,57076.49951123445,False,True,-49.099511234446254
2025-07-17 13:30:00+05:30,57028.4,57068.8,57021.0,57043.6,-3.0,-1,False,False,False,False,False,False,False,False,47.80000000000291,56.76316331442943,57070.80926576752,False,True,-27.209265767523902
2025-07-17 13:45:00+05:30,57046.4,57080.2,57029.8,57075.0,-3.0,-1,False,False,False,False,False,False,False,False,50.39999999999418,56.126846982985896,57068.7705003587,False,True,6.22949964129657
2025-07-17 14:00:00+05:30,57074.6,57085.6,57000.0,57026.4,-3.0,-1,False,False,False,False,False,True,False,False,85.59999999999854,59.07416228468717,57063.035412281766,False,True,-36.63541228176473
2025-07-17 14:15:00+05:30,57020.4,57027.0,57002.0,57011.2,-5.0,-1,False,False,False,False,False,False,False,False,25.0,55.66674605621845,57056.549158451846,False,True,-45.34915845184878
2025-07-17 14:30:00+05:30,57010.0,57068.2,57004.0,57031.6,-3.0,-1,False,False,False,False,False,True,False,False,64.19999999999709,56.52007145059631,57052.50262636498,False,True,-20.90262636497937
2025-07-17 14:45:00+05:30,57038.0,57059.8,57017.0,57034.6,-3.0,-1,False,False,False,False,False,False,False,False,42.80000000000291,55.14806430553697,57049.2785802158,False,True,-14.678580215804686
2025-07-17 15:00:00+05:30,57032.4,57060.0,56974.4,56997.4,-3.0,-1,False,False,False,False,False,True,False,False,85.59999999999854,58.193257874983125,57043.17681035411,False,True,-45.77681035410933
2025-07-17 15:15:00+05:30,56997.2,57012.4,56923.6,56928.2,-5.0,-1,False,True,False,False,True,True,True,False,88.80000000000291,61.2539320874851,57031.26613848608,False,True,-103.06613848607958
2025-07-17 15:30:00+05:30,56928.2,56928.2,56928.2,56928.2,-5.0,-1,False,False,False,False,False,False,True,False,0.0,55.128538878736585,57019.866859361304,False,True,-91.6668593613067
2025-07-18 09:15:00+05:30,56744.0,56900.0,56601.0,56635.0,-5.0,-1,False,False,False,False,True,True,True,False,327.1999999999971,82.33568499086263,56982.4863526828,False,True,-347.4863526827976
2025-07-18 09:30:00+05:30,56630.8,56698.0,56630.8,56660.0,-3.0,-1,False,False,False,False,False,False,True,False,67.19999999999709,80.82211649177609,56948.26312296117,False,True,-288.2631229611725
2025-07-18 09:45:00+05:30,56662.2,56692.0,56625.0,56671.8,-5.0,-1,False,False,False,True,False,False,True,False,67.0,79.43990484259848,56916.45120712837,False,True,-244.65120712836506
2025-07-18 10:00:00+05:30,56670.8,56670.8,56542.0,56564.6,-5.0,-1,False,False,False,False,True,True,True,True,129.8000000000029,84.47591435833893,56876.63639791555,False,True,-312.0363979155518
2025-07-18 10:15:00+05:30,56554.2,56554.2,56443.0,56469.8,-5.0,-1,False,False,False,False,True,True,True,True,121.59999999999854,88.1883229225049,56830.31854696516,False,True,-360.5185469651551
2025-07-18 10:30:00+05:30,56472.4,56474.8,56393.0,56410.0,-1.0,-1,False,False,False,False,False,False,True,True,81.80000000000291,87.5494906302547,56781.107095498875,False,True,-371.1070954988754
2025-07-18 10:45:00+05:30,56406.2,56447.0,56380.0,56380.0,-3.0,-1,False,False,False,False,False,False,True,True,67.0,85.49454156722922,56732.15147098648,False,True,-352.15147098647867
2025-07-18 11:00:00+05:30,56380.0,56473.0,56365.0,56457.0,-3.0,-1,False,False,False,False,False,True,False,True,108.0,87.7450874105063,56693.55268675195,False,True,-236.55268675195111
2025-07-18 11:15:00+05:30,56457.4,56519.0,56450.0,56481.6,-5.0,-1,False,False,False,False,False,False,False,True,69.0,85.87057866945568,56660.80575842692,False,True,-179.2057584269205
2025-07-18 11:30:00+05:30,56481.6,56509.8,56422.0,56429.8,-3.0,-1,False,False,False,False,False,True,False,True,87.80000000000291,86.0635208025104,56627.038300092565,False,True,-197.23830009256199
2025-07-18 11:45:00+05:30,56429.0,56485.0,56429.0,56456.0,-3.0,-1,False,False,False,False,False,False,False,True,56.0,83.05716872225936,56599.287962738475,False,True,-143.28796273847547
2025-07-18 12:00:00+05:30,56455.0,56459.4,56417.0,56424.6,-3.0,-1,False,False,False,False,False,False,False,True,42.400000000001455,78.99145185003357,56572.22321139216,False,True,-147.62321139215783
2025-07-18 12:15:00+05:30,56420.4,56453.2,56398.0,56430.0,-5.0,-1,False,False,False,False,False,False,False,True,55.19999999999709,76.61230666502993,56549.000512924096,False,True,-119.00051292409626
2025-07-18 12:30:00+05:30,56427.2,56445.0,56398.6,56404.6,-3.0,-1,False,False,False,False,False,False,False,True,46.400000000001455,73.59107599852709,56526.609856878174,False,True,-122.00985687817592
2025-07-18 12:45:00+05:30,56403.4,56447.8,56394.0,56428.2,-1.0,-1,False,False,False,False,False,False,False,True,53.80000000000291,71.61196839867468,56509.25280933569,False,True,-81.05280933569156
2025-07-18 13:00:00+05:30,56429.2,56497.0,56395.4,56412.4,-1.0,-1,False,False,False,False,False,True,False,True,101.59999999999854,74.61077155880706,56493.09489273628,False,True,-80.6948927362755
2025-07-18 13:15:00+05:30,56412.2,56439.8,56390.4,56400.2,-3.0,-1,False,False,False,False,False,False,False,True,49.400000000001455,72.0896944029265,56478.185891065994,False,True,-77.98589106599684
2025-07-18 13:30:00+05:30,56401.4,56453.0,56390.8,56441.2,-1.0,-1,False,False,False,False,False,False,False,True,62.19999999999709,71.10072496263356,56469.094533791875,False,True,-27.89453379187762
2025-07-18 13:45:00+05:30,56442.2,56475.0,56392.2,56433.8,-1.0,-1,False,False,False,False,False,True,False,True,82.80000000000291,72.27065246637049,56461.16682047714,False,True,-27.36682047713839
2025-07-18 14:00:00+05:30,56449.0,56472.8,56423.6,56443.6,1.0,1,False,False,False,False,False,False,False,True,49.200000000004366,69.96358721973388,56455.68844094709,False,True,-12.088440947089111
2025-07-18 14:15:00+05:30,56457.2,56518.8,56418.8,56510.0,-3.0,-1,False,False,False,False,True,True,True,True,100.0,72.96722849776049,56457.53656475868,True,False,52.46343524131953
2025-07-18 14:30:00+05:30,56518.0,56549.6,56439.6,56439.6,-1.0,-1,False,False,False,False,False,True,False,True,110.0,76.67050564798444,56454.023816029796,False,True,-14.423816029797308
2025-07-18 14:45:00+05:30,56447.6,56474.8,56420.4,56462.6,-1.0,-1,False,False,False,False,False,False,False,True,54.400000000001455,74.44345508318614,56453.36655788192,False,True,9.233442118078528
2025-07-18 15:00:00+05:30,56466.0,56495.0,56415.2,56431.8,1.0,1,False,False,False,False,False,True,False,True,79.80000000000291,74.9791095748678,56450.50034118014,False,True,-18.700341180134274
2025-07-18 15:15:00+05:30,56430.8,56460.0,56354.6,56366.8,-1.0,-1,False,True,False,False,True,True,True,True,105.40000000000146,78.02119861738117,56442.17502029462,False,True,-75.37502029461757
2025-07-18 15:30:00+05:30,56354.2,56354.2,56354.2,56354.2,-1.0,-1,False,False,False,False,False,False,True,True,12.60000000000582,71.47907875564364,56433.08955559388,False,True,-78.88955559387978
2025-07-21 09:15:00+05:30,56640.0,56640.2,56350.0,56360.4,-1.0,-1,False,False,False,False,False,True,False,True,290.1999999999971,93.35117088007898,56424.97434080696,False,True,-64.57434080696112
2025-07-21 09:30:00+05:30,56363.6,56550.0,56363.6,56545.0,1.0,1,True,False,False,True,True,True,True,True,189.59999999999854,102.97605379207093,56434.04837410322,True,False,110.95162589677784
2025-07-21 09:45:00+05:30,56557.2,56789.8,56546.2,56744.8,1.0,1,False,False,False,False,True,True,True,True,244.8000000000029,117.15844841286412,56461.60325217731,True,False,283.1967478226943
2025-07-21 10:00:00+05:30,56735.0,56831.8,56717.8,56773.0,1.0,1,False,False,False,False,False,False,True,True,114.0,116.84260357157771,56491.725995639405,True,False,281.2740043605954
2025-07-21 10:15:00+05:30,56783.4,56804.2,56724.2,56772.0,1.0,1,False,False,False,False,False,False,True,True,80.0,113.15834321441994,56521.27176972863,True,False,250.728230271372
2025-07-21 10:30:00+05:30,56780.0,56849.0,56773.4,56792.0,3.0,1,False,False,True,False,False,False,True,True,77.0,109.54250889297796,56551.66833334876,True,False,240.33166665124008
2025-07-21 10:45:00+05:30,56805.0,56859.0,56783.6,56858.6,1.0,1,False,False,False,False,False,False,True,True,75.40000000000146,106.12825800368032,56586.71196730345,True,False,271.8880326965518
2025-07-21 11:00:00+05:30,56860.0,56875.0,56820.2,56848.4,1.0,1,False,False,False,False,False,False,True,True,54.80000000000291,100.99543220331257,56619.02666035564,True,False,229.37333964436402
2025-07-21 11:15:00+05:30,56843.2,56865.6,56821.2,56835.0,-1.0,-1,False,False,False,False,False,False,False,True,44.400000000001455,95.33588898298146,56647.96036653509,True,False,187.03963346491219
2025-07-21 11:30:00+05:30,56830.4,56905.6,56747.0,56785.4,1.0,1,False,False,False,False,False,True,False,True,158.59999999999854,101.66230008468317,56669.98463255334,True,False,115.41536744665791
2025-07-21 11:45:00+05:30,56768.2,56806.6,56730.0,56804.4,1.0,1,False,False,False,False,False,False,False,True,76.59999999999854,99.1560700762147,56691.216900949636,True,False,113.18309905036585
2025-07-21 12:00:00+05:30,56817.8,56837.0,56790.0,56834.6,1.0,1,False,False,False,False,False,False,False,True,47.0,93.94046306859323,56712.683131625214,True,False,121.91686837478483
2025-07-21 12:15:00+05:30,56837.0,56845.2,56787.8,56790.0,1.0,1,False,False,False,False,False,False,False,True,57.39999999999418,90.28641676173332,56727.654369345735,True,False,62.34563065426482
2025-07-21 12:30:00+05:30,56790.4,56844.0,56771.4,56844.0,1.0,1,False,False,False,False,False,False,False,True,72.59999999999854,88.51777508555985,56745.19583675826,True,False,98.80416324173711
2025-07-21 12:45:00+05:30,56844.0,56991.0,56844.0,56975.0,3.0,1,True,False,False,False,True,True,True,True,147.0,94.36599757700387,56772.453225895064,True,False,202.54677410493605
2025-07-21 13:00:00+05:30,56975.0,57030.0,56975.0,56995.0,1.0,1,False,False,False,False,False,False,True,True,55.0,90.42939781930349,56799.42585530213,True,False,195.57414469787182
2025-07-21 13:15:00+05:30,57000.0,57022.0,56953.0,56976.0,1.0,1,False,False,False,False,False,False,True,True,69.0,88.28645803737314,56822.55690234185,True,False,153.44309765814978
2025-07-21 13:30:00+05:30,56974.4,57004.0,56958.8,56960.0,1.0,1,False,False,False,False,False,False,False,True,45.19999999999709,83.97781223363553,56842.11892390353,True,False,117.88107609646977
2025-07-21 13:45:00+05:30,56955.0,56972.8,56817.0,56845.6,1.0,1,False,False,True,False,False,True,False,True,155.8000000000029,91.16003101027226,56849.23815186489,True,False,-3.6381518648922793
2025-07-21 14:00:00+05:30,56850.0,56912.4,56825.8,56880.0,1.0,1,False,False,False,False,False,False,False,True,86.59999999999854,90.7040279092449,56857.56811138447,True,False,22.431888615530625
2025-07-21 14:15:00+05:30,56880.4,56924.0,56863.6,56898.8,1.0,1,False,False,False,False,False,False,False,True,60.400000000001455,87.67362511832056,56865.92920790607,True,False,32.87079209393414
2025-07-21 14:30:00+05:30,56899.4,56904.6,56835.8,56885.0,1.0,1,False,False,False,False,False,False,False,True,68.79999999999563,85.78626260648807,56871.56993919827,True,False,13.430060801729269
2025-07-21 14:45:00+05:30,56889.0,56950.0,56876.2,56942.8,1.0,1,False,False,False,False,False,False,False,True,73.80000000000291,84.58763634583956,56881.18259235493,True,False,61.61740764506976
2025-07-21 15:00:00+05:30,56950.0,56996.8,56944.0,56976.0,1.0,1,False,False,False,False,False,False,False,True,54.0,81.5288727112556,56892.699363549465,True,False,83.30063645053451
2025-07-21 15:15:00+05:30,56976.0,57000.0,56962.4,56990.0,1.0,1,False,False,False,False,False,False,False,True,37.599999999998545,77.1359854401299,56904.467216034835,True,False,85.53278396516544
2025-07-21 15:30:00+05:30,56994.0,56994.0,56994.0,56994.0,1.0,1,False,False,False,False,False,False,False,True,4.0,69.82238689611691,56915.62396172504,True,False,78.37603827496059
2025-07-22 09:15:00+05:30,57205.2,57211.6,57026.0,57045.8,3.0,1,True,False,False,False,True,True,True,True,217.59999999999854,84.60014820650507,56930.52858762345,True,False,115.27141237655451
2025-07-22 09:30:00+05:30,57040.0,57098.8,56980.0,57030.0,3.0,1,False,False,False,False,False,True,False,True,118.80000000000291,88.02013338585485,56943.03514499983,True,False,86.96485500017297
2025-07-22 09:45:00+05:30,57030.0,57100.0,57020.0,57035.8,1.0,1,False,False,False,False,False,False,False,True,80.0,87.21812004726937,56955.063417693906,True,False,80.73658230609726
2025-07-22 10:00:00+05:30,57055.0,57082.0,57000.0,57078.0,1.0,1,False,False,False,False,False,False,True,True,82.0,86.69630804254243,56969.8920346804,True,False,108.10796531959932
2025-07-22 10:15:00+05:30,57076.6,57146.4,57070.0,57076.8,1.0,1,False,False,True,False,False,False,False,True,76.40000000000146,85.66667723828833,56983.544793720386,True,False,93.25520627961669
2025-07-22 10:30:00+05:30,57076.2,57098.0,57000.0,57006.0,1.0,1,False,False,False,False,False,True,False,True,98.0,86.9000095144595,56989.65971054959,True,False,16.340289450410637
2025-07-22 10:45:00+05:30,57002.0,57035.0,56947.4,57014.6,-1.0,-1,False,False,False,False,False,True,False,True,87.59999999999854,86.97000856301341,56995.45748977325,True,False,19.1425102267458
2025-07-22 11:00:00+05:30,57013.6,57024.0,56912.6,56965.0,-1.0,-1,False,False,False,False,False,True,False,True,111.40000000000146,89.41300770671221,56995.74809427022,True,False,-30.748094270216825
2025-07-22 11:15:00+05:30,56957.8,56974.0,56900.0,56963.0,-1.0,-1,False,False,False,False,False,False,False,True,74.0,87.87170693604098,56994.97931341137,False,True,-31.97931341137155
2025-07-22 11:30:00+05:30,56947.0,56958.0,56910.0,56929.8,3.0,1,False,False,False,False,False,False,False,True,53.0,84.38453624243688,56990.49935392089,False,True,-60.69935392088519
2025-07-22 11:45:00+05:30,56944.2,56966.0,56885.0,56957.8,1.0,1,False,False,False,False,False,False,False,True,81.0,84.0460826181932,56988.058126272444,False,True,-30.258126272441586
2025-07-22 12:00:00+05:30,56958.0,56970.0,56923.2,56930.0,1.0,1,False,False,False,False,False,False,False,True,46.80000000000291,80.32147435637417,56982.790307367446,False,True,-52.790307367446076
2025-07-22 12:15:00+05:30,56930.0,57019.2,56930.0,56995.6,1.0,1,False,False,False,False,False,True,False,True,89.19999999999709,81.20932692073646,56983.339061670435,True,False,12.260938329563942
2025-07-22 12:30:00+05:30,56999.8,57019.8,56971.4,56989.6,1.0,1,False,False,False,False,False,False,False,True,48.400000000001455,77.92839422866295,56983.33566270155,False,True,6.264337298445753
2025-07-22 12:45:00+05:30,56988.6,57010.0,56955.8,56973.2,-1.0,-1,False,False,False,False,False,False,False,True,54.19999999999709,75.55555480579636,56981.89120363318,False,True,-8.691203633185069
2025-07-22 13:00:00+05:30,56975.2,57003.6,56934.6,56944.2,-1.0,-1,False,False,False,False,False,False,False,True,69.0,74.89999932521673,56977.908546351195,False,True,-33.70854635119758
2025-07-22 13:15:00+05:30,56941.0,56952.6,56903.2,56907.0,-1.0,-1,False,False,False,False,False,False,True,True,49.400000000001455,72.3499993926952,56970.70024198075,False,True,-63.700241980746796
2025-07-22 13:30:00+05:30,56906.2,56925.8,56856.8,56868.0,-1.0,-1,False,False,False,False,False,False,True,False,69.0,72.01499945342567,56960.18712311561,False,True,-92.18712311561103
2025-07-22 13:45:00+05:30,56863.4,56896.6,56827.0,56866.8,-1.0,-1,False,False,False,False,False,False,True,False,69.59999999999854,71.77349950808295,56949.91616654838,False,True,-83.11616654837417
2025-07-22 14:00:00+05:30,56867.6,56923.8,56862.2,56883.0,-3.0,-1,False,False,False,False,False,False,False,False,61.60000000000582,70.75614955727524,56941.59316508958,False,True,-58.59316508958
2025-07-22 14:15:00+05:30,56883.2,56883.2,56800.0,56822.4,-3.0,-1,False,True,False,False,True,True,True,False,83.19999999999709,72.00053460154741,56928.34966239991,False,True,-105.94966239990754
2025-07-22 14:30:00+05:30,56824.2,56878.0,56820.2,56878.0,-3.0,-1,False,False,False,False,False,False,False,False,57.80000000000291,70.58048114139297,56920.82327025531,False,True,-42.82327025530685
2025-07-22 14:45:00+05:30,56880.0,56899.0,56860.4,56864.6,1.0,1,False,False,False,False,False,False,False,False,38.599999999998545,67.38243302725353,56912.83722895815,False,True,-48.237228958154446
2025-07-22 15:00:00+05:30,56860.0,56860.0,56808.4,56822.8,-3.0,-1,False,False,False,False,False,False,True,False,56.19999999999709,66.26418972452788,56901.839104768216,False,True,-79.03910476821329
2025-07-22 15:15:00+05:30,56823.0,56844.8,56750.0,56750.0,-1.0,-1,False,False,False,True,True,True,True,True,94.80000000000291,69.11777075207539,56885.05473390941,False,True,-135.05473390941188
2025-07-23 09:15:00+05:30,56866.0,56915.2,56825.4,56900.0,-1.0,-1,False,False,False,False,False,True,False,True,165.1999999999971,78.72599367686755,56882.77867840723,False,True,17.221321592769527
2025-07-23 09:30:00+05:30,56900.0,56910.0,56780.0,56801.0,1.0,1,False,False,False,False,False,True,False,True,130.0,83.8533943091808,56872.448322683515,False,True,-71.44832268351456
2025-07-23 09:45:00+05:30,56801.0,56835.2,56780.0,56826.2,-1.0,-1,False,False,False,False,False,False,False,True,55.19999999999709,80.98805487826243,56865.27895801432,False,True,-39.0789580143246
2025-07-23 10:00:00+05:30,56829.8,56838.6,56757.8,56811.6,1.0,1,False,False,False,False,False,False,False,True,80.79999999999563,80.96924939043575,56857.64985722471,False,True,-46.04985722470883
2025-07-23 10:15:00+05:30,56813.0,56878.0,56788.0,56867.0,-1.0,-1,False,False,False,False,False,True,False,True,90.0,81.87232445139217,56855.87236323279,False,True,11.127636767210788
2025-07-23 10:30:00+05:30,56870.0,56890.0,56831.6,56890.0,1.0,1,False,False,False,False,False,False,False,True,58.400000000001455,79.5250920062531,56856.93218622217,True,False,33.06781377783045
2025-07-23 10:45:00+05:30,56890.4,56919.4,56871.0,56891.6,-1.0,-1,False,False,False,False,False,False,False,False,48.400000000001455,76.41258280562793,56858.74952993081,True,False,32.85047006919194
2025-07-23 11:00:00+05:30,56891.6,56945.0,56884.0,56925.8,1.0,1,False,False,False,False,False,False,True,False,61.0,74.87132452506515,56864.12322304444,True,False,61.67677695556631
2025-07-23 11:15:00+05:30,56938.8,56956.4,56885.8,56892.0,1.0,1,False,False,False,False,False,False,False,False,70.59999999999854,74.44419207255848,56866.713057389934,True,False,25.286942610066035
2025-07-23 11:30:00+05:30,56893.0,56915.0,56887.4,56912.0,3.0,1,False,False,False,False,False,False,False,False,27.599999999998545,69.7597728653025,56871.23680264978,True,False,40.76319735022116
2025-07-23 11:45:00+05:30,56915.0,56974.0,56915.0,56960.0,1.0,1,False,False,False,False,False,False,True,False,62.0,68.98379557877224,56880.10329886709,True,False,79.89670113290776
2025-07-23 12:00:00+05:30,56960.0,57025.0,56960.0,57010.0,3.0,1,False,False,False,False,False,False,True,False,65.0,68.58541602089502,56893.33976384825,True,False,116.66023615175072
2025-07-23 12:15:00+05:30,57010.0,57092.8,57010.0,57067.2,3.0,1,True,False,False,False,True,True,True,False,82.80000000000291,70.00687441880582,56911.403102161355,True,False,155.7968978386416
2025-07-23 12:30:00+05:30,57082.0,57179.0,57053.0,57120.0,3.0,1,False,False,False,False,True,True,True,False,126.0,75.60618697692524,56933.65540547643,True,False,186.3445945235726
2025-07-23 12:45:00+05:30,57120.0,57146.4,57088.0,57118.4,3.0,1,False,False,False,False,False,False,True,True,58.400000000001455,73.88556827923287,56954.88728223076,True,False,163.51271776924114
2025-07-23 13:00:00+05:30,57122.4,57168.0,57115.4,57126.4,5.0,1,False,False,False,False,False,False,True,True,52.599999999998545,71.75701145130944,56975.70391291733,True,False,150.69608708267333
2025-07-23 13:15:00+05:30,57126.4,57158.0,57115.0,57158.0,5.0,1,False,False,True,False,False,False,True,True,43.0,68.88131030617849,56998.030450168444,True,False,159.96954983155592
2025-07-23 13:30:00+05:30,57156.2,57180.0,57135.2,57170.2,3.0,1,False,False,False,False,False,False,True,True,44.80000000000291,66.47317927556094,57019.92445065512,True,False,150.27554934487853
2025-07-23 13:45:00+05:30,57169.8,57225.0,57163.8,57214.8,5.0,1,False,False,False,False,False,False,True,True,61.19999999999709,65.94586134800456,57044.170020905556,True,False,170.62997909444675
2025-07-23 14:00:00+05:30,57216.0,57241.0,57180.8,57237.2,5.0,1,False,False,False,False,False,False,True,True,60.19999999999709,65.3712752132038,57068.6214810598,True,False,168.57851894019404
2025-07-23 14:15:00+05:30,57241.0,57249.0,57180.8,57185.0,3.0,1,False,False,False,False,False,True,False,True,68.19999999999709,65.65414769188314,57086.39445546676,True,False,98.60554453323857
2025-07-23 14:30:00+05:30,57168.2,57230.0,57160.0,57230.0,5.0,1,False,False,False,False,False,True,False,True,70.0,66.08873292269483,57106.26035779856,True,False,123.73964220144262
2025-07-23 14:45:00+05:30,57225.6,57294.0,57210.2,57235.0,5.0,1,False,False,False,False,False,True,False,True,83.80000000000291,67.85985963042563,57124.60885577342,True,False,110.39114422658167
2025-07-23 15:00:00+05:30,57235.0,57268.4,57225.4,57231.4,3.0,1,False,False,False,False,False,False,False,True,43.0,65.37387366738307,57140.686791046726,True,False,90.71320895327517
2025-07-23 15:15:00+05:30,57230.0,57246.4,57214.2,57225.2,1.0,1,False,False,False,False,False,False,False,True,32.200000000004366,62.056486300645204,57154.322708799256,True,False,70.87729120074073
2025-07-23 15:30:00+05:30,57237.4,57237.4,57237.4,57237.4,3.0,1,False,False,False,False,False,False,False,True,12.200000000004366,57.07083767058113,57167.28734203376,True,False,70.11265796624502
2025-07-24 09:15:00+05:30,57410.2,57410.2,57101.2,57110.0,3.0,1,False,False,False,False,True,True,True,True,309.0,82.26375390352301,57167.04488006138,False,True,-57.044880061381264
2025-07-24 09:30:00+05:30,57113.2,57142.0,57075.0,57140.8,1.0,1,False,False,False,False,False,False,False,True,67.0,80.73737851317071,57168.15740435484,True,False,-27.357404354836035
2025-07-24 09:45:00+05:30,57140.8,57150.0,57056.6,57106.2,1.0,1,False,False,False,False,False,True,False,True,93.40000000000146,82.00364066185378,57164.986295143695,False,True,-58.786295143698226
2025-07-24 10:00:00+05:30,57106.4,57109.8,57057.6,57060.2,3.0,1,False,False,False,False,False,False,True,True,52.200000000004366,79.02327659566883,57156.78279780458,False,True,-96.58279780458543
2025-07-24 10:15:00+05:30,57057.0,57124.8,57054.0,57109.8,3.0,1,False,False,False,False,False,False,False,True,70.80000000000291,78.20094893610224,57152.53612626712,False,True,-42.73612626711838
2025-07-24 10:30:00+05:30,57109.4,57168.8,57100.0,57149.8,-1.0,-1,False,False,False,False,False,False,False,True,68.80000000000291,77.2608540424923,57151.662608831924,False,True,-1.8626088319215341
2025-07-24 10:45:00+05:30,57148.0,57166.0,57118.0,57118.0,-1.0,-1,False,False,False,False,False,False,False,True,48.0,74.33476863824306,57147.83547982226,False,True,-29.835479822257184
2025-07-24 11:00:00+05:30,57117.2,57117.2,57062.2,57072.8,1.0,1,False,False,False,False,False,False,False,True,55.80000000000291,72.48129177441905,57139.97537929975,False,True,-67.17537929974787
2025-07-24 11:15:00+05:30,57083.6,57128.6,57021.0,57060.8,1.0,1,False,False,False,False,False,True,False,True,107.59999999999854,75.993162596977,57131.24246022108,False,True,-70.44246022107836
2025-07-24 11:30:00+05:30,57061.0,57069.2,57000.4,57038.4,-3.0,-1,False,False,False,False,False,False,True,True,68.79999999999563,75.27384633727885,57120.845597468615,False,True,-82.44559746861341
2025-07-24 11:45:00+05:30,57034.0,57056.8,56982.8,57005.2,-3.0,-1,False,False,False,False,False,False,True,True,74.0,75.14646170355097,57107.94428582034,False,True,-102.74428582034307
2025-07-24 12:00:00+05:30,57000.0,57020.0,56931.8,56971.4,-1.0,-1,False,True,False,False,True,True,True,True,88.19999999999709,76.45181553319557,57092.62591740913,False,True,-121.22591740913049
2025-07-24 12:15:00+05:30,56970.8,57025.0,56970.4,57020.0,1.0,1,False,False,False,False,False,False,False,True,54.599999999998545,74.26663397987588,57082.51478048662,False,True,-62.51478048662102
2025-07-24 12:30:00+05:30,57023.8,57045.0,56990.0,57015.2,-3.0,-1,False,False,False,False,False,False,False,True,55.0,72.3399705818883,57072.875133332585,False,True,-57.6751333325883
2025-07-24 12:45:00+05:30,57012.0,57018.2,56951.6,56953.8,-1.0,-1,False,False,False,False,False,False,True,True,66.59999999999854,71.76597352369933,57058.61404145889,False,True,-104.81404145888519
2025-07-24 13:00:00+05:30,56951.2,56995.0,56935.4,56992.0,-1.0,-1,False,False,False,True,False,False,False,True,59.599999999998545,70.54937617132926,57048.815021243085,False,True,-56.81502124308463
2025-07-24 13:15:00+05:30,56991.6,57070.8,56976.0,57069.4,1.0,1,False,False,False,False,False,True,False,True,94.80000000000291,72.97443855419662,57047.07119386888,False,True,22.32880613112502
2025-07-24 13:30:00+05:30,57073.4,57111.6,57034.8,57097.6,-1.0,-1,False,False,False,False,False,True,False,True,76.79999999999563,73.35699469877652,57048.85094982737,True,False,48.7490501726279
2025-07-24 13:45:00+05:30,57107.6,57189.8,57076.0,57090.0,1.0,1,False,False,False,False,False,True,False,True,113.80000000000291,77.40129522889916,57050.742340066136,True,False,39.25765993386449
2025-07-24 14:00:00+05:30,57080.2,57160.2,57065.4,57153.6,1.0,1,True,False,False,False,True,True,True,True,94.79999999999563,79.1411657060088,57059.01099994207,True,False,94.58900005793112
2025-07-24 14:15:00+05:30,57153.8,57183.6,57095.0,57095.0,1.0,1,False,False,False,False,False,True,False,True,88.59999999999854,80.08704913540778,57062.34999327327,True,False,32.65000672673341
2025-07-24 14:30:00+05:30,57095.2,57180.0,57095.0,57140.2,1.0,1,False,False,False,False,False,True,False,True,85.0,80.57834422186701,57069.953903941285,True,False,70.24609605871228
2025-07-24 14:45:00+05:30,57144.0,57153.4,57110.0,57121.6,-1.0,-1,False,False,False,False,False,False,False,True,43.400000000001455,76.86050979968046,57075.85456511385,True,False,45.74543488615018
2025-07-24 15:00:00+05:30,57120.0,57160.0,57111.0,57124.2,-1.0,-1,False,False,True,False,False,False,False,True,49.0,74.07445881971242,57081.80185289741,True,False,42.39814710258361
2025-07-24 15:15:00+05:30,57126.6,57149.8,57090.0,57115.4,-1.0,-1,False,False,False,False,False,False,False,True,59.80000000000291,72.64701293774147,57086.63535417936,True,False,28.764645820643636
2025-07-25 09:15:00+05:30,57068.2,57130.0,56932.2,57130.0,1.0,1,False,False,False,False,False,True,False,True,197.8000000000029,85.16231164396761,57092.38917123225,True,False,37.6108287677489
2025-07-25 09:30:00+05:30,57131.0,57185.0,57030.0,57054.8,-1.0,-1,False,False,False,False,False,True,False,True,155.0,92.14608047957086,57090.86259688751,False,True,-36.06259688751015
2025-07-25 09:45:00+05:30,57051.8,57124.2,57038.0,57062.4,-1.0,-1,False,False,False,False,False,False,False,True,86.19999999999709,91.55147243161348,57089.576276875756,False,True,-27.17627687575441
2025-07-25 10:00:00+05:30,57065.2,57083.4,57006.0,57015.0,-1.0,-1,False,False,False,False,False,False,False,True,77.40000000000146,90.13632518845228,57083.626821893515,False,True,-68.62682189351472
2025-07-25 10:15:00+05:30,57005.0,57005.0,56882.4,56903.8,1.0,1,False,False,False,False,True,True,True,True,132.59999999999854,94.3826926696069,57067.353635488515,False,True,-163.55363548851165
2025-07-25 10:30:00+05:30,56895.0,56923.2,56749.6,56797.8,-1.0,-1,False,True,False,False,True,True,True,True,173.59999999999854,102.30442340264605,57041.46612005515,False,True,-243.66612005514617
2025-07-25 10:45:00+05:30,56792.6,56820.6,56765.0,56792.4,-1.0,-1,False,False,False,False,False,False,True,True,55.599999999998545,97.63398106238131,57015.46378307159,False,True,-223.06378307158593
2025-07-25 11:00:00+05:30,56790.0,56830.0,56702.2,56715.0,-3.0,-1,False,False,False,False,True,True,True,True,127.80000000000291,100.65058295614347,56983.24239591952,False,True,-268.2423959195221
2025-07-25 11:15:00+05:30,56710.0,56742.0,56670.2,56740.0,-1.0,-1,False,False,False,False,False,False,True,True,71.80000000000291,97.76552466052941,56954.51549287505,False,True,-214.51549287504895
2025-07-25 11:30:00+05:30,56739.8,56800.0,56677.6,56706.8,-3.0,-1,False,False,False,True,True,True,True,True,122.40000000000146,100.22897219447661,56924.40142981131,False,True,-217.60142981130775
2025-07-25 11:45:00+05:30,56703.2,56709.0,56630.0,56648.8,-3.0,-1,False,False,False,False,False,False,True,True,79.0,98.10607497502895,56890.968616511054,False,True,-242.16861651105137
2025-07-25 12:00:00+05:30,56637.0,56648.0,56603.0,56638.8,-5.0,-1,False,False,False,False,False,False,True,True,45.80000000000291,92.87546747752634,56858.85972043481,False,True,-220.0597204348087
2025-07-25 12:15:00+05:30,56629.0,56639.8,56529.0,56548.0,-3.0,-1,False,True,False,False,True,True,True,True,110.80000000000291,94.66792072977401,56820.993195352865,False,True,-272.99319535286486
2025-07-25 12:30:00+05:30,56562.0,56640.8,56535.0,56601.0,-3.0,-1,False,False,False,False,False,True,False,True,105.80000000000291,95.7811286567969,56790.628587866624,False,True,-189.628587866624
2025-07-25 12:45:00+05:30,56607.2,56639.2,56570.6,56602.4,-3.0,-1,False,False,False,False,False,False,False,True,68.59999999999854,93.06301579111707,56763.24314951047,False,True,-160.8431495104669
2025-07-25 13:00:00+05:30,56592.0,56620.0,56555.4,56609.0,-3.0,-1,False,False,False,False,False,False,False,True,64.59999999999854,90.21671421200521,56739.33801164128,False,True,-130.3380116412809
2025-07-25 13:15:00+05:30,56606.0,56640.0,56571.0,56605.2,-5.0,-1,False,False,False,True,False,False,False,True,69.0,88.09504279080468,56717.91690222918,False,True,-112.71690222918551
2025-07-25 13:30:00+05:30,56611.8,56627.4,56511.0,56623.6,-3.0,-1,False,False,False,False,False,True,False,True,116.40000000000146,90.92553851172435,56700.8731443211,False,True,-77.27314432110143
2025-07-25 13:45:00+05:30,56625.0,56675.0,56608.4,56651.2,-3.0,-1,False,False,False,False,False,False,False,True,66.59999999999854,88.49298466055177,56688.861371497034,False,True,-37.66137149703718
2025-07-25 14:00:00+05:30,56660.0,56674.8,56571.0,56571.0,-3.0,-1,False,False,False,False,False,True,False,True,103.80000000000291,90.02368619449689,56671.86107729562,False,True,-100.86107729562355
2025-07-25 14:15:00+05:30,56571.0,56617.0,56570.2,56583.6,-3.0,-1,False,False,False,False,False,False,False,True,46.80000000000291,85.7013175750475,56658.058310912325,False,True,-74.45831091232685
2025-07-25 14:30:00+05:30,56594.0,56620.0,56571.2,56597.8,-3.0,-1,False,False,False,False,False,False,False,True,48.80000000000291,82.01118581754304,56647.41157275985,False,True,-49.61157275984442
2025-07-25 14:45:00+05:30,56604.4,56650.0,56579.8,56644.6,-3.0,-1,False,False,False,False,False,False,False,True,70.19999999999709,80.83006723578845,56642.67238989267,False,True,1.9276101073264726
2025-07-25 15:00:00+05:30,56649.0,56650.0,56597.4,56624.2,-3.0,-1,False,False,False,False,False,False,False,True,52.599999999998545,78.00706051220945,56637.50813275293,False,True,-13.308132752936217
2025-07-25 15:15:00+05:30,56624.2,56636.8,56539.6,56560.4,-3.0,-1,False,False,False,False,False,True,False,True,97.20000000000437,79.92635446098895,56627.73954015796,False,True,-67.33954015796189
2025-07-25 15:30:00+05:30,56539.4,56539.4,56539.4,56539.4,-3.0,-1,False,False,False,False,False,False,True,True,21.0,74.03371901489005,56617.082016285094,False,True,-77.68201628509269
2025-07-28 09:15:00+05:30,56298.4,56477.2,56265.6,56444.0,-1.0,-1,False,True,False,False,True,True,True,True,273.8000000000029,94.01034711340134,56598.704863279934,False,True,-154.70486327993422
2025-07-28 09:30:00+05:30,56460.0,56596.0,56426.0,56426.0,-1.0,-1,False,False,False,False,True,True,True,True,170.0,101.6093124020612,56579.63946277516,False,True,-153.63946277515788
2025-07-28 09:45:00+05:30,56423.2,56522.4,56412.2,56450.0,-1.0,-1,False,False,False,False,False,True,False,True,110.20000000000437,102.46838116185552,56563.79538509056,False,True,-113.79538509056147
2025-07-28 10:00:00+05:30,56458.8,56574.4,56448.0,56562.8,-1.0,-1,False,False,False,False,False,True,False,True,126.40000000000146,104.86154304567012,56559.316657207426,False,True,3.4833427925768774
2025-07-28 10:15:00+05:30,56580.0,56670.0,56567.0,56650.0,-1.0,-1,False,False,False,True,True,True,True,True,107.19999999999709,105.09538874110281,56563.86332051257,True,False,86.13667948742659
2025-07-28 10:30:00+05:30,56655.8,56669.2,56501.0,56536.2,-1.0,-1,False,False,False,False,False,True,False,True,168.1999999999971,111.40584986699223,56559.03323377773,False,True,-22.833233777731948
2025-07-28 10:45:00+05:30,56531.0,56550.0,56426.0,56547.0,-1.0,-1,False,False,False,False,False,True,False,True,124.0,112.665264880293,56555.953640451284,False,True,-8.953640451283718
2025-07-28 11:00:00+05:30,56540.2,56615.0,56460.0,56481.6,-3.0,-1,False,False,False,False,False,True,False,True,155.0,116.89873839226371,56547.61500451785,False,True,-66.0150045178525
2025-07-28 11:15:00+05:30,56477.8,56535.0,56477.8,56506.0,-3.0,-1,False,False,False,False,False,False,False,True,57.19999999999709,110.92886455303706,56542.09815231872,False,True,-36.098152318721986
2025-07-28 11:30:00+05:30,56510.0,56549.0,56468.0,56469.8,-3.0,-1,False,False,False,False,False,False,False,True,81.0,107.93597809773337,56533.879265738724,False,True,-64.079265738721
2025-07-28 11:45:00+05:30,56467.2,56499.8,56433.8,56474.4,-1.0,-1,False,False,False,False,False,False,False,True,66.0,103.74238028796003,56526.639359208995,False,True,-52.23935920899385
2025-07-28 12:00:00+05:30,56482.4,56482.4,56425.0,56431.8,-3.0,-1,False,False,False,False,False,False,True,True,57.400000000001455,99.10814225916417,56516.10457877339,False,True,-84.30457877338631
2025-07-28 12:15:00+05:30,56431.4,56491.0,56412.0,56491.0,-3.0,-1,False,False,False,False,False,False,False,True,79.0,97.09732803324775,56511.53640868502,False,True,-20.536408685016795
2025-07-28 12:30:00+05:30,56474.6,56483.6,56408.6,56414.8,-3.0,-1,False,False,False,False,False,False,True,True,82.40000000000146,95.62759522992312,56500.673206470376,False,True,-85.87320647037268
2025-07-28 12:45:00+05:30,56415.2,56426.0,56326.0,56346.2,-3.0,-1,False,True,False,False,True,True,True,True,100.0,96.06483570693081,56484.22311940591,False,True,-138.02311940591608
2025-07-28 13:00:00+05:30,56323.2,56335.6,56211.0,56219.0,-3.0,-1,False,False,False,False,True,True,True,True,135.1999999999971,99.97835213623743,56456.983970139285,False,True,-237.9839701392848
2025-07-28 13:15:00+05:30,56210.2,56236.2,56125.0,56134.4,-3.0,-1,False,False,False,False,True,True,True,True,111.19999999999709,101.1005169226134,56423.05036503221,False,True,-288.650365032212
2025-07-28 13:30:00+05:30,56130.0,56162.2,56070.0,56115.0,-3.0,-1,False,False,False,False,False,False,True,True,92.19999999999709,100.21046523035177,56388.68624805136,False,True,-273.68624805135914
2025-07-28 13:45:00+05:30,56114.4,56164.8,56095.2,56120.0,-1.0,-1,False,False,False,True,False,False,True,True,69.60000000000582,97.14941870731718,56356.48317971559,False,True,-236.483179715593
2025-07-28 14:00:00+05:30,56121.8,56128.2,56061.0,56122.2,-1.0,-1,False,False,False,False,False,False,True,True,67.19999999999709,94.15447683658518,56326.51313348832,False,True,-204.3131334883219
2025-07-28 14:15:00+05:30,56125.8,56153.0,56097.4,56119.8,-3.0,-1,False,False,False,False,False,False,False,True,55.599999999998545,90.29902915292652,56298.603924718875,False,True,-178.8039247188717
2025-07-28 14:30:00+05:30,56119.2,56250.0,56119.2,56248.8,-3.0,-1,False,False,False,False,False,True,False,True,130.8000000000029,94.34912623763417,56284.83242999446,False,True,-36.032429994455015
2025-07-28 14:45:00+05:30,56248.4,56248.4,56150.0,56211.8,-3.0,-1,False,False,False,False,False,True,False,True,98.80000000000291,94.79421361387105,56270.13950862992,False,True,-58.3395086299206
2025-07-28 15:00:00+05:30,56217.8,56217.8,56165.2,56180.0,-3.0,-1,False,False,False,False,False,False,False,True,52.60000000000582,90.57479225248453,56254.85126236975,False,True,-74.85126236975339
2025-07-28 15:15:00+05:30,56177.6,56190.0,56154.0,56187.4,-3.0,-1,False,False,False,False,False,False,False,True,36.0,85.11731302723607,56242.36969983384,False,True,-54.96969983384042
2025-07-28 15:30:00+05:30,56187.4,56187.4,56187.4,56187.4,-3.0,-1,False,False,False,False,False,False,False,True,0.0,76.60558172451246,56231.849617561194,False,True,-44.44961756119301
2025-07-29 09:15:00+05:30,55999.2,56159.2,55979.0,56157.6,-3.0,-1,False,False,False,False,False,True,False,True,208.40000000000146,89.78502355206136,56220.385412754906,False,True,-62.785412754907156
2025-07-29 09:30:00+05:30,56157.0,56167.0,56062.0,56139.8,-3.0,-1,False,False,False,False,False,True,False,True,105.0,91.30652119685523,56208.87217305398,False,True,-69.07217305397353
2025-07-29 09:45:00+05:30,56136.4,56225.0,56099.0,56150.0,-3.0,-1,False,False,False,False,False,True,False,True,126.0,94.7758690771697,56199.68958056236,False,True,-49.68958056235715
2025-07-29 10:00:00+05:30,56148.0,56215.0,56109.0,56118.0,-3.0,-1,False,False,False,False,False,True,False,True,106.0,95.89828216945273,56188.86431707041,False,True,-70.86431707040902
2025-07-29 10:15:00+05:30,56117.0,56128.6,56005.0,56022.6,-3.0,-1,False,True,False,False,True,True,True,True,123.59999999999854,98.6684539525073,56170.52629519766,False,True,-147.92629519766342
2025-07-29 10:30:00+05:30,56014.0,56064.0,56000.2,56032.2,-1.0,-1,False,False,False,False,False,False,True,True,63.80000000000291,95.18160855725687,56154.17450910182,False,True,-121.97450910181942
2025-07-29 10:45:00+05:30,56020.2,56030.2,55955.0,56018.4,-1.0,-1,False,False,False,False,False,False,True,True,77.19999999999709,93.38344770153088,56137.73214301053,False,True,-119.33214301052794
2025-07-29 11:00:00+05:30,56018.4,56025.8,55975.4,56010.0,-1.0,-1,False,False,False,False,False,False,True,True,50.400000000001455,89.08510293137795,56121.73337141939,False,True,-111.73337141938828
2025-07-29 11:15:00+05:30,56010.0,56137.0,56010.0,56094.2,-1.0,-1,False,False,False,True,False,True,False,True,127.0,92.87659263824015,56114.623198312955,False,True,-20.42319831295754
2025-07-29 11:30:00+05:30,56080.6,56140.4,56033.0,56040.4,-1.0,-1,False,False,False,False,False,True,False,True,107.40000000000146,94.32893337441628,56103.867191839716,False,True,-63.46719183971436
2025-07-29 11:45:00+05:30,56040.4,56093.6,56021.4,56055.2,1.0,1,False,False,False,False,False,False,False,True,72.19999999999709,92.11604003697435,56095.62191820786,False,True,-40.42191820785956
2025-07-29 12:00:00+05:30,56049.4,56121.6,56011.0,56100.4,1.0,1,False,False,False,False,False,True,False,True,110.59999999999854,93.96443603327677,56092.59012404031,False,True,7.809875959690544
2025-07-29 12:15:00+05:30,56109.4,56129.0,56050.0,56084.0,-1.0,-1,False,False,False,False,False,False,False,True,79.0,92.46799242994909,56089.07511890361,False,True,-5.075118903609109
2025-07-29 12:30:00+05:30,56084.0,56109.0,56063.0,56080.2,-1.0,-1,False,False,False,False,False,False,False,True,46.0,87.82119318695418,56086.07740922824,False,True,-5.87740922824014
2025-07-29 12:45:00+05:30,56080.0,56109.0,56063.4,56080.0,1.0,1,False,False,False,False,False,False,False,True,45.599999999998545,83.59907386825861,56083.79278048362,False,True,-3.7927804836217547
2025-07-29 13:00:00+05:30,56082.6,56170.0,56067.8,56166.2,1.0,1,True,False,False,False,True,True,True,True,102.19999999999709,85.45916648143246,56089.93018071889,True,False,76.26981928110763
2025-07-29 13:15:00+05:30,56167.2,56184.6,56147.4,56159.6,1.0,1,False,False,False,False,False,False,False,True,37.19999999999709,80.63324983328893,56095.89809974882,True,False,63.70190025118063
2025-07-29 13:30:00+05:30,56159.4,56249.0,56150.0,56219.4,1.0,1,False,False,False,False,True,True,True,True,99.0,82.46992484996004,56107.49790134593,True,False,111.90209865407087
2025-07-29 13:45:00+05:30,56229.0,56330.0,56229.0,56301.6,3.0,1,False,False,False,False,True,True,True,True,110.59999999999854,85.2829323649639,56126.526678312825,True,False,175.07332168717403
2025-07-29 14:00:00+05:30,56307.4,56400.0,56300.2,56357.8,1.0,1,False,False,True,False,True,True,True,True,99.80000000000291,86.7346391284678,56150.32347600327,True,False,207.47652399673098
2025-07-29 14:15:00+05:30,56358.0,56386.8,56315.0,56345.2,1.0,1,False,False,False,False,False,False,True,True,71.80000000000291,85.24117521562133,56172.29003588031,True,False,172.90996411968808
2025-07-29 14:30:00+05:30,56352.0,56368.0,56217.0,56268.6,1.0,1,False,False,False,False,False,True,False,True,151.0,91.81705769405919,56186.28583263986,True,False,82.31416736014216
2025-07-29 14:45:00+05:30,56264.0,56297.0,56199.0,56257.4,3.0,1,False,False,False,False,False,True,False,True,98.0,92.43535192465326,56198.02899860008,True,False,59.371001399922534
2025-07-29 15:00:00+05:30,56260.0,56325.0,56243.4,56313.0,3.0,1,False,False,False,False,False,False,False,True,81.59999999999854,91.35181673218779,56213.49210063909,True,False,99.50789936091314
2025-07-29 15:15:00+05:30,56321.4,56389.4,56313.6,56327.2,1.0,1,False,False,False,False,False,False,False,True,76.40000000000146,89.85663505896915,56228.86651137219,True,False,98.33348862780986
2025-07-30 09:15:00+05:30,56339.6,56339.8,56144.0,56164.0,-1.0,-1,False,True,False,False,True,True,True,True,195.8000000000029,100.45097155307252,56228.017108969114,False,True,-64.0171089691139
2025-07-30 09:30:00+05:30,56155.6,56291.6,56155.6,56291.6,3.0,1,False,False,False,False,False,True,False,True,136.0,104.00587439776527,56237.41172738032,True,False,54.18827261967817
2025-07-30 09:45:00+05:30,56288.4,56297.8,56160.0,56265.4,1.0,1,False,False,False,False,False,True,False,True,137.8000000000029,107.38528695798905,56243.26603936861,True,False,22.133960631392256
2025-07-30 10:00:00+05:30,56249.0,56265.4,56177.2,56242.0,-1.0,-1,False,False,False,False,False,False,False,False,88.20000000000437,105.46675826219057,56245.941854945966,True,False,-3.9418549459660426
2025-07-30 10:15:00+05:30,56229.0,56265.6,56183.0,56183.0,-1.0,-1,False,False,False,True,False,False,False,False,82.59999999999854,103.18008243597137,56242.36356496639,False,True,-59.363564966392005
2025-07-30 10:30:00+05:30,56183.2,56245.0,56157.0,56181.2,3.0,1,False,False,False,False,False,False,False,False,88.0,101.66207419237423,56237.9271027833,False,True,-56.72710278330487
2025-07-30 10:45:00+05:30,56181.0,56202.8,56106.0,56197.6,1.0,1,False,False,False,False,False,False,False,False,96.80000000000291,101.1758667731371,56234.52402293562,False,True,-36.924022935621906
2025-07-30 11:00:00+05:30,56184.4,56225.2,56145.4,56225.2,-1.0,-1,False,False,False,False,False,False,False,False,79.79999999999563,99.03828009582296,56233.37943719813,False,True,-8.179437198130472
2025-07-30 11:15:00+05:30,56225.4,56356.0,56225.4,56345.0,-1.0,-1,False,False,False,False,True,True,True,False,130.8000000000029,102.21445208624095,56243.00326916758,True,False,101.99673083241942
2025-07-30 11:30:00+05:30,56340.0,56355.4,56233.6,56295.8,1.0,1,False,False,False,False,False,True,False,False,121.80000000000291,104.17300687761715,56248.08846635514,True,False,47.71153364486236
2025-07-30 11:45:00+05:30,56296.0,56338.0,56271.6,56315.4,-1.0,-1,False,False,False,False,False,False,False,False,66.40000000000146,100.39570618985559,56254.814194741986,True,False,60.58580525801517
2025-07-30 12:00:00+05:30,56311.6,56330.0,56265.2,56267.0,-3.0,-1,False,False,False,False,False,False,False,False,64.80000000000291,96.83613557087031,56256.96197779401,True,False,10.038022205990274
2025-07-30 12:15:00+05:30,56262.2,56334.8,56262.2,56310.2,-3.0,-1,False,False,False,False,False,False,False,False,72.60000000000582,94.41252201378386,56262.797918229655,True,False,47.40208177034219
2025-07-30 12:30:00+05:30,56310.0,56324.6,56271.0,56278.0,-1.0,-1,False,False,False,False,False,False,False,False,53.599999999998545,90.33126981240532,56265.450711791455,True,False,12.549288208545477
2025-07-30 12:45:00+05:30,56278.0,56305.0,56250.0,56300.0,-1.0,-1,False,False,False,False,False,False,False,False,55.0,86.7981428311648,56269.797511016695,True,False,30.202488983304647
2025-07-30 13:00:00+05:30,56290.0,56306.0,56222.4,56253.8,-3.0,-1,False,False,False,False,False,False,False,False,83.59999999999854,86.47832854804817,56269.63429544767,False,True,-15.83429544766841
2025-07-30 13:15:00+05:30,56254.8,56264.8,56196.4,56222.0,-3.0,-1,False,False,False,False,False,False,False,False,68.40000000000146,84.6704956932435,56266.274277301425,False,True,-44.27427730142517
2025-07-30 13:30:00+05:30,56222.0,56300.0,56222.0,56260.6,1.0,1,False,False,False,False,False,False,False,False,78.0,84.00344612391915,56266.17320201345,False,True,-5.573202013452828
2025-07-30 13:45:00+05:30,56259.8,56262.0,56213.4,56246.0,-1.0,-1,False,False,False,False,False,False,False,False,48.599999999998545,80.46310151152709,56264.58072809388,False,True,-18.5807280938825
2025-07-30 14:00:00+05:30,56262.4,56275.8,56224.6,56245.6,-1.0,-1,False,False,False,False,False,False,False,False,51.200000000004366,77.5367913603748,56262.84099175561,False,True,-17.240991755614232
2025-07-30 14:15:00+05:30,56245.4,56280.0,56224.6,56280.0,-3.0,-1,False,False,False,False,False,False,False,False,55.400000000001455,75.32311222433746,56264.173179394376,True,False,15.826820605623652
2025-07-30 14:30:00+05:30,56266.0,56318.2,56250.2,56264.4,-1.0,-1,False,False,False,False,False,False,False,False,68.0,74.59080100190371,56264.07710693393,False,True,0.3228930660698097
2025-07-30 14:45:00+05:30,56258.0,56291.4,56252.2,56256.6,-1.0,-1,False,False,False,False,False,False,False,False,39.200000000004366,71.05172090171378,56263.272037644405,False,True,-6.672037644406373
2025-07-30 15:00:00+05:30,56251.0,56288.0,56200.2,56208.4,-1.0,-1,False,False,False,False,False,True,False,False,87.80000000000291,72.7265488115427,56258.11615295714,False,True,-49.71615295713855
2025-07-30 15:15:00+05:30,56215.4,56228.8,56185.0,56201.6,-3.0,-1,False,False,False,False,False,False,False,False,43.80000000000291,69.83389393038871,56252.416800643405,False,True,-50.81680064340617
2025-07-31 09:15:00+05:30,55946.6,55977.6,55766.0,55868.2,-3.0,-1,False,True,False,False,True,True,True,False,435.59999999999854,106.4105045373497,56216.64617346587,False,True,-348.4461734658762
2025-07-31 09:30:00+05:30,55868.2,55888.0,55809.8,55850.0,-3.0,-1,False,False,False,False,False,False,True,False,78.19999999999709,103.58945408361441,56179.696356038345,False,True,-329.6963560383447
2025-07-31 09:45:00+05:30,55838.0,55860.4,55682.0,55699.0,-3.0,-1,False,False,False,False,True,True,True,True,178.40000000000146,111.07050867525314,56130.06276861729,False,True,-431.0627686172884
2025-07-31 10:00:00+05:30,55687.8,55691.6,55541.0,55578.2,-5.0,-1,False,False,False,False,True,True,True,True,158.0,115.7634578077278,56071.08816700849,False,True,-492.88816700849566
2025-07-31 10:15:00+05:30,55576.6,55620.6,55528.2,55606.2,-1.0,-1,False,False,False,True,False,False,True,True,92.40000000000146,113.42711202695516,56016.9818544949,False,True,-410.7818544949041
2025-07-31 10:30:00+05:30,55596.8,55628.0,55560.0,55598.4,-1.0,-1,False,False,False,False,False,False,True,True,68.0,108.88440082425964,55965.17204932312,False,True,-366.77204932311724
2025-07-31 10:45:00+05:30,55602.4,55699.0,55593.6,55680.0,-1.0,-1,False,False,False,False,False,False,False,True,105.40000000000146,108.53596074183383,55924.28996269003,False,True,-244.28996269003255
2025-07-31 11:00:00+05:30,55685.0,55887.6,55682.8,55788.8,-3.0,-1,False,False,False,False,False,True,False,True,207.59999999999854,118.44236466765031,55897.12701716515,False,True,-108.32701716514566
2025-07-31 11:15:00+05:30,55788.8,55960.0,55770.8,55918.0,1.0,1,False,False,False,False,True,True,True,True,189.1999999999971,125.51812820088499,55885.57544407066,False,True,32.424555929341295
2025-07-31 11:30:00+05:30,55930.2,56059.0,55925.0,56050.0,1.0,1,True,False,False,False,True,True,True,True,141.0,127.06631538079648,55889.63200231896,True,False,160.3679976810381
2025-07-31 11:45:00+05:30,56036.4,56133.8,56019.8,56030.0,1.0,1,False,False,False,False,False,False,True,True,114.0,125.75968384271683,55894.97414066705,True,False,135.02585933294904
2025-07-31 12:00:00+05:30,56016.8,56108.0,55884.6,56100.4,-1.0,-1,False,False,False,False,True,True,True,True,223.40000000000146,135.52371545844528,55909.12329770898,True,False,191.27670229101932
2025-07-31 12:15:00+05:30,56106.0,56195.8,56089.8,56100.0,1.0,1,False,False,False,False,False,False,True,True,106.0,132.57134391260075,55924.94184308159,True,False,175.0581569184069
2025-07-31 12:30:00+05:30,56105.0,56307.6,56080.0,56245.2,1.0,1,False,False,True,False,True,True,True,True,227.59999999999854,142.07420952134052,55954.89851859678,True,False,290.301481403214
2025-07-31 12:45:00+05:30,56244.0,56350.0,56218.8,56337.2,1.0,1,False,False,False,False,False,False,True,True,131.1999999999971,140.98678856920617,55993.40680530405,True,False,343.79319469595066
2025-07-31 13:00:00+05:30,56335.0,56385.8,56294.0,56315.4,-1.0,-1,False,False,False,False,False,False,True,True,91.80000000000291,136.06810971228583,56029.32093021767,True,False,286.0790697823322
2025-07-31 13:15:00+05:30,56330.0,56420.0,56308.2,56418.8,3.0,1,False,False,False,False,False,False,True,True,111.80000000000291,133.64129874105754,56073.24549291379,True,False,345.55450708621356
2025-07-31 13:30:00+05:30,56417.6,56450.0,56292.2,56318.4,1.0,1,False,False,False,False,False,True,False,True,157.8000000000029,136.05716886695208,56106.04601336812,True,False,212.35398663188244
2025-07-31 13:45:00+05:30,56311.4,56379.4,56265.4,56305.6,1.0,1,False,False,False,False,False,False,False,True,114.0,133.85145198025685,56135.16413268661,True,False,170.4358673133902
2025-07-31 14:00:00+05:30,56310.6,56419.0,56285.8,56322.0,-1.0,-1,False,False,False,False,False,False,False,True,133.1999999999971,133.78630678223087,56162.98273910955,True,False,159.01726089044678
2025-07-31 14:15:00+05:30,56321.0,56329.8,56185.0,56192.0,3.0,1,False,False,False,False,False,True,False,True,144.8000000000029,134.88767610400808,56176.10324361249,True,False,15.896756387512141
2025-07-31 14:30:00+05:30,56192.4,56263.0,56097.4,56217.2,1.0,1,False,False,False,False,False,True,False,False,165.59999999999854,137.9589084936071,56188.674939405355,True,False,28.525060594642127
2025-07-31 14:45:00+05:30,56203.2,56211.8,56065.4,56132.0,1.0,1,False,False,False,False,False,True,False,False,151.79999999999563,139.34301764424598,56190.93410781521,True,False,-58.93410781520652
2025-07-31 15:00:00+05:30,56107.6,56107.6,55970.2,55985.0,-1.0,-1,False,True,False,False,True,True,True,False,161.8000000000029,141.58871587982168,56177.628025141166,False,True,-192.6280251411663
2025-07-31 15:15:00+05:30,55985.0,55987.6,55957.0,55958.4,3.0,1,False,False,False,False,False,False,True,False,30.599999999998545,130.48984429183935,56160.21721716224,False,True,-201.81721716223547
2025-07-31 15:30:00+05:30,55958.4,55958.4,55958.4,55958.4,1.0,1,False,False,False,False,False,False,True,False,0.0,117.4408598626554,56141.77310489457,False,True,-183.37310489457013
2025-08-01 09:15:00+05:30,56200.0,56200.0,56000.0,56012.6,1.0,1,False,False,False,False,False,True,False,False,241.59999999999854,129.8567738763897,56127.84499308328,False,True,-115.24499308328086
2025-08-01 09:30:00+05:30,56010.0,56122.0,55976.8,56067.0,-1.0,-1,False,False,False,True,False,True,False,False,145.1999999999971,131.39109648875043,56118.97566133784,False,True,-51.9756613378413
2025-08-01 09:45:00+05:30,56067.0,56105.4,56018.0,56055.8,3.0,1,False,False,False,False,False,False,False,False,87.40000000000146,126.99198683987554,56109.57567791945,False,True,-53.775677919446025
2025-08-01 10:00:00+05:30,56055.8,56149.0,56018.0,56146.0,1.0,1,False,False,False,False,False,True,False,False,131.0,127.39278815588798,56109.07285750012,False,True,36.927142499880574
2025-08-01 10:15:00+05:30,56148.4,56228.8,56120.6,56223.2,-1.0,-1,False,False,False,False,False,False,True,False,108.20000000000437,125.47350934029961,56116.37825405223,True,False,106.82174594776734
2025-08-01 10:30:00+05:30,56220.8,56249.8,56197.4,56224.4,-3.0,-1,False,False,False,False,False,False,True,False,52.400000000001455,118.1661584062698,56124.49800706007,True,False,99.90199293992919
2025-08-01 10:45:00+05:30,56213.2,56225.4,56124.0,56153.4,1.0,1,False,False,False,False,False,False,False,False,101.40000000000146,116.48954256564298,56126.675906820084,True,False,26.724093179916963
2025-08-01 11:00:00+05:30,56145.0,56230.8,56075.0,56081.4,-1.0,-1,False,False,False,False,False,True,False,False,155.8000000000029,120.42058830907897,56122.635206087594,False,True,-41.235206087592815
2025-08-01 11:15:00+05:30,56075.8,56109.2,56028.2,56058.8,-3.0,-1,False,False,False,False,False,False,False,False,81.0,116.47852947817107,56116.76556490559,False,True,-57.96556490558578
2025-08-01 11:30:00+05:30,56062.2,56062.2,56001.2,56001.2,-3.0,-1,False,False,False,False,False,False,True,False,61.0,110.93067653035396,56105.87866411524,False,True,-104.67866411524301
2025-08-01 11:45:00+05:30,56008.8,56082.0,55996.0,56028.8,-1.0,-1,False,False,False,False,False,False,False,False,86.0,108.43760887731855,56097.75256328809,False,True,-68.95256328809046
2025-08-01 12:00:00+05:30,56028.6,56052.8,55950.0,56006.6,-1.0,-1,False,False,False,False,False,False,False,False,102.80000000000291,107.87384798958699,56087.95490089782,False,True,-81.35490089782252
2025-08-01 12:15:00+05:30,55992.0,56068.8,55988.6,56028.2,-3.0,-1,False,False,False,False,False,False,False,False,80.20000000000437,105.10646319062873,56080.53822765464,False,True,-52.33822765463992
2025-08-01 12:30:00+05:30,56024.2,56080.0,55941.8,55971.0,-1.0,-1,False,False,False,False,False,True,False,False,138.1999999999971,108.41581687156557,56068.434773387846,False,True,-97.43477338784578
2025-08-01 12:45:00+05:30,55966.0,56030.0,55956.4,56003.4,1.0,1,False,False,False,False,False,False,False,False,73.59999999999854,104.93423518440886,56059.859026465056,False,True,-56.459026465054194
2025-08-01 13:00:00+05:30,56003.2,56029.0,55972.0,55999.4,-1.0,-1,False,False,False,False,False,False,False,False,57.0,100.14081166596797,56051.6011625046,False,True,-52.20116250459978
2025-08-01 13:15:00+05:30,56004.2,56055.0,55976.6,56045.0,-3.0,-1,False,False,False,False,False,False,False,False,78.40000000000146,97.96673049937132,56048.20613408463,False,True,-3.206134084626683
2025-08-01 13:30:00+05:30,56048.0,56079.8,55950.0,56007.2,-1.0,-1,False,False,False,False,False,True,False,False,129.8000000000029,101.15005744943448,56042.10654437795,False,True,-34.90654437795456
2025-08-01 13:45:00+05:30,56004.0,56008.8,55928.8,55950.2,-1.0,-1,False,False,False,False,False,False,False,False,80.0,99.03505170449104,56031.528491363824,False,True,-81.3284913638272
2025-08-01 14:00:00+05:30,55951.4,55979.8,55918.0,55968.0,-3.0,-1,False,False,False,False,False,False,False,False,61.80000000000291,95.31154653404222,56023.27003492484,False,True,-55.27003492484073
2025-08-01 14:15:00+05:30,55952.6,55980.0,55900.0,55918.8,-5.0,-1,False,False,False,False,False,False,True,False,80.0,93.780391880638,56011.28408173994,False,True,-92.48408173993812
2025-08-01 14:30:00+05:30,55900.0,55962.8,55880.0,55899.4,-3.0,-1,False,False,False,False,False,False,True,False,82.80000000000291,92.6823526925745,55998.30698564592,False,True,-98.9069856459173
2025-08-01 14:45:00+05:30,55891.0,55915.0,55862.8,55880.0,-1.0,-1,False,False,False,False,False,False,True,False,52.19999999999709,88.63411742331675,55984.406124184934,False,True,-104.40612418493401
2025-08-01 15:00:00+05:30,55875.0,55904.4,55730.0,55768.8,-5.0,-1,False,True,False,False,True,True,True,False,174.40000000000146,97.21070568098523,55961.33524536621,False,True,-192.53524536620534
2025-08-01 15:15:00+05:30,55780.0,55813.2,55750.6,55796.4,-5.0,-1,False,False,False,False,False,False,True,False,62.599999999998545,93.74963511288657,55941.82762219418,False,True,-145.42762219417637
2025-08-04 09:15:00+05:30,55780.2,55920.0,55780.2,55920.0,-3.0,-1,False,False,False,False,False,True,False,False,139.8000000000029,98.3546716015982,55934.76755691352,False,True,-14.767556913517183
2025-08-04 09:30:00+05:30,55920.0,55948.2,55723.8,55725.0,-1.0,-1,False,False,False,False,True,True,True,False,224.39999999999418,110.9592044414378,55911.306396389926,False,True,-186.3063963899258
2025-08-04 09:45:00+05:30,55713.6,55796.0,55622.2,55710.0,-3.0,-1,False,False,False,True,True,True,True,False,173.8000000000029,117.24328399729431,55887.81763975793,False,True,-177.81763975793
2025-08-04 10:00:00+05:30,55710.0,55770.8,55690.0,55728.6,-5.0,-1,False,False,False,False,False,False,False,True,80.80000000000291,113.59895559756517,55867.513638644574,False,True,-138.91363864457526
2025-08-04 10:15:00+05:30,55720.8,55868.2,55720.8,55768.6,-1.0,-1,False,False,False,False,False,True,False,False,147.39999999999418,116.97906003780807,55852.456976982074,False,True,-83.85697698207514
2025-08-04 10:30:00+05:30,55766.0,55829.8,55766.0,55805.0,1.0,1,False,False,False,False,False,False,False,False,63.80000000000291,111.66115403402755,55842.35821399246,False,True,-37.35821399246197
2025-08-04 10:45:00+05:30,55790.0,55795.4,55676.0,55701.8,-1.0,-1,False,False,False,False,False,True,False,True,129.0,113.39503863062478,55824.50106477161,False,True,-122.7010647716088
2025-08-04 11:00:00+05:30,55700.0,55819.4,55695.0,55797.8,-3.0,-1,False,False,False,False,False,True,False,True,124.40000000000146,114.49553476756246,55816.899541729974,False,True,-19.09954172997095
2025-08-04 11:15:00+05:30,55795.0,55850.0,55777.4,55816.8,-1.0,-1,False,False,False,False,False,False,False,True,72.59999999999854,110.30598129080606,55812.501024383586,False,True,4.29897561641701
2025-08-04 11:30:00+05:30,55816.8,55853.4,55770.6,55828.2,1.0,1,False,False,False,False,False,False,False,False,82.80000000000291,107.55538316172574,55810.44143642333,False,True,17.758563576666347
2025-08-04 11:45:00+05:30,55828.2,55892.4,55818.6,55876.0,1.0,1,False,False,False,False,False,False,False,False,73.80000000000291,104.17984484555345,55813.81285376648,True,False,62.18714623351843
2025-08-04 12:00:00+05:30,55882.6,55900.0,55825.0,55875.2,-3.0,-1,False,False,False,False,False,False,False,False,75.0,101.2618603609981,55817.95834493688,True,False,57.24165506311692
2025-08-04 12:15:00+05:30,55860.2,55879.2,55836.0,55871.8,-1.0,-1,False,False,False,False,False,False,False,False,43.19999999999709,95.455674324898,55822.37006386692,True,False,49.42993613308499
2025-08-04 12:30:00+05:30,55872.0,55922.8,55860.0,55870.0,1.0,1,False,False,False,False,False,False,False,False,62.80000000000291,92.1901068924085,55826.946828913344,True,False,43.05317108665622
2025-08-04 12:45:00+05:30,55875.2,55880.0,55824.8,55845.0,1.0,1,False,False,False,False,False,False,False,False,55.19999999999709,88.49109620316736,55829.37376548782,True,False,15.626234512179508
2025-08-04 13:00:00+05:30,55848.8,55894.8,55828.0,55842.4,-1.0,-1,False,False,False,False,False,False,False,False,66.80000000000291,86.32198658285091,55831.52550756819,True,False,10.874492431808903
2025-08-04 13:15:00+05:30,55842.4,55868.0,55752.0,55775.6,-1.0,-1,False,False,False,False,False,True,False,False,116.0,89.28978792456583,55827.48132295094,False,True,-51.88132295093965
2025-08-04 13:30:00+05:30,55780.0,55824.8,55778.2,55824.8,1.0,1,False,False,False,False,False,False,False,False,49.200000000004366,85.28080913210968,55827.74208825042,True,False,-2.9420882504200563
2025-08-04 13:45:00+05:30,55824.0,55900.0,55824.0,55852.0,3.0,1,False,False,False,False,False,False,False,False,76.0,84.3527282188987,55830.33604191252,True,False,21.66395808748348
2025-08-04 14:00:00+05:30,55852.0,55874.2,55790.2,55840.0,1.0,1,False,False,False,False,False,False,False,False,84.0,84.31745539700884,55831.69658591219,True,False,8.30341408780805
2025-08-04 14:15:00+05:30,55835.4,55853.6,55823.0,55829.6,-1.0,-1,False,False,False,False,False,False,False,False,30.599999999998545,78.94570985730782,55831.958588064525,True,False,-2.358588064525975
2025-08-04 14:30:00+05:30,55828.0,55904.4,55811.8,55825.0,3.0,1,False,False,False,False,False,True,False,False,92.59999999999854,80.3111388715769,55831.66212396956,False,True,-6.662123969559616
2025-08-04 14:45:00+05:30,55825.0,55875.0,55825.0,55859.4,1.0,1,False,False,False,False,False,False,False,False,50.0,77.28002498441921,55834.37244621905,True,False,25.027553780950257
2025-08-04 15:00:00+05:30,55850.0,55868.8,55823.4,55838.6,1.0,1,False,False,False,False,False,False,False,False,45.400000000001455,74.09202248597744,55835.09361885664,True,False,3.50638114335743
2025-08-04 15:15:00+05:30,55838.8,55900.4,55838.4,55895.6,-3.0,-1,False,False,False,False,False,False,False,False,62.0,72.88282023737969,55840.87823257399,True,False,54.72176742601005
2025-08-05 09:15:00+05:30,55879.2,55900.0,55621.4,55780.0,1.0,1,False,False,False,False,False,True,False,False,278.59999999999854,93.45453821364158,55836.0492107432,False,True,-56.04921074320009
2025-08-05 09:30:00+05:30,55779.2,55779.6,55684.6,55684.6,-1.0,-1,False,True,False,False,True,True,True,False,95.40000000000146,93.64908439227757,55822.45250029529,False,True,-137.85250029528834
2025-08-05 09:45:00+05:30,55680.0,55724.8,55630.0,55669.2,-1.0,-1,False,False,False,False,True,True,True,False,94.80000000000291,93.76417595305011,55807.5054342628,False,True,-138.305434262802
2025-08-05 10:00:00+05:30,55658.6,55718.0,55640.0,55679.4,-5.0,-1,False,False,False,False,False,False,False,False,78.0,92.1877583577451,55793.76374317635,False,True,-114.36374317634909
2025-08-05 10:15:00+05:30,55676.4,55713.8,55660.2,55664.2,-1.0,-1,False,False,False,False,False,False,True,False,53.60000000000582,88.32898252197117,55779.14391488409,False,True,-114.94391488409019
2025-08-05 10:30:00+05:30,55665.4,55674.0,55594.0,55633.4,-3.0,-1,False,False,False,True,False,False,True,False,80.0,87.49608426977406,55762.42573396916,False,True,-129.02573396915977
2025-08-05 10:45:00+05:30,55633.4,55654.2,55614.6,55624.8,1.0,1,False,False,False,False,False,False,True,True,39.599999999998545,82.70647584279651,55745.8123087864,False,True,-121.01230878639763
2025-08-05 11:00:00+05:30,55623.8,55649.8,55567.0,55640.2,-5.0,-1,False,False,False,False,False,True,False,True,82.80000000000291,82.71582825851715,55731.65513187445,False,True,-91.45513187445613
2025-08-05 11:15:00+05:30,55647.6,55675.2,55614.8,55659.6,1.0,1,False,False,False,False,False,False,False,True,60.39999999999418,80.48424543266485,55720.440595167,False,True,-60.840595166999265
2025-08-05 11:30:00+05:30,55653.8,55659.6,55611.0,55650.0,-1.0,-1,False,False,False,False,False,False,False,True,48.599999999998545,77.29582088939821,55709.59085486532,False,True,-59.59085486531694
2025-08-05 11:45:00+05:30,55659.6,55660.0,55612.6,55620.0,1.0,1,False,False,False,False,False,False,False,True,47.400000000001455,74.30623880045854,55697.25687694943,False,True,-77.2568769494319
2025-08-05 12:00:00+05:30,55621.0,55723.0,55621.0,55700.2,-3.0,-1,False,False,False,False,False,True,False,True,103.0,77.1756149204127,55693.42108652281,False,True,6.7789134771883255
2025-08-05 12:15:00+05:30,55700.0,55720.2,55681.2,55710.0,-1.0,-1,False,False,False,False,False,False,False,True,39.0,73.35805342837143,55691.62442994627,False,True,18.37557005372946
2025-08-05 12:30:00+05:30,55709.8,55709.8,55650.0,55667.6,-3.0,-1,False,False,False,False,False,False,False,True,60.0,72.0222480855343,55686.971932959124,False,True,-19.371932959125843
2025-08-05 12:45:00+05:30,55664.4,55666.8,55604.2,55623.4,-1.0,-1,False,False,False,False,False,False,False,True,63.400000000001455,71.16002327698102,55679.15065387146,False,True,-55.75065387145878
2025-08-05 13:00:00+05:30,55625.8,55632.8,55580.8,55586.8,-3.0,-1,False,False,False,False,False,False,True,True,52.0,69.24402094928293,55668.76003237432,False,True,-81.96003237431432
2025-08-05 13:15:00+05:30,55584.4,55584.4,55478.8,55490.4,-3.0,-1,False,True,False,False,True,True,True,True,108.0,73.11961885435463,55650.34923561296,False,True,-159.94923561295582
2025-08-05 13:30:00+05:30,55500.0,55506.8,55410.6,55434.0,-3.0,-1,False,False,False,False,True,True,True,True,96.20000000000437,75.42765696891959,55627.613693870844,False,True,-193.61369387084414
2025-08-05 13:45:00+05:30,55445.2,55485.2,55418.0,55456.8,1.0,1,False,False,False,False,False,False,True,True,67.19999999999709,74.60489127202734,55607.908458333724,False,True,-151.1084583337215
2025-08-05 14:00:00+05:30,55460.8,55471.8,55390.8,55430.0,-1.0,-1,False,False,False,False,True,True,True,True,81.0,75.2444021448246,55586.91995891534,False,True,-156.91995891534316
2025-08-05 14:15:00+05:30,55430.0,55474.2,55412.6,55473.4,-1.0,-1,False,False,False,True,False,False,False,True,61.599999999998545,73.87996193034199,55571.17331426864,False,True,-97.77331426864112
2025-08-05 14:30:00+05:30,55473.8,55518.0,55449.0,55482.4,-1.0,-1,False,False,False,False,False,False,False,True,69.0,73.3919657373078,55557.66244775557,False,True,-75.26244775556552
2025-08-05 14:45:00+05:30,55482.8,55494.8,55449.0,55473.4,3.0,1,False,False,False,False,False,False,False,True,45.80000000000291,70.63276916357731,55544.790267239565,False,True,-71.3902672395634
2025-08-05 15:00:00+05:30,55489.6,55575.0,55471.0,55562.0,1.0,1,False,False,False,False,False,True,False,True,104.0,73.96949224721958,55541.40008434397,False,True,20.599915656028315
2025-08-05 15:15:00+05:30,55563.4,55572.2,55516.4,55551.0,1.0,1,False,False,False,False,False,False,False,True,55.799999999995634,72.15254302249718,55538.36194805052,False,True,12.638051949477813
2025-08-06 09:15:00+05:30,55551.0,55666.6,55465.2,55645.8,-1.0,-1,False,False,False,False,True,True,True,True,201.40000000000146,85.07728872024761,55545.08582712373,True,False,100.71417287627264
2025-08-06 09:30:00+05:30,55654.8,55660.4,55581.2,55590.0,1.0,1,False,False,False,False,False,False,False,True,79.20000000000437,84.48955984822328,55547.65962289707,True,False,42.34037710293342
2025-08-06 09:45:00+05:30,55597.6,55624.2,55557.8,55620.0,1.0,1,False,False,False,False,False,False,False,True,66.39999999999418,82.68060386340036,55553.5776920197,True,False,66.42230798029777
2025-08-06 10:00:00+05:30,55621.0,55695.0,55430.8,55530.0,-1.0,-1,False,False,False,False,False,True,False,True,264.1999999999971,100.83254347706004,55551.7085107573,False,True,-21.708510757300246
2025-08-06 10:15:00+05:30,55525.0,55683.2,55507.4,55561.0,-3.0,-1,False,False,False,False,False,True,False,True,175.79999999999563,108.32928912935361,55552.84068783337,True,False,8.159312166630116
2025-08-06 10:30:00+05:30,55562.2,55600.0,55434.8,55461.6,-1.0,-1,False,False,False,False,False,True,False,True,165.1999999999971,114.01636021641795,55545.04287775651,False,True,-83.44287775651173
2025-08-06 10:45:00+05:30,55460.4,55491.2,55414.8,55442.6,1.0,1,False,False,False,False,False,False,False,True,76.39999999999418,110.25472419477558,55535.57703279,False,True,-92.97703279000416
2025-08-06 11:00:00+05:30,55435.0,55470.0,55407.2,55453.8,1.0,1,False,False,False,False,False,False,False,True,62.80000000000291,105.5092517752983,55527.26381113168,False,True,-73.46381113167445
2025-08-06 11:15:00+05:30,55437.8,55482.8,55418.2,55474.2,-1.0,-1,False,False,False,False,False,False,False,True,64.60000000000582,101.41832659776904,55521.040575942294,False,True,-46.84057594229671
2025-08-06 11:30:00+05:30,55479.6,55487.2,55425.4,55484.4,1.0,1,False,False,False,False,False,False,False,True,61.799999999995634,97.4564939379917,55516.06680855416,False,True,-31.666808554160525
2025-08-06 11:45:00+05:30,55488.0,55550.0,55459.6,55500.4,3.0,1,False,False,False,False,False,False,False,True,90.40000000000146,96.75084454419267,55512.92506058304,False,True,-12.525060583036975
2025-08-06 12:00:00+05:30,55504.0,55548.2,55489.0,55525.2,3.0,1,False,False,False,False,False,False,False,True,59.19999999999709,92.99576008977311,55512.439271638024,False,True,12.760728361972724
2025-08-06 12:15:00+05:30,55535.0,55640.2,55524.8,55588.0,1.0,1,False,False,False,False,False,True,False,True,115.39999999999418,95.23618408079521,55518.03732591015,True,False,69.96267408985295
2025-08-06 12:30:00+05:30,55600.6,55648.0,55562.6,55589.8,1.0,1,False,False,False,False,False,False,False,True,85.40000000000146,94.25256567271583,55524.09555746467,True,False,65.7044425353306
2025-08-06 12:45:00+05:30,55590.0,55601.0,55529.0,55600.0,3.0,1,False,False,False,False,False,False,False,True,72.0,92.02730910544425,55531.22953475968,True,False,68.77046524031903
2025-08-06 13:00:00+05:30,55600.0,55652.8,55600.0,55638.6,3.0,1,False,False,False,False,False,False,True,True,52.80000000000291,88.10457819490011,55541.861242950705,True,False,96.73875704929378
2025-08-06 13:15:00+05:30,55639.4,55690.0,55612.6,55680.0,-1.0,-1,False,False,False,False,False,False,True,True,77.40000000000146,87.03412037541025,55556.06764462501,True,False,123.93235537499277
2025-08-06 13:30:00+05:30,55690.0,55749.0,55654.2,55701.0,-1.0,-1,False,False,False,False,True,True,True,True,94.80000000000291,87.81070833786951,55571.785499365484,True,False,129.2145006345163
2025-08-06 13:45:00+05:30,55701.0,55711.8,55660.0,55665.2,1.0,1,False,False,False,False,False,False,False,True,51.80000000000291,84.20963750408285,55583.63675439117,True,False,81.56324560882786
2025-08-06 14:00:00+05:30,55665.6,55679.6,55595.0,55617.0,1.0,1,False,False,False,False,False,True,False,True,84.59999999999854,84.24867375367441,55590.318011391304,True,False,26.681988608695974
2025-08-06 14:15:00+05:30,55616.2,55669.0,55585.0,55587.8,-1.0,-1,False,False,False,False,False,False,False,True,84.0,84.22380637830697,55593.47563286627,True,False,-5.675632866266824
2025-08-06 14:30:00+05:30,55585.2,55587.8,55506.2,55542.2,-1.0,-1,False,False,False,False,False,False,False,False,81.60000000000582,83.96142574047687,55591.64286316448,False,True,-49.44286316448415
2025-08-06 14:45:00+05:30,55549.8,55589.4,55521.0,55553.6,3.0,1,False,False,False,False,False,False,False,False,68.40000000000146,82.40528316642933,55590.09539857602,False,True,-36.495398576022126
2025-08-06 15:00:00+05:30,55555.0,55588.0,55522.8,55569.8,1.0,1,False,False,False,False,False,False,False,False,65.19999999999709,80.6847548497861,55589.42312982973,False,True,-19.623129829727986
2025-08-06 15:15:00+05:30,55555.0,55617.0,55555.0,55570.0,-1.0,-1,False,False,False,False,False,False,False,False,62.0,78.8162793648075,55588.320298132254,False,True,-18.32029813225381
2025-08-06 15:30:00+05:30,55570.0,55570.0,55570.0,55570.0,-1.0,-1,False,False,False,False,False,False,False,False,0.0,70.93465142832676,55586.90072720252,False,True,-16.900727202519192
2025-08-07 09:15:00+05:30,55490.0,55503.2,55405.6,55480.0,1.0,1,False,False,False,False,True,True,True,False,164.40000000000146,80.28118628549423,55577.12622208166,False,True,-97.12622208165703
2025-08-07 09:30:00+05:30,55481.8,55498.0,55411.2,55425.0,-1.0,-1,False,True,False,False,True,True,True,False,86.80000000000291,80.9330676569451,55562.33970129201,False,True,-137.33970129201043
2025-08-07 09:45:00+05:30,55425.0,55477.4,55409.4,55415.0,-3.0,-1,False,False,False,False,False,False,True,False,68.0,79.63976089125059,55546.87044321517,False,True,-131.8704432151717
2025-08-07 10:00:00+05:30,55412.0,55421.4,55352.2,55373.4,-3.0,-1,False,False,False,False,False,False,True,True,69.20000000000437,78.59578480212596,55528.11640702623,False,True,-154.71640702622972
2025-08-07 10:15:00+05:30,55373.4,55405.2,55311.6,55311.6,-1.0,-1,False,False,False,False,True,True,True,True,93.59999999999854,80.09620632191323,55504.50473883523,False,True,-192.90473883523373
2025-08-07 10:30:00+05:30,55301.2,55324.8,55268.0,55294.2,-1.0,-1,False,False,False,True,False,False,True,True,56.80000000000291,77.76658568972219,55480.34438029083,False,True,-186.1443802908325
2025-08-07 10:45:00+05:30,55300.0,55329.6,55269.0,55317.8,-3.0,-1,False,False,False,False,False,False,False,True,60.599999999998545,76.04992712074983,55459.63578978682,False,True,-141.83578978681908
2025-08-07 11:00:00+05:30,55324.8,55330.0,55275.4,55294.0,-3.0,-1,False,False,False,False,False,False,True,True,54.599999999998545,73.90493440867469,55438.297003151994,False,True,-144.29700315199443
2025-08-07 11:15:00+05:30,55298.2,55335.0,55295.0,55320.0,-1.0,-1,False,False,False,False,False,False,False,True,41.0,70.61444096780721,55420.99344794042,False,True,-100.99344794041826
2025-08-07 11:30:00+05:30,55316.0,55360.0,55296.2,55307.8,-1.0,-1,False,False,False,False,False,False,False,True,63.80000000000291,69.93299687102679,55404.345710488284,False,True,-96.54571048828075
2025-08-07 11:45:00+05:30,55307.8,55321.6,55291.2,55320.0,-1.0,-1,False,False,False,False,False,False,False,True,30.400000000001455,65.97969718392426,55390.5806367942,False,True,-70.58063679419865
2025-08-07 12:00:00+05:30,55315.0,55376.0,55315.0,55370.4,-1.0,-1,False,False,False,False,False,False,False,True,61.0,65.48172746553183,55383.124325489865,False,True,-12.724325489863986
2025-08-07 12:15:00+05:30,55375.0,55376.0,55330.0,55354.6,-1.0,-1,False,False,False,False,False,False,False,True,46.0,63.53355471897864,55375.850625305946,False,True,-21.250625305947324
2025-08-07 12:30:00+05:30,55346.4,55350.0,55311.4,55335.0,-1.0,-1,False,False,False,False,False,False,False,True,43.19999999999709,61.50019924708049,55368.23700710071,False,True,-33.23700710070989
2025-08-07 12:45:00+05:30,55335.2,55344.6,55305.0,55340.2,-1.0,-1,False,False,False,False,False,False,False,True,39.599999999998545,59.31017932237229,55362.36300651333,False,True,-22.16300651333586
2025-08-07 13:00:00+05:30,55340.0,55340.0,55290.0,55309.4,-1.0,-1,False,False,False,False,False,False,False,True,50.19999999999709,58.39916139013477,55354.80071299608,False,True,-45.40071299608098
2025-08-07 13:15:00+05:30,55303.8,55314.6,55182.0,55188.6,-1.0,-1,False,True,False,False,True,True,True,True,132.59999999999854,65.81924525112115,55337.2477625915,False,True,-148.6477625914995
2025-08-07 13:30:00+05:30,55194.8,55211.0,55151.0,55187.0,1.0,1,False,False,False,False,False,False,True,True,60.0,65.23732072600903,55320.485443978934,False,True,-133.4854439789342
2025-08-07 13:45:00+05:30,55186.2,55254.6,55180.0,55224.0,1.0,1,False,False,False,False,False,True,False,True,74.59999999999854,66.17358865340798,55308.080265977405,False,True,-84.08026597740536
2025-08-07 14:00:00+05:30,55236.0,55330.6,55230.0,55325.0,1.0,1,False,False,False,False,False,True,False,True,106.59999999999854,70.21622978806703,55305.87549645976,False,True,19.124503540238948
2025-08-07 14:15:00+05:30,55329.8,55476.0,55329.8,55435.0,1.0,1,True,False,False,True,True,True,True,True,151.0,78.29460680926033,55314.62245430096,True,False,120.37754569904064
2025-08-07 14:30:00+05:30,55432.4,55534.8,55422.2,55512.8,3.0,1,False,False,False,False,True,True,True,True,112.60000000000582,81.72514612833488,55331.179715508086,True,False,181.62028449191712
2025-08-07 14:45:00+05:30,55529.8,55573.2,55480.0,55567.0,3.0,1,False,False,False,False,True,True,True,True,93.19999999999709,82.87263151550111,55353.053203497286,True,False,213.94679650271428
2025-08-07 15:00:00+05:30,55575.0,55780.0,55568.4,55737.2,1.0,1,False,False,False,False,True,True,True,True,213.0,95.885368363951,55390.32881774057,True,False,346.87118225942686
2025-08-07 15:15:00+05:30,55735.2,55841.6,55725.8,55811.0,1.0,1,False,False,True,False,True,True,True,True,115.79999999999563,97.87683152755547,55433.71152587792,True,False,377.2884741220769
2025-08-08 09:15:00+05:30,55799.8,55799.8,55580.0,55581.0,1.0,1,False,False,False,False,False,True,False,True,231.0,111.18914837479993,55454.98943761124,True,False,126.01056238875753
2025-08-08 09:30:00+05:30,55580.4,55640.0,55556.0,55565.2,1.0,1,False,False,False,False,False,False,False,True,84.0,108.47023353731993,55473.11485812579,True,False,92.08514187420951
2025-08-08 09:45:00+05:30,55565.0,55584.0,55511.0,55511.8,-1.0,-1,False,False,False,False,False,False,False,True,73.0,104.92321018358794,55484.48608998455,True,False,27.313910015451256
2025-08-08 10:00:00+05:30,55512.0,55531.2,55411.4,55450.0,-1.0,-1,False,False,False,False,True,True,True,True,119.79999999999563,106.41088916522872,55488.29813413457,True,False,-38.29813413457305
2025-08-08 10:15:00+05:30,55449.8,55526.6,55416.8,55472.8,-1.0,-1,False,False,False,False,False,True,False,True,109.79999999999563,106.74980024870543,55492.3475992236,True,False,-19.54759922359517
2025-08-08 10:30:00+05:30,55459.4,55462.6,55400.0,55421.2,-1.0,-1,False,False,False,False,False,False,True,True,72.80000000000291,103.35482022383516,55490.10923613125,False,True,-68.90923613125051
2025-08-08 10:45:00+05:30,55420.0,55437.0,55358.6,55376.2,-3.0,-1,False,False,False,False,False,False,True,True,78.40000000000146,100.85933820145179,55482.46412448876,False,True,-106.26412448876363
2025-08-08 11:00:00+05:30,55375.2,55433.6,55350.0,55401.6,-1.0,-1,False,False,False,False,False,False,True,True,83.59999999999854,99.13340438130646,55476.16267970555,False,True,-74.562679705552
2025-08-08 11:15:00+05:30,55416.2,55423.2,55360.0,55360.0,-1.0,-1,False,False,False,False,False,False,True,False,63.19999999999709,95.54006394317553,55465.50214896481,False,True,-105.50214896481339
2025-08-08 11:30:00+05:30,55360.0,55367.8,55300.0,55322.8,1.0,1,False,False,False,False,False,False,True,False,67.80000000000291,92.76605754885826,55451.23421087205,False,True,-128.4342108720448
2025-08-08 11:45:00+05:30,55327.0,55371.6,55318.0,55333.0,-1.0,-1,False,False,False,False,False,False,True,False,53.599999999998545,88.84945179397229,55438.01819136954,False,True,-105.01819136954146
2025-08-08 12:00:00+05:30,55334.0,55344.2,55274.0,55323.0,-1.0,-1,False,False,False,False,False,False,True,False,70.19999999999709,86.98450661457477,55424.34420498245,False,True,-101.34420498245163
2025-08-08 12:15:00+05:30,55323.0,55385.8,55298.6,55385.8,-3.0,-1,False,False,False,False,False,True,False,False,87.20000000000437,87.00605595311774,55417.068073477945,False,True,-31.26807347794238
2025-08-08 12:30:00+05:30,55385.0,55412.8,55351.4,55391.6,-1.0,-1,False,False,False,False,False,False,False,False,61.400000000001455,84.44545035780611,55411.17182503683,False,True,-19.571825036829978
2025-08-08 12:45:00+05:30,55382.0,55474.0,55371.6,55402.2,-3.0,-1,False,False,False,False,False,True,False,False,102.40000000000146,86.24090532202564,55407.129533968655,False,True,-4.929533968657779
2025-08-08 13:00:00+05:30,55412.6,55419.0,55303.4,55317.0,-3.0,-1,False,False,False,False,False,True,False,False,115.59999999999854,89.17681478982293,55396.23038186316,False,True,-79.23038186316262
2025-08-08 13:15:00+05:30,55327.2,55379.0,55262.8,55275.0,-5.0,-1,False,True,False,False,True,True,True,False,116.19999999999709,91.87913331084034,55382.37985211184,False,True,-107.37985211183695
2025-08-08 13:30:00+05:30,55272.0,55390.8,55250.0,55380.0,-1.0,-1,False,False,False,False,False,True,False,False,140.8000000000029,96.7712199797566,55378.955640457156,False,True,1.0443595428441768
2025-08-08 13:45:00+05:30,55378.0,55379.8,55304.8,55317.8,-3.0,-1,False,False,False,False,False,False,False,False,75.19999999999709,94.61409798178065,55370.7791258989,False,True,-52.97912589889893
2025-08-08 14:00:00+05:30,55319.6,55371.8,55265.6,55311.8,-3.0,-1,False,False,False,False,False,True,False,False,106.20000000000437,95.77268818360302,55362.87898258605,False,True,-51.07898258604837
2025-08-08 14:15:00+05:30,55310.2,55358.0,55270.2,55297.0,-5.0,-1,False,False,False,True,False,False,False,False,87.80000000000291,94.97541936524301,55354.427545996645,False,True,-57.42754599664477
2025-08-08 14:30:00+05:30,55287.2,55375.0,55280.2,55355.4,-1.0,-1,False,False,False,False,False,False,False,False,94.80000000000291,94.957877428719,55352.03868775915,False,True,3.3613122408496565
2025-08-08 14:45:00+05:30,55349.0,55367.2,55300.0,55305.4,-3.0,-1,False,False,False,False,False,False,False,False,67.19999999999709,92.18208968584682,55345.823753010416,False,True,-40.42375301041466
2025-08-08 15:00:00+05:30,55319.2,55319.2,55105.0,55150.0,-1.0,-1,False,True,False,False,True,True,True,False,214.1999999999971,104.38388071726186,55326.15623036508,False,True,-176.15623036507895
2025-08-08 15:15:00+05:30,55159.6,55197.6,55070.0,55086.0,-3.0,-1,False,False,False,False,True,True,True,True,127.59999999999854,106.70549264553551,55301.396460371245,False,True,-215.39646037124476
2025-08-08 15:30:00+05:30,55071.0,55071.0,55071.0,55071.0,1.0,1,False,False,False,False,False,False,True,True,15.0,97.53494338098196,55276.20831552747,False,True,-205.20831552746677
2025-08-11 09:15:00+05:30,55150.2,55351.0,55079.8,55326.0,-1.0,-1,False,False,False,False,True,True,True,True,280.0,115.78144904288376,55275.329107781974,False,True,50.67089221802598
2025-08-11 09:30:00+05:30,55332.8,55388.0,55242.2,55308.2,1.0,1,False,False,False,True,False,True,False,True,145.8000000000029,118.78330413859567,55274.0782042548,False,True,34.12179574519541
2025-08-11 09:45:00+05:30,55303.8,55317.8,55189.0,55257.6,-1.0,-1,False,False,False,False,False,True,False,False,128.8000000000029,119.78497372473639,55269.33172225575,False,True,-11.731722255753994
2025-08-11 10:00:00+05:30,55265.4,55369.0,55265.4,55368.0,1.0,1,False,False,False,False,False,False,True,False,111.40000000000146,118.9464763522629,55275.5588155892,True,False,92.44118441080354
2025-08-11 10:15:00+05:30,55366.6,55440.0,55353.0,55435.0,-1.0,-1,False,False,False,False,False,False,True,False,87.0,115.75182871703662,55288.63626773601,True,False,146.36373226399155
2025-08-11 10:30:00+05:30,55445.4,55470.0,55420.0,55430.6,-1.0,-1,False,False,False,False,False,False,True,False,50.0,109.17664584533296,55301.7713520787,True,False,128.8286479212984
2025-08-11 10:45:00+05:30,55430.0,55450.0,55405.0,55427.6,-1.0,-1,False,False,False,False,False,False,True,False,45.0,102.75898126079964,55314.7399890705,True,False,112.86001092950028
2025-08-11 11:00:00+05:30,55431.0,55448.8,55354.4,55385.0,1.0,1,False,False,False,False,False,False,False,False,94.40000000000146,101.92308313471982,55323.63589161811,True,False,61.36410838188749
2025-08-11 11:15:00+05:30,55385.0,55455.0,55355.0,55418.0,-1.0,-1,False,False,False,False,False,False,False,False,100.0,101.73077482124783,55335.07353477756,True,False,82.9264652224374
2025-08-11 11:30:00+05:30,55429.6,55450.0,55333.0,55344.6,-1.0,-1,False,False,False,False,False,True,False,False,117.0,103.25769733912304,55339.22353083236,True,False,5.376469167640607
2025-08-11 11:45:00+05:30,55335.4,55349.0,55300.0,55332.8,1.0,1,False,False,False,False,False,False,False,False,49.0,97.83192760521074,55341.570382794715,True,False,-8.770382794711622
2025-08-11 12:00:00+05:30,55321.6,55359.2,55279.6,55321.0,1.0,1,False,False,False,False,False,False,False,False,79.59999999999854,96.00873484468951,55342.123236501124,True,False,-21.123236501123756
2025-08-11 12:15:00+05:30,55320.4,55361.0,55305.0,55339.8,1.0,1,False,False,False,False,False,False,False,False,56.0,92.00786136022057,55343.72231618105,True,False,-3.9223161810441525
2025-08-11 12:30:00+05:30,55342.6,55385.2,55303.2,55385.2,1.0,1,False,False,False,False,False,False,False,False,82.0,91.00707522419852,55348.86804928227,True,False,36.33195071772934
2025-08-11 12:45:00+05:30,55383.8,55420.0,55375.0,55414.8,3.0,1,False,False,False,False,False,False,False,False,45.0,86.40636770177866,55356.1870793122,True,False,58.612920687803125
2025-08-11 13:00:00+05:30,55415.0,55463.2,55361.4,55393.8,3.0,1,False,False,False,False,False,True,False,False,101.79999999999563,87.94573093160037,55361.10524305082,True,False,32.69475694918219
2025-08-11 13:15:00+05:30,55394.6,55411.0,55360.0,55395.0,3.0,1,False,False,False,False,False,False,False,False,51.0,84.25115783844032,55365.646312524324,True,False,29.353687475675542
2025-08-11 13:30:00+05:30,55398.0,55480.0,55396.8,55465.0,1.0,1,True,False,False,False,True,True,True,False,85.0,84.32604205459629,55376.07458926857,True,False,88.92541073142638
2025-08-11 13:45:00+05:30,55465.0,55499.8,55424.6,55489.0,3.0,1,False,False,False,False,False,False,True,False,75.20000000000437,83.4134378491371,55388.19561939092,True,False,100.80438060907909
2025-08-11 14:00:00+05:30,55491.2,55537.0,55491.2,55522.0,3.0,1,False,False,False,False,False,False,True,False,48.0,79.87209406422339,55402.737838604735,True,False,119.26216139526514
2025-08-11 14:15:00+05:30,55535.0,55549.0,55500.0,55530.0,3.0,1,False,False,False,False,False,False,True,False,49.0,76.78488465780104,55417.31523009023,True,False,112.6847699097707
2025-08-11 14:30:00+05:30,55534.2,55590.0,55483.4,55510.0,-1.0,-1,False,False,True,False,False,True,False,False,106.59999999999854,79.76639619202079,55429.256796121655,True,False,80.7432038783445
2025-08-11 14:45:00+05:30,55500.6,55535.0,55498.2,55526.6,3.0,1,False,False,False,False,False,False,False,True,36.80000000000291,75.46975657281901,55441.78056112621,True,False,84.8194388737902
2025-08-11 15:00:00+05:30,55535.0,55589.0,55523.0,55552.8,3.0,1,False,False,False,False,False,False,False,True,66.0,74.52278091553711,55455.68711178625,True,False,97.11288821375638
2025-08-11 15:15:00+05:30,55545.2,55565.0,55499.2,55519.0,3.0,1,False,False,False,False,False,False,False,True,65.80000000000291,73.6505028239837,55465.466708183754,True,False,53.533291816245764
2025-08-11 15:30:00+05:30,55525.0,55525.0,55525.0,55525.0,1.0,1,False,False,False,False,False,False,False,True,6.0,66.88545254158534,55474.695265703565,True,False,50.30473429643462
2025-08-12 09:15:00+05:30,55500.0,55575.0,55400.0,55563.0,5.0,1,False,False,False,False,False,True,False,True,175.0,77.6969072874268,55486.29145378055,True,False,76.70854621945182
2025-08-12 09:30:00+05:30,55564.0,55590.0,55522.2,55585.0,3.0,1,False,False,False,False,False,False,False,True,67.80000000000291,76.70721655868441,55498.81708792727,True,False,86.18291207272705
2025-08-12 09:45:00+05:30,55587.0,55675.0,55571.8,55671.0,3.0,1,True,False,False,False,True,True,True,True,103.19999999999709,79.35649490281568,55518.06766704458,True,False,152.93233295541722
2025-08-12 10:00:00+05:30,55671.0,55698.0,55575.2,55587.0,1.0,1,False,False,False,False,False,True,False,True,122.80000000000291,83.7008454125344,55528.56658097513,True,False,58.43341902487009
2025-08-12 10:15:00+05:30,55593.0,55619.0,55467.2,55484.8,3.0,1,False,False,False,False,False,True,False,True,151.8000000000029,90.51076087128125,55528.620941548754,True,False,-43.82094154875085
2025-08-12 10:30:00+05:30,55480.0,55510.0,55371.2,55445.0,1.0,1,False,False,False,False,True,True,True,True,138.8000000000029,95.33968478415342,55523.9995192778,False,True,-78.99951927780057
2025-08-12 10:45:00+05:30,55442.0,55472.4,55415.2,55422.6,1.0,1,False,False,True,False,False,False,True,False,57.200000000004366,91.52571630573851,55516.50676729022,False,True,-93.9067672902238
2025-08-12 11:00:00+05:30,55422.6,55422.6,55374.0,55388.0,1.0,1,False,False,False,False,False,False,True,False,48.599999999998545,87.23314467516452,55505.310422382165,False,True,-117.31042238216469
2025-08-12 11:15:00+05:30,55383.0,55470.0,55371.0,55402.2,3.0,1,False,False,False,False,False,True,False,False,99.0,88.40983020764807,55495.13842778755,False,True,-92.93842778755061
2025-08-12 11:30:00+05:30,55400.0,55444.0,55395.4,55410.6,1.0,1,False,False,False,False,False,False,False,False,48.599999999998545,84.42884718688312,55485.757770998076,False,True,-75.15777099807747
2025-08-12 11:45:00+05:30,55417.0,55452.0,55383.2,55452.0,1.0,1,False,False,False,False,False,False,False,False,68.80000000000291,82.8659624681951,55480.40065587164,False,True,-28.40065587164281
2025-08-12 12:00:00+05:30,55452.0,55475.6,55416.8,55475.2,1.0,1,False,False,False,False,False,False,False,False,58.799999999995634,80.45936622137515,55477.577844043066,False,True,-2.3778440430687624
2025-08-12 12:15:00+05:30,55461.0,55540.0,55453.8,55493.6,3.0,1,False,False,False,False,False,True,False,False,86.19999999999709,81.03342959923734,55476.92375802946,False,True,16.676241970541014
2025-08-12 12:30:00+05:30,55515.0,55581.8,55509.4,55558.4,-1.0,-1,False,False,False,False,True,True,True,False,88.20000000000437,81.75008663931405,55482.6441953362,True,False,75.75580466380052
2025-08-12 12:45:00+05:30,55558.6,55572.0,55498.2,55510.0,-1.0,-1,False,False,False,False,False,False,False,False,73.80000000000291,80.95507797538293,55484.38244556843,True,False,25.61755443157017
2025-08-12 13:00:00+05:30,55500.0,55548.0,55497.2,55500.0,1.0,1,False,False,False,False,False,False,False,False,50.80000000000291,77.93957017784493,55485.494885207474,True,False,14.505114792526001
2025-08-12 13:15:00+05:30,55492.2,55492.2,55403.0,55435.6,1.0,1,False,False,False,False,False,True,False,False,97.0,79.84561316006042,55480.95741866517,False,True,-45.35741866517492
2025-08-12 13:30:00+05:30,55430.0,55446.6,55381.6,55390.6,-3.0,-1,False,False,False,False,False,False,True,False,65.0,78.36105184405439,55472.491358113926,False,True,-81.89135811392771
2025-08-12 13:45:00+05:30,55403.4,55475.0,55383.0,55469.8,-3.0,-1,False,False,False,False,False,True,False,False,92.0,79.72494665964895,55471.403189343386,False,True,-1.6031893433828373
2025-08-12 14:00:00+05:30,55469.8,55470.0,55350.0,55360.2,-1.0,-1,False,True,False,False,True,True,True,False,120.0,83.75245199368405,55460.60034651964,False,True,-100.40034651964379
2025-08-12 14:15:00+05:30,55342.0,55381.8,55289.0,55374.4,-1.0,-1,False,False,False,False,False,True,False,False,92.80000000000291,84.65720679431594,55451.35662132438,False,True,-76.95662132438156
2025-08-12 14:30:00+05:30,55361.8,55375.0,55310.0,55313.6,-3.0,-1,False,False,False,False,False,False,True,False,65.0,82.69148611488434,55436.986399686844,False,True,-123.38639968684583
2025-08-12 14:45:00+05:30,55313.8,55345.6,55293.0,55305.2,-1.0,-1,False,False,False,False,False,False,True,False,52.599999999998545,79.68233750339576,55422.378724855254,False,True,-117.17872485525731
2025-08-12 15:00:00+05:30,55312.8,55328.6,55255.4,55288.8,1.0,1,False,False,False,True,False,False,True,False,73.19999999999709,79.03410375305589,55406.97764278385,False,True,-118.17764278384857
2025-08-12 15:15:00+05:30,55305.0,55330.0,55260.0,55260.2,1.0,1,False,False,False,False,False,False,True,False,70.0,78.1306933777503,55389.837631039074,False,True,-129.63763103907695
2025-08-13 09:15:00+05:30,55450.2,55490.4,55360.0,55394.8,-1.0,-1,False,False,False,False,False,True,False,False,230.20000000000437,93.33762403997571,55385.914724605514,False,True,8.885275394488417
2025-08-13 09:30:00+05:30,55381.4,55475.0,55371.0,55422.0,-1.0,-1,False,False,False,False,False,True,False,False,104.0,94.40386163597813,55385.51635220076,False,True,36.483647799243045
2025-08-13 09:45:00+05:30,55430.0,55470.0,55415.0,55452.8,-1.0,-1,False,False,False,False,False,False,True,False,55.0,90.46347547238032,55388.86228944411,True,False,63.93771055589605
2025-08-13 10:00:00+05:30,55452.8,55468.8,55374.0,55374.0,-1.0,-1,False,False,False,False,False,True,False,False,94.80000000000291,90.89712792514258,55385.84006921336,False,True,-11.84006921335822
2025-08-13 10:15:00+05:30,55374.0,55398.0,55327.0,55394.2,-1.0,-1,False,False,False,False,False,False,False,False,71.0,88.90741513262833,55385.270136904626,False,True,8.92986309537082
2025-08-13 10:30:00+05:30,55387.0,55394.0,55301.0,55312.0,-3.0,-1,False,False,False,False,False,True,False,False,93.19999999999709,89.3366736193652,55377.750846940435,False,True,-65.75084694043471
2025-08-13 10:45:00+05:30,55310.0,55380.0,55285.8,55370.0,-3.0,-1,False,False,False,False,False,True,False,False,94.19999999999709,89.82300625742839,55375.92534425065,False,True,-5.925344250652415
2025-08-13 11:00:00+05:30,55370.0,55414.0,55350.0,55379.0,-3.0,-1,False,False,False,False,False,False,False,False,64.0,87.24070563168554,55375.30805272301,False,True,3.6919472769877757
2025-08-13 11:15:00+05:30,55372.6,55413.6,55313.8,55316.0,-1.0,-1,False,False,False,False,False,True,False,False,99.79999999999563,88.49663506851655,55369.29012479451,False,True,-53.29012479451194
2025-08-13 11:30:00+05:30,55319.8,55375.0,55300.2,55308.0,-1.0,-1,False,False,False,False,False,False,False,False,74.80000000000291,87.12697156166519,55362.826589571785,False,True,-54.82658957178501
2025-08-13 11:45:00+05:30,55310.2,55356.6,55280.0,55296.2,-1.0,-1,False,False,False,False,False,False,False,False,76.59999999999854,86.07427440549853,55355.60056409764,False,True,-59.40056409763929
2025-08-13 12:00:00+05:30,55285.0,55355.6,55270.0,55349.0,-1.0,-1,False,False,False,False,False,False,False,False,85.59999999999854,86.02684696494853,55353.51514867348,False,True,-4.515148673483054
2025-08-13 12:15:00+05:30,55343.8,55394.6,55321.6,55374.4,1.0,1,False,False,False,False,False,False,False,False,73.0,84.72416226845368,55354.101763472856,True,False,20.29823652714549
2025-08-13 12:30:00+05:30,55380.0,55424.0,55372.8,55424.0,-1.0,-1,False,False,False,False,False,False,True,False,51.19999999999709,81.37174604160802,55359.51048234683,True,False,64.48951765317179
2025-08-13 12:45:00+05:30,55425.0,55450.0,55406.6,55426.2,-1.0,-1,False,False,False,False,False,False,False,False,43.400000000001455,77.57457143744736,55365.34258173647,True,False,60.85741826352751
2025-08-13 13:00:00+05:30,55435.0,55463.6,55400.0,55405.0,1.0,1,False,False,False,False,False,False,False,False,63.599999999998545,76.17711429370249,55369.33902421098,True,False,35.660975789018266
2025-08-13 13:15:00+05:30,55423.2,55429.2,55350.0,55368.6,3.0,1,False,False,False,False,False,True,False,False,79.19999999999709,76.47940286433195,55370.00430961008,True,False,-1.4043096100795083
2025-08-13 13:30:00+05:30,55365.6,55409.0,55359.0,55400.0,-1.0,-1,False,False,False,False,False,False,False,False,50.0,73.83146257789875,55373.42096733497,True,False,26.579032665031264
2025-08-13 13:45:00+05:30,55410.0,55473.4,55399.0,55470.4,-1.0,-1,False,False,False,False,True,True,True,False,74.40000000000146,73.88831632010901,55383.07787775183,True,False,87.3221222481734
2025-08-13 14:00:00+05:30,55471.6,55489.0,55445.0,55468.6,-1.0,-1,False,False,False,False,False,False,True,False,44.0,70.89948468809811,55392.32455831267,True,False,76.27544168732857
2025-08-13 14:15:00+05:30,55473.0,55479.0,55411.4,55439.2,1.0,1,False,False,False,False,False,False,False,False,67.59999999999854,70.56953621928815,55398.523829441074,True,False,40.67617055892333
2025-08-13 14:30:00+05:30,55437.4,55474.0,55430.2,55459.6,-1.0,-1,False,False,False,False,False,False,False,False,43.80000000000291,67.89258259735962,55406.10043795295,True,False,53.49956204705086
2025-08-13 14:45:00+05:30,55465.0,55475.0,55430.0,55462.6,-1.0,-1,False,False,False,False,False,False,False,False,45.0,65.60332433762366,55413.4163970302,True,False,49.183602969795174
2025-08-13 15:00:00+05:30,55461.2,55466.4,55416.0,55416.0,-1.0,-1,False,False,False,False,False,False,False,False,50.400000000001455,64.08299190386144,55415.92124357315,True,False,0.07875642684666673
2025-08-13 15:15:00+05:30,55415.8,55446.0,55415.8,55422.0,1.0,1,False,False,False,False,False,False,False,False,30.19999999999709,60.694692713475,55418.384332040776,True,False,3.6156679592240835
2025-08-13 15:30:00+05:30,55422.2,55422.2,55422.2,55422.2,1.0,1,False,False,False,False,False,False,False,False,0.19999999999708962,54.64522344212721,55420.3279773345,True,False,1.8720226654986618
2025-08-14 09:15:00+05:30,55417.8,55460.4,55353.0,55455.8,1.0,1,False,False,False,False,False,True,False,False,107.40000000000146,59.92070109791464,55424.838027410085,True,False,30.961972589917423
2025-08-14 09:30:00+05:30,55460.0,55560.0,55425.0,55560.0,1.0,1,True,False,False,False,True,True,True,False,135.0,67.42863098812317,55438.35756481055,True,False,121.64243518945295
2025-08-14 09:45:00+05:30,55557.8,55588.0,55500.2,55511.0,1.0,1,False,False,False,False,False,True,False,False,87.80000000000291,69.46576788931114,55446.94532997898,True,False,64.05467002101796
2025-08-14 10:00:00+05:30,55502.0,55538.2,55499.0,55521.2,-1.0,-1,False,False,False,False,False,False,False,False,39.19999999999709,66.43919110037973,55455.88520182774,True,False,65.31479817225772
2025-08-14 10:15:00+05:30,55530.0,55624.0,55513.0,55570.0,-1.0,-1,False,False,False,False,True,True,True,False,111.0,70.89527199034175,55468.630965931305,True,False,101.36903406869533
2025-08-14 10:30:00+05:30,55570.8,55579.0,55540.0,55544.2,-1.0,-1,False,False,True,False,False,False,False,False,39.0,67.70574479130758,55478.34386377898,True,False,65.85613622101664
2025-08-14 10:45:00+05:30,55545.2,55558.2,55465.0,55496.0,-1.0,-1,False,False,False,False,False,True,False,False,93.19999999999709,70.25517031217653,55482.918315483264,True,False,13.08168451673555
2025-08-14 11:00:00+05:30,55498.6,55524.0,55460.0,55467.8,-1.0,-1,False,False,False,False,False,False,False,False,64.0,69.62965328095888,55484.16529256486,True,False,-16.365292564856645
2025-08-14 11:15:00+05:30,55466.8,55520.0,55463.8,55479.4,1.0,1,False,False,False,False,False,False,False,False,56.19999999999709,68.2866879528627,55485.764186325716,True,False,-6.3641863257144
2025-08-14 11:30:00+05:30,55468.4,55490.0,55420.6,55449.0,-1.0,-1,False,False,False,False,False,True,False,False,69.40000000000146,68.39801915757658,55484.00385288451,False,True,-35.00385288451071
2025-08-14 11:45:00+05:30,55458.6,55477.4,55413.2,55468.0,-1.0,-1,False,False,False,False,False,False,False,False,64.20000000000437,67.97821724181935,55483.481568203606,False,True,-15.481568203606002
2025-08-14 12:00:00+05:30,55475.0,55508.8,55461.0,55492.0,-1.0,-1,False,False,False,False,False,False,False,False,47.80000000000291,65.9603955176377,55484.778023558225,True,False,7.221976441775041
2025-08-14 12:15:00+05:30,55498.0,55549.0,55498.0,55541.0,1.0,1,False,False,False,False,False,False,False,False,57.0,65.06435596587394,55490.25114384746,True,False,50.74885615253879
2025-08-14 12:30:00+05:30,55522.0,55544.8,55510.0,55524.0,-1.0,-1,False,False,False,False,False,False,False,False,34.80000000000291,62.03792036928684,55493.94675990321,True,False,30.05324009679316
2025-08-14 12:45:00+05:30,55505.0,55583.0,55502.0,55582.0,1.0,1,True,False,False,False,True,True,True,False,81.0,63.934128332358156,55502.6626314085,True,False,79.3373685914994
2025-08-14 13:00:00+05:30,55583.0,55593.0,55547.4,55559.6,-1.0,-1,False,False,False,False,False,False,False,False,45.599999999998545,62.10071549912219,55509.07058096957,True,False,50.52941903042665
2025-08-14 13:15:00+05:30,55549.6,55578.0,55475.0,55480.0,1.0,1,False,False,False,False,False,True,False,False,103.0,66.19064394920997,55507.918285708176,False,True,-27.918285708175972
2025-08-14 13:30:00+05:30,55481.2,55528.8,55480.0,55524.6,-1.0,-1,False,False,False,False,False,False,False,False,48.80000000000291,64.45157955428927,55510.47596462301,True,False,14.124035376989923
2025-08-14 13:45:00+05:30,55510.8,55529.8,55495.0,55519.0,-1.0,-1,False,False,True,False,False,False,False,False,34.80000000000291,61.48642159886064,55512.23090713269,True,False,6.769092867310974
2025-08-14 14:00:00+05:30,55517.8,55529.0,55481.4,55500.0,-1.0,-1,False,False,False,False,False,False,False,False,47.599999999998545,60.09777943897443,55511.983644631495,False,True,-11.983644631494826
2025-08-14 14:15:00+05:30,55500.0,55500.0,55435.6,55472.2,1.0,1,False,False,False,False,False,True,False,False,64.40000000000146,60.52800149507713,55508.97322395627,False,True,-36.773223956275615
2025-08-14 14:30:00+05:30,55479.0,55541.8,55431.0,55495.6,-1.0,-1,False,False,False,False,False,True,False,False,110.80000000000291,65.55520134556971,55507.91427334169,False,True,-12.314273341689841
2025-08-14 14:45:00+05:30,55515.0,55580.8,55514.0,55561.6,-1.0,-1,False,False,False,False,False,True,False,False,85.20000000000437,67.51968121101318,55512.743632350066,True,False,48.85636764993251
2025-08-14 15:00:00+05:30,55558.4,55568.0,55500.6,55518.0,1.0,1,False,False,False,False,False,False,False,False,67.40000000000146,67.50771308991202,55513.53062397238,True,False,4.469376027620456
2025-08-14 15:15:00+05:30,55506.8,55519.0,55455.4,55476.0,3.0,1,False,False,False,False,False,False,False,False,63.599999999998545,67.11694178092067,55510.40648111842,False,True,-34.40648111842165
2025-08-14 15:30:00+05:30,55479.0,55479.0,55476.0,55476.0,1.0,1,False,False,False,False,False,False,False,False,3.0,60.70524760282861,55507.2227909128,False,True,-31.22279091279779
2025-08-18 09:15:00+05:30,56000.0,56203.6,55950.0,56190.0,1.0,1,True,False,False,False,True,True,True,False,727.5999999999985,127.39472284254562,55568.78543473736,True,False,621.2145652626423
2025-08-18 09:30:00+05:30,56195.8,56225.0,56130.8,56200.0,1.0,1,False,False,False,False,False,False,True,False,94.19999999999709,124.07525055829076,55630.82277302,True,False,569.1772269799985
2025-08-18 09:45:00+05:30,56200.0,56245.0,56169.4,56204.0,1.0,1,False,False,False,False,False,False,True,False,75.59999999999854,119.22772550246154,55691.85647505494,True,False,512.1435249450587
2025-08-18 10:00:00+05:30,56202.0,56225.0,56116.6,56118.4,-1.0,-1,False,False,False,False,False,False,True,True,108.40000000000146,118.14495295221552,55742.885096315855,True,False,375.5149036841467
2025-08-18 10:15:00+05:30,56126.0,56198.0,56110.4,56137.2,-1.0,-1,False,False,True,False,False,False,False,True,87.59999999999854,115.09045765699382,55792.66391901784,True,False,344.5360809821577
2025-08-18 10:30:00+05:30,56138.0,56173.2,56117.4,56150.2,-1.0,-1,False,False,False,False,False,False,False,True,55.799999999995634,109.16141189129401,55840.14301000285,True,False,310.05698999714514
2025-08-18 10:45:00+05:30,56156.0,56156.0,56063.4,56089.0,-1.0,-1,False,False,False,False,False,False,False,True,92.59999999999854,107.50527070216447,55878.20262398542,True,False,210.79737601458328
2025-08-18 11:00:00+05:30,56089.0,56114.8,56017.4,56046.0,-1.0,-1,False,False,False,False,False,False,False,True,97.40000000000146,106.49474363194818,55908.292823351905,True,False,137.7071766480949
2025-08-18 11:15:00+05:30,56045.0,56120.0,56040.0,56095.0,-3.0,-1,False,False,False,False,False,False,False,True,80.0,103.84526926875337,55938.77730711774,True,False,156.22269288225652
2025-08-18 11:30:00+05:30,56095.0,56095.0,56033.4,56069.6,-1.0,-1,False,False,False,False,False,False,False,True,61.599999999998545,99.62074234187789,55963.05532244586,True,False,106.54467755413498
2025-08-18 11:45:00+05:30,56061.4,56080.8,56001.2,56015.0,-1.0,-1,False,False,False,False,False,False,False,True,79.60000000000582,97.61866810769068,55978.70744868022,True,False,36.292551319776976
2025-08-18 12:00:00+05:30,56003.0,56029.8,55806.0,55806.0,-1.0,-1,False,True,False,False,True,True,True,True,223.8000000000029,110.23680129692191,55972.09043264197,False,True,-166.09043264196953
2025-08-18 12:15:00+05:30,55806.0,55849.6,55720.0,55834.8,-1.0,-1,False,False,False,False,True,True,True,True,129.59999999999854,112.17312116722958,55965.347765229984,False,True,-130.54776522998145
2025-08-18 12:30:00+05:30,55827.8,55839.8,55752.0,55835.0,-1.0,-1,False,False,False,False,False,False,True,True,87.80000000000291,109.73580905050692,55956.59989200632,False,True,-121.59989200632117
2025-08-18 12:45:00+05:30,55835.0,55904.8,55825.0,55890.0,-1.0,-1,False,False,False,False,False,False,False,True,79.80000000000291,106.74222814545651,55951.474513302615,False,True,-61.47451330261538
2025-08-18 13:00:00+05:30,55878.8,55906.0,55851.0,55898.2,-3.0,-1,False,False,False,True,False,False,False,True,55.0,101.56800533091085,55946.28569340412,False,True,-48.08569340412214
2025-08-18 13:15:00+05:30,55891.0,55900.0,55832.0,55856.8,-1.0,-1,False,False,False,False,False,False,False,True,68.0,98.21120479781976,55936.96838711206,False,True,-80.16838711205492
2025-08-18 13:30:00+05:30,55852.0,55890.0,55822.0,55857.8,-1.0,-1,False,False,False,False,False,False,False,False,68.0,95.19008431803778,55927.73501757531,False,True,-69.93501757530612
2025-08-18 13:45:00+05:30,55868.8,55868.8,55810.0,55835.2,-1.0,-1,False,False,False,False,False,False,False,False,58.80000000000291,91.55107588623429,55916.75460587121,False,True,-81.55460587121343
2025-08-18 14:00:00+05:30,55838.2,55876.0,55801.0,55860.0,-3.0,-1,False,False,False,False,False,False,False,False,75.0,89.89596829761085,55908.56511191959,False,True,-48.56511191958998
2025-08-18 14:15:00+05:30,55853.0,55894.6,55850.4,55880.8,-3.0,-1,False,False,False,False,False,False,False,False,44.19999999999709,85.32637146784947,55902.966444638296,False,True,-22.166444638292887
2025-08-18 14:30:00+05:30,55881.4,55920.0,55870.0,55875.8,-1.0,-1,False,False,False,False,False,False,False,False,50.0,81.79373432106452,55897.68396364768,False,True,-21.883963647676865
2025-08-18 14:45:00+05:30,55875.6,55913.0,55863.8,55913.0,-1.0,-1,False,False,False,False,False,False,False,False,49.19999999999709,78.53436088895778,55896.544766913576,False,True,16.455233086424414
2025-08-18 15:00:00+05:30,55900.0,55900.0,55831.0,55849.6,-3.0,-1,False,False,False,False,False,True,False,False,82.0,78.88092480006199,55890.36712609834,False,True,-40.76712609834067
2025-08-18 15:15:00+05:30,55850.0,55880.0,55845.2,55870.0,-3.0,-1,False,False,False,False,False,False,False,False,34.80000000000291,74.47283232005609,55886.68220050142,False,True,-16.682200501418265
2025-08-19 09:15:00+05:30,55789.8,55913.8,55784.0,55825.0,-1.0,-1,False,False,False,False,False,True,False,False,129.8000000000029,80.00554908805077,55879.51014870018,False,True,-54.51014870018116
2025-08-19 09:30:00+05:30,55825.0,55847.8,55760.8,55789.6,-1.0,-1,False,True,False,False,True,True,True,False,87.0,80.70499417924569,55869.68225366496,False,True,-80.08225366496481
2025-08-19 09:45:00+05:30,55789.6,55853.8,55770.0,55831.2,-1.0,-1,False,False,False,False,False,True,False,False,83.80000000000291,81.0144947613214,55864.19548298116,False,True,-32.99548298116133
2025-08-19 10:00:00+05:30,55817.2,55850.0,55748.8,55823.2,-1.0,-1,False,False,False,False,False,True,False,False,101.19999999999709,83.03304528518898,55858.56137133369,False,True,-35.3613713336963
2025-08-19 10:15:00+05:30,55825.2,55868.0,55805.4,55822.0,1.0,1,False,False,False,False,False,False,False,False,62.599999999998545,80.98974075666993,55853.377700585166,False,True,-31.377700585166167
2025-08-19 10:30:00+05:30,55824.8,55855.0,55800.0,55855.0,1.0,1,False,False,False,True,False,False,False,False,55.0,78.39076668100293,55851.72894340393,False,True,3.271056596073322
2025-08-19 10:45:00+05:30,55855.0,55888.8,55840.0,55865.6,1.0,1,False,False,False,False,False,False,False,False,48.80000000000291,75.43169001290292,55851.54060208437,False,True,14.059397915625595
2025-08-19 11:00:00+05:30,55875.0,55917.6,55874.8,55905.0,-1.0,-1,False,False,False,False,False,False,False,False,52.0,73.08852101161263,55855.345808398706,True,False,49.65419160129386
2025-08-19 11:15:00+05:30,55902.0,55938.0,55888.0,55938.0,1.0,1,False,False,False,False,False,False,True,False,50.0,70.77966891045136,55862.44998083385,True,False,75.55001916614856
2025-08-19 11:30:00+05:30,55937.8,55961.8,55928.4,55931.0,1.0,1,False,False,False,False,False,False,False,False,33.400000000001455,67.04170201940637,55869.064939820804,True,False,61.935060179195716
2025-08-19 11:45:00+05:30,55933.6,55970.0,55930.2,55960.0,3.0,1,False,False,False,False,False,False,True,False,39.80000000000291,64.31753181746602,55878.285985242466,True,False,81.71401475753373
2025-08-19 12:00:00+05:30,55968.4,56008.4,55954.6,56008.0,1.0,1,False,False,False,False,False,False,True,False,53.80000000000291,63.26577863571971,55891.66962969965,True,False,116.33037030034757
2025-08-19 12:15:00+05:30,56008.0,56047.0,56000.2,56015.0,-1.0,-1,False,False,False,False,False,False,True,False,46.80000000000291,61.619200772148034,55905.302271790795,True,False,109.6977282092048
2025-08-19 12:30:00+05:30,56020.0,56042.0,55978.0,55991.6,-1.0,-1,False,False,False,False,False,True,False,False,64.0,61.85728069493323,55916.22378885301,True,False,75.37621114699141
2025-08-19 12:45:00+05:30,55988.4,56020.0,55953.2,56000.0,1.0,1,False,False,False,False,False,True,False,False,66.80000000000291,62.35155262544019,55927.162763233966,True,False,72.83723676603404
2025-08-19 13:00:00+05:30,56000.0,56012.4,55976.4,56005.0,1.0,1,False,False,False,False,False,False,False,False,36.0,59.71639736289617,55937.70737771339,True,False,67.2926222866081
2025-08-19 13:15:00+05:30,56005.6,56029.0,55975.0,55983.0,-1.0,-1,False,False,False,False,False,False,False,False,54.0,59.144757626606555,55945.33674614977,True,False,37.66325385023083
2025-08-19 13:30:00+05:30,55983.8,55996.6,55925.0,55960.6,0.0,-1,False,False,False,False,False,True,False,False,71.59999999999854,60.39028186394576,55949.991583794144,True,False,10.608416205854155
2025-08-19 13:45:00+05:30,55960.6,55965.8,55902.0,55917.0,3.0,1,False,False,False,False,False,True,False,False,63.80000000000291,60.73125367755148,55949.79104844944,False,True,-32.791048449442314
2025-08-19 14:00:00+05:30,55915.0,55931.8,55884.2,55905.8,3.0,1,False,False,False,False,False,False,False,False,47.60000000000582,59.418128309796906,55947.78601602039,False,True,-41.9860160203898
2025-08-19 14:15:00+05:30,55907.2,55988.0,55900.0,55983.0,1.0,1,False,False,False,False,False,True,False,False,88.0,62.27631547881722,55952.15832161937,True,False,30.841678380631492
2025-08-19 14:30:00+05:30,55975.2,56008.2,55963.8,55972.2,0.0,1,False,False,False,False,False,False,False,False,44.39999999999418,60.48868393093492,55955.05242383481,True,False,17.147576165189093
2025-08-19 14:45:00+05:30,55968.8,55989.0,55938.6,55984.0,1.0,1,False,False,False,False,False,False,False,False,50.400000000001455,59.47981553784157,55958.588931948994,True,False,25.411068051005714
2025-08-19 15:00:00+05:30,55973.6,55988.0,55952.0,55965.2,1.0,1,False,False,False,False,False,False,False,False,36.0,57.131833984057415,55960.055797915615,True,False,5.144202084382414
2025-08-19 15:15:00+05:30,55974.8,55985.0,55941.0,55945.6,-1.0,-1,False,False,False,False,False,False,False,False,44.0,55.818650585651675,55959.43781222186,False,True,-13.837812221863715
2025-08-19 15:30:00+05:30,55960.0,55960.0,55960.0,55960.0,-2.0,-1,False,False,False,False,False,False,False,False,14.400000000001455,51.67678552708664,55959.89178748573,True,False,0.10821251427114476
2025-08-20 09:15:00+05:30,55735.0,55904.8,55735.0,55763.2,-1.0,-1,False,True,False,False,True,True,True,False,225.0,69.00910697437799,55942.33550527001,False,True,-179.13550527001644
2025-08-20 09:30:00+05:30,55763.2,55823.8,55744.0,55817.0,1.0,1,False,False,False,False,True,True,True,False,79.80000000000291,70.08819627694048,55929.675021465366,False,True,-112.67502146536572
2025-08-20 09:45:00+05:30,55820.0,55830.0,55701.6,55788.0,-3.0,-1,False,False,False,False,True,True,True,False,128.40000000000146,75.91937664924657,55914.671507837105,False,True,-126.67150783710531
2025-08-20 10:00:00+05:30,55788.0,55816.2,55755.2,55810.0,-4.0,-1,False,False,False,False,False,False,False,False,61.0,74.42743898432192,55902.17257842463,False,True,-92.17257842463005
2025-08-20 10:15:00+05:30,55813.0,55830.0,55780.2,55804.6,-1.0,-1,False,False,False,True,False,False,False,True,49.80000000000291,71.96469508589003,55889.88727221726,False,True,-85.28727221726149
2025-08-20 10:30:00+05:30,55805.0,55819.0,55765.8,55802.6,-1.0,-1,False,False,False,False,False,False,False,True,53.19999999999709,70.08822557730073,55878.264887811216,False,True,-75.66488781121734
2025-08-20 10:45:00+05:30,55802.6,55805.0,55754.8,55756.4,-3.0,-1,False,False,False,False,False,False,True,True,50.19999999999709,68.09940301957036,55863.40150080915,False,True,-107.00150080915046
2025-08-20 11:00:00+05:30,55754.6,55816.2,55726.0,55814.6,-2.0,-1,False,False,False,False,False,True,False,True,90.19999999999709,70.30946271761303,55854.85829703219,False,True,-40.25829703218915
2025-08-20 11:15:00+05:30,55805.2,55817.0,55776.0,55792.0,-1.0,-1,False,False,False,False,False,False,False,True,41.0,67.37851644585173,55845.35532215089,False,True,-53.35532215089188
2025-08-20 11:30:00+05:30,55792.0,55799.0,55753.6,55771.0,1.0,1,False,False,False,False,False,False,False,True,45.400000000001455,65.1806648012667,55835.021352152195,False,True,-64.0213521521946
2025-08-20 11:45:00+05:30,55778.8,55808.0,55753.0,55796.8,-1.0,-1,False,False,False,False,False,False,False,True,55.0,64.16259832114004,55828.08348762241,False,True,-31.283487622407847
2025-08-20 12:00:00+05:30,55794.8,55816.0,55778.0,55802.0,-1.0,-1,False,False,False,False,False,False,False,True,38.0,61.54633848902604,55822.62957027697,False,True,-20.629570276971208
2025-08-20 12:15:00+05:30,55802.0,55838.0,55792.2,55824.6,-1.0,-1,False,False,False,False,False,False,False,True,45.80000000000291,59.97170464012373,55820.1522947296,False,True,4.44770527039509
2025-08-20 12:30:00+05:30,55822.6,55847.8,55800.0,55806.2,-1.0,-1,False,False,False,False,False,False,False,True,47.80000000000291,58.754534176111655,55816.81813778536,False,True,-10.618137785364524
2025-08-20 12:45:00+05:30,55805.4,55845.0,55800.0,55842.8,-1.0,-1,False,False,False,False,False,False,False,True,45.0,57.37908075850049,55817.4905437507,True,False,25.309456249306095
2025-08-20 13:00:00+05:30,55845.0,55868.0,55813.8,55834.6,-1.0,-1,False,False,False,False,False,False,False,True,54.19999999999709,57.06117268265016,55817.9736966081,True,False,16.626303391894908
2025-08-20 13:15:00+05:30,55825.0,55849.2,55780.6,55785.8,1.0,1,False,False,False,False,False,True,False,True,68.59999999999854,58.21505541438499,55814.44056349118,False,True,-28.64056349117891
2025-08-20 13:30:00+05:30,55786.0,55825.6,55786.0,55811.0,1.0,1,False,False,False,False,False,False,False,True,39.799999999995634,56.37354987294606,55813.50815875568,False,True,-2.5081587556778686
2025-08-20 13:45:00+05:30,55810.0,55847.6,55810.0,55835.0,1.0,1,False,False,False,False,False,False,False,True,37.599999999998545,54.49619488565131,55815.00674936989,True,False,19.993250630112016
2025-08-20 14:00:00+05:30,55834.4,55894.0,55831.0,55869.8,-1.0,-1,False,False,False,False,False,True,False,True,63.0,55.34657539708619,55819.8340465738,True,False,49.96595342620276
2025-08-20 14:15:00+05:30,55878.8,55880.6,55816.0,55831.8,1.0,1,False,False,False,False,False,True,False,True,64.59999999999854,56.27191785737743,55821.28064950522,True,False,10.519350494781975
2025-08-20 14:30:00+05:30,55832.8,55850.0,55796.6,55835.2,-1.0,-1,False,False,False,False,False,False,False,True,53.400000000001455,55.98472607163983,55823.00939237859,True,False,12.190607621407253
2025-08-20 14:45:00+05:30,55835.0,55850.0,55811.8,55832.6,3.0,1,False,False,False,False,False,False,False,True,38.19999999999709,54.20625346447555,55824.42617891229,True,False,8.173821087708347
2025-08-20 15:00:00+05:30,55834.0,55838.8,55803.0,55811.2,1.0,1,False,False,False,False,False,False,False,True,35.80000000000291,52.36562811802828,55823.79083462626,False,True,-12.59083462626586
2025-08-20 15:15:00+05:30,55814.6,55830.0,55800.0,55803.6,1.0,1,False,False,False,False,False,False,False,True,30.0,50.129065306225456,55822.349169045505,False,True,-18.749169045506278
2025-08-21 09:15:00+05:30,55921.2,55954.8,55850.2,55883.0,1.0,1,True,False,False,False,True,True,True,True,151.20000000000437,60.23615877560335,55828.014676096,True,False,54.98532390400214
2025-08-21 09:30:00+05:30,55883.0,55914.8,55843.0,55878.6,5.0,1,False,False,False,False,False,True,False,True,71.80000000000291,61.3925428980433,55833.17037739512,True,False,45.429622604875476
2025-08-21 09:45:00+05:30,55873.0,56000.0,55861.6,55994.2,1.0,1,False,False,False,False,True,True,True,True,138.40000000000146,69.09328860823912,55848.62966774891,True,False,145.57033225108898
2025-08-21 10:00:00+05:30,56004.0,56094.8,55993.8,56044.2,3.0,1,False,False,False,False,True,True,True,True,101.0,72.28395974741521,55868.30655139591,True,False,175.89344860408892
2025-08-21 10:15:00+05:30,56049.6,56066.0,56030.0,56038.6,-1.0,-1,False,False,True,False,False,False,True,True,36.0,68.65556377267369,55886.91792792119,True,False,151.68207207880914
2025-08-21 10:30:00+05:30,56041.8,56085.0,56032.4,56049.2,3.0,1,False,False,False,False,False,False,True,True,52.599999999998545,67.05000739540617,55905.68372566158,True,False,143.5162743384135
2025-08-21 10:45:00+05:30,56061.8,56070.0,56023.6,56044.8,-1.0,-1,False,False,False,False,False,False,False,True,46.400000000001455,64.9850066558657,55923.02703546238,True,False,121.77296453762392
2025-08-21 11:00:00+05:30,56048.8,56067.6,56020.0,56038.0,1.0,1,False,False,False,False,False,False,False,True,47.599999999998545,63.24650599027899,55938.55298627149,True,False,99.44701372850977
2025-08-21 11:15:00+05:30,56038.2,56074.0,56017.2,56020.0,-1.0,-1,False,False,False,False,False,False,False,True,56.80000000000291,62.60185539125139,55951.12589641101,True,False,68.87410358899069
2025-08-21 11:30:00+05:30,56010.0,56023.0,55978.6,56009.0,1.0,1,False,False,False,False,False,False,False,True,44.400000000001455,60.7816698521264,55961.32796196363,True,False,47.672038036369486
2025-08-21 11:45:00+05:30,56009.0,56010.2,55950.4,55960.0,-1.0,-1,False,False,False,False,False,False,False,True,59.799999999995634,60.683502866913315,55965.728730506125,True,False,-5.72873050612543
2025-08-21 12:00:00+05:30,55956.4,55978.8,55943.0,55946.0,1.0,1,False,False,False,False,False,False,False,True,35.80000000000291,58.19515258022227,55967.59876195836,True,False,-21.598761958361138
2025-08-21 12:15:00+05:30,55945.0,55950.0,55905.6,55917.8,-1.0,-1,False,False,False,False,False,False,True,True,44.400000000001455,56.81563732220019,55965.8211915909,False,True,-48.02119159089489
2025-08-21 12:30:00+05:30,55917.8,55972.2,55905.6,55960.0,1.0,1,False,False,False,False,False,True,False,True,66.59999999999854,57.79407358998003,55966.99478289258,True,False,-6.9947828925796784
2025-08-21 12:45:00+05:30,55960.0,55984.8,55945.6,55964.6,-1.0,-1,False,False,False,False,False,False,False,True,39.200000000004366,55.934666230982465,55967.9173102414,True,False,-3.317310241400264
2025-08-21 13:00:00+05:30,55964.6,55979.8,55952.4,55970.0,1.0,1,False,False,False,False,False,False,False,True,27.400000000001455,53.081199607884365,55968.82449449284,True,False,1.1755055071625975
2025-08-21 13:15:00+05:30,55970.0,55972.4,55910.0,55930.6,1.0,1,False,False,False,False,False,True,False,True,62.400000000001455,54.01307964709607,55965.79261168708,False,True,-35.19261168708181
2025-08-21 13:30:00+05:30,55930.6,55942.0,55853.0,55895.2,1.0,1,False,False,False,False,True,True,True,True,89.0,57.51177168238646,55959.32463753733,False,True,-64.12463753733027
2025-08-21 13:45:00+05:30,55900.0,55963.8,55892.8,55959.0,-1.0,-1,False,False,False,False,False,True,False,True,71.0,58.86059451414782,55958.583462564384,False,True,0.41653743561619194
2025-08-21 14:00:00+05:30,55960.0,55986.0,55950.0,55986.0,1.0,1,False,False,False,False,False,False,False,True,36.0,56.574535062733034,55960.35360461354,True,False,25.646395386458607
2025-08-21 14:15:00+05:30,55988.0,56014.8,55981.4,55999.0,-1.0,-1,False,False,False,False,False,False,False,True,33.400000000001455,54.25708155645988,55963.39526216426,True,False,35.6047378357398
2025-08-21 14:30:00+05:30,56000.0,56006.8,55950.0,55960.0,-1.0,-1,False,False,False,False,False,True,False,False,56.80000000000291,54.51137340081418,55962.97238321363,False,True,-2.972383213629655
2025-08-21 14:45:00+05:30,55965.0,55974.8,55938.2,55974.8,-3.0,-1,False,False,False,False,False,False,False,False,36.60000000000582,52.72023606073335,55963.944383667695,True,False,10.855616332308273
2025-08-21 15:00:00+05:30,55974.2,55975.0,55893.8,55896.2,-1.0,-1,False,True,False,False,True,True,True,False,81.19999999999709,55.568212454659715,55957.83195804221,False,True,-61.63195804221323
2025-08-21 15:15:00+05:30,55900.8,55918.8,55830.6,55843.0,-1.0,-1,False,False,False,False,True,True,True,False,88.20000000000437,58.83139120919418,55946.96727307244,False,True,-103.96727307244146
2025-08-21 15:30:00+05:30,55841.6,55841.6,55841.6,55841.6,-1.0,-1,False,False,False,False,False,False,True,False,1.4000000000014552,53.088252088274906,55936.16547666335,False,True,-94.56547666335246
2025-08-22 09:15:00+05:30,55799.6,55821.6,55648.0,55648.6,-3.0,-1,False,False,False,False,True,True,True,True,193.59999999999854,67.13942687944727,55908.20362027285,False,True,-259.6036202728501
2025-08-22 09:30:00+05:30,55627.0,55646.8,55556.6,55600.6,-1.0,-1,False,False,False,True,True,True,True,True,92.0,69.62548419150254,55876.50018297784,False,True,-275.90018297784263
2025-08-22 09:45:00+05:30,55600.0,55625.0,55500.0,55500.0,-1.0,-1,False,False,False,False,True,True,True,True,125.0,75.16293577235228,55836.700124097566,False,True,-336.700124097566
2025-08-22 10:00:00+05:30,55504.4,55505.0,55412.0,55470.2,-1.0,-1,False,False,False,False,True,True,True,True,93.0,76.94664219511705,55795.69448751798,False,True,-325.4944875179863
2025-08-22 10:15:00+05:30,55472.0,55472.0,55380.0,55434.6,-3.0,-1,False,True,False,False,True,True,True,True,92.0,78.45197797560535,55753.45282011937,False,True,-318.8528201193694
2025-08-22 10:30:00+05:30,55432.0,55454.8,55370.0,55399.4,-1.0,-1,False,False,False,False,True,True,True,True,84.80000000000291,79.0867801780451,55710.4645041825,False,True,-311.06450418249733
2025-08-22 10:45:00+05:30,55399.4,55436.0,55385.0,55436.0,-1.0,-1,False,False,False,False,False,False,False,True,51.0,76.27810216024059,55673.63881417882,False,True,-237.6388141788193
2025-08-22 11:00:00+05:30,55435.0,55460.6,55387.0,55430.0,-1.0,-1,False,False,False,False,False,False,False,True,73.59999999999854,76.01029194421639,55639.39795767007,False,True,-209.39795767007308
2025-08-22 11:15:00+05:30,55427.4,55465.0,55366.0,55450.0,-3.0,-1,False,False,False,True,False,True,False,True,99.0,78.30926274979475,55610.24693916872,False,True,-160.2469391687191
2025-08-22 11:30:00+05:30,55454.6,55470.0,55439.2,55463.0,-1.0,-1,False,False,False,False,False,False,False,True,30.80000000000291,73.55833647481556,55585.58003910755,False,True,-122.5800391075536
2025-08-22 11:45:00+05:30,55459.6,55485.2,55444.8,55466.0,-3.0,-1,False,False,False,False,False,False,False,True,40.39999999999418,70.24250282733342,55564.40043907064,False,True,-98.40043907063955
2025-08-22 12:00:00+05:30,55469.4,55470.0,55420.4,55420.4,-3.0,-1,False,False,False,False,False,False,False,True,49.599999999998545,68.17825254459993,55542.12254993254,False,True,-121.72254993253591
2025-08-22 12:15:00+05:30,55420.4,55430.0,55388.6,55429.8,-5.0,-1,False,False,False,False,False,False,False,True,41.400000000001455,65.50042729014008,55523.5268823005,False,True,-93.72688230049971
2025-08-22 12:30:00+05:30,55424.2,55448.2,55401.4,55437.6,-1.0,-1,False,False,False,False,False,False,False,True,46.799999999995634,63.63038456112564,55508.24937545342,False,True,-70.649375453424
2025-08-22 12:45:00+05:30,55437.2,55445.0,55403.4,55407.0,-1.0,-1,False,False,False,False,False,False,False,True,41.599999999998545,61.42734610501293,55492.55495344932,False,True,-85.55495344931842
2025-08-22 13:00:00+05:30,55407.0,55426.0,55405.0,55416.2,-1.0,-1,False,False,False,False,False,False,False,True,21.0,57.38461149451164,55479.806801124156,False,True,-63.606801124158665
2025-08-22 13:15:00+05:30,55414.4,55457.0,55405.4,55437.0,-5.0,-1,False,False,False,False,False,False,False,True,51.599999999998545,56.806150345060324,55470.82886840778,False,True,-33.82886840777792
2025-08-22 13:30:00+05:30,55437.0,55465.2,55410.0,55445.2,-1.0,-1,False,False,False,False,False,False,False,True,55.19999999999709,56.645535310553996,55464.23925065327,False,True,-19.039250653273484
2025-08-22 13:45:00+05:30,55454.0,55465.0,55422.0,55422.0,-1.0,-1,False,False,False,False,False,False,False,True,43.0,55.280981779498596,55456.94607831033,False,True,-34.94607831032772
2025-08-22 14:00:00+05:30,55422.4,55431.2,55388.0,55391.0,-1.0,-1,False,False,False,False,False,False,False,True,43.19999999999709,54.07288360154844,55448.02741079111,False,True,-57.027410791110015
2025-08-22 14:15:00+05:30,55390.2,55390.8,55236.0,55292.6,-5.0,-1,False,True,False,False,True,True,True,True,155.0,64.16559524139359,55431.21750690706,False,True,-138.61750690705958
2025-08-22 14:30:00+05:30,55291.2,55300.0,55225.0,55290.0,-1.0,-1,False,False,False,False,True,True,True,True,75.0,65.24903571725423,55415.15950788217,False,True,-125.15950788217015
2025-08-22 14:45:00+05:30,55298.0,55340.0,55274.2,55316.6,1.0,1,False,False,False,False,False,True,False,True,65.80000000000291,65.3041321455291,55402.543069667576,False,True,-85.94306966757722
2025-08-22 15:00:00+05:30,55312.0,55322.8,55265.0,55292.6,1.0,1,False,False,False,False,False,False,False,True,57.80000000000291,64.55371893097649,55388.80889135105,False,True,-96.20889135105244
2025-08-22 15:15:00+05:30,55295.0,55299.0,55239.4,55260.0,-5.0,-1,False,False,False,True,False,False,True,True,59.599999999998545,64.05834703787869,55373.198696330044,False,True,-113.19869633004419
2025-08-25 09:15:00+05:30,55368.8,55418.0,55202.4,55414.6,-3.0,-1,False,False,False,False,True,True,True,True,215.59999999999854,79.21251233409068,55372.735221911746,False,True,41.86477808825293
2025-08-25 09:30:00+05:30,55415.0,55418.0,55341.0,55373.2,-1.0,-1,False,False,False,False,False,False,False,True,77.0,78.99126110068161,55369.59315597755,False,True,3.6068440224480582
2025-08-25 09:45:00+05:30,55370.8,55374.0,55259.6,55264.6,-1.0,-1,False,False,False,False,False,True,False,True,114.40000000000146,82.5321349906136,55357.52809987044,False,True,-92.92809987044166
2025-08-25 10:00:00+05:30,55264.6,55295.0,55168.2,55186.2,-5.0,-1,False,True,False,False,True,True,True,True,126.80000000000291,86.95892149155253,55339.22215664484,False,True,-153.02215664484538
2025-08-25 10:15:00+05:30,55183.0,55279.0,55175.0,55225.0,-1.0,-1,False,False,False,False,False,True,False,True,104.0,88.66302934239727,55325.36950842624,False,True,-100.36950842624356
2025-08-25 10:30:00+05:30,55223.6,55260.0,55199.8,55213.6,1.0,1,False,False,False,False,False,False,False,True,60.19999999999709,85.81672640815725,55311.50252492436,False,True,-97.90252492436412
2025-08-25 10:45:00+05:30,55206.8,55260.0,55206.0,55258.8,1.0,1,False,False,False,False,False,False,False,True,54.0,82.63505376734153,55302.80089540893,False,True,-44.000895408928045
2025-08-25 11:00:00+05:30,55258.8,55293.8,55212.0,55240.0,-3.0,-1,False,False,False,True,False,False,False,True,81.80000000000291,82.55154839060768,55293.46643643876,False,True,-53.46643643875723
2025-08-25 11:15:00+05:30,55240.0,55269.2,55231.6,55243.2,-1.0,-1,False,False,False,False,False,False,False,True,37.599999999998545,78.05639355154676,55285.46005862785,False,True,-42.2600586278495
2025-08-25 11:30:00+05:30,55243.2,55277.2,55234.4,55274.0,1.0,1,False,False,False,False,False,False,False,True,42.799999999995634,74.53075419639165,55281.24363145976,False,True,-7.243631459758035
2025-08-25 11:45:00+05:30,55274.0,55325.0,55263.0,55300.0,1.0,1,False,False,False,False,False,False,False,True,62.0,73.27767877675248,55280.30203490445,False,True,19.69796509554726
2025-08-25 12:00:00+05:30,55300.0,55314.6,55281.8,55314.4,-1.0,-1,False,False,False,False,False,False,False,True,32.799999999995634,69.2299108990768,55281.452614188835,True,False,32.947385811166896
2025-08-25 12:15:00+05:30,55317.6,55344.4,55300.0,55329.8,1.0,1,False,False,False,False,False,False,False,True,44.400000000001455,66.74691980916927,55284.62253813142,True,False,45.177461868581304
2025-08-25 12:30:00+05:30,55322.6,55337.0,55297.4,55331.4,1.0,1,False,False,False,False,False,False,False,True,39.599999999998545,64.0322278282522,55288.37995235897,True,False,43.02004764103185
2025-08-25 12:45:00+05:30,55332.2,55345.0,55305.2,55319.0,1.0,1,False,False,False,False,False,False,False,True,39.80000000000291,61.609005045427274,55291.274809706614,True,False,27.725190293385822
2025-08-25 13:00:00+05:30,55319.0,55350.0,55318.0,55344.4,1.0,1,False,False,False,False,False,False,False,True,32.0,58.648104540884546,55296.58024870189,True,False,47.81975129811326
2025-08-25 13:15:00+05:30,55345.2,55345.2,55272.4,55285.8,1.0,1,False,False,False,False,False,True,False,True,72.79999999999563,60.06329408679566,55296.54040842386,False,True,-10.740408423858753
2025-08-25 13:30:00+05:30,55285.8,55319.6,55276.6,55310.2,-1.0,-1,False,False,False,False,False,False,False,True,43.0,58.35696467811609,55298.59081187041,True,False,11.609188129586983
2025-08-25 13:45:00+05:30,55310.0,55335.0,55282.2,55321.0,-1.0,-1,False,False,False,False,False,False,False,True,52.80000000000291,57.80126821030477,55301.45853147234,True,False,19.5414685276628
2025-08-25 14:00:00+05:30,55322.0,55334.8,55301.0,55303.6,1.0,1,False,False,False,False,False,False,False,True,33.80000000000291,55.401141389274585,55302.544632467354,True,False,1.0553675326445955
2025-08-25 14:15:00+05:30,55303.6,55330.4,55262.6,55262.8,1.0,1,False,False,False,False,False,True,False,True,67.80000000000291,56.64102725034742,55299.70945121241,False,True,-36.909451212406566
2025-08-25 14:30:00+05:30,55266.4,55268.0,55220.0,55231.2,-1.0,-1,False,False,False,False,False,False,True,True,48.0,55.77692452531268,55293.82560430204,False,True,-62.6256043020403
2025-08-25 14:45:00+05:30,55240.0,55333.6,55227.4,55314.4,1.0,1,False,False,False,False,False,True,False,True,106.19999999999709,60.81923207278112,55295.40060190347,True,False,18.999398096530058
2025-08-25 15:00:00+05:30,55318.0,55319.0,55230.0,55247.8,1.0,1,False,False,False,False,False,True,False,True,89.0,63.63730886550301,55290.91575179317,False,True,-43.115751793164236
2025-08-25 15:15:00+05:30,55249.2,55267.2,55235.2,55235.2,-1.0,-1,False,False,False,False,False,False,False,True,32.0,60.47357797895271,55285.3144771781,False,True,-50.1144771781037
2025-08-25 15:30:00+05:30,55235.2,55235.2,55235.2,55235.2,-3.0,-1,False,False,False,False,False,False,False,True,0.0,54.426220181057445,55279.83484347355,False,True,-44.63484347355552
2025-08-26 09:15:00+05:30,55149.8,55149.8,54680.4,54716.0,-1.0,-1,False,True,False,False,True,True,True,True,554.7999999999956,104.46359816295126,55227.49428507327,False,True,-511.49428507326957
2025-08-26 09:30:00+05:30,54715.0,54730.0,54552.2,54598.4,-1.0,-1,False,False,False,False,True,True,True,True,177.8000000000029,111.79723834665643,55165.147692110695,False,True,-566.7476921106936
2025-08-26 09:45:00+05:30,54590.2,54659.8,54590.2,54651.8,-1.0,-1,False,False,False,False,False,False,True,True,69.60000000000582,107.57751451199138,55109.15407025514,False,True,-457.35407025513996
2025-08-26 10:00:00+05:30,54650.2,54689.8,54625.2,54655.0,-3.0,-1,False,False,False,False,False,False,True,True,64.60000000000582,103.27976306079282,55055.7837973631,False,True,-400.7837973631031
2025-08-26 10:15:00+05:30,54641.2,54685.4,54619.2,54657.8,-1.0,-1,False,False,False,True,False,False,False,True,66.20000000000437,99.57178675471397,55005.667784046746,False,True,-347.8677840467426
2025-08-26 10:30:00+05:30,54658.2,54665.8,54619.8,54653.4,-1.0,-1,False,False,False,False,False,False,False,True,46.0,94.21460807924257,54958.67655637574,False,True,-305.2765563757421
2025-08-26 10:45:00+05:30,54653.4,54659.4,54601.2,54656.6,-1.0,-1,False,False,False,False,False,False,False,True,58.200000000004366,90.61314727131875,54915.870786852465,False,True,-259.2707868524667
2025-08-26 11:00:00+05:30,54658.2,54708.0,54651.2,54689.8,-1.0,-1,False,False,False,False,False,False,False,True,56.80000000000291,87.23183254418717,54880.18819553928,False,True,-190.38819553927897
2025-08-26 11:15:00+05:30,54691.0,54799.0,54678.0,54769.2,-1.0,-1,False,False,False,False,False,True,False,True,121.0,90.60864928976846,54855.86324457511,False,True,-86.66324457510927
2025-08-26 11:30:00+05:30,54769.0,54774.4,54685.2,54709.2,-3.0,-1,False,False,False,False,False,False,False,True,89.20000000000437,90.46778436079205,54830.09449349846,False,True,-120.89449349846109
2025-08-26 11:45:00+05:30,54707.8,54739.6,54688.4,54728.2,-1.0,-1,False,False,False,False,False,False,False,True,51.19999999999709,86.54100592471255,54809.76772879641,False,True,-81.56772879641358
2025-08-26 12:00:00+05:30,54728.2,54750.0,54670.0,54684.8,-1.0,-1,False,False,False,False,False,False,False,True,80.0,85.8869053322413,54788.90663954418,False,True,-104.10663954417396
2025-08-26 12:15:00+05:30,54685.0,54711.8,54668.0,54690.0,1.0,1,False,False,False,False,False,False,False,True,43.80000000000291,81.67821479901747,54771.57388729227,False,True,-81.57388729226659
2025-08-26 12:30:00+05:30,54674.4,54686.8,54635.0,54650.0,-3.0,-1,False,False,False,False,False,False,False,True,55.0,79.01039331911572,54753.33631212763,False,True,-103.33631212762702
2025-08-26 12:45:00+05:30,54650.2,54674.6,54635.6,54658.6,1.0,1,False,False,False,False,False,False,False,True,39.0,75.00935398720415,54738.29043069816,False,True,-79.69043069815962
2025-08-26 13:00:00+05:30,54658.6,54698.0,54656.8,54685.2,1.0,1,False,False,False,False,False,False,False,True,41.19999999999709,71.62841858848344,54727.79346834271,False,True,-42.593468342711276
2025-08-26 13:15:00+05:30,54690.0,54704.8,54668.0,54682.2,-1.0,-1,False,False,False,False,False,False,False,True,36.80000000000291,68.1455767296354,54718.881955496916,False,True,-36.68195549691882
2025-08-26 13:30:00+05:30,54677.4,54695.0,54668.0,54690.6,-3.0,-1,False,False,False,False,False,False,False,True,27.0,64.03101905667185,54712.31766747752,False,True,-21.717667477518262
2025-08-26 13:45:00+05:30,54691.8,54692.0,54660.2,54670.0,1.0,1,False,False,False,False,False,False,False,True,31.80000000000291,60.80791715100496,54705.222733758266,False,True,-35.22273375826626
2025-08-26 14:00:00+05:30,54674.2,54677.2,54555.2,54568.6,1.0,1,False,False,False,False,True,True,True,True,122.0,66.92712543590446,54690.059276574655,False,True,-121.45927657465654
2025-08-26 14:15:00+05:30,54563.8,54606.0,54525.0,54596.2,-1.0,-1,False,False,False,False,False,True,False,True,81.0,68.33441289231402,54678.42464275494,False,True,-82.22464275493985
2025-08-26 14:30:00+05:30,54588.0,54595.4,54553.4,54575.2,-3.0,-1,False,False,False,False,False,False,False,True,42.799999999995634,65.78097160308218,54665.886350137385,False,True,-90.68635013738822
2025-08-26 14:45:00+05:30,54582.0,54582.0,54544.0,54549.0,-1.0,-1,False,False,False,False,False,False,True,True,38.0,63.002874442773965,54651.954058810494,False,True,-102.95405881049373
2025-08-26 15:00:00+05:30,54549.2,54570.6,54500.0,54505.2,-1.0,-1,False,True,False,False,True,True,True,True,70.59999999999854,63.76258699849642,54635.05040522785,False,True,-129.8504052278513
2025-08-26 15:15:00+05:30,54504.6,54541.6,54455.2,54456.0,-3.0,-1,False,False,False,False,True,True,True,True,86.40000000000146,66.02632829864692,54614.749452711454,False,True,-158.74945271145407
2025-08-26 15:30:00+05:30,54470.0,54470.0,54470.0,54470.0,-5.0,-1,False,False,False,False,False,False,True,True,14.0,60.823695468782226,54596.897961983894,False,True,-126.89796198389377
2025-08-28 09:15:00+05:30,54398.6,54424.2,53970.2,54016.2,-3.0,-1,False,False,False,False,True,True,True,True,499.8000000000029,104.72132592190428,54539.20049519898,False,True,-523.0004951989831
2025-08-28 09:30:00+05:30,54024.4,54227.0,53948.8,54083.8,-1.0,-1,False,False,False,True,True,True,True,True,278.1999999999971,122.06919332971356,54489.33041195859,False,True,-405.5304119585853
2025-08-28 09:45:00+05:30,54075.6,54225.0,54026.6,54193.8,-1.0,-1,False,False,False,False,False,True,False,True,198.40000000000146,129.70227399674235,54451.752418504955,False,True,-257.9524185049522
2025-08-28 10:00:00+05:30,54198.4,54246.8,54093.4,54095.8,-3.0,-1,False,False,False,False,True,True,True,True,153.40000000000146,132.07204659706827,54408.02138717947,False,True,-312.22138717946655
2025-08-28 10:15:00+05:30,54090.2,54185.0,54057.0,54179.4,-1.0,-1,False,False,False,False,False,False,False,True,128.0,131.66484193736144,54374.9100167447,False,True,-195.51001674470172
2025-08-28 10:30:00+05:30,54190.0,54284.0,54170.0,54215.4,1.0,1,False,False,False,False,False,False,False,True,114.0,129.8983577436253,54348.31379854955,False,True,-132.9137985495472
2025-08-28 10:45:00+05:30,54210.8,54370.0,54206.2,54345.0,-1.0,-1,False,True,False,False,True,True,True,True,163.8000000000029,133.28852196926306,54336.73908629012,False,True,8.260913709877059
2025-08-28 11:00:00+05:30,54345.0,54390.0,54279.0,54290.0,-3.0,-1,False,False,False,False,False,False,False,True,111.0,131.05966977233675,54323.25511132437,False,True,-33.255111324368045
2025-08-28 11:15:00+05:30,54281.4,54335.2,54271.6,54297.8,-3.0,-1,False,False,False,False,False,False,False,True,63.599999999998545,124.31370279510293,54313.23525255852,False,True,-15.435252558520006
2025-08-28 11:30:00+05:30,54293.6,54375.0,54293.6,54338.0,-1.0,-1,False,False,False,False,False,False,False,True,81.40000000000146,120.02233251559278,54309.28256026279,False,True,28.717439737207314
2025-08-28 11:45:00+05:30,54337.4,54344.4,54209.0,54224.8,-1.0,-1,False,False,False,True,False,True,False,True,135.40000000000146,121.56009926403365,54297.09786780686,False,True,-72.2978678068539
2025-08-28 12:00:00+05:30,54224.6,54250.0,54169.2,54231.4,-3.0,-1,False,False,False,False,False,False,False,True,80.80000000000291,117.48408933763058,54287.20592010394,False,True,-55.80592010393593
2025-08-28 12:15:00+05:30,54237.8,54249.8,54129.6,54195.0,-3.0,-1,False,False,False,False,False,True,False,True,120.20000000000437,117.75568040386796,54275.464888872746,False,True,-80.46488887274609
2025-08-28 12:30:00+05:30,54183.6,54193.6,54118.6,54125.0,-1.0,-1,False,False,False,False,False,False,True,True,76.40000000000146,113.6201123634813,54258.63335450452,False,True,-133.63335450451996
2025-08-28 12:45:00+05:30,54123.6,54169.8,54110.0,54130.2,-1.0,-1,False,False,False,False,False,False,False,True,59.80000000000291,108.23810112713345,54243.43910608157,False,True,-113.23910608157166
2025-08-28 13:00:00+05:30,54129.8,54129.8,54000.0,54030.6,-3.0,-1,False,True,False,False,True,True,True,True,130.1999999999971,110.4342910144198,54220.35972069189,False,True,-189.75972069189447
2025-08-28 13:15:00+05:30,54035.0,54080.0,54022.8,54058.6,-1.0,-1,False,False,False,False,False,False,True,True,57.19999999999709,105.11086191297754,54201.02540473186,False,True,-142.4254047318609
2025-08-28 13:30:00+05:30,54051.4,54057.2,53975.2,54012.2,-1.0,-1,False,False,False,False,False,False,True,True,83.40000000000146,102.93977572167992,54178.803467112775,False,True,-166.60346711277816
2025-08-28 13:45:00+05:30,54013.2,54019.4,53938.8,53959.4,-1.0,-1,False,False,False,False,False,False,True,True,80.59999999999854,100.70579814951178,54153.22680324746,False,True,-193.82680324745888
2025-08-28 14:00:00+05:30,53958.4,54075.0,53958.4,54045.0,-3.0,-1,False,False,False,True,False,True,False,True,116.59999999999854,102.29521833456046,54137.002126969826,False,True,-92.00212696982635
2025-08-28 14:15:00+05:30,54051.2,54071.0,53978.2,53978.4,-1.0,-1,False,False,False,False,False,False,False,True,92.80000000000291,101.3456965011047,54116.42820128951,False,True,-138.02820128951134
2025-08-28 14:30:00+05:30,53975.2,54004.6,53875.0,53919.0,-3.0,-1,False,False,False,False,True,True,True,True,129.59999999999854,104.1711268509941,54092.2000923043,False,True,-173.2000923043015
2025-08-28 14:45:00+05:30,53919.0,53921.6,53807.6,53874.8,-1.0,-1,False,True,False,False,True,True,True,True,114.0,105.15401416589471,54065.783294246576,False,True,-190.98329424657277
2025-08-28 15:00:00+05:30,53875.0,53883.6,53779.0,53815.8,-3.0,-1,False,False,False,False,False,False,True,True,104.59999999999854,105.09861274930509,54035.950692692415,False,True,-220.15069269241212
2025-08-28 15:15:00+05:30,53817.0,53836.0,53803.8,53817.2,-1.0,-1,False,False,False,False,False,False,True,True,32.19999999999709,97.80875147437429,54008.31817855544,False,True,-191.1181785554436
2025-08-29 09:15:00+05:30,54284.0,54390.0,54156.6,54308.4,-3.0,-1,False,False,False,False,True,True,True,True,572.8000000000029,145.30787632693713,54027.42390403798,True,False,280.976095962018
2025-08-29 09:30:00+05:30,54320.0,54414.6,54225.0,54349.0,-1.0,-1,False,False,False,True,True,True,True,True,189.59999999999854,149.73708869424325,54052.14073494653,True,False,296.85926505347015
2025-08-29 09:45:00+05:30,54349.0,54360.0,54290.0,54314.4,-1.0,-1,False,False,False,False,False,False,True,True,70.0,141.76337982481894,54074.96815082468,True,False,239.431849175322
2025-08-29 10:00:00+05:30,54307.8,54330.6,54253.8,54270.2,1.0,1,False,False,False,False,False,False,False,True,76.79999999999563,135.2670418423366,54094.35311162846,True,False,175.84688837153954
2025-08-29 10:15:00+05:30,54270.2,54423.0,54270.0,54400.0,-1.0,-1,False,False,False,False,True,True,True,True,153.0,137.04033765810294,54125.48512595734,True,False,274.51487404265936
2025-08-29 10:30:00+05:30,54410.2,54479.0,54403.6,54470.0,1.0,1,False,False,False,False,False,False,True,True,79.0,131.23630389229265,54162.363025048006,True,False,307.6369749519945
2025-08-29 10:45:00+05:30,54471.0,54476.4,54380.0,54380.0,-1.0,-1,False,False,False,False,False,False,False,True,96.40000000000146,127.75267350306353,54189.85044723354,True,False,190.14955276645924
2025-08-29 11:00:00+05:30,54375.6,54430.0,54366.8,54405.6,1.0,1,False,False,False,False,False,False,False,True,63.19999999999709,121.29740615275689,54217.92495650286,True,False,187.67504349714
2025-08-29 11:15:00+05:30,54401.6,54433.6,54361.6,54433.6,-1.0,-1,False,False,False,False,False,False,False,True,72.0,116.3676655374812,54246.468184038225,True,False,187.1318159617731
2025-08-29 11:30:00+05:30,54434.4,54439.4,54385.4,54419.8,1.0,1,False,False,False,False,False,False,False,True,54.0,110.13089898373308,54271.43759615182,True,False,148.36240384817938
2025-08-29 11:45:00+05:30,54414.0,54443.0,54351.0,54351.4,-1.0,-1,False,False,False,False,False,False,False,True,92.0,108.31780908535977,54287.734348832986,True,False,63.66565116701531
2025-08-29 12:00:00+05:30,54335.0,54384.0,54320.0,54370.0,-1.0,-1,False,False,False,False,False,False,False,True,64.0,103.88602817682379,54303.258140955244,True,False,66.74185904475598
2025-08-29 12:15:00+05:30,54370.2,54380.0,54315.0,54316.2,-1.0,-1,False,False,False,False,False,False,False,True,65.0,99.9974253591414,54311.57413225918,True,False,4.625867740818649
2025-08-29 12:30:00+05:30,54315.0,54351.0,54297.0,54320.2,1.0,1,False,False,False,False,False,False,False,True,54.0,95.39768282322726,54318.13754719199,True,False,2.062452808007947
2025-08-29 12:45:00+05:30,54320.0,54330.0,54248.0,54258.8,-1.0,-1,False,False,False,False,False,False,True,True,82.0,94.05791454090453,54317.30538127717,False,True,-58.505381277165725
2025-08-29 13:00:00+05:30,54262.2,54276.0,54200.0,54201.0,-1.0,-1,False,False,False,False,False,False,True,True,76.0,92.25212308681408,54309.74534756517,False,True,-108.74534756517096
2025-08-29 13:15:00+05:30,54200.0,54270.0,54200.0,54248.8,-1.0,-1,False,False,False,False,False,False,False,True,70.0,90.02691077813267,54305.45027789139,False,True,-56.650277891385485
2025-08-29 13:30:00+05:30,54249.2,54249.2,54205.0,54212.0,-1.0,-1,False,False,False,False,False,False,False,True,44.19999999999709,85.44421970031911,54297.14694496333,False,True,-85.14694496332959
2025-08-29 13:45:00+05:30,54213.0,54239.0,54125.0,54127.8,-3.0,-1,False,True,False,False,True,True,True,True,114.0,88.2997977302872,54280.883255141474,False,True,-153.08325514147145
2025-08-29 14:00:00+05:30,54125.0,54189.0,54100.0,54175.0,-1.0,-1,False,False,False,False,False,True,False,True,89.0,88.36981795725848,54268.950078759975,False,True,-93.95007875997544
2025-08-29 14:15:00+05:30,54184.6,54238.0,54145.4,54161.0,-3.0,-1,False,False,False,False,False,True,False,True,92.59999999999854,88.79283616153248,54256.13892435266,False,True,-95.13892435265734
2025-08-29 14:30:00+05:30,54157.8,54171.2,54081.0,54098.8,-3.0,-1,False,False,False,False,True,True,True,True,90.19999999999709,88.93355254537894,54238.328488696236,False,True,-139.52848869623267
2025-08-29 14:45:00+05:30,54095.4,54145.0,54080.0,54130.2,-3.0,-1,False,False,False,True,False,False,False,True,65.0,86.54019729084105,54224.2403493009,False,True,-94.04034930089983
2025-08-29 15:00:00+05:30,54144.0,54144.0,54005.2,54008.0,-1.0,-1,False,False,False,False,True,True,True,True,138.8000000000029,91.76617756175725,54200.13850577013,False,True,-192.13850577013363
2025-08-29 15:15:00+05:30,54015.4,54110.0,54010.6,54100.0,-3.0,-1,False,False,False,False,False,True,False,True,102.0,92.78955980558152,54185.63587062844,False,True,-85.63587062843726
2025-09-01 09:15:00+05:30,54158.0,54320.0,54116.6,54314.0,-3.0,-1,False,False,False,False,True,True,True,True,220.0,105.51060382502337,54191.946587615625,True,False,122.0534123843754
2025-09-01 09:30:00+05:30,54313.6,54367.2,54285.4,54338.0,-3.0,-1,False,False,False,False,False,False,True,True,81.79999999999563,103.1395434425206,54201.72332897025,True,False,136.27667102975101
2025-09-01 09:45:00+05:30,54338.0,54362.0,54310.0,54330.8,-1.0,-1,False,False,False,False,False,False,True,True,52.0,98.02558909826854,54211.80793734055,True,False,118.99206265945395
2025-09-01 10:00:00+05:30,54331.0,54332.8,54238.8,54257.4,-3.0,-1,False,False,False,False,False,False,False,False,94.0,97.62303018844167,54215.84114095571,True,False,41.55885904429306
2025-09-01 10:15:00+05:30,54254.0,54293.4,54179.0,54217.4,-3.0,-1,False,False,False,False,False,True,False,False,114.40000000000146,99.30072716959765,54216.55907937736,True,False,0.840920622642443
2025-09-01 10:30:00+05:30,54216.2,54220.0,54166.0,54218.0,-1.0,-1,False,False,False,False,False,False,False,False,54.0,94.77065445263788,54217.455940233005,True,False,0.5440597669949057
2025-09-01 10:45:00+05:30,54210.0,54268.4,54200.0,54248.2,-1.0,-1,False,False,False,False,False,False,False,False,68.40000000000146,92.13358900737424,54221.089974574425,True,False,27.11002542557253
2025-09-01 11:00:00+05:30,54248.6,54259.8,54216.4,54228.0,-3.0,-1,False,False,False,False,False,False,False,False,43.400000000001455,87.26023010663695,54222.7801571648,True,False,5.219842835198506
2025-09-01 11:15:00+05:30,54222.0,54244.4,54206.0,54243.6,-3.0,-1,False,False,False,False,False,False,False,False,38.400000000001455,82.3742070959734,54225.68935348862,True,False,17.910646511380037
2025-09-01 11:30:00+05:30,54229.8,54256.0,54190.0,54197.4,-1.0,-1,False,False,False,False,False,False,False,False,66.0,80.73678638637605,54224.16669438948,False,True,-26.766694389480108
2025-09-01 11:45:00+05:30,54210.0,54210.0,54116.4,54121.6,1.0,1,False,False,False,False,True,True,True,False,93.59999999999854,82.0231077477383,54215.52940495263,False,True,-93.92940495262883
2025-09-01 12:00:00+05:30,54121.2,54195.4,54120.0,54191.0,-1.0,-1,False,False,False,False,False,False,False,False,75.40000000000146,81.36079697296461,54213.04929935128,False,True,-22.04929935128166
2025-09-01 12:15:00+05:30,54195.0,54245.0,54167.6,54240.2,-1.0,-1,False,False,False,False,False,False,False,False,77.40000000000146,80.96471727566829,54215.01435949107,True,False,25.185640508927463
2025-09-01 12:30:00+05:30,54245.0,54275.0,54201.4,54255.0,1.0,1,False,False,False,False,False,False,False,False,73.59999999999854,80.22824554810131,54218.33894959945,True,False,36.661050400551176
2025-09-01 12:45:00+05:30,54250.8,54281.4,54245.2,54268.0,1.0,1,False,False,False,False,False,False,False,False,36.200000000004366,75.82542099329162,54222.84134602516,True,False,45.15865397483867
2025-09-01 13:00:00+05:30,54270.0,54310.0,54260.2,54299.2,1.0,1,False,False,False,False,False,False,False,False,49.80000000000291,73.22287889396274,54230.12702332604,True,False,69.07297667396051
2025-09-01 13:15:00+05:30,54300.0,54317.2,54269.2,54292.8,1.0,1,False,False,False,False,False,False,False,False,48.0,70.70059100456646,54236.7072161068,True,False,56.09278389320389
2025-09-01 13:30:00+05:30,54294.2,54333.0,54286.8,54297.6,-1.0,-1,False,False,False,False,False,False,False,False,46.19999999999709,68.25053190410952,54243.50170193189,True,False,54.0982980681074
2025-09-01 13:45:00+05:30,54295.8,54298.0,54250.2,54285.0,-1.0,-1,False,False,False,False,False,False,False,False,47.80000000000291,66.20547871369885,54248.845797342576,True,False,36.15420265742432
2025-09-01 14:00:00+05:30,54285.0,54329.0,54274.6,54310.6,1.0,1,False,False,False,False,False,False,False,False,54.400000000001455,65.02493084232911,54256.13413313693,True,False,54.46586686306546
2025-09-01 14:15:00+05:30,54316.0,54322.8,54244.2,54251.0,1.0,1,False,False,False,False,False,True,False,False,78.60000000000582,66.38243775809678,54257.57983772076,True,False,-6.579837720761134
2025-09-01 14:30:00+05:30,54253.4,54309.0,54253.4,54295.0,1.0,1,False,False,False,False,False,False,False,False,58.0,65.54419398228711,54262.556481074615,True,False,32.44351892538543
2025-09-01 14:45:00+05:30,54295.0,54349.8,54278.6,54349.8,1.0,1,True,False,False,False,True,True,True,False,71.20000000000437,66.10977458405884,54272.05227009625,True,False,77.74772990375641
2025-09-01 15:00:00+05:30,54350.0,54385.0,54323.0,54367.4,1.0,1,False,False,False,False,False,False,True,False,62.0,65.69879712565296,54282.648647644564,True,False,84.75135235543712
2025-09-01 15:15:00+05:30,54367.0,54380.0,54360.0,54379.6,3.0,1,False,False,False,False,False,False,True,False,20.0,61.12891741308766,54293.774332812405,True,False,85.82566718759335
2025-09-01 15:30:00+05:30,54373.6,54373.6,54373.6,54373.6,1.0,1,False,False,False,False,False,False,False,False,6.0,55.6160256717789,54303.693647872424,True,False,69.90635212757479
2025-09-02 09:15:00+05:30,54399.8,54446.8,54260.0,54291.6,3.0,1,False,False,True,False,False,True,False,False,186.8000000000029,68.73442310460129,54305.44549022816,True,False,-13.845490228159179
2025-09-02 09:30:00+05:30,54290.0,54407.8,54290.0,54400.4,3.0,1,False,False,False,False,False,True,False,False,117.80000000000291,73.64098079414146,54316.34226880502,True,False,84.0577311949819
2025-09-02 09:45:00+05:30,54404.6,54446.0,54387.2,54440.0,5.0,1,False,False,False,False,False,False,True,False,58.80000000000291,72.1568827147276,54330.12233347363,True,False,109.8776665263722
2025-09-02 10:00:00+05:30,54434.0,54500.0,54411.6,54427.6,3.0,1,False,False,False,False,False,True,False,False,88.40000000000146,73.78119444325498,54341.994864822365,True,False,85.6051351776332
2025-09-02 10:15:00+05:30,54427.0,54440.0,54390.2,54430.4,1.0,1,False,False,False,False,False,False,False,False,49.80000000000291,71.38307499892977,54353.26107827581,True,False,77.13892172418855
2025-09-02 10:30:00+05:30,54430.4,54440.0,54374.6,54440.0,1.0,1,False,False,False,False,False,False,False,False,65.40000000000146,70.78476749903693,54364.48817089327,True,False,75.51182910672651
2025-09-02 10:45:00+05:30,54440.0,54450.6,54418.2,54440.6,3.0,1,False,False,False,False,False,False,False,False,32.400000000001455,66.94629074913338,54374.82392765385,True,False,65.77607234614698
2025-09-02 11:00:00+05:30,54440.8,54458.4,54400.8,54407.8,1.0,1,False,False,False,False,False,False,False,False,57.599999999998545,66.0116616742199,54381.21886706463,True,False,26.581132935374626
2025-09-02 11:15:00+05:30,54408.8,54420.0,54361.4,54377.0,-1.0,-1,False,False,False,False,False,False,False,False,58.599999999998545,65.27049550679776,54383.87760928037,True,False,-6.877609280367324
2025-09-02 11:30:00+05:30,54380.0,54428.2,54371.0,54410.8,1.0,1,False,False,False,False,False,False,False,False,57.19999999999709,64.46344595611768,54388.74440289628,True,False,22.055597103724722
2025-09-02 11:45:00+05:30,54398.2,54414.0,54354.2,54370.0,3.0,1,False,False,False,False,False,False,False,False,59.80000000000291,63.9971013605062,54389.15339508926,True,False,-19.15339508926263
2025-09-02 12:00:00+05:30,54378.2,54395.0,54360.2,54369.0,3.0,1,False,False,False,False,False,False,False,False,34.80000000000291,61.077391224455866,54388.82302171948,False,True,-19.823021719479584
2025-09-02 12:15:00+05:30,54370.8,54410.0,54340.0,54410.0,-1.0,-1,False,False,False,False,False,True,False,False,70.0,61.96965210201027,54391.70156918879,True,False,18.29843081121362
2025-09-02 12:30:00+05:30,54400.0,54442.0,54390.0,54415.6,-1.0,-1,False,False,False,False,False,False,False,False,52.0,60.972686891809246,54394.685534056625,True,False,20.914465943373216
2025-09-02 12:45:00+05:30,54412.0,54419.8,54395.0,54398.4,1.0,1,False,False,False,False,False,False,False,False,24.80000000000291,57.355418202628606,54395.77104980984,True,False,2.6289501901628682
2025-09-02 13:00:00+05:30,54408.4,54408.8,54330.0,54335.0,1.0,1,False,False,False,False,False,True,False,False,78.80000000000291,59.49987638236604,54390.82995887574,False,True,-55.829958875743614
2025-09-02 13:15:00+05:30,54345.6,54345.6,54213.2,54244.8,-3.0,-1,False,True,False,False,True,True,True,False,132.40000000000146,66.78988874412957,54377.53892453984,False,True,-132.73892453983717
2025-09-02 13:30:00+05:30,54233.2,54274.0,54170.0,54171.0,-1.0,-1,False,False,False,False,True,True,True,False,104.0,70.51089986971661,54357.58664088626,False,True,-186.58664088625665
2025-09-02 13:45:00+05:30,54170.0,54209.0,54072.8,54084.2,-1.0,-1,False,False,False,False,True,True,True,False,136.1999999999971,77.07980988274466,54330.091737627554,False,True,-245.89173762755672
2025-09-02 14:00:00+05:30,54082.6,54099.6,53950.0,54040.6,-1.0,-1,False,False,False,False,True,True,True,True,149.59999999999854,84.33182889447005,54299.34995962961,False,True,-258.7499596296111
2025-09-02 14:15:00+05:30,54017.6,54104.0,54014.0,54031.2,-3.0,-1,False,False,False,True,True,True,True,True,90.0,84.89864600502304,54268.88609027808,False,True,-237.6860902780827
2025-09-02 14:30:00+05:30,54046.8,54097.6,54035.0,54087.8,-3.0,-1,False,False,False,False,False,False,False,True,66.40000000000146,83.04878140452088,54245.08215706072,False,True,-157.28215706071933
2025-09-02 14:45:00+05:30,54090.0,54120.0,54031.2,54033.0,-3.0,-1,False,False,False,False,True,True,True,True,88.80000000000291,83.62390326406909,54218.12544561247,False,True,-185.1254456124734
2025-09-02 15:00:00+05:30,54035.8,54079.6,54025.0,54048.8,-1.0,-1,False,False,False,False,False,False,False,True,54.599999999998545,80.72151293766203,54194.620521718854,False,True,-145.82052171885152
2025-09-02 15:15:00+05:30,54046.0,54077.4,54011.4,54011.4,-3.0,-1,False,False,False,False,False,False,False,True,66.0,79.24936164389582,54169.891479955775,False,True,-158.49147995577368
2025-09-02 15:30:00+05:30,54011.2,54011.2,54011.2,54011.2,-1.0,-1,False,False,False,False,False,False,False,True,0.20000000000436557,71.34442547950667,54147.39430107713,False,True,-136.1943010771356
2025-09-03 09:15:00+05:30,54011.4,54114.2,53915.0,54090.0,-1.0,-1,False,False,False,False,False,True,False,True,199.1999999999971,84.1299829315557,54134.32868748275,False,True,-44.328687482753594
2025-09-03 09:30:00+05:30,54099.0,54100.0,53995.0,54005.2,1.0,1,False,False,False,False,False,True,False,True,105.0,86.21698463840013,54115.77889339598,False,True,-110.57889339598478
2025-09-03 09:45:00+05:30,54005.2,54148.0,54005.0,54095.8,-1.0,-1,False,False,False,False,False,True,False,True,143.0,91.89528617456013,54107.51959407846,False,True,-11.719594078458613
2025-09-03 10:00:00+05:30,54096.6,54208.6,54096.6,54186.0,-3.0,-1,False,False,False,False,True,True,True,True,112.79999999999563,93.98575755710368,54109.345750864384,True,False,76.65424913561583
2025-09-03 10:15:00+05:30,54195.0,54198.0,54120.0,54160.0,-3.0,-1,False,False,False,False,False,False,False,True,78.0,92.38718180139331,54110.40306968977,True,False,49.59693031023198
2025-09-03 10:30:00+05:30,54155.0,54155.0,54032.0,54040.0,-1.0,-1,False,False,False,False,False,True,False,True,128.0,95.94846362125398,54101.80143522353,False,True,-61.80143522353319
2025-09-03 10:45:00+05:30,54040.0,54087.0,54011.6,54073.4,1.0,1,False,False,False,False,False,False,False,True,75.40000000000146,93.89361725912872,54097.20031377648,False,True,-23.800313776475377
2025-09-03 11:00:00+05:30,54073.6,54095.2,54016.2,54071.8,-1.0,-1,False,False,False,False,False,False,False,True,79.0,92.40425553321585,54093.26336958088,False,True,-21.46336958088068
2025-09-03 11:15:00+05:30,54061.0,54089.0,54022.6,54046.0,-1.0,-1,False,False,False,False,False,False,False,True,66.40000000000146,89.8038299798944,54087.63870969391,False,True,-41.638709693907
2025-09-03 11:30:00+05:30,54050.2,54086.6,54036.6,54063.8,1.0,1,False,False,False,False,False,False,False,True,50.0,85.82344698190497,54084.16938580788,False,True,-20.369385807876824
2025-09-03 11:45:00+05:30,54066.0,54088.8,54017.2,54088.8,3.0,1,False,False,False,False,False,False,False,True,71.60000000000582,84.40110228371505,54083.429349164944,False,True,5.370650835058768
2025-09-03 12:00:00+05:30,54084.4,54133.0,54062.2,54124.2,-1.0,-1,False,False,False,False,False,False,False,True,70.80000000000291,83.04099205534384,54086.273546250755,True,False,37.92645374924177
2025-09-03 12:15:00+05:30,54124.0,54175.0,54117.2,54130.0,-1.0,-1,False,False,False,False,False,False,False,True,57.80000000000291,80.51689284980975,54089.905108383864,True,False,40.09489161613601
2025-09-03 12:30:00+05:30,54124.8,54167.0,54110.0,54110.0,1.0,1,False,False,False,False,False,False,False,True,57.0,78.16520356482877,54091.8588458201,True,False,18.141154179902514
2025-09-03 12:45:00+05:30,54108.0,54128.2,54002.0,54031.6,1.0,1,False,False,False,False,False,True,False,True,126.19999999999709,82.9686832083456,54086.740396306384,False,True,-55.14039630638581
2025-09-03 13:00:00+05:30,54020.0,54075.0,54010.2,54042.4,1.0,1,False,False,False,False,False,False,False,True,64.80000000000291,81.15181488751134,54082.62391486854,False,True,-40.223914868540305
2025-09-03 13:15:00+05:30,54047.6,54093.2,54032.8,54058.8,1.0,1,False,False,False,False,False,False,False,True,60.39999999999418,79.07663339875963,54080.06409904708,False,True,-21.264099047075433
2025-09-03 13:30:00+05:30,54059.8,54099.0,54028.8,54099.0,1.0,1,False,False,False,False,False,False,False,True,70.19999999999709,78.18897005888337,54081.25311649537,True,False,17.746883504631114
2025-09-03 13:45:00+05:30,54100.0,54160.0,54099.0,54160.0,3.0,1,False,False,False,False,False,False,True,False,61.0,76.47007305299503,54088.07296331142,True,False,71.92703668858303
2025-09-03 14:00:00+05:30,54160.0,54221.0,54136.2,54185.0,1.0,1,True,False,False,False,True,True,True,False,84.80000000000291,77.30306574769583,54097.184157674346,True,False,87.81584232565365
2025-09-03 14:15:00+05:30,54194.6,54210.0,54171.6,54210.0,1.0,1,False,False,False,False,False,False,True,False,38.400000000001455,73.4127591729264,54108.453013160295,True,False,101.54698683970491
2025-09-03 14:30:00+05:30,54210.0,54286.8,54209.2,54229.4,1.0,1,False,False,False,False,True,True,True,False,77.60000000000582,73.83148325563434,54121.21127696686,True,False,108.18872303314129
2025-09-03 14:45:00+05:30,54238.0,54289.0,54230.0,54271.4,3.0,1,False,False,False,False,False,False,True,False,59.599999999998545,72.40833493007077,54137.332117300495,True,False,134.0678826995063
2025-09-03 15:00:00+05:30,54280.0,54428.4,54273.8,54384.2,3.0,1,False,False,True,False,True,True,True,True,157.0,80.86750143706368,54163.03935292933,True,False,221.16064707066835
2025-09-03 15:15:00+05:30,54391.0,54404.8,54358.4,54404.8,3.0,1,False,False,False,False,False,False,True,True,46.400000000001455,77.42075129335745,54189.70062171231,True,False,215.09937828769034
2025-09-03 15:30:00+05:30,54391.0,54391.0,54391.0,54391.0,3.0,1,False,False,False,False,False,False,True,True,13.80000000000291,71.05867616402199,54213.87314688134,True,False,177.1268531186579
2025-09-04 09:15:00+05:30,54526.2,54670.0,54444.0,54570.0,3.0,1,True,False,False,False,True,True,True,True,279.0,91.85280854761979,54252.76477223941,True,False,317.2352277605896
2025-09-04 09:30:00+05:30,54563.2,54625.0,54545.0,54545.0,1.0,1,False,False,False,False,False,False,True,True,80.0,90.66752769285782,54287.55387629953,True,False,257.4461237004725
2025-09-04 09:45:00+05:30,54540.0,54654.0,54520.0,54614.8,1.0,1,False,False,False,False,True,True,True,True,134.0,95.00077492357204,54326.47580001811,True,False,288.3241999818929
2025-09-04 10:00:00+05:30,54610.4,54643.0,54452.6,54460.0,1.0,1,False,False,False,False,False,True,False,True,190.40000000000146,104.540697431215,54348.8592190566,True,False,111.1407809434022
2025-09-04 10:15:00+05:30,54452.6,54530.4,54417.0,54468.0,1.0,1,False,False,True,False,False,True,False,True,113.40000000000146,105.42662768809365,54369.30824933485,True,False,98.69175066515163
2025-09-04 10:30:00+05:30,54466.0,54488.0,54375.0,54420.2,1.0,1,False,False,False,False,False,True,False,True,113.0,106.18396491928429,54382.798802069134,True,False,37.40119793086342
2025-09-04 10:45:00+05:30,54420.2,54485.0,54419.0,54478.0,1.0,1,False,False,False,False,False,False,False,True,66.0,102.16556842735586,54399.04428559232,True,False,78.95571440768254
2025-09-04 11:00:00+05:30,54478.4,54479.4,54419.2,54419.2,1.0,1,False,False,False,False,False,False,False,True,60.200000000004366,97.96901158462072,54407.66281307037,True,False,11.53718692962866
2025-09-04 11:15:00+05:30,54410.4,54474.8,54393.6,54459.8,1.0,1,False,False,False,False,False,False,False,True,81.20000000000437,96.29211042615908,54417.897328522726,True,False,41.90267147727718
2025-09-04 11:30:00+05:30,54459.4,54480.8,54416.0,54419.8,-1.0,-1,False,False,False,False,False,False,False,True,64.80000000000291,93.14289938354347,54422.70521969253,True,False,-2.9052196925258613
2025-09-04 11:45:00+05:30,54418.4,54447.4,54410.0,54444.6,1.0,1,False,False,False,False,False,False,False,True,37.400000000001455,87.56860944518925,54428.2316678212,True,False,16.368332178797573
2025-09-04 12:00:00+05:30,54440.0,54479.0,54380.0,54409.8,1.0,1,False,False,False,False,False,True,False,True,99.0,88.71174850067032,54429.344710743295,True,False,-19.544710743291944
2025-09-04 12:15:00+05:30,54411.8,54429.2,54342.2,54390.8,1.0,1,False,False,False,False,False,False,False,True,87.0,88.54057365060329,54427.736105360826,False,True,-36.936105360822694
2025-09-04 12:30:00+05:30,54380.2,54467.0,54380.2,54467.0,-1.0,-1,False,False,False,False,False,False,False,True,86.80000000000291,88.36651628554326,54432.307167720784,True,False,34.69283227921551
2025-09-04 12:45:00+05:30,54467.0,54499.0,54442.6,54471.8,-1.0,-1,False,False,False,False,False,False,False,True,56.400000000001455,85.16986465698908,54436.779842022705,True,False,35.02015797729837
2025-09-04 13:00:00+05:30,54483.2,54495.0,54421.0,54442.2,-1.0,-1,False,False,False,False,False,False,False,True,74.0,84.05287819129016,54438.13883246658,True,False,4.061167533414846
2025-09-04 13:15:00+05:30,54457.8,54480.0,54425.2,54470.2,-1.0,-1,False,False,False,False,False,False,False,True,54.80000000000291,81.12759037216144,54441.69729567739,True,False,28.502704322607315
2025-09-04 13:30:00+05:30,54475.0,54495.0,54422.0,54427.0,-3.0,-1,False,False,False,False,False,False,False,True,73.0,80.3148313349453,54441.06585045633,False,True,-14.065850456332555
2025-09-04 13:45:00+05:30,54422.0,54443.0,54380.0,54410.8,-3.0,-1,False,False,False,False,False,False,False,True,63.0,78.58334820145078,54438.74923480711,False,True,-27.949234807107132
2025-09-04 14:00:00+05:30,54408.0,54438.0,54361.0,54370.0,-3.0,-1,False,False,False,False,False,False,True,True,77.0,78.4250133813057,54432.600178000794,False,True,-62.600178000793676
2025-09-04 14:15:00+05:30,54367.0,54373.8,54211.8,54260.0,-3.0,-1,False,True,False,False,True,True,True,True,162.0,86.78251204317513,54416.45444812854,False,True,-156.45444812854112
2025-09-04 14:30:00+05:30,54263.0,54358.2,54250.0,54325.2,-1.0,-1,False,False,False,False,False,True,False,True,108.19999999999709,88.92426083885732,54406.39947789234,False,True,-81.19947789233993
2025-09-04 14:45:00+05:30,54323.0,54372.2,54301.0,54327.6,-3.0,-1,False,False,False,False,False,False,False,True,71.19999999999709,87.1518347549713,54396.95495717055,False,True,-69.35495717055164
2025-09-04 15:00:00+05:30,54315.2,54330.0,54241.4,54268.8,-1.0,-1,False,False,False,False,True,True,True,True,88.59999999999854,87.29665127947403,54382.71021628626,False,True,-113.91021628625458
2025-09-04 15:15:00+05:30,54269.2,54329.8,54262.2,54302.8,-1.0,-1,False,False,False,True,False,False,False,True,67.60000000000582,85.32698615152722,54372.2260936787,False,True,-69.4260936786959
2025-09-04 15:30:00+05:30,54324.6,54324.6,54324.6,54324.6,-1.0,-1,False,False,False,False,False,False,False,True,21.799999999995634,78.97428753637406,54364.52610556117,False,True,-39.926105561171426
2025-09-05 09:15:00+05:30,54366.2,54475.6,54354.4,54372.6,-3.0,-1,False,False,False,False,False,True,False,True,151.0,86.17685878273666,54362.03921298168,False,True,10.56078701831575
2025-09-05 09:30:00+05:30,54372.6,54410.0,54305.4,54307.6,-1.0,-1,False,False,False,False,False,True,False,True,104.59999999999854,88.01917290446285,54354.48948351875,False,True,-46.88948351875297
2025-09-05 09:45:00+05:30,54317.2,54383.2,54259.0,54295.2,-1.0,-1,False,False,False,False,False,True,False,True,124.19999999999709,91.63725561401627,54346.59958409064,False,True,-51.39958409064275
2025-09-05 10:00:00+05:30,54292.2,54322.8,54148.2,54155.6,-1.0,-1,False,True,False,False,True,True,True,True,174.60000000000582,99.93353005261523,54326.82375061021,False,True,-171.22375061021012
2025-09-05 10:15:00+05:30,54149.0,54193.4,53977.6,54155.4,-3.0,-1,False,False,False,False,True,True,True,True,215.8000000000029,111.520177047354,54307.87916627974,False,True,-152.4791662797361
2025-09-05 10:30:00+05:30,54170.0,54170.0,54075.2,54138.6,-1.0,-1,False,False,False,False,False,False,True,True,94.80000000000291,109.84815934261887,54288.4198495612,False,True,-149.8198495612014
2025-09-05 10:45:00+05:30,54140.0,54159.0,54090.0,54140.0,-3.0,-1,False,False,False,False,False,False,True,True,69.0,105.76334340835697,54270.243255186215,False,True,-130.2432551862148
2025-09-05 11:00:00+05:30,54128.6,54181.0,54118.0,54165.0,-3.0,-1,False,False,False,True,False,False,False,True,63.0,101.48700906752127,54255.61748038916,False,True,-90.61748038916267
2025-09-05 11:15:00+05:30,54166.8,54166.8,54110.6,54160.0,-3.0,-1,False,False,False,False,False,False,False,True,56.200000000004366,96.95830816076958,54241.89739404045,False,True,-81.89739404044667
2025-09-05 11:30:00+05:30,54155.4,54194.4,54098.4,54111.4,-1.0,-1,False,False,False,False,False,False,True,True,96.0,96.86247734469262,54225.154060941095,False,True,-113.75406094109348
2025-09-05 11:45:00+05:30,54110.0,54128.6,54087.6,54100.0,-3.0,-1,False,False,False,False,False,False,True,True,41.0,91.27622961022335,54208.78700377321,False,True,-108.78700377320638
2025-09-05 12:00:00+05:30,54093.8,54130.0,54076.0,54081.0,-3.0,-1,False,False,False,False,False,False,True,True,54.0,87.54860664920102,54192.14228236821,False,True,-111.14228236820782
2025-09-05 12:15:00+05:30,54076.0,54091.8,54041.0,54070.0,-1.0,-1,False,False,False,False,False,False,True,True,50.80000000000291,83.87374598428121,54175.96909799379,False,True,-105.96909799378773
2025-09-05 12:30:00+05:30,54071.0,54090.0,53983.8,54036.0,1.0,1,False,False,False,False,True,True,True,True,106.19999999999709,86.1063713858528,54158.19600072768,False,True,-122.19600072767935
2025-09-05 12:45:00+05:30,54031.2,54063.8,54012.2,54056.6,-1.0,-1,False,False,False,False,False,False,False,True,51.60000000000582,82.6557342472681,54143.78987953612,False,True,-87.1898795361194
2025-09-05 13:00:00+05:30,54052.2,54100.0,54040.0,54097.4,-3.0,-1,False,False,False,False,False,False,False,True,60.0,80.39016082254129,54134.58017992727,False,True,-37.18017992726527
2025-09-05 13:15:00+05:30,54095.0,54159.0,54090.0,54148.8,1.0,1,False,False,False,False,False,False,False,True,69.0,79.25114474028716,54131.456555410114,False,True,17.34344458988926
2025-09-05 13:30:00+05:30,54140.8,54240.0,54133.8,54221.0,1.0,1,True,False,False,False,True,True,True,True,106.19999999999709,81.94603026625815,54136.14736074647,True,False,84.85263925352774
2025-09-05 13:45:00+05:30,54230.0,54388.2,54230.0,54360.0,-1.0,-1,False,False,False,False,True,True,True,True,167.1999999999971,90.47142723963205,54154.452318061296,True,False,205.54768193870405
2025-09-05 14:00:00+05:30,54384.4,54433.0,54278.6,54320.0,-1.0,-1,False,False,False,False,True,True,True,True,154.40000000000146,96.86428451566898,54169.737040825145,True,False,150.2629591748555
2025-09-05 14:15:00+05:30,54330.6,54398.4,54305.0,54392.0,3.0,1,False,False,False,False,False,False,True,True,93.40000000000146,96.51785606410223,54191.702486826915,True,False,200.29751317308546
2025-09-05 14:30:00+05:30,54381.2,54420.0,54305.4,54314.6,1.0,1,False,False,True,False,False,True,False,True,114.59999999999854,98.32607045769187,54206.36763613781,True,False,108.23236386218923
2025-09-05 14:45:00+05:30,54321.6,54413.0,54315.2,54409.0,1.0,1,False,False,False,False,True,True,True,True,98.40000000000146,98.33346341192284,54228.936243826036,True,False,180.06375617396407
2025-09-05 15:00:00+05:30,54408.8,54416.4,54335.2,54350.0,1.0,1,False,False,False,False,False,False,False,True,81.20000000000437,96.62011707073098,54245.184664191234,True,False,104.81533580876567
2025-09-05 15:15:00+05:30,54349.0,54388.4,54340.0,54347.6,3.0,1,False,False,False,False,False,False,False,True,48.400000000001455,91.79810536365804,54259.9805845919,True,False,87.61941540809494
2025-09-05 15:30:00+05:30,54347.6,54347.6,54347.6,54347.6,1.0,1,False,False,False,False,False,False,False,True,0.0,82.61829482729223,54273.39860261009,True,False,74.20139738990838
2025-09-08 09:15:00+05:30,54444.0,54444.0,54335.2,54409.4,3.0,1,True,False,False,False,True,True,True,True,108.80000000000291,85.2364653445633,54290.973042621146,True,False,118.42695737885515
2025-09-08 09:30:00+05:30,54421.0,54549.0,54404.4,54524.6,1.0,1,False,False,False,False,True,True,True,True,144.59999999999854,91.17281881010682,54317.49607208298,True,False,207.1039279170218
2025-09-08 09:45:00+05:30,54519.0,54529.6,54406.0,54411.8,3.0,1,False,False,False,False,False,True,False,True,123.59999999999854,94.41553692909599,54332.17470716509,True,False,79.62529283491313
2025-09-08 10:00:00+05:30,54414.8,54495.2,54414.8,54421.0,1.0,1,False,False,False,False,False,False,False,True,83.39999999999418,93.3139832361858,54345.99772665133,True,False,75.0022733486694
2025-09-08 10:15:00+05:30,54420.0,54462.6,54403.0,54405.2,5.0,1,False,False,True,False,False,False,False,True,59.599999999998545,89.94258491256707,54356.74370824822,True,False,48.45629175177601
2025-09-08 10:30:00+05:30,54411.2,54437.6,54360.0,54420.0,3.0,1,False,False,False,False,False,False,False,True,77.59999999999854,88.70832642131022,54367.272930544925,True,False,52.72706945507525
2025-09-08 10:45:00+05:30,54425.0,54455.0,54371.0,54397.8,3.0,1,False,False,False,False,False,False,False,True,84.0,88.23749377917919,54374.34382539845,True,False,23.456174601553357
2025-09-08 11:00:00+05:30,54393.0,54495.0,54367.8,54495.0,1.0,1,True,False,False,False,True,True,True,True,127.19999999999709,92.13374440126098,54388.91823271287,True,False,106.08176728712715
2025-09-08 11:15:00+05:30,54491.6,54528.2,54472.2,54517.4,5.0,1,False,False,False,False,False,False,True,True,56.0,88.52036996113489,54404.306698338754,True,False,113.0933016612471
2025-09-08 11:30:00+05:30,54516.6,54567.0,54504.0,54560.0,3.0,1,False,False,False,False,False,False,True,True,63.0,85.9683329650214,54422.35370543713,True,False,137.6462945628664
2025-09-08 11:45:00+05:30,54566.2,54572.0,54495.8,54517.6,3.0,1,False,False,False,False,False,False,False,True,76.19999999999709,84.99149966851897,54435.32536477281,True,False,82.27463522718608
2025-09-08 12:00:00+05:30,54525.0,54575.0,54516.4,54544.6,1.0,1,False,False,True,False,False,False,False,True,58.599999999998545,82.35234970166692,54449.49634905295,True,False,95.10365094705048
2025-09-08 12:15:00+05:30,54555.0,54563.4,54505.8,54525.0,5.0,1,False,False,False,False,False,False,False,True,57.599999999998545,79.87711473150009,54460.647812833915,True,False,64.35218716608506
2025-09-08 12:30:00+05:30,54525.0,54600.0,54509.0,54585.0,3.0,1,False,False,False,False,True,True,True,True,91.0,80.98940325835008,54476.01322460996,True,False,108.98677539003984
2025-09-08 12:45:00+05:30,54585.8,54615.0,54575.0,54590.0,1.0,1,False,False,False,False,False,False,True,True,40.0,76.89046293251508,54490.61001836392,True,False,99.38998163607903
2025-09-08 13:00:00+05:30,54587.4,54625.0,54578.0,54616.0,1.0,1,False,False,False,False,False,False,True,True,47.0,73.90141663926357,54506.3181979726,True,False,109.68180202740041
2025-09-08 13:15:00+05:30,54618.6,54620.0,54540.0,54560.0,3.0,1,False,False,False,False,False,True,False,True,80.0,74.51127497533722,54515.67695606072,True,False,44.32304393927916
2025-09-08 13:30:00+05:30,54563.2,54586.0,54550.0,54563.6,3.0,1,False,False,False,False,False,False,False,True,36.0,70.66014747780349,54524.106931015616,True,False,39.49306898438226
2025-09-08 13:45:00+05:30,54555.2,54559.2,54491.2,54540.2,1.0,1,False,False,False,False,False,True,False,True,72.40000000000146,70.8341327300233,54529.234729484466,True,False,10.965270515531301
2025-09-08 14:00:00+05:30,54540.0,54575.0,54511.0,54555.0,1.0,1,False,False,False,False,False,False,False,True,64.0,70.15071945702097,54534.62925917125,True,False,20.370740828751877
2025-09-08 14:15:00+05:30,54563.0,54609.8,54562.0,54609.0,1.0,1,False,False,False,False,False,False,False,True,54.80000000000291,68.61564751131917,54543.967309034364,True,False,65.032690965636
2025-09-08 14:30:00+05:30,54618.4,54786.6,54613.2,54745.0,3.0,1,True,False,False,False,True,True,True,True,177.59999999999854,79.51408276018711,54564.762726697896,True,False,180.23727330210386
2025-09-08 14:45:00+05:30,54752.2,54752.2,54521.2,54581.4,1.0,1,False,False,False,False,False,True,False,True,231.0,94.66267448416839,54569.79815980886,True,False,11.6018401911424
2025-09-08 15:00:00+05:30,54580.0,54580.0,54460.8,54506.0,1.0,1,False,False,False,False,True,True,True,True,120.59999999999854,97.25640703575141,54567.042810258106,False,True,-61.04281025810633
2025-09-08 15:15:00+05:30,54502.0,54525.0,54475.0,54501.4,-1.0,-1,False,False,False,False,False,False,True,True,50.0,92.53076633217627,54563.06611945519,False,True,-61.66611945518525
2025-09-08 15:30:00+05:30,54502.0,54502.0,54502.0,54502.0,1.0,1,False,False,True,False,False,False,False,True,0.5999999999985448,83.3376896989585,54558.54945228308,False,True,-56.5494522830777
2025-09-09 09:15:00+05:30,54555.0,54700.0,54456.0,54480.0,-1.0,-1,False,False,False,False,False,True,False,True,244.0,99.40392072906265,54551.65077581422,False,True,-71.65077581421792
2025-09-09 09:30:00+05:30,54480.0,54510.0,54425.0,54500.0,-1.0,-1,False,False,False,False,False,False,False,True,85.0,97.96352865615638,54546.3862352974,False,True,-46.38623529740289
2025-09-09 09:45:00+05:30,54500.0,54520.0,54477.0,54477.0,-3.0,-1,False,False,False,False,False,False,False,True,43.0,92.46717579054075,54539.04471383767,False,True,-62.044713837669406
2025-09-09 10:00:00+05:30,54477.0,54480.0,54416.4,54430.0,-1.0,-1,False,False,False,False,False,False,True,True,63.599999999998545,89.58045821148653,54527.612101664,False,True,-97.6121016640027
2025-09-09 10:15:00+05:30,54437.0,54449.0,54390.0,54433.0,-1.0,-1,False,False,False,False,False,False,True,True,59.0,86.52241239033788,54516.801590728974,False,True,-83.80159072897368
2025-09-09 10:30:00+05:30,54424.0,54465.0,54400.0,54439.8,-1.0,-1,False,False,False,False,False,False,False,True,65.0,84.37017115130409,54507.13316254717,False,True,-67.3331625471692
2025-09-09 10:45:00+05:30,54438.4,54470.0,54405.2,54462.0,-3.0,-1,False,False,False,False,False,False,False,True,64.80000000000291,82.41315403617398,54500.133212638364,False,True,-38.13321263836406
2025-09-09 11:00:00+05:30,54473.4,54480.0,54431.4,54465.4,-3.0,-1,False,False,False,False,False,False,False,True,48.599999999998545,79.03183863255643,54494.168141596376,False,True,-28.768141596374335
2025-09-09 11:15:00+05:30,54461.2,54475.8,54431.0,54445.0,-1.0,-1,False,False,False,False,False,False,False,True,44.80000000000291,75.60865476930107,54487.0971927769,False,True,-42.09719277689874
2025-09-09 11:30:00+05:30,54431.0,54458.6,54415.0,54458.6,-1.0,-1,False,False,False,False,False,False,False,True,43.599999999998545,72.40778929237082,54482.00193385729,False,True,-23.401933857290715
2025-09-09 11:45:00+05:30,54450.0,54451.2,54406.0,54430.0,-3.0,-1,False,False,False,False,False,False,False,True,52.599999999998545,70.42701036313359,54475.03533079828,False,True,-45.035330798280484
2025-09-09 12:00:00+05:30,54430.0,54430.0,54332.6,54389.0,-5.0,-1,False,True,False,False,True,True,True,True,97.40000000000146,73.12430932682038,54465.0441998836,False,True,-76.04419988360314
2025-09-09 12:15:00+05:30,54375.4,54444.6,54370.4,54401.8,-1.0,-1,False,False,False,False,False,True,False,True,74.19999999999709,73.23187839413805,54456.9131622442,False,True,-55.113162244197156
2025-09-09 12:30:00+05:30,54385.6,54430.4,54385.6,54419.8,-1.0,-1,False,False,False,False,False,False,False,True,44.80000000000291,70.38869055472453,54451.12883649284,False,True,-31.32883649283758
2025-09-09 12:45:00+05:30,54413.4,54441.0,54375.0,54410.0,-1.0,-1,False,False,False,False,False,False,False,True,66.0,69.94982149925208,54445.15325661678,False,True,-35.15325661678071
2025-09-09 13:00:00+05:30,54411.8,54435.0,54385.2,54421.4,-3.0,-1,False,False,False,True,False,False,False,False,49.80000000000291,67.93483934932716,54440.87611880752,False,True,-19.476118807520834
2025-09-09 13:15:00+05:30,54422.2,54464.4,54415.0,54438.6,1.0,1,False,False,False,False,False,False,False,False,49.400000000001455,66.0813554143946,54438.782166613804,False,True,-0.18216661380574806
2025-09-09 13:30:00+05:30,54453.0,54462.0,54425.0,54427.0,1.0,1,False,False,False,False,False,False,False,False,37.0,63.17321987295513,54436.19312818529,False,True,-9.193128185288515
2025-09-09 13:45:00+05:30,54441.8,54450.0,54415.2,54430.0,1.0,1,False,False,False,False,False,False,False,False,34.80000000000291,60.335897885659904,54434.35891036499,False,True,-4.358910364986514
2025-09-09 14:00:00+05:30,54432.8,54475.0,54410.2,54475.0,-1.0,-1,False,False,False,False,False,True,False,False,64.80000000000291,60.78230809709421,54437.019872872894,True,False,37.98012712710624
2025-09-09 14:15:00+05:30,54474.0,54497.6,54420.6,54488.0,1.0,1,False,False,False,False,False,True,False,False,77.0,62.404077287384794,54441.175508975706,True,False,46.82449102429382
2025-09-09 14:30:00+05:30,54490.0,54510.0,54421.0,54441.2,1.0,1,False,False,False,False,False,True,False,False,89.0,65.06366955864631,54441.26993730428,True,False,-0.06993730428075651
2025-09-09 14:45:00+05:30,54450.0,54489.0,54432.6,54460.0,3.0,1,False,False,False,False,False,False,False,False,56.400000000001455,64.19730260278183,54443.15212625358,True,False,16.847873746417463
2025-09-09 15:00:00+05:30,54460.2,54475.0,54441.2,54460.0,1.0,1,False,False,False,False,False,False,False,False,33.80000000000291,61.15757234250394,54445.05249311693,True,False,14.947506883072492
2025-09-09 15:15:00+05:30,54460.2,54482.0,54450.0,54479.8,1.0,1,False,False,False,False,False,False,False,False,32.0,58.24181510825355,54448.70270271726,True,False,31.097297282743966
2025-09-09 15:30:00+05:30,54479.0,54479.0,54479.0,54479.0,1.0,1,False,False,False,False,False,False,False,False,0.8000000000029104,52.49763359742849,54452.17243371235,True,False,26.82756628764764
2025-09-10 09:15:00+05:30,54730.0,54802.0,54570.6,54690.0,3.0,1,True,False,False,False,True,True,True,True,323.0,79.54787023768564,54474.60422499516,True,False,215.39577500484302
2025-09-10 09:30:00+05:30,54690.0,54733.0,54660.0,54730.0,3.0,1,False,False,False,False,False,False,True,True,73.0,78.89308321391708,54500.29960010986,True,False,229.70039989014185
2025-09-10 09:45:00+05:30,54730.0,54738.4,54670.0,54708.8,3.0,1,False,False,False,False,False,False,True,True,68.40000000000146,77.84377489252552,54523.36037565558,True,False,185.43962434442074
2025-09-10 10:00:00+05:30,54709.0,54720.8,54685.0,54713.2,3.0,1,False,False,False,False,False,False,True,True,35.80000000000291,73.63939740327325,54545.78201760839,True,False,167.41798239160562
2025-09-10 10:15:00+05:30,54713.2,54895.0,54712.8,54885.2,5.0,1,False,False,True,False,True,True,True,True,182.1999999999971,84.49545766294564,54582.49665467608,True,False,302.7033453239201
2025-09-10 10:30:00+05:30,54885.2,54948.0,54825.0,54825.6,3.0,1,False,False,False,False,True,True,True,True,123.0,88.34591189665107,54612.175960280845,True,False,213.42403971915337
2025-09-10 10:45:00+05:30,54830.0,54876.2,54812.0,54855.0,1.0,1,False,False,False,False,False,False,True,True,64.19999999999709,85.93132070698567,54642.54999810848,True,False,212.45000189152051
2025-09-10 11:00:00+05:30,54865.0,54898.4,54850.0,54855.0,1.0,1,False,False,False,False,False,False,False,True,48.400000000001455,82.17818863628725,54670.714513431005,True,False,184.2854865689951
2025-09-10 11:15:00+05:30,54865.4,54880.0,54788.8,54800.0,3.0,1,False,False,False,False,False,True,False,True,91.19999999999709,83.08036977265823,54691.50630062989,True,False,108.49369937011215
2025-09-10 11:30:00+05:30,54808.6,54850.0,54785.0,54825.0,3.0,1,False,False,False,False,False,False,False,True,65.0,81.27233279539242,54712.12322493128,True,False,112.87677506871842
2025-09-10 11:45:00+05:30,54821.4,54840.0,54787.0,54822.6,-1.0,-1,False,False,False,False,False,False,False,True,53.0,78.44509951585317,54730.121182026516,True,False,92.47881797348236
2025-09-10 12:00:00+05:30,54825.0,54849.0,54804.2,54833.0,-1.0,-1,False,False,False,False,False,False,False,True,44.80000000000291,75.08058956426814,54746.747538909745,True,False,86.25246109025466
2025-09-10 12:15:00+05:30,54833.8,54859.4,54813.8,54840.4,1.0,1,False,False,False,False,False,False,False,True,45.599999999998545,72.13253060784118,54761.86075683165,True,False,78.53924316835037
2025-09-10 12:30:00+05:30,54840.2,54850.4,54810.2,54822.8,1.0,1,False,False,False,False,False,False,False,True,40.200000000004366,68.9392775470575,54773.34770092228,True,False,49.45229907772591
2025-09-10 12:45:00+05:30,54829.4,54843.8,54778.6,54797.0,-1.0,-1,False,False,False,False,False,False,False,True,65.20000000000437,68.56534979235218,54780.6488066314,True,False,16.351193368602253
2025-09-10 13:00:00+05:30,54790.0,54810.0,54730.4,54735.2,1.0,1,True,False,False,False,True,True,True,True,79.59999999999854,69.66881481311682,54780.726117167265,True,False,-45.52611716726824
2025-09-10 13:15:00+05:30,54735.2,54780.0,54710.0,54771.0,1.0,1,False,False,False,False,False,True,False,True,70.0,69.70193333180514,54782.71693509455,True,False,-11.716935094547807
2025-09-10 13:30:00+05:30,54772.0,54800.0,54740.0,54799.0,1.0,1,False,False,False,False,False,False,False,True,60.0,68.73173999862462,54786.2083910385,True,False,12.791608961502789
2025-09-10 13:45:00+05:30,54805.0,54820.0,54778.0,54806.8,-3.0,-1,False,False,False,False,False,False,False,True,42.0,66.05856599876215,54789.59564108857,True,False,17.20435891143279
2025-09-10 14:00:00+05:30,54800.0,54845.0,54783.0,54807.8,-1.0,-1,False,False,True,False,False,False,False,True,62.0,65.65270939888593,54792.43554980802,True,False,15.36445019198436
2025-09-10 14:15:00+05:30,54802.0,54802.2,54750.0,54777.0,-1.0,-1,False,False,False,False,False,False,False,True,57.80000000000291,64.86743845899763,54791.982849306005,False,True,-14.982849306004937
2025-09-10 14:30:00+05:30,54778.0,54800.4,54719.8,54720.0,1.0,1,False,False,False,False,True,True,True,True,80.59999999999854,66.44069461309772,54785.99313254022,False,True,-65.99313254022127
2025-09-10 14:45:00+05:30,54725.0,54776.8,54725.0,54746.2,-3.0,-1,False,False,False,False,False,False,False,True,56.80000000000291,65.47662515178824,54782.1769178204,False,True,-35.97691782040056
2025-09-10 15:00:00+05:30,54750.0,54803.0,54750.0,54798.6,-1.0,-1,False,False,False,False,False,False,False,True,56.80000000000291,64.6089626366097,54783.071907033904,True,False,15.528092966094846
2025-09-10 15:15:00+05:30,54797.6,54810.8,54771.8,54795.0,-1.0,-1,False,False,False,False,False,False,False,True,39.0,62.04806637294873,54783.68032141952,True,False,11.319678580483014
2025-09-11 09:15:00+05:30,54723.0,54842.6,54664.8,54825.0,1.0,1,False,False,False,False,False,True,False,True,177.79999999999563,73.62325973565342,54787.06970138978,True,False,37.930298610219324
2025-09-11 09:30:00+05:30,54821.6,54870.8,54781.4,54825.0,-3.0,-1,False,False,False,False,False,True,False,True,89.40000000000146,75.20093376208823,54790.503671339604,True,False,34.4963286603961
2025-09-11 09:45:00+05:30,54820.2,54854.2,54810.0,54820.0,-1.0,-1,False,False,False,False,False,False,False,True,44.19999999999709,72.10084038587911,54793.47893018723,True,False,26.521069812770293
2025-09-11 10:00:00+05:30,54825.0,54826.0,54736.0,54758.8,1.0,1,False,False,False,False,False,True,False,True,90.0,73.8907563472912,54790.8480465628,False,True,-32.048046562798845
2025-09-11 10:15:00+05:30,54759.2,54793.0,54758.0,54793.0,1.0,1,False,False,False,False,False,False,False,True,35.0,70.00168071256209,54791.25601224993,True,False,1.7439877500728471
2025-09-11 10:30:00+05:30,54792.2,54819.4,54777.8,54811.8,-1.0,-1,False,False,False,False,False,False,False,True,41.599999999998545,67.16151264130573,54793.32353033398,True,False,18.47646966602042
2025-09-11 10:45:00+05:30,54800.0,54840.0,54780.6,54830.0,-1.0,-1,False,False,False,False,False,False,False,True,59.400000000001455,66.38536137717531,54796.978554744244,True,False,33.02144525575568
2025-09-11 11:00:00+05:30,54830.4,54847.2,54812.4,54838.0,3.0,1,False,False,False,False,False,False,False,True,34.799999999995634,63.22682523945734,54801.256384256354,True,False,36.74361574364593
2025-09-11 11:15:00+05:30,54845.0,54851.0,54810.0,54818.8,3.0,1,False,False,False,False,False,False,False,True,41.0,61.004142715511605,54803.638088957516,True,False,15.16191104248719
2025-09-11 11:30:00+05:30,54818.6,54825.0,54773.6,54786.2,1.0,1,False,False,False,False,False,False,False,True,51.400000000001455,60.043728443960596,54802.87152963938,False,True,-16.671529639381333
2025-09-11 11:45:00+05:30,54796.4,54835.2,54783.6,54833.0,-1.0,-1,False,False,False,False,False,False,False,False,51.599999999998545,59.199355599564385,54806.16375997748,True,False,26.83624002252327
2025-09-11 12:00:00+05:30,54833.6,54867.2,54829.8,54859.2,3.0,1,False,False,False,False,False,False,False,False,37.39999999999418,57.01942003960736,54811.65215224078,True,False,47.54784775921871
2025-09-11 12:15:00+05:30,54865.4,54928.0,54863.8,54915.0,3.0,1,True,False,False,False,True,True,True,False,68.80000000000291,58.19747803564692,54821.97988756079,True,False,93.02011243921152
2025-09-11 12:30:00+05:30,54920.0,54920.0,54871.0,54876.6,1.0,1,False,False,False,False,False,False,False,False,49.0,57.27773023208223,54828.514486758766,True,False,48.08551324123255
2025-09-11 12:45:00+05:30,54884.4,54917.0,54874.0,54906.4,1.0,1,False,False,False,False,False,False,True,False,43.0,55.849957208874,54837.346426429234,True,False,69.05357357076718
2025-09-11 13:00:00+05:30,54909.6,54920.0,54881.0,54890.0,5.0,1,False,False,False,False,False,False,False,False,39.0,54.1649614879866,54844.214426124025,True,False,45.78557387597539
2025-09-11 13:15:00+05:30,54895.8,54910.0,54865.0,54910.0,3.0,1,False,False,True,False,False,False,False,False,45.0,53.248465339187945,54852.35408922478,True,False,57.645910775223456
2025-09-11 13:30:00+05:30,54909.2,54922.4,54886.2,54915.8,-1.0,-1,False,False,False,False,False,False,False,False,36.200000000004366,51.54361880526958,54860.429670028716,True,False,55.37032997128699
2025-09-11 13:45:00+05:30,54920.8,54935.0,54884.0,54907.4,-1.0,-1,False,False,False,False,False,False,False,False,51.0,51.489256924742634,54867.106884853485,True,False,40.29311514651636
2025-09-11 14:00:00+05:30,54907.4,54930.0,54891.6,54930.0,3.0,1,False,False,False,False,False,False,False,False,38.400000000001455,50.180331232268514,54875.17148152486,True,False,54.82851847513666
2025-09-11 14:15:00+05:30,54928.6,54941.6,54900.0,54900.0,3.0,1,False,False,False,False,False,False,False,False,41.599999999998545,49.32229810904151,54879.83841225762,True,False,20.161587742382835
2025-09-11 14:30:00+05:30,54900.0,54901.4,54827.0,54885.0,-1.0,-1,False,False,False,False,False,True,False,False,74.40000000000146,51.830068298137505,54882.47467836731,True,False,2.525321632689156
2025-09-11 14:45:00+05:30,54876.4,54911.6,54863.4,54892.0,-1.0,-1,False,False,False,False,False,False,False,False,48.19999999999709,51.46706146832346,54885.12893079918,True,False,6.871069200817146
2025-09-11 15:00:00+05:30,54893.0,54894.2,54863.2,54873.0,1.0,1,False,False,False,False,False,False,False,False,31.0,49.42035532149111,54885.51406245558,True,False,-12.514062455578824
2025-09-11 15:15:00+05:30,54871.0,54894.6,54852.2,54865.0,3.0,1,False,False,False,False,False,False,False,False,42.400000000001455,48.71831978934215,54884.711899438575,False,True,-19.71189943857462
2025-09-11 15:30:00+05:30,54879.6,54879.6,54879.6,54879.6,-1.0,-1,False,False,False,False,False,False,False,False,14.599999999998545,45.30648781040779,54884.87581919517,True,False,-5.275819195172517
2025-09-12 09:15:00+05:30,54949.8,54970.0,54817.6,54890.0,1.0,1,False,False,False,False,False,True,False,False,152.40000000000146,56.01583902936716,54885.720136984615,True,False,4.2798630153847625
2025-09-12 09:30:00+05:30,54890.0,54899.8,54831.0,54888.0,1.0,1,False,False,False,False,False,True,False,False,68.80000000000291,57.294255126430734,54886.18958127849,True,False,1.8104187215067213
2025-09-12 09:45:00+05:30,54882.2,54949.0,54875.2,54931.2,3.0,1,False,False,False,False,False,True,False,False,73.80000000000291,58.94482961378795,54890.43511011136,True,False,40.76488988864003
2025-09-12 10:00:00+05:30,54931.0,54964.8,54930.0,54931.0,-3.0,-1,False,False,False,False,False,False,False,False,34.80000000000291,56.53034665240945,54894.534706905186,True,False,36.465293094814115
2025-09-12 10:15:00+05:30,54919.6,54925.0,54888.0,54917.0,1.0,1,False,False,False,False,False,False,False,False,43.0,55.1773119871685,54897.21110966366,True,False,19.788890336341865
2025-09-12 10:30:00+05:30,54918.8,54963.4,54906.0,54945.0,1.0,1,False,False,False,False,False,True,False,False,57.400000000001455,55.39958078845179,54902.25178146173,True,False,42.7482185382687
2025-09-12 10:45:00+05:30,54933.6,54955.0,54924.2,54929.8,3.0,1,False,False,False,False,False,False,False,False,30.80000000000291,52.939622709606894,54905.70839095302,True,False,24.09160904698365
2025-09-12 11:00:00+05:30,54927.4,54977.0,54925.0,54951.0,-1.0,-1,False,False,False,False,False,False,False,True,52.0,52.8456604386462,54910.843369065355,True,False,40.156630934645364
2025-09-12 11:15:00+05:30,54963.8,55028.4,54953.2,55025.0,1.0,1,True,False,False,False,True,True,True,True,77.40000000000146,55.301094394781714,54922.40777830704,True,False,102.59222169296117
2025-09-12 11:30:00+05:30,55032.0,55071.0,55006.8,55013.0,-1.0,-1,False,False,False,False,True,True,True,True,64.19999999999709,56.19098495530325,54932.509225987174,True,False,80.49077401282557
2025-09-12 11:45:00+05:30,55010.0,55010.0,54968.2,54985.0,1.0,1,False,False,False,False,False,False,False,True,44.80000000000291,55.05188645977321,54939.57166959862,True,False,45.42833040138066
2025-09-12 12:00:00+05:30,54985.0,55019.8,54985.0,55000.4,1.0,1,False,False,False,False,False,False,False,True,34.80000000000291,53.02669781379618,54947.45207701968,True,False,52.94792298031825
2025-09-12 12:15:00+05:30,55015.0,55020.0,54992.0,55015.0,3.0,1,False,False,True,False,False,False,False,True,28.0,50.52402803241657,54956.03051042332,True,False,58.969489576680644
2025-09-12 12:30:00+05:30,55014.4,55040.0,55007.0,55010.0,1.0,1,False,False,False,False,False,False,False,True,33.0,48.771625229174916,54963.48346277837,True,False,46.51653722162882
2025-09-12 12:45:00+05:30,55011.4,55023.0,54980.0,54986.8,1.0,1,False,False,False,False,False,False,False,True,43.0,48.194462706257426,54968.12969957873,True,False,18.670300421275897
2025-09-12 13:00:00+05:30,54983.4,55030.6,54974.8,55021.2,3.0,1,False,False,False,False,False,True,False,True,55.799999999995634,48.955016435631244,54975.20158881434,True,False,45.99841118565382
2025-09-12 13:15:00+05:30,55025.0,55040.0,55010.0,55024.8,3.0,1,False,False,False,False,False,False,False,True,30.0,47.05951479206812,54981.92647582924,True,False,42.87352417076181
2025-09-12 13:30:00+05:30,55024.0,55037.4,55000.0,55000.0,1.0,1,False,False,False,False,False,False,False,True,37.400000000001455,46.093563312861455,54985.7370432555,True,False,14.262956744496478
2025-09-12 13:45:00+05:30,55002.0,55030.0,54971.0,55026.8,1.0,1,False,False,False,False,False,True,False,True,59.0,47.38420698157531,54991.3466081549,True,False,35.453391845105216
2025-09-12 14:00:00+05:30,55025.4,55047.8,55008.0,55020.0,1.0,1,False,False,False,False,False,False,False,True,39.80000000000291,46.625786283418066,54995.75123055906,True,False,24.24876944094285
2025-09-12 14:15:00+05:30,55015.2,55026.0,54992.0,55020.0,1.0,1,False,False,False,False,False,False,False,True,34.0,45.36320765507626,54999.601953748395,True,False,20.398046251604683
2025-09-12 14:30:00+05:30,55020.0,55036.0,55002.0,55026.4,-1.0,-1,False,False,False,False,False,False,False,True,34.0,44.22688688956863,55003.522489832125,True,False,22.877510167876608
2025-09-12 14:45:00+05:30,55026.4,55030.0,55000.0,55004.0,1.0,1,False,False,False,False,False,False,False,True,30.0,42.804198200611765,55004.942759511796,True,False,-0.9427595117958845
2025-09-12 15:00:00+05:30,55005.0,55025.0,55004.0,55010.8,3.0,1,False,False,False,False,False,False,False,True,21.0,40.62377838055059,55006.563600659334,True,False,4.236399340668868
2025-09-12 15:15:00+05:30,55010.0,55020.0,55000.0,55008.0,1.0,1,False,False,False,False,False,False,False,True,20.0,38.56140054249553,55007.578162402955,True,False,0.4218375970449415
2025-09-15 09:15:00+05:30,55070.0,55134.2,55021.2,55117.0,-1.0,-1,False,False,False,False,True,True,True,True,126.19999999999709,47.32526048824568,55018.1811652444,True,False,98.8188347555988
2025-09-15 09:30:00+05:30,55125.0,55125.0,55042.2,55095.0,-1.0,-1,False,False,False,False,True,True,True,True,82.80000000000291,50.87273443942141,55026.47408421559,True,False,68.52591578441206
2025-09-15 09:45:00+05:30,55090.0,55133.4,55080.8,55100.0,3.0,1,False,False,False,False,False,True,False,True,52.599999999998545,51.04546099547912,55034.82128733083,True,False,65.17871266917064
2025-09-15 10:00:00+05:30,55100.0,55111.0,55052.6,55097.0,1.0,1,False,False,False,False,False,True,False,True,58.400000000001455,51.780914895931346,55042.43050820265,True,False,54.569491797352384
2025-09-15 10:15:00+05:30,55103.2,55122.2,55072.0,55107.8,1.0,1,False,False,False,False,False,False,False,True,50.19999999999709,51.62282340633792,55050.4942033929,True,False,57.30579660710646
2025-09-15 10:30:00+05:30,55106.0,55150.0,55094.6,55118.0,1.0,1,False,False,False,False,False,True,False,True,55.400000000001455,52.00054106570428,55058.90707840702,True,False,59.09292159297911
2025-09-15 10:45:00+05:30,55121.8,55140.8,55088.8,55120.2,3.0,1,False,False,False,False,False,False,False,True,52.0,52.00048695913385,55066.89415982064,True,False,53.30584017936053
2025-09-15 11:00:00+05:30,55120.0,55135.0,55106.4,55119.0,1.0,1,False,False,False,False,False,False,False,True,28.599999999998545,49.66043826322032,55074.106847428004,True,False,44.893152571996325
2025-09-15 11:15:00+05:30,55120.0,55145.0,55091.6,55135.0,1.0,1,False,False,False,False,False,True,False,True,53.400000000001455,50.03439443689844,55082.08255467944,True,False,52.917445320563274
2025-09-15 11:30:00+05:30,55145.0,55150.0,55120.0,55129.0,3.0,1,False,False,False,False,False,False,False,True,30.0,48.030954993208596,55088.81257539465,True,False,40.1874246053485
2025-09-15 11:45:00+05:30,55119.4,55180.0,55119.4,55177.8,3.0,1,True,False,False,False,True,True,True,True,60.599999999998545,49.28785949388759,55099.26188952058,True,False,78.53811047942145
2025-09-15 12:00:00+05:30,55179.8,55193.6,55150.0,55174.0,1.0,1,False,False,False,False,False,False,True,True,43.599999999998545,48.719073544498684,55108.64336793192,True,False,65.35663206807658
2025-09-15 12:15:00+05:30,55174.0,55175.0,55145.0,55172.6,1.0,1,False,False,False,False,False,False,False,True,30.0,46.84716619004881,55117.14002950113,True,False,55.459970498865005
2025-09-15 12:30:00+05:30,55174.8,55180.0,55159.4,55161.0,1.0,1,False,False,False,False,False,False,False,True,20.599999999998545,44.22244957104378,55123.81172138606,True,False,37.188278613939474
2025-09-15 12:45:00+05:30,55154.2,55155.0,55124.4,55145.0,3.0,1,False,False,True,False,False,False,False,True,36.599999999998545,43.46020461393926,55128.26857501484,True,False,16.731424985162448
2025-09-15 13:00:00+05:30,55141.8,55169.8,55136.0,55150.0,1.0,1,False,False,False,False,False,False,False,True,33.80000000000291,42.49418415254563,55132.45699421135,True,False,17.54300578864786
2025-09-15 13:15:00+05:30,55150.0,55167.4,55131.0,55151.2,1.0,1,False,False,False,False,False,False,False,True,36.400000000001455,41.88476573729121,55136.09349211644,True,False,15.10650788355997
2025-09-15 13:30:00+05:30,55148.4,55148.4,55068.8,55097.6,-1.0,-1,False,False,False,False,False,True,False,True,82.39999999999418,45.93628916356151,55134.27345335625,False,True,-36.6734533562485
2025-09-15 13:45:00+05:30,55109.8,55122.2,55086.8,55095.0,3.0,1,False,False,False,False,False,False,False,True,35.39999999999418,44.88266024720478,55131.725833240984,False,True,-36.725833240983775
2025-09-15 14:00:00+05:30,55095.0,55116.0,55080.0,55111.8,1.0,1,False,False,False,False,False,False,False,True,36.0,43.9943942224843,55130.35298576297,False,True,-18.552985762966273
2025-09-15 14:15:00+05:30,55093.8,55140.0,55085.0,55134.6,1.0,1,False,False,False,False,False,True,False,True,55.0,45.09495480023587,55130.82466435151,True,False,3.7753356484899996
2025-09-15 14:30:00+05:30,55138.0,55168.0,55128.8,55145.6,-1.0,-1,False,False,False,False,False,False,False,True,39.19999999999709,44.50545932021199,55132.15628553835,True,False,13.443714461645868
2025-09-15 14:45:00+05:30,55142.6,55155.8,55122.0,55142.4,1.0,1,False,False,False,False,False,False,False,True,33.80000000000291,43.43491338819108,55133.10726553299,True,False,9.292734467009723
2025-09-15 15:00:00+05:30,55135.0,55142.4,55109.6,55120.0,-1.0,-1,False,False,False,False,False,False,False,True,32.80000000000291,42.37142204937226,55131.96417880436,False,True,-11.964178804359108
2025-09-15 15:15:00+05:30,55115.0,55127.8,55100.8,55104.0,1.0,1,False,False,False,False,False,False,False,True,27.0,40.83427984443504,55129.340667047174,False,True,-25.340667047174065
2025-09-15 15:30:00+05:30,55103.4,55103.4,55103.4,55103.4,-1.0,-1,False,False,False,False,False,False,False,False,0.5999999999985448,36.81085185999139,55126.683010781206,False,True,-23.28301078120421
2025-09-16 09:15:00+05:30,55073.4,55120.0,55055.0,55101.0,1.0,1,False,False,False,False,False,True,False,False,65.0,39.62976667399225,55123.87981549473,False,True,-22.879815494728973
2025-09-16 09:30:00+05:30,55100.8,55175.0,55089.8,55172.4,-1.0,-1,False,False,False,False,True,True,True,False,85.19999999999709,44.18679000659274,55127.66655945803,True,False,44.733440541967866
2025-09-16 09:45:00+05:30,55174.6,55255.0,55166.2,55249.0,1.0,1,True,False,False,False,True,True,True,False,88.80000000000291,48.64811100593376,55138.5006697082,True,False,110.49933029180102
2025-09-16 10:00:00+05:30,55250.0,55300.0,55241.6,55260.0,-1.0,-1,False,False,False,False,True,True,True,False,58.400000000001455,49.623299905340524,55150.30921851574,True,False,109.69078148426343
2025-09-16 10:15:00+05:30,55264.2,55270.0,55226.0,55262.0,1.0,1,False,False,False,False,False,False,True,True,44.0,49.06096991480647,55162.090887805585,True,False,99.90911219441477
2025-09-16 10:30:00+05:30,55245.0,55292.8,55235.8,55262.8,1.0,1,False,False,False,False,True,True,True,True,57.0,49.85487292332583,55173.55468614538,True,False,89.24531385462615
2025-09-16 10:45:00+05:30,55263.6,55281.0,55220.8,55261.6,3.0,1,False,False,True,False,False,True,False,True,60.19999999999709,50.889385630992955,55184.35690765098,True,False,77.24309234901739
2025-09-16 11:00:00+05:30,55261.6,55285.0,55257.0,55285.0,1.0,1,False,False,False,False,False,False,True,True,28.0,48.600447067893654,55196.59491850192,True,False,88.40508149808011
2025-09-16 11:15:00+05:30,55285.0,55292.0,55254.0,55291.0,3.0,1,False,False,False,False,False,False,True,True,38.0,47.540402361104285,55208.575803171225,True,False,82.42419682877517
2025-09-16 11:30:00+05:30,55291.0,55345.0,55291.0,55330.4,3.0,1,True,False,False,False,True,True,True,True,54.0,48.186362124993856,55223.227645448096,True,False,107.1723545519053
2025-09-16 11:45:00+05:30,55323.4,55346.0,55305.2,55306.8,3.0,1,False,False,False,False,False,False,False,True,40.80000000000291,47.44772591249476,55234.74265811191,True,False,72.05734188809583
2025-09-16 12:00:00+05:30,55309.4,55330.0,55280.0,55305.8,3.0,1,False,False,False,False,False,True,False,True,50.0,47.70295332124529,55245.09968249539,True,False,60.70031750461203
2025-09-16 12:15:00+05:30,55305.6,55338.6,55293.0,55327.2,1.0,1,False,False,False,False,False,False,False,True,45.599999999998545,47.492657989120616,55256.31193845106,True,False,70.88806154893973
2025-09-16 12:30:00+05:30,55326.8,55348.0,55311.2,55317.2,1.0,1,False,False,True,False,False,False,False,True,36.80000000000291,46.423392190208844,55265.53150064063,True,False,51.66849935936625
2025-09-16 12:45:00+05:30,55330.0,55345.0,55309.6,55319.0,1.0,1,False,False,False,False,False,False,False,True,35.400000000001455,45.32105297118811,55273.84609935171,True,False,45.15390064829262
2025-09-16 13:00:00+05:30,55319.8,55326.0,55240.0,55279.0,3.0,1,False,False,False,False,False,True,False,True,86.0,49.3889476740693,55277.51169685405,True,False,1.488303145946702
2025-09-16 13:15:00+05:30,55275.2,55290.0,55235.0,55289.4,1.0,1,False,False,False,False,False,True,False,True,55.0,49.95005290666237,55281.18789614106,True,False,8.212103858939372
2025-09-16 13:30:00+05:30,55285.6,55293.0,55265.0,55289.0,3.0,1,False,False,False,False,False,False,False,True,28.0,47.75504761599613,55284.01692780595,True,False,4.983072194052511
2025-09-16 13:45:00+05:30,55289.0,55291.2,55276.2,55288.0,1.0,1,False,False,False,False,False,False,False,True,15.0,44.47954285439652,55286.062357976094,True,False,1.937642023905937
2025-09-16 14:00:00+05:30,55288.0,55309.4,55231.0,55276.4,3.0,1,False,False,False,False,False,True,False,True,78.40000000000146,47.871588568957016,55286.47984966025,True,False,-10.079849660251057
2025-09-16 14:15:00+05:30,55270.0,55320.0,55270.0,55304.0,1.0,1,False,False,False,False,False,True,False,False,50.0,48.084429712061315,55288.94234020023,True,False,15.0576597997715
2025-09-16 14:30:00+05:30,55302.4,55330.0,55302.0,55318.4,3.0,1,False,False,False,False,False,False,False,False,28.0,46.075986740855186,55292.34975123182,True,False,26.05024876818061
2025-09-16 14:45:00+05:30,55317.6,55330.0,55300.0,55314.4,1.0,1,False,False,False,False,False,False,False,False,30.0,44.46838806676966,55295.088251503206,True,False,19.31174849679519
2025-09-16 15:00:00+05:30,55312.6,55340.0,55312.6,55335.8,3.0,1,False,False,False,False,False,False,False,False,27.400000000001455,42.76154926009284,55299.49608065707,True,False,36.30391934293584
2025-09-16 15:15:00+05:30,55335.6,55359.8,55320.0,55345.0,1.0,1,False,False,False,False,False,False,False,False,39.80000000000291,42.465394334083854,55304.48025298257,True,False,40.519747017431655
2025-09-16 15:30:00+05:30,55350.0,55350.0,55350.0,55350.0,3.0,1,False,False,False,False,False,False,False,False,5.0,38.71885490067547,55309.64478652081,True,False,40.35521347918984
2025-09-17 09:15:00+05:30,55370.2,55480.0,55360.0,55435.6,1.0,1,True,False,False,False,True,True,True,False,130.0,47.84696941060792,55322.26975288219,True,False,113.33024711781036
2025-09-17 09:30:00+05:30,55437.6,55552.0,55430.2,55516.2,3.0,1,False,False,False,False,True,True,True,False,121.80000000000291,55.24227246954742,55341.81178435438,True,False,174.38821564561658
2025-09-17 09:45:00+05:30,55527.4,55528.4,55500.0,55517.2,-1.0,-1,False,False,False,False,False,False,True,True,28.400000000001455,52.55804522259282,55360.85481131016,True,False,156.34518868984014
2025-09-17 10:00:00+05:30,55515.0,55520.0,55470.2,55470.2,3.0,1,False,False,False,False,False,False,False,True,49.80000000000291,52.282240700333816,55374.81011193825,True,False,95.38988806174893
2025-09-17 10:15:00+05:30,55470.0,55525.4,55421.2,55513.4,3.0,1,False,False,True,False,True,True,True,True,104.20000000000437,57.474016630300866,55391.68367546578,True,False,121.71632453422353
2025-09-17 10:30:00+05:30,55514.2,55579.4,55504.0,55504.6,3.0,1,False,False,False,False,False,True,False,True,75.40000000000146,59.266614967270925,55406.630425753356,True,False,97.96957424664288
2025-09-17 10:45:00+05:30,55514.8,55571.0,55500.0,55568.2,1.0,1,False,False,False,False,True,True,True,True,71.0,60.439953470543834,55426.10305061663,True,False,142.09694938336906
2025-09-17 11:00:00+05:30,55570.8,55585.6,55526.2,55565.0,3.0,1,False,False,False,False,False,False,True,True,59.400000000001455,60.33595812348959,55443.9390395298,True,False,121.06096047019673
2025-09-17 11:15:00+05:30,55565.0,55574.4,55524.0,55540.0,3.0,1,False,False,False,False,False,False,False,True,50.400000000001455,59.342362311140775,55458.0582201716,True,False,81.94177982839756
2025-09-17 11:30:00+05:30,55534.6,55558.4,55526.4,55530.2,5.0,1,False,False,False,False,False,False,False,True,32.0,56.60812608002669,55469.799826580136,True,False,60.40017341986095
2025-09-17 11:45:00+05:30,55525.4,55565.0,55525.4,55551.4,3.0,1,False,False,False,False,False,False,False,True,39.599999999998545,54.90731347202389,55482.001510668575,True,False,69.39848933142639
2025-09-17 12:00:00+05:30,55551.2,55558.0,55531.0,55558.0,3.0,1,False,False,False,False,False,False,False,True,27.0,52.116582124821505,55493.39318804218,True,False,64.60681195781945
2025-09-17 12:15:00+05:30,55557.8,55581.0,55550.0,55581.0,3.0,1,False,False,False,False,False,False,True,True,31.0,50.00492391233935,55505.52346807708,True,False,75.4765319229191
2025-09-17 12:30:00+05:30,55578.2,55630.0,55578.2,55585.4,5.0,1,False,False,False,False,False,True,False,True,51.80000000000291,50.18443152110571,55516.76778065614,True,False,68.63221934386092
2025-09-17 12:45:00+05:30,55580.0,55615.4,55575.0,55613.4,3.0,1,False,False,False,False,False,False,True,True,40.400000000001455,49.20598836899528,55529.324209795086,True,False,84.07579020491539
2025-09-17 13:00:00+05:30,55613.6,55625.0,55600.0,55611.8,3.0,1,False,False,False,False,False,False,True,True,25.0,46.78538953209575,55540.556355851375,True,False,71.24364414862794
2025-09-17 13:15:00+05:30,55612.4,55650.0,55612.2,55615.0,1.0,1,False,False,False,False,False,False,False,True,38.19999999999709,45.92685057888588,55550.93786575505,True,False,64.06213424495218
2025-09-17 13:30:00+05:30,55614.0,55648.2,55604.8,55636.0,5.0,1,False,False,False,False,False,False,True,True,43.39999999999418,45.67416552099671,55562.128717480344,True,False,73.87128251965623
2025-09-17 13:45:00+05:30,55635.6,55649.0,55605.6,55632.0,1.0,1,False,False,False,False,False,False,False,True,43.400000000001455,45.44674896889718,55571.8992573667,True,False,60.10074263330171
2025-09-17 14:00:00+05:30,55632.0,55633.6,55569.4,55590.0,3.0,1,False,False,False,False,False,True,False,True,64.19999999999709,47.32207407200717,55576.83722227687,True,False,13.162777723133331
2025-09-17 14:15:00+05:30,55589.4,55624.0,55580.2,55617.0,1.0,1,False,False,False,False,False,False,False,True,43.80000000000291,46.969866664806744,55583.2726720929,True,False,33.727327907101426
2025-09-17 14:30:00+05:30,55609.4,55640.0,55590.0,55634.0,5.0,1,False,False,False,False,False,True,False,True,50.0,47.272879998326076,55590.390015502126,True,False,43.60998449787439
2025-09-17 14:45:00+05:30,55635.6,55699.0,55627.0,55699.0,3.0,1,True,False,False,False,True,True,True,True,72.0,49.74559199849347,55602.60511257604,True,False,96.3948874239577
2025-09-17 15:00:00+05:30,55699.0,55744.4,55679.8,55700.0,3.0,1,False,False,False,False,True,True,True,True,64.59999999999854,51.231032798643966,55614.12354244034,True,False,85.87645755965787
2025-09-17 15:15:00+05:30,55692.4,55715.0,55667.2,55700.0,1.0,1,False,False,False,False,False,False,True,True,47.80000000000291,50.88792951877986,55624.82037634838,True,False,75.17962365161657
2025-09-17 15:30:00+05:30,55702.0,55702.0,55702.0,55702.0,5.0,1,False,False,False,False,False,False,False,True,2.0,45.999136566901875,55634.84969540562,True,False,67.15030459438276
2025-09-18 09:15:00+05:30,55900.0,55900.0,55771.2,55886.0,3.0,1,False,False,True,False,True,True,True,True,198.0,61.19922291021169,55660.695290334275,True,False,225.30470966572466
2025-09-18 09:30:00+05:30,55888.0,55894.8,55841.4,55878.0,5.0,1,False,False,False,False,False,False,True,True,53.400000000001455,60.419300619190665,55684.81308940237,True,False,193.18691059762932
2025-09-18 09:45:00+05:30,55875.0,55899.8,55866.8,55899.0,3.0,1,False,False,False,False,False,False,True,True,33.0,57.677370557271594,55709.59368594525,True,False,189.40631405475142
2025-09-18 10:00:00+05:30,55899.0,55987.0,55886.6,55936.6,5.0,1,True,False,False,False,True,True,True,True,100.40000000000146,61.949633501544575,55736.327994591215,True,False,200.27200540878403
2025-09-18 10:15:00+05:30,55930.0,55975.0,55915.0,55968.6,3.0,1,False,False,False,False,False,False,True,True,60.0,61.75467015139012,55764.29673613708,True,False,204.30326386291563
2025-09-18 10:30:00+05:30,55971.6,55980.0,55932.0,55964.0,3.0,1,False,False,False,False,False,False,True,True,48.0,60.379203136251114,55789.973487469266,True,False,174.02651253073418
2025-09-18 10:45:00+05:30,55960.0,55977.0,55950.0,55960.6,1.0,1,False,False,False,False,False,False,False,True,27.0,57.041282822626,55813.29948949245,True,False,147.30051050754992
2025-09-18 11:00:00+05:30,55960.6,55994.0,55955.0,55955.2,3.0,1,False,False,True,False,False,False,False,True,39.0,55.237154540363406,55833.99489336341,True,False,121.20510663658933
2025-09-18 11:15:00+05:30,55956.0,55976.0,55943.8,55955.2,1.0,1,False,False,False,False,False,False,False,True,32.19999999999709,52.93343908632678,55852.51947527682,True,False,102.68052472317504
2025-09-18 11:30:00+05:30,55960.0,55970.0,55932.2,55945.0,1.0,1,False,False,False,False,False,False,False,True,37.80000000000291,51.420095177694385,55867.97986621027,True,False,77.02013378973061
2025-09-18 11:45:00+05:30,55945.2,55946.2,55888.0,55903.2,1.0,1,False,False,False,False,False,True,False,True,58.19999999999709,52.098085659924664,55877.59898330218,True,False,25.601016697815794
2025-09-18 12:00:00+05:30,55903.2,55947.8,55897.0,55941.6,1.0,1,False,False,False,False,False,False,False,True,50.80000000000291,51.968277093932485,55888.81221463704,True,False,52.787785362961586
2025-09-18 12:15:00+05:30,55940.8,55944.0,55900.0,55915.0,1.0,1,False,False,False,False,False,False,False,True,44.0,51.17144938453924,55895.9185343196,True,False,19.08146568039956
2025-09-18 12:30:00+05:30,55915.0,55925.6,55835.4,55873.2,-1.0,-1,False,False,False,False,True,True,True,True,90.19999999999709,55.07430444608502,55897.73742201294,True,False,-24.53742201294517
2025-09-18 12:45:00+05:30,55860.0,55887.2,55832.2,55845.0,-1.0,-1,False,False,False,False,False,False,True,True,55.0,55.06687400147653,55895.750546396084,False,True,-50.750546396084246
2025-09-18 13:00:00+05:30,55835.0,55835.0,55652.6,55738.4,-1.0,-1,False,True,False,False,True,True,True,True,192.40000000000146,68.80018660132903,55883.13876946174,False,True,-144.7387694617355
2025-09-18 13:15:00+05:30,55725.2,55790.0,55700.0,55789.6,1.0,1,False,False,False,False,True,True,True,True,90.0,70.92016794119613,55874.573562972735,False,True,-84.97356297273654
2025-09-18 13:30:00+05:30,55780.0,55820.0,55770.2,55817.0,-3.0,-1,False,False,False,False,False,False,False,True,49.80000000000291,68.80815114707681,55868.26633810818,False,True,-51.26633810818021
2025-09-18 13:45:00+05:30,55816.6,55843.6,55750.6,55775.0,-3.0,-1,False,False,False,False,True,True,True,True,93.0,71.22733603236914,55858.19274884284,False,True,-83.19274884284096
2025-09-18 14:00:00+05:30,55769.4,55790.0,55725.2,55770.0,-1.0,-1,False,False,False,True,False,False,False,True,64.80000000000291,70.58460242913252,55847.93483135668,False,True,-77.93483135668066
2025-09-18 14:15:00+05:30,55770.0,55784.2,55740.0,55750.0,1.0,1,False,False,False,False,False,False,True,True,44.19999999999709,67.94614218621896,55836.34021660744,False,True,-86.34021660743747
2025-09-18 14:30:00+05:30,55750.0,55776.8,55724.2,55746.0,-3.0,-1,False,False,False,False,False,False,True,True,52.60000000000582,66.41152796759765,55825.03191945123,False,True,-79.03191945122671
2025-09-18 14:45:00+05:30,55749.0,55841.0,55749.0,55804.4,-3.0,-1,False,False,False,False,False,True,False,True,95.0,69.27037517083788,55819.805746812104,False,True,-15.405746812102734
2025-09-18 15:00:00+05:30,55804.4,55900.0,55804.4,55887.0,-3.0,-1,False,False,False,False,True,True,True,True,95.59999999999854,71.90333765375394,55822.907741064,True,False,64.09225893599796
2025-09-18 15:15:00+05:30,55888.0,55907.4,55873.2,55875.0,-1.0,-1,False,False,False,False,False,False,False,True,34.200000000004366,68.13300388837898,55825.672246339745,True,False,49.32775366025453
2025-09-19 09:15:00+05:30,55848.6,55857.4,55722.6,55767.4,-3.0,-1,False,False,False,False,False,True,False,True,152.40000000000146,76.55970349954123,55819.265372030364,False,True,-51.86537203036278
2025-09-19 09:30:00+05:30,55775.0,55790.0,55669.6,55728.6,-3.0,-1,False,True,False,False,True,True,True,True,120.40000000000146,80.94373314958725,55809.83107133976,False,True,-81.23107133976009
2025-09-19 09:45:00+05:30,55724.8,55745.0,55685.0,55705.0,-3.0,-1,False,False,False,False,False,False,True,True,60.0,78.84935983462853,55798.75391638378,False,True,-93.75391638377914
2025-09-19 10:00:00+05:30,55705.0,55705.2,55620.0,55690.0,-1.0,-1,False,False,False,False,True,True,True,True,85.19999999999709,79.48442385116539,55786.86330431305,False,True,-96.86330431304668
2025-09-19 10:15:00+05:30,55684.0,55737.8,55656.8,55730.0,-3.0,-1,False,False,False,False,False,True,False,True,81.0,79.63598146604885,55779.220064141606,False,True,-49.22006414160569
2025-09-19 10:30:00+05:30,55739.0,55749.0,55607.0,55638.0,-3.0,-1,False,False,False,True,True,True,True,True,142.0,85.87238331944397,55763.90522560909,False,True,-125.90522560908721
2025-09-19 10:45:00+05:30,55638.0,55652.0,55605.0,55610.0,-3.0,-1,False,False,False,False,False,False,True,True,47.0,81.98514498749958,55746.796558111906,False,True,-136.79655811190605
2025-09-19 11:00:00+05:30,55610.4,55629.2,55565.0,55581.2,-1.0,-1,False,False,False,False,False,False,True,True,64.19999999999709,80.20663048874933,55727.96540373949,False,True,-146.76540373948956
2025-09-19 11:15:00+05:30,55580.0,55626.8,55556.0,55604.0,-1.0,-1,False,False,False,False,False,False,True,True,70.80000000000291,79.26596743987469,55712.25041708508,False,True,-108.2504170850807
2025-09-19 11:30:00+05:30,55603.0,55613.6,55572.0,55575.4,-3.0,-1,False,False,False,False,False,False,True,True,41.599999999998545,75.49937069588707,55695.12398439115,False,True,-119.72398439115204
2025-09-19 11:45:00+05:30,55575.4,55600.4,55550.0,55600.0,-1.0,-1,False,False,False,False,False,False,False,True,50.400000000001455,72.9894336262985,55681.50937769316,False,True,-81.50937769316079
2025-09-19 12:00:00+05:30,55600.0,55629.8,55575.8,55618.0,-1.0,-1,False,False,False,False,False,False,False,True,54.0,71.09049026366866,55670.87108587575,False,True,-52.87108587574767
2025-09-19 12:15:00+05:30,55619.8,55619.8,55575.6,55594.4,1.0,1,False,False,False,False,False,False,False,True,44.200000000004366,68.40144123730224,55659.43073717658,False,True,-65.03073717658117
2025-09-19 12:30:00+05:30,55580.2,55603.8,55570.0,55596.4,-1.0,-1,False,False,False,False,False,False,False,True,33.80000000000291,64.9412971135723,55649.47170891544,False,True,-53.07170891543501
2025-09-19 12:45:00+05:30,55584.0,55624.8,55570.0,55617.0,-1.0,-1,False,False,False,False,False,False,False,True,54.80000000000291,63.92716740221537,55642.628800012826,False,True,-25.628800012826105
2025-09-19 13:00:00+05:30,55626.0,55650.0,55615.2,55650.0,-1.0,-1,False,False,False,False,False,False,False,True,34.80000000000291,61.014450661994125,55639.935781510496,False,True,10.064218489504128
2025-09-19 13:15:00+05:30,55650.0,55683.0,55640.0,55683.0,1.0,1,False,False,False,False,False,False,True,True,43.0,59.21300559579471,55641.24874874571,True,False,41.751251254288945
2025-09-19 13:30:00+05:30,55683.0,55687.8,55635.0,55672.0,-3.0,-1,False,False,False,False,False,False,False,True,52.80000000000291,58.57170503621553,55642.38127502905,True,False,29.61872497094737
2025-09-19 13:45:00+05:30,55672.0,55679.0,55639.4,55676.8,-1.0,-1,False,False,False,False,False,False,False,True,39.599999999998545,56.67453453259384,55644.55722142244,True,False,32.24277857756533
2025-09-19 14:00:00+05:30,55676.0,55706.6,55670.2,55685.4,-1.0,-1,False,False,False,False,False,False,False,True,36.400000000001455,54.6470810793346,55647.9302033127,True,False,37.469796687299095
2025-09-19 14:15:00+05:30,55693.6,55694.0,55581.2,55601.0,1.0,1,False,False,False,False,False,True,False,True,112.80000000000291,60.46237297140143,55643.88821284851,False,True,-42.88821284851292
2025-09-19 14:30:00+05:30,55605.2,55650.0,55601.0,55630.0,-1.0,-1,False,False,False,False,False,False,False,True,49.0,59.31613567426128,55642.61222550595,False,True,-12.612225505952665
2025-09-19 14:45:00+05:30,55637.0,55661.4,55620.0,55646.6,1.0,1,False,False,False,False,False,False,False,True,41.400000000001455,57.5245221068353,55642.94180764219,True,False,3.658192357805092
2025-09-19 15:00:00+05:30,55654.0,55654.0,55615.8,55650.0,1.0,1,False,False,False,False,False,False,False,True,38.19999999999709,55.59206989615147,55643.63331831161,True,False,6.366681688392418
2025-09-19 15:15:00+05:30,55650.0,55680.0,55640.0,55665.0,3.0,1,False,False,False,False,False,False,False,True,40.0,54.03286290653632,55645.69551316147,True,False,19.304486838533194
2025-09-19 15:30:00+05:30,55655.0,55655.0,55655.0,55655.0,1.0,1,False,False,False,False,False,False,False,True,10.0,49.62957661588269,55646.82032071741,True,False,8.179679282591678
2025-09-22 09:15:00+05:30,55594.8,55725.0,55521.8,55720.0,3.0,1,True,False,False,False,True,True,True,True,203.1999999999971,64.98661895429413,55653.77484795088,True,False,66.22515204911906
2025-09-22 09:30:00+05:30,55720.0,55773.6,55720.0,55751.6,3.0,1,False,False,False,False,False,False,True,True,53.599999999998545,63.84795705886457,55663.46861736457,True,False,88.13138263543078
2025-09-22 09:45:00+05:30,55752.4,55795.8,55711.2,55740.0,3.0,1,False,False,False,False,False,True,False,True,84.60000000000582,65.9231613529787,55671.86420056215,True,False,68.13579943784862
2025-09-22 10:00:00+05:30,55740.2,55790.0,55734.8,55769.4,3.0,1,False,False,False,False,False,False,True,True,55.19999999999709,64.85084521768053,55682.55787518945,True,False,86.84212481055147
2025-09-22 10:15:00+05:30,55760.0,55823.2,55745.6,55807.2,1.0,1,False,False,True,False,True,True,True,True,77.59999999999854,66.12576069591233,55696.19535448546,True,False,111.00464551453479
2025-09-22 10:30:00+05:30,55822.0,55841.6,55796.0,55810.2,1.0,1,False,False,False,False,False,False,True,False,45.599999999998545,64.07318462632095,55709.47980229426,True,False,100.72019770573388
2025-09-22 10:45:00+05:30,55815.2,55818.6,55776.0,55785.0,1.0,1,False,False,False,False,False,False,False,False,42.599999999998545,61.92586616368872,55719.71074408399,True,False,65.28925591601
2025-09-22 11:00:00+05:30,55790.0,55806.8,55738.8,55755.0,1.0,1,False,False,False,False,False,True,False,False,68.0,62.53327954731984,55726.35639155075,True,False,28.643608449252497
2025-09-22 11:15:00+05:30,55759.4,55760.0,55715.0,55744.8,-1.0,-1,False,False,False,False,False,False,False,False,45.0,60.779951592587864,55731.18737226636,True,False,13.61262773364433
2025-09-22 11:30:00+05:30,55731.4,55740.0,55680.0,55729.0,-1.0,-1,False,False,False,False,False,True,False,False,64.80000000000291,61.18195643332937,55733.73018886778,True,False,-4.730188867782999
2025-09-22 11:45:00+05:30,55732.0,55774.0,55725.0,55758.8,1.0,1,False,False,False,False,False,False,False,False,49.0,59.963760789996435,55738.19660662457,True,False,20.603393375429732
2025-09-22 12:00:00+05:30,55760.6,55760.6,55729.0,55736.2,3.0,1,False,False,False,False,False,False,False,False,31.599999999998545,57.12738471099665,55739.92005486949,True,False,-3.72005486949638
2025-09-22 12:15:00+05:30,55735.2,55765.0,55725.6,55730.4,1.0,1,False,False,False,False,False,False,False,False,39.400000000001455,55.354646239897136,55740.512780467776,True,False,-10.112780467774428
2025-09-22 12:30:00+05:30,55730.4,55771.0,55725.2,55771.0,1.0,1,False,False,False,False,False,False,False,False,45.80000000000291,54.39918161590772,55744.29398896054,True,False,26.706011039459554
2025-09-22 12:45:00+05:30,55764.2,55778.4,55750.0,55778.4,1.0,1,False,False,False,False,False,False,False,False,28.400000000001455,51.799263454317085,55748.33782362196,True,False,30.06217637804366
2025-09-22 13:00:00+05:30,55775.0,55790.0,55760.0,55769.0,1.0,1,False,False,False,False,False,False,False,False,30.0,49.619337108885375,55751.164399167064,True,False,17.835600832935597
2025-09-22 13:15:00+05:30,55780.0,55780.0,55730.0,55739.8,-1.0,-1,False,False,False,False,False,True,False,False,50.0,49.65740339799684,55751.015540515335,False,True,-11.215540515331668
2025-09-22 13:30:00+05:30,55744.2,55756.8,55714.8,55736.2,-1.0,-1,False,False,False,False,False,False,False,False,42.0,48.89166305819715,55750.26943929534,False,True,-14.069439295344637
2025-09-22 13:45:00+05:30,55738.0,55745.0,55685.0,55692.0,-1.0,-1,False,True,False,False,True,True,True,False,60.0,50.00249675237744,55745.317854184854,False,True,-53.317854184853786
2025-09-22 14:00:00+05:30,55686.6,55710.0,55660.0,55702.4,-1.0,-1,False,False,False,False,False,False,False,False,50.0,50.0022470771397,55741.20963645145,False,True,-38.80963645144948
2025-09-22 14:15:00+05:30,55699.6,55699.6,55630.0,55630.6,-3.0,-1,False,False,False,False,True,True,True,True,72.40000000000146,52.242022369425875,55730.603611487044,False,True,-100.00361148704542
2025-09-22 14:30:00+05:30,55636.2,55650.0,55430.8,55447.6,-3.0,-1,False,False,False,False,True,True,True,True,219.1999999999971,68.93782013248298,55703.559032674486,False,True,-255.9590326744874
2025-09-22 14:45:00+05:30,55446.8,55525.0,55427.6,55482.0,-3.0,-1,False,False,False,True,True,True,True,True,97.40000000000146,71.78403811923484,55680.090290395965,False,True,-198.09029039596498
2025-09-22 15:00:00+05:30,55490.0,55520.0,55431.6,55478.8,-3.0,-1,False,False,False,False,True,True,True,True,88.40000000000146,73.44563430731151,55657.165308239,False,True,-178.36530823899375
2025-09-22 15:15:00+05:30,55478.8,55494.0,55454.2,55460.0,-3.0,-1,False,False,False,False,False,False,True,True,39.80000000000291,70.08107087658064,55633.677773587864,False,True,-173.67777358786407
2025-09-23 09:15:00+05:30,55460.2,55529.4,55381.2,55396.8,-1.0,-1,False,True,False,False,True,True,True,True,148.20000000000437,77.89296378892301,55605.86753654435,False,True,-209.06753654434578
2025-09-23 09:30:00+05:30,55396.8,55455.4,55355.4,55383.0,-1.0,-1,False,False,False,False,True,True,True,True,100.0,80.10366741003071,55578.47132819032,False,True,-195.47132819031685
2025-09-23 09:45:00+05:30,55371.2,55435.0,55355.4,55425.2,-1.0,-1,False,False,False,False,False,False,False,True,79.59999999999854,80.0533006690275,55556.807281286914,False,True,-131.607281286917
2025-09-23 10:00:00+05:30,55411.2,55513.8,55410.4,55489.6,-3.0,-1,False,False,False,False,False,True,False,True,103.40000000000146,82.3879706021249,55543.03394246063,False,True,-53.43394246062962
2025-09-23 10:15:00+05:30,55484.2,55492.4,55382.0,55437.6,-1.0,-1,False,False,False,True,False,True,False,True,110.40000000000146,85.18917354191255,55526.59516992439,False,True,-88.99516992439021
2025-09-23 10:30:00+05:30,55421.2,55449.8,55395.0,55447.0,-3.0,-1,False,False,False,False,False,False,False,True,54.80000000000291,82.15025618772158,55512.98389026442,False,True,-65.98389026441873
2025-09-23 10:45:00+05:30,55447.0,55448.0,55400.0,55416.0,-3.0,-1,False,False,False,False,False,False,False,True,48.0,78.73523056894942,55498.44312624962,False,True,-82.44312624962186
2025-09-23 11:00:00+05:30,55420.0,55475.0,55374.6,55377.6,-3.0,-1,False,True,False,False,True,True,True,True,100.40000000000146,80.90170751205463,55482.18583504902,False,True,-104.58583504902344
2025-09-23 11:15:00+05:30,55376.6,55420.4,55357.4,55392.2,-1.0,-1,False,False,False,False,False,False,False,True,63.0,79.11153676084916,55468.92465413748,False,True,-76.72465413748432
2025-09-23 11:30:00+05:30,55388.8,55437.0,55387.4,55437.0,-1.0,-1,False,False,False,False,False,False,False,True,49.599999999998545,76.1603830847641,55461.30438270543,False,True,-24.304382705427997
2025-09-23 11:45:00+05:30,55434.8,55454.0,55416.8,55435.0,-1.0,-1,False,False,False,False,False,False,False,True,37.19999999999709,72.2643447762874,55454.93513855384,False,True,-19.93513855383935
2025-09-23 12:00:00+05:30,55432.4,55487.0,55430.4,55481.0,-1.0,-1,False,False,False,True,False,False,False,True,56.599999999998545,70.69791029865851,55453.98774709002,False,True,27.012252909982635
2025-09-23 12:15:00+05:30,55481.0,55598.0,55470.0,55587.4,1.0,1,True,False,False,False,True,True,True,True,128.0,76.42811926879266,55463.728979571904,True,False,123.67102042809711
2025-09-23 12:30:00+05:30,55598.0,55739.0,55584.0,55642.4,1.0,1,False,False,False,False,True,True,True,True,155.0,84.2853073419134,55479.19144992022,True,False,163.2085500797839
2025-09-23 12:45:00+05:30,55650.0,55699.8,55648.0,55665.2,1.0,1,False,False,False,False,False,False,True,True,57.400000000001455,81.5967766077222,55497.05611421551,True,False,168.14388578448416
2025-09-23 13:00:00+05:30,55666.2,55715.0,55666.2,55681.6,1.0,1,False,False,False,False,False,False,True,True,49.80000000000291,78.41709894695028,55516.324714288676,True,False,165.2752857113228
2025-09-23 13:15:00+05:30,55689.4,55724.2,55681.4,55721.8,3.0,1,False,False,True,False,False,False,True,True,42.799999999995634,74.85538905225482,55538.76068344981,True,False,183.0393165501955
2025-09-23 13:30:00+05:30,55723.2,55794.4,55723.2,55762.2,3.0,1,False,False,False,False,False,False,True,True,72.59999999999854,74.6298501470292,55564.01096553793,True,False,198.18903446206969
2025-09-23 13:45:00+05:30,55765.0,55790.0,55743.2,55750.0,1.0,1,False,False,False,False,False,False,True,True,46.80000000000291,71.84686513232657,55586.950887316656,True,False,163.049112683344
2025-09-23 14:00:00+05:30,55750.2,55823.0,55719.8,55733.8,1.0,1,False,False,False,False,False,True,False,True,103.19999999999709,74.98217861909362,55606.921982036074,True,False,126.87801796392887
2025-09-23 14:15:00+05:30,55730.0,55759.2,55659.4,55733.8,3.0,1,False,False,False,False,False,True,False,True,99.79999999999563,77.46396075718381,55625.199876489496,True,False,108.60012351050682
2025-09-23 14:30:00+05:30,55734.4,55775.0,55710.0,55753.0,3.0,1,False,False,False,False,False,False,False,True,65.0,76.21756468146543,55643.423188991386,True,False,109.57681100861373
2025-09-23 14:45:00+05:30,55753.0,55755.0,55715.8,55730.0,-1.0,-1,False,False,False,False,False,False,False,True,39.19999999999709,72.51580821331859,55657.72186140095,True,False,72.27813859905291
2025-09-23 15:00:00+05:30,55729.8,55741.0,55692.2,55736.6,1.0,1,False,False,False,False,False,False,False,True,48.80000000000291,70.14422739198702,55670.800464939915,True,False,65.79953506008314
2025-09-23 15:15:00+05:30,55718.2,55748.8,55712.0,55747.8,3.0,1,False,False,False,False,False,False,False,True,36.80000000000291,66.8098046527886,55683.15864061389,True,False,64.64135938611435
2025-09-24 09:15:00+05:30,55698.2,55698.2,55412.0,55469.4,3.0,1,False,False,False,False,True,True,True,True,335.8000000000029,93.70882418751003,55668.646165389284,False,True,-199.2461653892824
2025-09-24 09:30:00+05:30,55459.0,55476.0,55375.0,55414.8,-1.0,-1,False,True,False,False,True,True,True,True,101.0,94.43794176875903,55647.87557914464,False,True,-233.0755791446354
2025-09-24 09:45:00+05:30,55422.2,55471.8,55382.0,55471.8,-1.0,-1,False,False,False,False,False,False,True,True,89.80000000000291,93.97414759188342,55631.526135575354,False,True,-159.72613557535078
2025-09-24 10:00:00+05:30,55468.2,55494.0,55430.0,55451.2,1.0,1,False,False,False,False,False,False,True,True,64.0,90.97673283269508,55613.09564008321,False,True,-161.8956400832103
2025-09-24 10:15:00+05:30,55451.0,55480.0,55424.4,55424.4,1.0,1,False,False,False,False,False,False,True,True,55.599999999998545,87.43905954942542,55592.47923364622,False,True,-168.0792336462182
2025-09-24 10:30:00+05:30,55411.6,55437.2,55310.0,55334.8,-3.0,-1,False,False,False,True,True,True,True,True,127.19999999999709,91.41515359448259,55564.40530992216,False,True,-229.60530992215354
2025-09-24 10:45:00+05:30,55328.8,55350.0,55300.0,55350.0,-3.0,-1,False,False,False,False,False,False,True,True,50.0,87.27363823503433,55538.799519812026,False,True,-188.79951981202612
2025-09-24 11:00:00+05:30,55345.6,55345.6,55165.2,55240.8,-1.0,-1,False,False,False,False,True,True,True,True,184.8000000000029,97.02627441153119,55504.768401480746,False,True,-263.9684014807426
2025-09-24 11:15:00+05:30,55236.8,55274.8,55227.0,55274.6,1.0,1,False,False,False,False,False,False,True,True,47.80000000000291,92.10364697037836,55475.63337218333,False,True,-201.03337218333036
2025-09-24 11:30:00+05:30,55274.8,55293.6,55234.6,55266.6,-3.0,-1,False,False,False,False,False,False,True,True,59.0,88.79328227334052,55447.91476988529,False,True,-181.31476988529175
2025-09-24 11:45:00+05:30,55260.6,55286.0,55251.0,55258.0,-3.0,-1,False,False,False,False,False,False,True,True,35.0,83.41395404600647,55421.75156857882,False,True,-163.75156857881666
2025-09-24 12:00:00+05:30,55253.2,55299.0,55215.0,55296.8,-1.0,-1,False,False,False,False,False,True,False,True,84.0,83.47255864140581,55401.55378382069,False,True,-104.75378382068448
2025-09-24 12:15:00+05:30,55297.8,55347.4,55291.4,55314.6,1.0,1,False,False,False,False,False,False,False,True,56.0,80.72530277726523,55385.42490545402,False,True,-70.82490545402106
2025-09-24 12:30:00+05:30,55310.2,55325.0,55275.0,55287.0,-1.0,-1,False,False,False,False,False,False,False,True,50.0,77.65277249953871,55369.1457046957,False,True,-82.14570469570026
2025-09-24 12:45:00+05:30,55278.2,55329.8,55260.0,55329.8,-1.0,-1,False,False,False,False,False,False,False,True,69.80000000000291,76.86749524958513,55358.94930368192,False,True,-29.149303681915626
2025-09-24 13:00:00+05:30,55330.0,55375.0,55313.4,55371.8,-1.0,-1,False,False,False,False,False,False,False,True,61.599999999998545,75.34074572462647,55354.5649460664,False,True,17.235053933603922
2025-09-24 13:15:00+05:30,55375.0,55441.2,55363.2,55399.8,-1.0,-1,False,True,False,False,True,True,True,True,78.0,75.60667115216383,55354.44352046239,False,True,45.35647953761509
2025-09-24 13:30:00+05:30,55399.8,55417.4,55364.4,55364.4,-1.0,-1,False,False,False,False,False,False,False,True,53.0,73.34600403694745,55352.50286943583,False,True,11.897130564168037
2025-09-24 13:45:00+05:30,55361.0,55382.6,55313.0,55349.6,-1.0,-1,False,False,False,False,False,False,False,True,69.59999999999854,72.97140363325255,55350.29432029643,False,True,-0.6943202964321245
2025-09-24 14:00:00+05:30,55350.0,55350.0,55280.4,55289.8,-1.0,-1,False,False,False,False,False,False,False,True,69.59999999999854,72.63426326992715,55343.48193039313,False,True,-53.681930393126095
2025-09-24 14:15:00+05:30,55280.0,55320.0,55248.6,55265.0,-1.0,-1,False,False,False,True,False,False,False,True,71.40000000000146,72.51083694293457,55335.06823029048,False,True,-70.06823029048246
2025-09-24 14:30:00+05:30,55269.2,55300.0,55229.2,55270.0,-1.0,-1,False,False,False,False,False,False,False,True,70.80000000000291,72.33975324864141,55327.677220471036,False,True,-57.67722047103598
2025-09-24 14:45:00+05:30,55269.0,55274.0,55230.0,55230.0,1.0,1,False,False,False,False,False,False,True,True,44.0,69.50577792377727,55317.19304044362,False,True,-87.1930404436207
2025-09-24 15:00:00+05:30,55225.0,55279.6,55191.8,55268.0,1.0,1,False,False,False,False,False,True,False,True,87.79999999999563,71.3352001313991,55310.69729406128,False,True,-42.69729406128317
2025-09-24 15:15:00+05:30,55265.0,55277.2,55240.8,55252.0,1.0,1,False,False,False,False,False,False,False,True,36.39999999999418,67.84168011825861,55303.31617724914,False,True,-51.31617724913667
2025-09-25 09:15:00+05:30,55181.0,55375.0,55070.0,55339.4,1.0,1,False,False,False,False,False,True,False,True,305.0,91.55751210643275,55304.43429564237,True,False,34.965704357629875
2025-09-25 09:30:00+05:30,55330.0,55374.4,55257.4,55281.0,1.0,1,False,False,False,False,False,True,False,True,117.0,94.10176089578948,55300.78799449819,False,True,-19.78799449819053
2025-09-25 09:45:00+05:30,55272.0,55364.0,55215.0,55311.8,1.0,1,False,False,False,False,False,True,False,True,149.0,99.59158480621053,55300.39511580365,False,True,11.404884196352214
2025-09-25 10:00:00+05:30,55320.8,55347.8,55270.0,55314.0,-1.0,-1,False,False,False,False,False,False,False,True,77.80000000000291,97.41242632558978,55300.60844390617,True,False,13.39155609383306
2025-09-25 10:15:00+05:30,55316.2,55336.0,55280.4,55293.8,-1.0,-1,False,False,False,False,False,False,False,True,55.599999999998545,93.23118369303066,55299.317225598046,False,True,-5.5172255980432965
2025-09-25 10:30:00+05:30,55302.6,55314.0,55238.4,55262.0,1.0,1,False,False,False,False,False,False,False,True,75.59999999999854,91.46806532372744,55295.403526744296,False,True,-33.40352674429596
2025-09-25 10:45:00+05:30,55250.0,55310.0,55238.4,55275.4,-1.0,-1,False,False,False,False,False,False,False,True,71.59999999999854,89.48125879135455,55292.93965053932,False,True,-17.539650539321883
2025-09-25 11:00:00+05:30,55275.6,55308.0,55240.4,55307.0,-3.0,-1,False,False,False,False,False,False,False,True,67.59999999999854,87.29313291221895,55293.56687022521,True,False,13.433129774792178
2025-09-25 11:15:00+05:30,55310.0,55348.4,55289.0,55331.2,-3.0,-1,False,False,False,False,False,False,False,True,59.400000000001455,84.5038196209972,55296.57690445843,True,False,34.62309554156673
2025-09-25 11:30:00+05:30,55331.2,55347.2,55240.8,55258.8,-1.0,-1,False,False,False,False,False,True,False,True,106.39999999999418,86.6934376588969,55293.13834928575,False,True,-34.33834928574652
2025-09-25 11:45:00+05:30,55261.0,55270.0,55202.4,55221.0,-3.0,-1,False,False,False,False,False,False,False,True,67.59999999999854,84.78409389300705,55286.35551495148,False,True,-65.35551495147956
2025-09-25 12:00:00+05:30,55221.0,55240.4,55175.0,55208.0,-1.0,-1,False,False,False,False,False,False,False,True,65.40000000000146,82.8456845037065,55278.52799167851,False,True,-70.52799167850753
2025-09-25 12:15:00+05:30,55206.0,55270.0,55200.0,55251.0,-1.0,-1,False,False,False,False,False,False,False,True,70.0,81.56111605333584,55274.821775770855,False,True,-23.82177577085531
2025-09-25 12:30:00+05:30,55245.0,55280.0,55211.2,55230.4,1.0,1,False,False,False,False,False,False,False,True,68.80000000000291,80.28500444800254,55269.533439109124,False,True,-39.133439109122264
2025-09-25 12:45:00+05:30,55232.8,55326.0,55232.8,55301.0,-1.0,-1,False,False,False,False,False,True,False,True,95.59999999999854,81.81650400320214,55270.97054073417,True,False,30.029459265831974
2025-09-25 13:00:00+05:30,55310.8,55439.0,55310.8,55374.6,1.0,1,True,False,False,False,True,True,True,True,138.0,87.43485360288193,55279.39749906601,True,False,95.202500933985
2025-09-25 13:15:00+05:30,55389.0,55410.8,55341.2,55385.0,-1.0,-1,False,False,False,False,False,False,True,True,69.60000000000582,85.65136824259432,55288.96458356187,True,False,96.03541643812787
2025-09-25 13:30:00+05:30,55389.0,55423.8,55360.6,55403.0,-1.0,-1,False,False,False,False,False,False,True,True,63.200000000004366,83.40623141833532,55300.17890791185,True,False,102.82109208814654
2025-09-25 13:45:00+05:30,55410.0,55426.4,55358.0,55382.4,-3.0,-1,False,False,False,False,False,False,False,True,68.40000000000146,81.90560827650194,55309.345725179664,True,False,73.05427482033701
2025-09-25 14:00:00+05:30,55377.8,55395.0,55321.4,55360.0,-1.0,-1,False,False,True,False,False,False,False,True,73.59999999999854,81.07504744885159,55316.126065822435,True,False,43.87393417756539
2025-09-25 14:15:00+05:30,55360.0,55375.0,55326.6,55340.0,-3.0,-1,False,False,False,False,False,False,False,True,48.400000000001455,77.80754270396658,55320.61772373999,True,False,19.382276260010258
2025-09-25 14:30:00+05:30,55344.4,55356.6,55270.0,55283.0,-1.0,-1,False,False,False,False,False,True,False,True,86.59999999999854,78.68678843356977,55319.405782907066,False,True,-36.40578290706617
2025-09-25 14:45:00+05:30,55288.0,55300.0,55253.2,55272.6,-3.0,-1,False,False,False,False,False,False,False,True,46.80000000000291,75.49810959021309,55316.73897663457,False,True,-44.13897663457465
2025-09-25 15:00:00+05:30,55282.4,55285.0,55102.0,55130.0,-1.0,-1,False,True,False,False,True,True,True,True,183.0,86.24829863119177,55300.726238768795,False,True,-170.72623876879516
2025-09-25 15:15:00+05:30,55133.2,55165.0,55086.0,55094.6,-3.0,-1,False,False,False,False,False,False,True,True,79.0,85.5234687680726,55281.30514396264,False,True,-186.7051439626448
2025-09-25 15:30:00+05:30,55103.0,55103.2,55103.0,55103.2,-3.0,-1,False,False,False,False,False,False,True,True,8.599999999998545,77.8311218912652,55262.808215744204,False,True,-159.60821574420697
2025-09-26 09:15:00+05:30,54949.2,55046.0,54800.0,54803.0,-3.0,-1,False,False,False,False,True,True,True,True,303.1999999999971,100.36800970213838,55217.57847705095,False,True,-414.578477050949
2025-09-26 09:30:00+05:30,54801.0,54825.8,54700.0,54788.8,-1.0,-1,False,False,False,True,True,True,True,True,125.80000000000291,102.91120873192483,55172.055149907465,False,True,-383.2551499074616
2025-09-26 09:45:00+05:30,54793.6,54850.0,54761.4,54811.6,-1.0,-1,False,False,False,False,False,False,True,True,88.59999999999854,101.4800878587322,55130.25988951453,False,True,-318.6598895145289
2025-09-26 10:00:00+05:30,54810.0,54811.6,54744.8,54770.4,-3.0,-1,False,False,False,False,False,False,True,True,66.79999999999563,98.01207907285854,55086.95854878459,False,True,-316.5585487845892
2025-09-26 10:15:00+05:30,54777.0,54827.2,54750.4,54792.6,-3.0,-1,False,False,False,False,False,False,False,True,76.79999999999563,95.89087116557225,55048.368191920454,False,True,-255.76819192045514
2025-09-26 10:30:00+05:30,54789.6,54830.4,54769.2,54830.4,-3.0,-1,False,False,False,False,False,False,False,True,61.200000000004366,92.42178404901546,55016.2605247868,False,True,-185.8605247867963
2025-09-26 10:45:00+05:30,54820.4,54823.0,54732.4,54755.0,-3.0,-1,False,True,False,False,True,True,True,True,98.0,92.97960564411392,54980.55872876064,False,True,-225.5587287606395
2025-09-26 11:00:00+05:30,54740.8,54751.8,54666.0,54700.0,-5.0,-1,False,False,False,False,False,False,True,True,89.0,92.58164507970253,54943.204884752085,False,True,-243.2048847520855
2025-09-26 11:15:00+05:30,54700.0,54726.6,54675.0,54698.2,-5.0,-1,False,False,False,False,False,False,True,True,51.599999999998545,88.48348057173213,54909.0986436424,False,True,-210.89864364240202
2025-09-26 11:30:00+05:30,54697.0,54703.8,54655.0,54698.2,-3.0,-1,False,False,False,False,False,False,False,True,48.80000000000291,84.51513251455921,54878.423451108945,False,True,-180.2234511089482
2025-09-26 11:45:00+05:30,54695.0,54717.2,54670.2,54700.6,-3.0,-1,False,False,False,True,False,False,False,True,47.0,80.7636192631033,54851.33573471622,False,True,-150.73573471621785
2025-09-26 12:00:00+05:30,54701.0,54713.0,54675.0,54686.0,-5.0,-1,False,False,False,False,False,False,False,True,38.0,76.48725733679296,54826.163335020465,False,True,-140.16333502046473
2025-09-26 12:15:00+05:30,54690.8,54723.0,54680.0,54704.4,-5.0,-1,False,False,False,False,False,False,False,True,43.0,73.13853160311366,54805.72343799229,False,True,-101.32343799228693
2025-09-26 12:30:00+05:30,54702.8,54705.2,54652.2,54693.8,-3.0,-1,False,False,False,False,False,False,False,True,53.0,71.12467844280229,54787.1708122231,False,True,-93.37081222309644
2025-09-26 12:45:00+05:30,54697.8,54738.0,54680.0,54684.6,-3.0,-1,False,False,False,False,False,False,False,True,58.0,69.81221059852206,54770.386089301144,False,True,-85.7860893011457
2025-09-26 13:00:00+05:30,54685.0,54721.0,54676.0,54679.8,-5.0,-1,False,False,False,False,False,False,False,True,45.0,67.33098953866985,54755.523056103324,False,True,-75.72305610332114
2025-09-26 13:15:00+05:30,54679.4,54688.6,54634.6,54640.6,-5.0,-1,False,False,False,False,False,False,True,True,54.0,65.99789058480287,54739.22424743104,False,True,-98.62424743104202
2025-09-26 13:30:00+05:30,54640.0,54640.6,54530.2,54531.8,-3.0,-1,False,True,False,False,True,True,True,True,110.40000000000146,70.43810152632274,54714.9757526047,False,True,-183.1757526047004
2025-09-26 13:45:00+05:30,54544.0,54554.8,54463.0,54484.2,-3.0,-1,False,False,False,False,True,True,True,True,91.80000000000291,72.57429137369076,54688.23534208028,False,True,-204.03534208028577
2025-09-26 14:00:00+05:30,54484.2,54500.0,54404.6,54458.4,-5.0,-1,False,False,False,False,True,True,True,True,95.40000000000146,74.85686223632183,54661.00372754555,False,True,-202.60372754554555
2025-09-26 14:15:00+05:30,54450.0,54487.8,54417.8,54436.8,-3.0,-1,False,False,False,False,False,False,True,True,70.0,74.37117601268965,54633.73333705114,False,True,-196.93333705113764
2025-09-26 14:30:00+05:30,54438.8,54520.0,54432.6,54499.8,-1.0,-1,False,False,False,True,False,True,False,True,87.40000000000146,75.67405841142082,54614.18426687709,False,True,-114.38426687708852
2025-09-26 14:45:00+05:30,54505.2,54517.0,54440.0,54480.6,-3.0,-1,False,False,False,False,False,True,False,True,77.0,75.80665257027873,54594.937662106844,False,True,-114.33766210684553
2025-09-26 15:00:00+05:30,54474.6,54510.2,54449.4,54480.0,-3.0,-1,False,False,False,False,False,False,False,True,60.799999999995634,74.30598731325043,54577.650574162086,False,True,-97.65057416208583
2025-09-26 15:15:00+05:30,54480.0,54495.0,54442.2,54479.0,-1.0,-1,False,False,False,False,False,False,False,True,52.80000000000291,72.15538858192568,54562.237672317024,False,True,-83.23767231702368
2025-09-29 09:15:00+05:30,54545.6,54628.0,54486.2,54590.8,1.0,1,False,False,False,False,True,True,True,True,149.0,79.83984972373311,54558.846122022784,False,True,31.953877977219236
2025-09-29 09:30:00+05:30,54590.8,54700.0,54574.4,54693.4,-1.0,-1,False,False,False,False,True,True,True,True,125.59999999999854,84.41586475135965,54566.45519473829,True,False,126.9448052617081
2025-09-29 09:45:00+05:30,54682.0,54720.4,54654.2,54676.2,-1.0,-1,False,False,False,False,False,False,True,True,66.20000000000437,82.59427827622412,54573.8467616391,True,False,102.3532383608981
2025-09-29 10:00:00+05:30,54676.2,54709.0,54661.2,54690.6,-1.0,-1,False,False,False,False,False,False,True,True,47.80000000000291,79.114850448602,54583.46972050542,True,False,107.13027949458046
2025-09-29 10:15:00+05:30,54677.6,54822.0,54673.4,54780.0,-1.0,-1,False,False,False,False,True,True,True,True,148.59999999999854,86.06336540374166,54601.730310971216,True,False,178.26968902878434
2025-09-29 10:30:00+05:30,54770.0,54790.0,54712.4,54728.0,-1.0,-1,False,False,False,False,False,False,False,True,77.59999999999854,85.21702886336735,54615.378398800145,True,False,112.62160119985492
2025-09-29 10:45:00+05:30,54728.0,54765.6,54603.0,54658.6,-1.0,-1,False,False,False,False,False,True,False,True,162.59999999999854,92.95532597703047,54622.43414597205,True,False,36.1658540279459
2025-09-29 11:00:00+05:30,54658.6,54722.0,54615.0,54618.0,-1.0,-1,False,False,False,False,False,True,False,True,107.0,94.35979337932743,54625.25848466075,True,False,-7.258484660749673
2025-09-29 11:15:00+05:30,54621.4,54634.8,54539.8,54567.4,-1.0,-1,False,True,False,False,True,True,True,True,95.0,94.42381404139469,54622.84052795177,False,True,-55.44052795176685
2025-09-29 11:30:00+05:30,54553.6,54560.2,54466.0,54500.0,-1.0,-1,False,False,False,False,True,True,True,True,101.40000000000146,95.12143263725537,54613.678788633246,False,True,-113.67878863324586
2025-09-29 11:45:00+05:30,54500.0,54521.4,54437.2,54471.6,-1.0,-1,False,False,False,False,False,False,True,True,84.20000000000437,94.02928937353026,54601.4620603108,False,True,-129.86206031079928
2025-09-29 12:00:00+05:30,54478.6,54498.6,54336.0,54350.0,-1.0,-1,False,False,False,False,True,True,True,True,162.59999999999854,100.88636043617709,54577.9883990494,False,True,-227.98839904939814
2025-09-29 12:15:00+05:30,54350.0,54437.6,54340.2,54400.0,1.0,1,False,False,False,True,False,False,True,True,97.40000000000146,100.53772439255951,54559.17594594302,False,True,-159.17594594301772
2025-09-29 12:30:00+05:30,54405.6,54420.0,54325.8,54325.8,1.0,1,False,False,False,False,False,False,True,True,94.19999999999709,99.90395195330328,54534.153850108894,False,True,-208.3538501088915
2025-09-29 12:45:00+05:30,54325.0,54380.2,54301.2,54359.8,1.0,1,False,False,False,False,False,False,False,True,79.0,97.81355675797295,54513.096675765824,False,True,-153.29667576582142
2025-09-29 13:00:00+05:30,54366.2,54580.0,54360.8,54575.0,-1.0,-1,False,True,False,False,True,True,True,True,220.1999999999971,110.05220108217536,54512.765629073074,False,True,62.2343709269262
2025-09-29 13:15:00+05:30,54571.4,54625.6,54518.0,54605.6,1.0,1,False,False,False,False,False,False,True,True,107.59999999999854,109.80698097395766,54516.50727079074,True,False,89.09272920926014
2025-09-29 13:30:00+05:30,54608.2,54665.2,54582.0,54605.6,1.0,1,False,False,False,False,False,False,True,True,83.19999999999709,107.1462828765616,54521.38922620198,True,False,84.21077379801864
2025-09-29 13:45:00+05:30,54607.6,54656.4,54600.2,54647.0,-1.0,-1,False,False,False,False,False,False,True,True,56.200000000004366,102.05165458890588,54530.93562117874,True,False,116.06437882126193
2025-09-29 14:00:00+05:30,54651.0,54730.0,54651.0,54672.6,-3.0,-1,False,False,False,True,False,False,True,True,83.0,100.14648913001528,54543.42725555165,True,False,129.17274444834766
2025-09-29 14:15:00+05:30,54681.4,54709.2,54628.2,54669.8,-1.0,-1,False,False,False,False,False,False,True,True,81.0,98.23184021701375,54555.95066897546,True,False,113.84933102453942
2025-09-29 14:30:00+05:30,54661.2,54688.0,54546.2,54550.0,-1.0,-1,False,False,False,False,False,True,False,True,141.8000000000029,102.58865619531267,54557.56155081788,True,False,-7.561550817881653
2025-09-29 14:45:00+05:30,54557.8,54580.2,54498.0,54538.0,-1.0,-1,False,False,False,False,False,False,False,True,82.19999999999709,100.5497905757811,54557.821760235005,True,False,-19.82176023500506
2025-09-29 15:00:00+05:30,54538.0,54585.2,54463.8,54560.0,-1.0,-1,False,False,False,False,False,True,False,True,121.39999999999418,102.63481151820243,54559.741066055,True,False,0.25893394499871647
2025-09-29 15:15:00+05:30,54557.0,54631.0,54523.8,54610.0,1.0,1,False,False,False,False,False,True,False,True,107.19999999999709,103.09133036638191,54565.822615958125,True,False,44.177384041875484
2025-09-30 09:15:00+05:30,54700.0,54825.0,54630.4,54698.8,-1.0,-1,False,False,False,False,True,True,True,True,215.0,114.28219732974371,54579.53658588089,True,False,119.26341411911562
2025-09-30 09:30:00+05:30,54696.2,54725.2,54618.0,54699.8,-1.0,-1,False,False,False,False,False,False,False,True,107.19999999999709,113.57397759676905,54592.8093010141,True,False,106.99069898590096
2025-09-30 09:45:00+05:30,54685.4,54719.8,54650.2,54662.8,-1.0,-1,False,False,False,False,False,False,False,True,69.60000000000582,109.17657983709273,54602.049367186715,True,False,60.750632813287666
2025-09-30 10:00:00+05:30,54675.4,54718.8,54577.0,54593.2,1.0,1,False,False,False,False,False,True,False,False,141.8000000000029,112.43892185338375,54604.21107521581,True,False,-11.011075215814344
2025-09-30 10:15:00+05:30,54599.0,54676.8,54548.8,54571.6,1.0,1,False,False,False,False,False,True,False,False,128.0,113.99502966804536,54603.66090707964,False,True,-32.060907079641765
2025-09-30 10:30:00+05:30,54576.8,54591.0,54520.2,54565.8,1.0,1,False,False,False,False,False,False,False,False,70.80000000000291,109.67552670124113,54601.933426617965,False,True,-36.13342661796196
2025-09-30 10:45:00+05:30,54567.0,54659.4,54540.2,54639.8,1.0,1,False,False,False,False,False,True,False,False,119.20000000000437,110.62797403111745,54606.39922206863,True,False,33.40077793137607
2025-09-30 11:00:00+05:30,54630.4,54700.0,54630.4,54673.0,-1.0,-1,False,False,False,False,False,False,False,False,69.59999999999854,106.52517662800555,54613.450371555846,True,False,59.54962844415422
2025-09-30 11:15:00+05:30,54674.0,54700.0,54564.8,54612.4,1.0,1,False,False,False,False,False,True,False,False,135.1999999999971,109.39265896520469,54614.59598558543,True,False,-2.1959855854292982
2025-09-30 11:30:00+05:30,54627.6,54700.0,54604.4,54635.4,1.0,1,False,False,False,False,False,False,False,False,95.59999999999854,108.01339306868408,54617.446292423694,True,False,17.95370757630735
2025-09-30 11:45:00+05:30,54649.6,54675.8,54601.0,54624.6,1.0,1,False,False,False,False,False,False,False,False,74.80000000000291,104.69205376181597,54618.99025258937,True,False,5.609747410628188
2025-09-30 12:00:00+05:30,54628.0,54699.0,54607.2,54678.4,-1.0,-1,False,False,False,False,False,False,False,False,91.80000000000291,103.40284838563466,54625.125418770185,True,False,53.27458122981625
2025-09-30 12:15:00+05:30,54674.0,54750.0,54674.0,54730.6,1.0,1,False,False,False,False,False,False,True,False,76.0,100.66256354707119,54635.71216552165,True,False,94.88783447835158
2025-09-30 12:30:00+05:30,54739.6,54765.0,54698.2,54716.8,1.0,1,False,False,False,False,False,False,False,False,66.80000000000291,97.27630719236436,54644.694361640046,True,False,72.10563835995708
2025-09-30 12:45:00+05:30,54720.0,54728.2,54688.4,54699.4,1.0,1,False,False,False,False,False,False,False,False,39.799999999995634,91.52867647312749,54651.649598507676,True,False,47.75040149232518
2025-09-30 13:00:00+05:30,54692.0,54759.2,54681.2,54721.0,-1.0,-1,False,False,False,False,False,False,False,False,78.0,90.17580882581474,54660.04969663587,True,False,60.95030336413038
2025-09-30 13:15:00+05:30,54740.0,54749.8,54649.6,54670.8,1.0,1,False,False,False,False,False,True,False,False,100.20000000000437,91.17822794323371,54663.331513769015,True,False,7.468486230987764
2025-09-30 13:30:00+05:30,54667.0,54683.4,54623.0,54653.4,-1.0,-1,False,False,False,False,False,False,False,False,60.400000000001455,88.10040514891048,54664.45281489714,True,False,-11.05281489713525
2025-09-30 13:45:00+05:30,54648.4,54698.8,54628.0,54656.4,1.0,1,False,False,False,False,False,False,False,False,70.80000000000291,86.37036463401972,54665.31174293289,True,False,-8.911742932890775
2025-09-30 14:00:00+05:30,54657.0,54675.0,54558.8,54610.0,-1.0,-1,False,False,False,False,False,True,False,False,116.19999999999709,89.35332817061746,54661.5011463106,False,True,-51.501146310598415
2025-09-30 14:15:00+05:30,54600.0,54625.0,54538.2,54605.4,3.0,1,False,False,False,False,False,False,False,False,86.80000000000291,89.097995353556,54656.92139257318,False,True,-51.52139257318049
2025-09-30 14:30:00+05:30,54602.0,54730.8,54583.4,54696.2,1.0,1,False,False,False,False,False,True,False,False,147.40000000000146,94.92819581820055,54660.369643347396,True,False,35.83035665260104
2025-09-30 14:45:00+05:30,54706.0,54737.0,54600.4,54683.8,3.0,1,False,False,False,False,False,True,False,False,136.59999999999854,99.09537623638035,54662.56835411728,True,False,21.231645882726298
2025-09-30 15:00:00+05:30,54683.8,54683.8,54601.0,54641.0,1.0,1,False,False,False,False,False,False,False,False,82.80000000000291,97.4658386127426,54660.77433510278,False,True,-19.77433510278206
2025-09-30 15:15:00+05:30,54641.0,54650.0,54630.0,54634.0,3.0,1,False,False,False,False,False,False,False,False,20.0,89.71925475146834,54658.27524670516,False,True,-24.275246705161408
2025-10-01 09:15:00+05:30,55099.8,55099.8,54940.0,55074.8,1.0,1,True,False,False,False,True,True,True,False,465.8000000000029,127.3273292763218,54695.73869393742,True,False,379.06130606258375
2025-10-01 09:30:00+05:30,55074.8,55200.0,55063.4,55182.4,3.0,1,False,False,False,False,True,True,True,False,136.59999999999854,128.2545963486895,54742.703225609555,True,False,439.6967743904461
2025-10-01 09:45:00+05:30,55167.2,55234.8,55158.6,55175.2,3.0,1,False,False,False,False,False,False,True,True,76.20000000000437,123.04913671382099,54788.126936026376,True,False,387.0730639736212
2025-10-01 10:00:00+05:30,55180.0,55245.0,55042.2,55230.2,3.0,1,False,False,False,False,True,True,True,True,202.8000000000029,131.0242230424392,54836.98478008753,True,False,393.21521991246846
2025-10-01 10:15:00+05:30,55230.2,55250.0,55161.2,55195.8,1.0,1,False,False,True,False,False,False,False,True,88.80000000000291,126.80180073819557,54880.54654407902,True,False,315.25345592098165
2025-10-01 10:30:00+05:30,55191.0,55310.8,55178.0,55265.4,3.0,1,False,False,False,False,True,True,True,True,132.8000000000029,127.40162066437631,54927.70527905415,True,False,337.69472094585217
2025-10-01 10:45:00+05:30,55266.4,55287.8,55222.0,55282.0,3.0,1,False,False,False,False,False,False,True,True,65.80000000000291,121.24145859793899,54973.21693852194,True,False,308.7830614780614
2025-10-01 11:00:00+05:30,55279.0,55363.0,55276.8,55360.0,3.0,1,False,False,False,False,False,False,True,True,86.19999999999709,117.73731273814481,55022.28258369313,True,False,337.7174163068703
2025-10-01 11:15:00+05:30,55350.0,55439.6,55350.0,55416.4,3.0,1,False,False,False,False,False,False,True,True,89.59999999999854,114.92358146433018,55072.648386364606,True,False,343.7516136353952
2025-10-01 11:30:00+05:30,55435.6,55527.4,55432.8,55527.4,5.0,1,False,False,False,False,False,False,True,True,111.0,114.53122331789716,55129.009935324604,True,False,398.3900646753973
2025-10-01 11:45:00+05:30,55527.0,55649.0,55508.8,55635.0,5.0,1,True,False,False,False,True,True,True,True,140.1999999999971,117.09810098610714,55190.81646031677,True,False,444.1835396832321
2025-10-01 12:00:00+05:30,55628.4,55636.0,55570.0,55574.0,3.0,1,False,False,False,False,False,False,False,True,66.0,111.98829088749642,55242.51006006078,True,False,331.4899399392234
2025-10-01 12:15:00+05:30,55574.0,55598.0,55480.0,55513.0,3.0,1,False,False,False,False,False,True,False,True,118.0,112.58946179874678,55283.909768365476,True,False,229.09023163452366
2025-10-01 12:30:00+05:30,55519.0,55583.0,55490.0,55530.0,5.0,1,False,False,False,False,False,False,False,True,93.0,110.6305156188721,55322.11071042208,True,False,207.88928957792086
2025-10-01 12:45:00+05:30,55530.0,55543.4,55460.0,55478.4,5.0,1,False,False,True,False,False,False,False,True,83.40000000000146,107.90746405698503,55351.05113516888,True,False,127.34886483112496
2025-10-01 13:00:00+05:30,55481.0,55540.0,55470.0,55536.4,3.0,1,False,False,False,False,False,False,False,True,70.0,104.11671765128654,55380.93613803985,True,False,155.46386196015374
2025-10-01 13:15:00+05:30,55546.2,55620.0,55508.8,55619.8,3.0,1,False,False,False,False,True,True,True,True,111.19999999999709,104.8250458861576,55414.3958512045,True,False,205.40414879550372
2025-10-01 13:30:00+05:30,55618.0,55648.8,55580.0,55623.0,5.0,1,False,False,False,False,False,False,False,True,68.80000000000291,101.22254129754212,55444.42840709396,True,False,178.57159290603886
2025-10-01 13:45:00+05:30,55617.0,55634.6,55565.2,55595.4,5.0,1,False,False,False,False,False,False,False,True,69.40000000000146,98.04028716778805,55468.477004747896,True,False,126.92299525210547
2025-10-01 14:00:00+05:30,55597.0,55679.8,55583.6,55639.2,3.0,1,False,False,False,False,False,False,False,True,96.20000000000437,97.85625845100968,55493.2853465449,True,False,145.9146534550964
2025-10-01 14:15:00+05:30,55640.2,55675.0,55600.0,55634.0,1.0,1,False,False,False,False,False,False,False,True,75.0,95.57063260590871,55514.67715140491,True,False,119.32284859508945
2025-10-01 14:30:00+05:30,55638.0,55670.4,55610.2,55655.4,5.0,1,False,False,False,False,False,False,False,True,60.200000000004366,92.03356934531828,55535.30453026856,True,False,120.09546973144461
2025-10-01 14:45:00+05:30,55650.0,55660.8,55587.2,55635.0,5.0,1,False,False,False,False,False,False,False,True,73.60000000000582,90.19021241078704,55551.60376322078,True,False,83.39623677921918
2025-10-01 15:00:00+05:30,55618.2,55670.4,55603.6,55625.0,3.0,1,False,False,False,False,False,False,False,True,66.80000000000291,87.85119116970863,55564.73843935309,True,False,60.261560646911676
2025-10-01 15:15:00+05:30,55621.2,55709.0,55620.0,55680.0,1.0,1,False,False,False,False,False,True,False,True,89.0,87.96607205273776,55580.837720752046,True,False,99.16227924795385
2025-10-01 15:30:00+05:30,55662.0,55662.0,55662.0,55662.0,5.0,1,False,False,False,False,False,False,False,True,18.0,80.96946484746398,55593.47817623959,True,False,68.5218237604131
2025-10-03 09:15:00+05:30,55620.6,55741.0,55590.0,55686.0,5.0,1,False,False,False,False,False,True,False,True,151.0,87.97251836271758,55606.62793563867,True,False,79.37206436132692
2025-10-03 09:30:00+05:30,55681.0,55709.0,55631.4,55688.4,3.0,1,False,False,False,False,False,False,False,True,77.59999999999854,86.93526652644567,55618.47611508685,True,False,69.92388491315069
2025-10-03 09:45:00+05:30,55688.2,55819.8,55648.0,55810.2,1.0,1,True,False,False,False,True,True,True,True,171.8000000000029,95.4217398738014,55639.970043380104,True,False,170.22995661989262
2025-10-03 10:00:00+05:30,55810.2,55850.0,55741.0,55781.0,3.0,1,False,False,False,False,False,True,False,True,109.0,96.77956588642125,55657.44707480686,True,False,123.55292519313662
2025-10-03 10:15:00+05:30,55786.6,55788.6,55711.2,55750.0,3.0,1,False,False,False,False,False,False,False,True,77.40000000000146,94.84160929777927,55670.70695214911,True,False,79.29304785089334
2025-10-03 10:30:00+05:30,55742.8,55785.0,55671.0,55690.0,3.0,1,False,False,False,False,False,True,False,True,114.0,96.75744836800135,55677.13397757831,True,False,12.866022421687376
2025-10-03 10:45:00+05:30,55689.0,55755.0,55657.0,55705.0,3.0,1,False,False,True,False,False,True,False,True,98.0,96.88170353120123,55683.61881420869,True,False,21.38118579130969
2025-10-03 11:00:00+05:30,55713.2,55765.0,55683.0,55765.0,3.0,1,False,False,False,False,False,False,False,True,82.0,95.3935331780811,55694.375745210855,True,False,70.6242547891452
2025-10-03 11:15:00+05:30,55763.4,55800.0,55731.2,55731.2,3.0,1,False,False,False,False,False,False,False,True,68.80000000000291,92.73417986027327,55700.9893513152,True,False,30.210648684798798
2025-10-03 11:30:00+05:30,55735.0,55788.6,55735.0,55742.0,3.0,1,False,False,False,False,False,False,False,True,57.400000000001455,89.20076187424608,55707.5799043245,True,False,34.420095675501216
2025-10-03 11:45:00+05:30,55738.6,55785.0,55731.8,55780.0,3.0,1,False,False,False,False,False,False,False,True,53.19999999999709,85.60068568682118,55716.710210062934,True,False,63.28978993706551
2025-10-03 12:00:00+05:30,55780.6,55849.0,55765.6,55808.0,3.0,1,False,False,False,False,False,False,False,True,83.40000000000146,85.38061711813921,55727.53690511793,True,False,80.46309488207044
2025-10-03 12:15:00+05:30,55824.0,55829.4,55770.0,55812.4,3.0,1,False,False,False,False,False,False,False,True,59.400000000001455,82.78255540632543,55737.93716076016,True,False,74.46283923984447
2025-10-03 12:30:00+05:30,55812.2,55822.4,55760.0,55820.0,1.0,1,False,False,False,False,False,False,False,True,62.400000000001455,80.74429986569302,55748.19705017613,True,False,71.8029498238684
2025-10-03 12:45:00+05:30,55805.8,55833.6,55789.4,55789.4,3.0,1,False,False,False,False,False,False,False,True,44.19999999999709,77.08986987912343,55754.84520311229,True,False,34.554796887714474
2025-10-03 13:00:00+05:30,55811.4,55840.0,55775.2,55826.8,3.0,1,False,False,False,False,False,False,False,True,64.80000000000291,75.86088289121138,55764.06295822967,True,False,62.737041770335054
2025-10-03 13:15:00+05:30,55834.4,55834.6,55785.0,55796.8,1.0,1,False,False,False,False,False,False,False,True,49.599999999998545,73.23479460209009,55769.75922360507,True,False,27.040776394933346
2025-10-03 13:30:00+05:30,55795.0,55805.6,55760.0,55803.2,1.0,1,False,False,False,False,False,False,False,True,45.599999999998545,70.47131514188094,55775.258493888454,True,False,27.941506111543276
2025-10-03 13:45:00+05:30,55810.0,55819.0,55780.0,55790.8,3.0,1,False,False,False,False,False,False,False,True,39.0,67.32418362769285,55778.90650210041,True,False,11.89349789958942
2025-10-03 14:00:00+05:30,55800.0,55820.0,55780.0,55792.6,3.0,1,False,False,False,False,False,False,False,True,40.0,64.59176526492357,55782.053037386075,True,False,10.546962613923824
2025-10-03 14:15:00+05:30,55792.6,55810.0,55780.0,55808.8,1.0,1,False,False,False,False,False,False,False,True,30.0,61.13258873843121,55786.0787873988,True,False,22.72121260120184
2025-10-03 14:30:00+05:30,55810.0,55875.0,55791.2,55874.6,1.0,1,True,False,False,False,True,True,True,True,83.80000000000291,63.39932986458838,55795.54541217238,True,False,79.05458782761707
2025-10-03 14:45:00+05:30,55875.0,55890.0,55838.8,55879.0,1.0,1,False,False,False,False,False,False,True,True,51.19999999999709,62.17939687812925,55804.892350978356,True,False,74.10764902164374
2025-10-03 15:00:00+05:30,55881.2,55881.8,55841.8,55850.6,5.0,1,False,False,False,False,False,False,False,True,40.0,59.96145719031633,55811.103335501044,True,False,39.49666449895449
2025-10-03 15:15:00+05:30,55855.2,55860.0,55824.8,55856.8,3.0,1,False,False,False,False,False,False,False,True,35.19999999999709,57.48531147128441,55817.29441642766,True,False,39.505583572339674
2025-10-03 15:30:00+05:30,55856.0,55856.0,55856.0,55856.0,3.0,1,False,False,True,False,False,False,False,True,0.8000000000029104,51.81678032415626,55822.832392677374,True,False,33.16760732262628
2025-10-06 09:15:00+05:30,55951.2,56133.4,55916.2,56033.4,1.0,1,False,False,False,False,True,True,True,True,277.40000000000146,74.37510229174077,55843.879973252166,True,False,189.5200267478358
2025-10-06 09:30:00+05:30,56030.8,56113.4,55966.2,56113.0,5.0,1,False,False,False,False,True,True,True,True,147.20000000000437,81.65759206256713,55871.45952816316,True,False,241.54047183683724
2025-10-06 09:45:00+05:30,56113.0,56174.0,56085.6,56140.4,3.0,1,True,False,False,False,True,True,True,True,88.40000000000146,82.33183285631057,55900.56154935475,True,False,239.8384506452494
2025-10-06 10:00:00+05:30,56140.8,56170.4,56106.6,56170.0,3.0,1,False,False,False,False,False,False,True,True,63.80000000000291,80.4786495706798,55931.0627686705,True,False,238.93723132950254
2025-10-06 10:15:00+05:30,56175.0,56200.0,56152.6,56159.0,1.0,1,False,False,False,False,False,False,True,True,47.400000000001455,77.17078461361197,55958.964282325294,True,False,200.03571767470567
2025-10-06 10:30:00+05:30,56151.0,56200.0,56135.2,56189.8,5.0,1,False,False,False,False,False,False,True,True,64.80000000000291,75.93370615225106,55987.7842614694,True,False,202.01573853060108
2025-10-06 10:45:00+05:30,56189.8,56241.0,56166.0,56228.0,3.0,1,False,False,True,False,False,False,True,True,75.0,75.84033553702595,56017.976841218675,True,False,210.02315878132504
2025-10-06 11:00:00+05:30,56228.6,56243.8,56186.6,56236.4,3.0,1,False,False,False,False,False,False,True,True,57.200000000004366,73.9763019833238,56046.64866281799,True,False,189.7513371820096
2025-10-06 11:15:00+05:30,56230.4,56250.0,56192.2,56231.6,3.0,1,False,False,False,False,False,False,False,True,57.80000000000291,72.3586717849917,56072.45495600187,True,False,159.14504399812722
2025-10-06 11:30:00+05:30,56251.0,56253.2,56205.2,56231.8,5.0,1,False,False,False,False,False,False,False,True,48.0,69.92280460649252,56095.77406569101,True,False,136.02593430899287
2025-10-06 11:45:00+05:30,56225.2,56226.4,56190.0,56218.0,5.0,1,False,False,False,False,False,False,False,True,41.80000000000291,67.11052414584356,56115.33537066767,True,False,102.66462933232833
2025-10-06 12:00:00+05:30,56207.0,56282.2,56205.8,56282.2,3.0,1,True,False,False,False,True,True,True,True,76.39999999999418,68.03947173125862,56138.28125936798,True,False,143.91874063201976
2025-10-06 12:15:00+05:30,56285.0,56299.0,56262.4,56271.2,3.0,1,False,False,False,False,False,False,False,True,36.599999999998545,64.8955245581326,56157.878930232684,True,False,113.32106976731302
2025-10-06 12:30:00+05:30,56274.4,56295.0,56270.2,56295.0,5.0,1,False,False,False,False,False,False,False,True,24.80000000000291,60.885972102319634,56177.37177096419,True,False,117.62822903580673
2025-10-06 12:45:00+05:30,56290.4,56335.8,56289.8,56327.6,5.0,1,False,False,False,False,False,False,True,True,46.0,59.39737489208767,56197.6682865484,True,False,129.931713451595
2025-10-06 13:00:00+05:30,56324.0,56362.6,56314.4,56350.8,1.0,1,False,False,True,False,False,False,True,True,48.19999999999709,58.27763740287861,56218.01065187331,True,False,132.78934812669468
2025-10-06 13:15:00+05:30,56356.0,56363.0,56305.8,56350.0,3.0,1,False,False,False,False,False,False,False,True,57.19999999999709,58.169873662590454,56236.29633607508,True,False,113.70366392491997
2025-10-06 13:30:00+05:30,56349.0,56375.8,56330.4,56330.4,3.0,1,False,False,False,False,False,False,False,True,45.400000000001455,56.892886296331554,56250.89433158485,True,False,79.50566841514956
2025-10-06 13:45:00+05:30,56327.0,56327.0,56252.4,56290.0,3.0,1,False,False,False,False,False,True,False,True,78.0,59.0035976666984,56260.021100167265,True,False,29.978899832734896
2025-10-06 14:00:00+05:30,56295.4,56315.0,56261.8,56277.6,1.0,1,False,False,False,False,False,False,False,True,53.19999999999709,58.42323790002827,56266.372205122265,True,False,11.227794877733686
2025-10-06 14:15:00+05:30,56271.0,56318.0,56270.0,56275.0,3.0,1,False,False,False,False,False,False,False,True,48.0,57.380914110025444,56271.0377959788,True,False,3.9622040211979765
2025-10-06 14:30:00+05:30,56270.0,56321.4,56270.0,56287.8,3.0,1,False,False,False,False,False,False,False,True,51.400000000001455,56.78282269902304,56275.62713791626,True,False,12.172862083745713
2025-10-06 14:45:00+05:30,56290.0,56331.4,56266.0,56317.6,3.0,1,False,False,False,False,False,True,False,True,65.40000000000146,57.64454042912089,56281.88123451756,True,False,35.71876548243745
2025-10-06 15:00:00+05:30,56325.0,56329.0,56302.4,56310.2,1.0,1,False,False,False,False,False,False,False,True,26.599999999998545,54.54008638620866,56286.58495536235,True,False,23.61504463764868
2025-10-06 15:15:00+05:30,56301.0,56310.2,56277.2,56293.0,3.0,1,False,False,False,False,False,False,False,True,33.0,52.3860777475878,56288.97679288904,True,False,4.023207110956719
2025-10-06 15:30:00+05:30,56300.0,56300.0,56300.0,56300.0,3.0,1,False,False,False,False,False,False,False,True,7.0,47.84746997282902,56291.37949621839,True,False,8.62050378161075
2025-10-07 09:15:00+05:30,56300.0,56375.0,56230.0,56365.8,3.0,1,False,False,False,False,False,True,False,True,145.0,57.562722975546116,56299.24360497361,True,False,66.55639502638951
2025-10-07 09:30:00+05:30,56381.8,56490.6,56352.2,56474.8,3.0,1,True,False,False,False,True,True,True,True,138.40000000000146,65.64645067799165,56316.53724563186,True,False,158.26275436814467
2025-10-07 09:45:00+05:30,56475.0,56548.4,56473.6,56518.0,3.0,1,False,False,False,False,True,True,True,True,74.80000000000291,66.56180561019278,56337.2091088154,True,False,180.79089118460251
2025-10-07 10:00:00+05:30,56515.2,56550.0,56496.2,56499.8,1.0,1,False,False,False,False,False,False,True,True,53.80000000000291,65.28562504917379,56355.496169105136,True,False,144.30383089486713
2025-10-07 10:15:00+05:30,56500.0,56533.4,56471.8,56502.8,1.0,1,False,False,False,False,False,False,False,True,61.599999999998545,64.91706254425625,56373.1185038805,True,False,129.68149611950503
2025-10-07 10:30:00+05:30,56502.8,56551.8,56480.0,56525.4,1.0,1,False,False,True,False,False,True,False,True,71.80000000000291,65.60535628983092,56391.68704621502,True,False,133.71295378498326
2025-10-07 10:45:00+05:30,56530.0,56530.2,56492.2,56492.2,1.0,1,False,False,False,False,False,False,False,True,38.0,62.84482066084784,56405.99334804149,True,False,86.20665195850597
2025-10-07 11:00:00+05:30,56492.4,56519.0,56478.2,56479.4,-1.0,-1,False,False,False,False,False,False,False,True,40.80000000000291,60.64033859476334,56417.78732861364,True,False,61.61267138636322
2025-10-07 11:15:00+05:30,56479.4,56511.8,56371.6,56450.0,1.0,1,False,False,False,False,False,True,False,True,140.20000000000437,68.59630473528745,56425.54116596589,True,False,24.458834034106985
2025-10-07 11:30:00+05:30,56449.8,56450.2,56391.0,56450.2,3.0,1,False,False,False,False,False,False,False,True,59.19999999999709,67.65667426175841,56431.98737932107,True,False,18.212620678925305
2025-10-07 11:45:00+05:30,56450.2,56472.8,56440.0,56467.8,3.0,1,False,False,False,False,False,False,False,True,32.80000000000291,64.17100683558286,56438.80743728552,True,False,28.992562714483938
2025-10-07 12:00:00+05:30,56461.2,56600.0,56460.2,56571.8,1.0,1,True,False,False,False,True,True,True,True,139.8000000000029,71.73390615202486,56453.950898000134,True,False,117.84910199986916
2025-10-07 12:15:00+05:30,56570.0,56595.0,56544.6,56590.0,3.0,1,False,False,False,False,False,False,True,True,50.400000000001455,69.60051553682251,56469.68335016534,True,False,120.3166498346618
2025-10-07 12:30:00+05:30,56589.6,56599.2,56550.8,56572.0,3.0,1,False,False,False,False,False,False,False,True,48.39999999999418,67.48046398313969,56482.691509116456,True,False,89.30849088354444
2025-10-07 12:45:00+05:30,56577.0,56579.6,56538.0,56565.2,3.0,1,False,False,False,False,False,False,False,True,41.599999999998545,64.89241758482557,56493.97053847299,True,False,71.22946152700752
2025-10-07 13:00:00+05:30,56572.0,56607.6,56565.0,56588.4,1.0,1,False,False,True,False,False,False,False,True,42.599999999998545,62.663175826342865,56506.24988015407,True,False,82.15011984593002
2025-10-07 13:15:00+05:30,56588.4,56620.0,56587.0,56613.0,3.0,1,False,False,False,False,False,False,True,True,33.0,59.69685824370858,56519.666982763054,True,False,93.33301723694603
2025-10-07 13:30:00+05:30,56612.0,56650.0,56555.0,56649.8,1.0,1,False,False,False,False,True,True,True,True,95.0,63.22717241933773,56535.3181984883,True,False,114.48180151170527
2025-10-07 13:45:00+05:30,56656.0,56682.0,56614.6,56626.8,1.0,1,False,False,False,False,False,True,False,True,67.40000000000146,63.6444551774041,56547.743686973095,True,False,79.05631302690745
2025-10-07 14:00:00+05:30,56637.0,56651.8,56600.0,56619.4,-1.0,-1,False,False,False,False,False,False,False,True,51.80000000000291,62.46000965966398,56558.32851566155,True,False,61.0714843384485
2025-10-07 14:15:00+05:30,56619.4,56640.0,56566.2,56566.2,1.0,1,False,False,False,False,False,True,False,True,73.80000000000291,63.59400869369788,56562.932655023644,True,False,3.2673449763533426
2025-10-07 14:30:00+05:30,56566.2,56598.8,56510.0,56534.0,-1.0,-1,False,False,False,False,False,True,False,True,88.80000000000291,66.11460782432837,56563.53548082176,True,False,-29.535480821759847
2025-10-07 14:45:00+05:30,56534.0,56579.8,56532.0,56533.0,-1.0,-1,False,False,False,False,False,False,False,True,47.80000000000291,64.28314704189583,56563.117392225395,False,True,-30.117392225394724
2025-10-07 15:00:00+05:30,56533.0,56537.0,56453.6,56458.8,-1.0,-1,False,True,False,False,True,True,True,True,83.40000000000146,66.1948323377064,56555.22435691586,False,True,-96.42435691585706
2025-10-07 15:15:00+05:30,56454.4,56472.6,56425.0,56472.6,1.0,1,False,False,False,False,False,False,True,True,47.599999999998545,64.33534910393561,56548.06964363267,False,True,-75.46964363267034
2025-10-07 15:30:00+05:30,56470.0,56470.0,56470.0,56470.0,-1.0,-1,False,False,False,False,False,False,False,True,2.599999999998545,58.16181419354191,56540.43075658395,False,True,-70.4307565839481
2025-10-08 09:15:00+05:30,56460.2,56514.6,56362.2,56476.2,-1.0,-1,False,False,False,False,False,True,False,True,152.40000000000146,67.58563277418787,56533.337961092955,False,True,-57.137961092957994
2025-10-08 09:30:00+05:30,56467.4,56499.0,56408.2,56435.2,-1.0,-1,False,False,False,True,False,True,False,True,90.80000000000291,69.90706949676937,56522.7089780369,False,True,-87.50897803690168
2025-10-08 09:45:00+05:30,56431.0,56437.6,56280.0,56360.0,-1.0,-1,False,False,False,False,True,True,True,True,157.59999999999854,78.67636254709228,56505.62703442014,False,True,-145.62703442014026
2025-10-08 10:00:00+05:30,56360.0,56380.0,56310.0,56319.0,-3.0,-1,False,False,False,False,False,False,True,True,70.0,77.80872629238306,56485.41806212139,False,True,-166.41806212138908
2025-10-08 10:15:00+05:30,56319.6,56346.0,56281.0,56310.0,-3.0,-1,False,False,False,False,False,False,True,True,65.0,76.52785366314475,56465.24503807114,False,True,-155.24503807113797
2025-10-08 10:30:00+05:30,56305.2,56326.2,56282.4,56308.6,-3.0,-1,False,False,False,False,False,False,True,True,43.799999999995634,73.25506829682983,56446.04264313993,False,True,-137.44264313993335
2025-10-08 10:45:00+05:30,56296.6,56304.6,56218.6,56240.8,-3.0,-1,False,True,False,False,True,True,True,True,90.0,74.92956146714684,56421.98761832283,False,True,-181.18761832283053
2025-10-08 11:00:00+05:30,56241.6,56249.4,56081.0,56085.0,-5.0,-1,False,False,False,False,True,True,True,True,168.40000000000146,84.27660532043231,56385.28944054561,False,True,-300.28944054561
2025-10-08 11:15:00+05:30,56081.0,56152.2,56043.0,56130.0,-3.0,-1,False,False,False,False,True,True,True,True,109.19999999999709,86.76894478838878,56354.44128059415,False,True,-224.44128059414652
2025-10-08 11:30:00+05:30,56125.0,56158.4,56090.2,56107.4,-5.0,-1,False,False,False,False,False,False,True,True,68.20000000000437,84.91205030955034,56323.613653023865,False,True,-216.21365302386403
2025-10-08 11:45:00+05:30,56107.4,56196.6,56098.0,56157.2,-3.0,-1,False,False,False,True,False,True,False,True,98.59999999999854,86.28084527859515,56299.582074694845,False,True,-142.3820746948477
2025-10-08 12:00:00+05:30,56169.8,56180.6,56102.0,56147.8,-3.0,-1,False,False,False,False,False,False,False,True,78.59999999999854,85.5127607507355,56277.09577656786,False,True,-129.2957765678584
2025-10-08 12:15:00+05:30,56168.2,56168.2,56082.0,56119.4,-1.0,-1,False,False,False,False,False,True,False,True,86.19999999999709,85.58148467566166,56254.44772565746,False,True,-135.04772565745952
2025-10-08 12:30:00+05:30,56110.2,56170.0,56100.0,56170.0,-3.0,-1,False,False,False,False,False,False,False,True,70.0,84.02333620809549,56238.77804084836,False,True,-68.77804084835952
2025-10-08 12:45:00+05:30,56170.0,56320.0,56170.0,56320.0,-1.0,-1,False,False,False,False,True,True,True,True,150.0,90.62100258728594,56239.00482438046,True,False,80.9951756195369
2025-10-08 13:00:00+05:30,56330.0,56380.0,56270.0,56344.4,-1.0,-1,False,False,False,False,True,True,True,True,110.0,92.55890232855735,56243.45999330126,True,False,100.94000669874367
2025-10-08 13:15:00+05:30,56346.6,56370.0,56292.2,56325.2,-1.0,-1,False,False,False,False,False,False,False,True,77.80000000000291,91.0830120957019,56247.762514752634,True,False,77.43748524736293
2025-10-08 13:30:00+05:30,56320.6,56435.0,56305.2,56404.6,-3.0,-1,False,False,False,False,True,True,True,True,129.8000000000029,94.954710886132,56260.42104363454,True,False,144.17895636546018
2025-10-08 13:45:00+05:30,56414.6,56440.2,56376.4,56425.0,-1.0,-1,False,False,False,False,False,False,True,True,63.799999999995634,91.83923979751837,56275.63513788041,True,False,149.36486211958982
2025-10-08 14:00:00+05:30,56425.0,56439.8,56285.0,56319.8,-1.0,-1,False,False,False,False,False,True,False,True,154.8000000000029,98.13531581776684,56281.53809792945,True,False,38.26190207055333
2025-10-08 14:15:00+05:30,56320.0,56325.0,56257.6,56282.0,-1.0,-1,False,False,False,False,False,False,False,True,67.40000000000146,95.0617842359903,56283.882622649624,True,False,-1.8826226496239542
2025-10-08 14:30:00+05:30,56279.6,56310.0,56250.0,56276.0,-3.0,-1,False,False,False,False,False,False,False,True,60.0,91.55560581239128,56285.36374418111,True,False,-9.363744181107904
2025-10-08 14:45:00+05:30,56280.0,56302.0,56240.2,56280.0,1.0,1,False,False,False,False,False,False,False,True,61.80000000000291,88.58004523115244,56286.79739046768,True,False,-6.7973904676764505
2025-10-08 15:00:00+05:30,56275.2,56281.2,56200.0,56205.0,-1.0,-1,False,False,False,False,False,False,True,True,81.19999999999709,87.8420407080369,56280.989003489485,False,True,-75.98900348948519
2025-10-08 15:15:00+05:30,56203.4,56230.0,56190.0,56207.0,-1.0,-1,False,False,False,False,False,False,False,True,40.0,83.05783663723321,56274.98387348476,False,True,-67.98387348475808
2025-10-09 09:15:00+05:30,56205.0,56330.4,56138.0,56300.2,-3.0,-1,False,False,False,False,False,True,False,True,192.40000000000146,93.99205297351003,56277.19609440102,True,False,23.003905598976417
2025-10-09 09:30:00+05:30,56300.8,56325.0,56187.6,56187.6,1.0,1,False,False,False,False,False,True,False,True,137.40000000000146,98.33284767615916,56269.05632311619,False,True,-81.45632311618829
2025-10-09 09:45:00+05:30,56190.0,56220.0,56140.0,56166.6,1.0,1,False,False,False,False,False,False,True,True,80.0,96.49956290854325,56258.97377163462,False,True,-92.37377163462224
2025-10-09 10:00:00+05:30,56165.4,56181.6,56106.0,56168.0,-1.0,-1,False,False,False,False,False,False,False,True,75.59999999999854,94.40960661768878,56249.16824979953,False,True,-81.16824979952798
2025-10-09 10:15:00+05:30,56160.2,56239.4,56157.8,56202.0,-1.0,-1,False,False,False,False,False,False,False,True,81.59999999999854,93.12864595591975,56242.77760107717,False,True,-40.7776010771704
2025-10-09 10:30:00+05:30,56210.0,56299.0,56210.0,56280.0,1.0,1,False,False,False,False,False,True,False,True,97.0,93.51578136032778,56243.91935552895,True,False,36.08064447104698
2025-10-09 10:45:00+05:30,56283.2,56310.0,56221.6,56302.4,1.0,1,False,False,False,False,False,False,False,True,88.40000000000146,93.00420322429514,56247.5690352662,True,False,54.83096473380283
2025-10-09 11:00:00+05:30,56305.0,56409.8,56304.4,56405.2,-1.0,-1,False,False,False,False,True,True,True,True,107.40000000000146,94.44378290186577,56260.93341357825,True,False,144.2665864217488
2025-10-09 11:15:00+05:30,56404.4,56419.0,56374.6,56414.6,-3.0,-1,False,False,False,False,False,False,True,True,44.400000000001455,89.43940461167935,56275.35350643214,True,False,139.24649356785812
2025-10-09 11:30:00+05:30,56410.0,56485.8,56390.2,56450.0,-1.0,-1,False,False,False,False,True,True,True,True,95.60000000000582,90.055464150512,56292.912318251285,True,False,157.0876817487151
2025-10-09 11:45:00+05:30,56448.0,56499.0,56420.0,56429.6,-1.0,-1,False,False,False,False,False,False,False,True,79.0,88.94991773546079,56308.257781336964,True,False,121.34221866303415
2025-10-09 12:00:00+05:30,56430.0,56454.0,56385.0,56395.2,-1.0,-1,False,False,False,False,False,False,False,True,69.0,86.95492596191471,56319.84708102958,True,False,75.35291897042043
2025-10-09 12:15:00+05:30,56405.0,56446.4,56388.0,56388.8,-3.0,-1,False,False,False,False,False,False,False,True,58.400000000001455,84.09943336572339,56330.02724984042,True,False,58.77275015958003
2025-10-09 12:30:00+05:30,56390.4,56400.8,56329.2,56340.0,1.0,1,False,False,False,False,False,False,False,True,71.60000000000582,82.84949002915162,56334.840625355624,True,False,5.15937464437593
2025-10-09 12:45:00+05:30,56341.4,56380.0,56335.2,56338.0,1.0,1,False,False,False,False,False,False,False,True,44.80000000000291,79.04454102623676,56338.50583121378,True,False,-0.5058312137771281
2025-10-09 13:00:00+05:30,56335.2,56358.6,56316.0,56349.8,1.0,1,False,False,False,False,False,False,False,True,42.599999999998545,75.40008692361293,56342.32925406162,True,False,7.470745938386244
2025-10-09 13:15:00+05:30,56350.4,56422.0,56347.4,56422.0,-1.0,-1,False,False,False,False,False,False,False,True,74.59999999999854,75.32007823125149,56351.86914217231,True,False,70.13085782768758
2025-10-09 13:30:00+05:30,56422.0,56448.0,56382.2,56428.2,-1.0,-1,False,False,False,False,False,False,False,True,65.80000000000291,74.36807040812663,56361.186578082205,True,False,67.01342191779258
2025-10-09 13:45:00+05:30,56428.2,56447.0,56401.6,56447.0,1.0,1,False,False,False,False,False,False,False,True,45.400000000001455,71.47126336731411,56371.42855453123,True,False,75.57144546876953
2025-10-09 14:00:00+05:30,56445.4,56495.0,56412.4,56422.6,1.0,1,False,False,False,False,False,True,False,True,82.59999999999854,72.58413703058255,56378.67588919537,True,False,43.92411080462625
2025-10-09 14:15:00+05:30,56428.0,56440.0,56340.2,56360.0,-1.0,-1,False,False,False,False,False,True,False,True,99.80000000000291,75.30572332752459,56379.475510540586,True,False,-19.475510540585674
2025-10-09 14:30:00+05:30,56367.8,56410.2,56360.0,56400.2,1.0,1,False,False,False,False,False,False,False,True,50.19999999999709,72.79515099477183,56383.227522830864,True,False,16.972477169132617
2025-10-09 14:45:00+05:30,56389.8,56411.0,56355.0,56400.2,-1.0,-1,False,False,False,False,False,False,False,True,56.0,71.11563589529464,56386.38611645624,True,False,13.813883543756674
2025-10-09 15:00:00+05:30,56400.2,56447.6,56392.0,56400.0,1.0,1,False,False,False,False,False,False,False,True,55.599999999998545,69.56407230576504,56389.00357163762,True,False,10.996428362377628
2025-10-09 15:15:00+05:30,56388.0,56424.0,56375.0,56398.8,-1.0,-1,False,False,False,False,False,False,False,False,49.0,67.50766507518854,56391.05744012177,True,False,7.742559878235625
2025-10-09 15:30:00+05:30,56397.6,56397.6,56397.6,56397.6,1.0,1,False,False,False,False,False,False,False,False,1.2000000000043656,60.876898567670125,56392.61302338641,True,False,4.986976613588922
2025-10-10 09:15:00+05:30,56397.8,56673.4,56389.4,56645.4,-1.0,-1,False,False,False,False,True,True,True,True,284.0,83.1892087109031,56416.3085691263,True,False,229.09143087370467
2025-10-10 09:30:00+05:30,56649.0,56699.0,56640.0,56696.0,1.0,1,False,False,False,False,False,False,True,True,59.0,80.7702878398128,56444.14637473431,True,False,251.85362526569224
2025-10-10 09:45:00+05:30,56699.0,56770.0,56696.0,56730.0,1.0,1,False,False,False,False,False,False,True,True,74.0,80.09325905583151,56474.295564137894,True,False,255.70443586210604
2025-10-10 10:00:00+05:30,56730.6,56768.0,56720.0,56758.0,3.0,1,False,False,False,False,False,False,True,True,48.0,76.88393315024835,56505.84832557118,True,False,252.15167442881648
2025-10-10 10:15:00+05:30,56759.0,56870.0,56759.0,56844.0,1.0,1,True,False,False,False,True,True,True,True,112.0,80.39553983522352,56543.69729827683,True,False,300.3027017231725
2025-10-10 10:30:00+05:30,56844.0,56899.0,56825.8,56826.0,3.0,1,False,False,False,False,False,False,True,True,73.19999999999709,79.67598585170087,56578.025845997705,True,False,247.9741540022951
2025-10-10 10:45:00+05:30,56830.0,56909.6,56814.0,56895.0,3.0,1,False,False,False,False,True,True,True,True,95.59999999999854,81.26838726653064,56616.362910059164,True,False,278.6370899408357
2025-10-10 11:00:00+05:30,56887.0,56910.0,56845.0,56890.0,1.0,1,False,False,False,False,False,False,True,True,65.0,79.64154853987758,56651.692365386814,True,False,238.30763461318566
2025-10-10 11:15:00+05:30,56890.0,56908.6,56846.4,56868.0,-1.0,-1,False,False,True,False,False,False,False,True,62.19999999999709,77.89739368588953,56682.21683193481,True,False,185.78316806518706
2025-10-10 11:30:00+05:30,56858.8,56890.2,56842.0,56876.0,3.0,1,False,False,False,False,False,False,False,True,48.19999999999709,74.92765431730028,56710.51795833726,True,False,165.4820416627408
2025-10-10 11:45:00+05:30,56874.6,56888.0,56858.0,56860.6,3.0,1,False,False,False,False,False,False,False,True,30.0,70.43488888557025,56734.43965520082,True,False,126.16034479918017
2025-10-10 12:00:00+05:30,56875.2,56891.2,56850.0,56873.0,3.0,1,False,False,False,False,False,False,False,True,41.19999999999709,67.51139999701293,56756.55715760628,True,False,116.44284239372064
2025-10-10 12:15:00+05:30,56872.8,56900.0,56864.6,56885.8,1.0,1,False,False,False,False,False,False,False,True,35.400000000001455,64.30025999731178,56777.03341721244,True,False,108.76658278756076
2025-10-10 12:30:00+05:30,56887.0,56910.0,56862.6,56910.0,5.0,1,False,False,False,False,False,False,False,True,47.400000000001455,62.61023399758075,56797.06485413391,True,False,112.93514586608944
2025-10-10 12:45:00+05:30,56912.2,56984.0,56911.0,56964.0,5.0,1,True,False,False,False,True,True,True,True,74.0,63.749210597822675,56819.52853163089,True,False,144.4714683691127
2025-10-10 13:00:00+05:30,56964.0,56985.0,56928.0,56948.0,1.0,1,False,False,False,False,False,False,False,True,57.0,63.07428953804041,56838.22288069605,True,False,109.77711930395162
2025-10-10 13:15:00+05:30,56940.0,56979.0,56934.4,56968.0,1.0,1,False,False,False,False,False,False,False,True,44.599999999998545,61.22686058423623,56856.54670661091,True,False,111.45329338908778
2025-10-10 13:30:00+05:30,56974.8,57009.0,56955.2,56975.0,3.0,1,False,False,False,False,False,False,False,True,53.80000000000291,60.4841745258129,56873.46386606419,True,False,101.53613393581327
2025-10-10 13:45:00+05:30,56990.2,56990.2,56950.0,56950.0,3.0,1,False,False,True,False,False,False,False,True,40.19999999999709,58.45575707323131,56886.202909860214,True,False,63.79709013978572
2025-10-10 14:00:00+05:30,56950.0,56969.0,56910.0,56925.0,-1.0,-1,False,False,False,False,False,True,False,True,59.0,58.51018136590818,56894.91075694195,True,False,30.08924305804976
2025-10-10 14:15:00+05:30,56935.0,56970.0,56915.2,56956.8,-1.0,-1,False,False,False,False,False,False,False,True,54.80000000000291,58.13916322931766,56904.92161639561,True,False,51.87838360439491
2025-10-10 14:30:00+05:30,56950.0,56950.0,56925.2,56939.8,1.0,1,False,False,False,False,False,False,False,True,31.60000000000582,55.48524690638648,56911.98864721447,True,False,27.8113527855312
2025-10-10 14:45:00+05:30,56940.2,56956.6,56910.0,56931.2,1.0,1,False,False,False,False,False,False,False,True,46.599999999998545,54.59672221574768,56917.03577247388,True,False,14.164227526118339
2025-10-10 15:00:00+05:30,56932.8,56941.0,56810.0,56858.8,-3.0,-1,False,True,False,False,True,True,True,True,131.0,62.237049994172914,56914.451269334306,False,True,-55.651269334302924
2025-10-10 15:15:00+05:30,56859.0,56916.8,56840.0,56899.0,-3.0,-1,False,False,False,False,False,True,False,True,76.80000000000291,63.69334499475591,56914.66388494428,True,False,-15.663884944282472
2025-10-10 15:30:00+05:30,56897.2,56897.2,56897.2,56897.2,-1.0,-1,False,False,False,False,False,False,False,True,1.8000000000029104,57.50401049528061,56914.09182989354,False,True,-16.891829893545946
2025-10-13 09:15:00+05:30,56578.0,56782.0,56578.0,56657.0,-1.0,-1,False,False,False,False,True,True,True,True,319.1999999999971,83.67360944575225,56891.297376286515,False,True,-234.29737628651492
2025-10-13 09:30:00+05:30,56654.0,56729.0,56575.0,56714.2,-1.0,-1,False,False,False,True,True,True,True,True,154.0,90.70624850117703,56873.568869259514,False,True,-159.36886925951694
2025-10-13 09:45:00+05:30,56712.8,56760.0,56683.0,56745.0,-1.0,-1,False,False,False,False,False,False,False,True,77.0,89.33562365105932,56858.93061760839,False,True,-113.93061760839191
2025-10-13 10:00:00+05:30,56746.8,56746.8,56673.2,56719.6,-1.0,-1,False,False,False,False,False,False,False,True,73.60000000000582,87.76206128595398,56842.59353675626,False,True,-122.9935367562648
2025-10-13 10:15:00+05:30,56718.4,56828.0,56692.4,56814.2,-1.0,-1,False,False,False,False,False,True,False,True,135.59999999999854,92.54585515735843,56835.68312165118,False,True,-21.483121651181136
2025-10-13 10:30:00+05:30,56830.0,56879.2,56801.2,56815.0,-3.0,-1,False,False,False,False,False,False,False,True,78.0,91.09126964162259,56829.83017475488,False,True,-14.830174754883046
2025-10-13 10:45:00+05:30,56810.0,56845.2,56730.0,56780.2,-3.0,-1,False,False,False,False,False,True,False,True,115.19999999999709,93.50214267746004,56821.81677714852,False,True,-41.61677714851976
2025-10-13 11:00:00+05:30,56762.8,56840.0,56751.2,56820.0,-1.0,-1,False,False,False,False,False,False,False,True,88.80000000000291,93.03192840971433,56818.39179658566,False,True,1.608203414340096
2025-10-13 11:15:00+05:30,56811.0,56818.8,56731.0,56781.2,-3.0,-1,False,False,False,False,False,False,False,True,89.0,92.62873556874288,56812.37166836835,False,True,-31.171668368355313
2025-10-13 11:30:00+05:30,56797.8,56800.0,56768.0,56781.4,-1.0,-1,False,False,False,False,False,False,False,True,32.0,86.56586201186859,56807.207321383044,False,True,-25.807321383043018
2025-10-13 11:45:00+05:30,56797.6,56839.8,56774.2,56831.2,-1.0,-1,False,False,False,False,False,False,False,True,65.60000000000582,84.46927581068232,56807.32150432163,True,False,23.878495678363834
2025-10-13 12:00:00+05:30,56834.0,56850.0,56785.2,56805.6,1.0,1,False,False,False,False,False,False,False,True,64.80000000000291,82.50234822961438,56805.75993922127,False,True,-0.15993922127381666
2025-10-13 12:15:00+05:30,56805.6,56821.2,56743.8,56782.6,-1.0,-1,False,False,False,False,False,False,False,True,77.39999999999418,81.99211340665236,56802.62352552168,False,True,-20.02352552168304
2025-10-13 12:30:00+05:30,56783.0,56832.2,56766.0,56821.6,1.0,1,False,False,False,False,False,False,False,True,66.19999999999709,80.41290206598684,56803.44056756609,True,False,18.159432433909387
2025-10-13 12:45:00+05:30,56822.2,56850.0,56783.6,56831.8,-1.0,-1,False,False,False,False,False,False,False,True,66.40000000000146,79.0116118593883,56805.50630062055,True,False,26.293699379450118
2025-10-13 13:00:00+05:30,56847.0,56847.4,56800.0,56827.2,1.0,1,False,False,False,False,False,False,False,True,47.400000000001455,75.85045067344961,56807.36365971359,True,False,19.836340286405175
2025-10-13 13:15:00+05:30,56837.6,56844.0,56780.2,56794.6,1.0,1,False,False,False,False,False,False,False,True,63.80000000000291,74.64540560610494,56806.37032704249,False,True,-11.770327042489953
2025-10-13 13:30:00+05:30,56799.8,56842.8,56794.2,56816.6,3.0,1,False,False,False,False,False,False,False,True,48.60000000000582,72.04086504549504,56807.416291680274,True,False,9.183708319724246
2025-10-13 13:45:00+05:30,56815.4,56833.0,56784.0,56789.8,1.0,1,False,False,False,False,False,False,False,True,49.0,69.73677854094554,56806.03975530804,False,True,-16.239755308037275
2025-10-13 14:00:00+05:30,56790.6,56865.0,56790.6,56840.2,3.0,1,False,False,False,False,False,True,False,True,75.19999999999709,70.2831006868507,56809.22007828777,True,False,30.979921712227224
2025-10-13 14:15:00+05:30,56830.2,56950.0,56825.2,56921.4,1.0,1,True,False,False,False,True,True,True,True,124.80000000000291,75.73479061816593,56819.72380064274,True,False,101.67619935725816
2025-10-13 14:30:00+05:30,56921.2,56950.0,56873.2,56912.6,1.0,1,False,False,False,False,True,True,True,True,76.80000000000291,75.84131155634962,56829.280794115795,True,False,83.31920588420326
2025-10-13 14:45:00+05:30,56914.6,56916.4,56873.4,56890.0,-1.0,-1,False,False,False,False,False,False,False,True,43.0,72.55718040071466,56836.49057866148,True,False,53.509421338516404
2025-10-13 15:00:00+05:30,56890.6,56895.8,56825.2,56838.0,1.0,1,False,False,False,False,False,False,False,True,70.60000000000582,72.36146236064377,56838.5775700667,True,False,-0.577570066699991
2025-10-13 15:15:00+05:30,56838.0,56891.4,56833.0,56891.4,-1.0,-1,False,False,True,False,False,False,False,False,58.400000000001455,70.96531612457954,56845.061384666726,True,False,46.33861533327581
2025-10-14 09:15:00+05:30,56891.2,56935.2,56853.8,56887.2,1.0,1,False,False,False,False,False,True,False,False,81.39999999999418,72.00878451212101,56850.70169443432,True,False,36.49830556567758
2025-10-14 09:30:00+05:30,56886.4,56891.2,56776.6,56802.8,-1.0,-1,False,False,False,False,False,True,False,False,114.59999999999854,76.26790606090876,56848.19259503823,False,True,-45.39259503822541
2025-10-14 09:45:00+05:30,56799.2,56836.6,56769.6,56782.8,-1.0,-1,False,False,False,False,False,False,False,False,67.0,75.34111545481788,56843.418627174295,False,True,-60.61862717429176
2025-10-14 10:00:00+05:30,56786.4,56799.0,56716.0,56781.2,-1.0,-1,False,False,False,False,False,True,False,False,83.0,76.1070039093361,56838.17967108099,False,True,-56.97967108098965
2025-10-14 10:15:00+05:30,56777.8,56805.4,56718.6,56800.8,-1.0,-1,False,False,False,False,False,True,False,False,86.80000000000291,77.17630351840278,56834.548120395244,False,True,-33.74812039524113
2025-10-14 10:30:00+05:30,56803.6,56814.2,56765.8,56799.4,-3.0,-1,False,False,False,False,False,False,False,False,48.39999999999418,74.29867316656191,56830.75166655785,False,True,-31.351666557849967
2025-10-14 10:45:00+05:30,56808.0,56846.8,56767.2,56775.0,-3.0,-1,False,False,False,False,False,True,False,False,79.60000000000582,74.8288058499063,56824.81085851355,False,True,-49.81085851354874
2025-10-14 11:00:00+05:30,56774.8,56774.8,56635.0,56667.8,-3.0,-1,False,True,False,False,True,True,True,False,140.0,81.34592526491568,56809.324945848726,False,True,-141.5249458487233
2025-10-14 11:15:00+05:30,56660.4,56665.8,56531.2,56575.0,-3.0,-1,False,False,False,False,True,True,True,False,136.60000000000582,86.87133273842468,56785.77791813911,False,True,-210.7779181391088
2025-10-14 11:30:00+05:30,56570.0,56612.0,56541.4,56587.0,-3.0,-1,False,False,False,False,False,False,True,True,70.59999999999854,85.24419946458207,56763.96395142438,False,True,-176.96395142438269
2025-10-14 11:45:00+05:30,56587.2,56650.0,56564.6,56634.8,-3.0,-1,False,False,False,False,False,True,False,True,85.40000000000146,85.259779518124,56747.43953067598,False,True,-112.6395306759805
2025-10-14 12:00:00+05:30,56624.6,56635.6,56486.6,56503.6,-5.0,-1,False,False,False,True,True,True,True,True,149.0,91.6338015663116,56720.193587774396,False,True,-216.59358777439775
2025-10-14 12:15:00+05:30,56499.0,56544.0,56461.2,56500.0,-4.0,-1,False,False,False,False,False,False,True,True,82.80000000000291,90.75042140968074,56694.01740708329,False,True,-194.01740708328725
2025-10-14 12:30:00+05:30,56497.0,56557.2,56494.0,56519.8,-3.0,-1,False,False,False,False,False,False,False,True,63.19999999999709,87.99537926871237,56671.289801445026,False,True,-151.48980144502275
2025-10-14 12:45:00+05:30,56518.0,56549.8,56511.4,56545.0,-3.0,-1,False,False,False,False,False,False,False,True,38.400000000001455,83.03584134184128,56652.680483311255,False,True,-107.68048331125465
2025-10-14 13:00:00+05:30,56545.0,56553.4,56474.2,56503.6,-3.0,-1,False,False,False,False,False,False,False,True,79.20000000000437,82.65225720765758,56632.23258053778,False,True,-128.63258053777827
2025-10-14 13:15:00+05:30,56503.0,56534.8,56482.6,56505.4,-2.0,-1,False,False,False,False,False,False,False,True,52.200000000004366,79.60703148689227,56613.89356533592,False,True,-108.49356533592072
2025-10-14 13:30:00+05:30,56512.0,56587.8,56512.0,56572.0,-1.0,-1,False,False,False,False,False,True,False,True,82.40000000000146,79.88632833820319,56603.54158441288,False,True,-31.541584412880184
2025-10-14 13:45:00+05:30,56574.0,56574.0,56510.0,56569.8,-1.0,-1,False,False,False,False,False,False,False,True,64.0,78.29769550438286,56594.84505750744,False,True,-25.04505750743556
2025-10-14 14:00:00+05:30,56575.0,56630.0,56564.2,56600.4,-1.0,-1,False,False,False,False,False,False,False,True,65.80000000000291,77.04792595394487,56590.60192264962,False,True,9.798077350380481
2025-10-14 14:15:00+05:30,56605.6,56645.8,56572.4,56605.2,0.0,-1,False,False,False,False,False,False,False,True,73.40000000000146,76.68313335855052,56588.25398239218,False,True,16.9460176078137
2025-10-14 14:30:00+05:30,56614.8,56754.4,56610.8,56736.8,1.0,1,True,False,False,False,True,True,True,True,149.20000000000437,83.9348200226959,56599.045266592715,True,False,137.75473340728786
2025-10-14 14:45:00+05:30,56736.8,56774.6,56700.0,56740.0,-1.0,-1,False,False,False,False,False,False,True,True,74.59999999999854,83.00133802042618,56610.990086301616,True,False,129.00991369838448
2025-10-14 15:00:00+05:30,56737.6,56750.8,56700.0,56721.8,1.0,1,False,False,False,False,False,False,True,True,50.80000000000291,79.78120421838385,56621.73026563385,True,False,100.06973436615226
2025-10-14 15:15:00+05:30,56725.0,56725.0,56654.2,56660.0,2.0,1,False,False,False,False,False,False,False,True,70.80000000000291,78.88308379654576,56626.94407309907,True,False,33.05592690093181
2025-10-14 15:30:00+05:30,56654.4,56654.4,56654.4,56654.4,3.0,1,False,False,True,False,False,False,False,True,5.599999999998545,71.55477541689103,56631.466157565046,True,False,22.933842434955295
2025-10-15 09:15:00+05:30,56784.8,56921.8,56727.4,56889.0,1.0,1,False,False,False,False,True,True,True,True,267.40000000000146,91.13929787520208,56656.91770214093,True,False,232.08229785907315
2025-10-15 09:30:00+05:30,56889.8,56899.6,56781.0,56810.0,3.0,1,False,False,False,False,False,True,False,True,118.59999999999854,93.88536808768171,56674.60031987732,True,False,135.39968012268218
2025-10-15 09:45:00+05:30,56812.0,56844.2,56752.6,56791.2,4.0,1,False,False,False,False,False,False,False,True,91.59999999999854,93.6568312789134,56689.65420894596,True,False,101.54579105403536
2025-10-15 10:00:00+05:30,56804.2,56900.0,56786.2,56890.0,5.0,1,True,False,False,False,True,True,True,True,113.80000000000291,95.67114815102235,56712.55478869537,True,False,177.44521130462817
2025-10-15 10:15:00+05:30,56891.8,56990.6,56891.8,56967.0,3.0,1,False,False,False,False,True,True,True,True,100.59999999999854,96.16403333591998,56741.14237919756,True,False,225.85762080243876
2025-10-15 10:30:00+05:30,56985.0,57060.0,56979.6,56997.8,5.0,1,False,False,False,False,False,False,True,True,93.0,95.84763000232797,56770.98025893448,True,False,226.81974106551934
2025-10-15 10:45:00+05:30,56986.0,57050.0,56975.0,57050.0,5.0,1,False,False,False,False,False,False,True,True,75.0,93.76286700209518,56803.74695518027,True,False,246.25304481972853
2025-10-15 11:00:00+05:30,57055.0,57075.0,56977.4,57010.0,3.0,1,False,False,True,False,False,True,False,True,97.59999999999854,94.1465803018855,56830.82893588828,True,False,179.171064111717
2025-10-15 11:15:00+05:30,57010.0,57047.4,56981.0,57041.0,1.0,1,False,False,False,False,False,False,True,True,66.40000000000146,91.3719222716971,56858.47177116327,True,False,182.5282288367307
2025-10-15 11:30:00+05:30,57040.2,57040.2,56995.0,57022.6,3.0,1,False,False,False,False,False,False,False,True,46.0,86.83473004452739,56882.08298038971,True,False,140.51701961029175
2025-10-15 11:45:00+05:30,57005.4,57030.0,56995.0,57008.0,5.0,1,False,False,False,False,False,False,False,True,35.0,81.65125704007465,56901.95426721703,True,False,106.04573278297175
2025-10-15 12:00:00+05:30,57002.4,57026.8,56985.6,57003.2,3.0,1,False,False,False,False,False,False,False,True,41.200000000004366,77.60613133606762,56919.008863018884,True,False,84.19113698111323
2025-10-15 12:15:00+05:30,57001.4,57010.0,56946.6,56980.0,1.0,1,False,False,False,False,False,False,False,True,63.400000000001455,76.185518202461,56931.681907768376,True,False,48.31809223162418
2025-10-15 12:30:00+05:30,56980.0,57032.8,56970.4,57030.0,3.0,1,False,False,False,False,False,False,False,True,62.400000000001455,74.80696638221505,56946.776867802786,True,False,83.223132197214
2025-10-15 12:45:00+05:30,57029.8,57060.0,57003.0,57060.0,5.0,1,False,False,False,False,False,False,False,True,57.0,73.02626974399354,56962.65799494787,True,False,97.34200505213084
2025-10-15 13:00:00+05:30,57056.8,57086.0,57033.0,57047.6,1.0,1,False,False,False,False,False,False,False,True,53.0,71.02364276959419,56975.62001765338,True,False,71.97998234661645
2025-10-15 13:15:00+05:30,57056.4,57092.2,57038.2,57066.0,1.0,1,False,False,False,False,False,False,False,True,54.0,69.32127849263478,56988.59205046765,True,False,77.40794953235309
2025-10-15 13:30:00+05:30,57070.0,57098.0,57056.0,57056.0,1.0,1,False,False,False,False,False,False,False,True,42.0,66.5891506433713,56999.135478329874,True,False,56.86452167012612
2025-10-15 13:45:00+05:30,57061.4,57063.2,57014.8,57029.0,3.0,1,False,False,False,False,False,False,False,True,48.39999999999418,64.7702355790336,57005.83926014328,True,False,23.160739856721193
2025-10-15 14:00:00+05:30,57026.0,57029.8,56970.0,56996.8,-1.0,-1,False,False,False,False,False,False,False,True,59.80000000000291,64.27321202113053,57008.38561775841,True,False,-11.585617758406443
2025-10-15 14:15:00+05:30,56990.8,57029.0,56981.0,57018.0,-1.0,-1,False,False,False,False,False,False,False,True,48.0,62.64589081901748,57011.80595351137,True,False,6.1940464886283735
2025-10-15 14:30:00+05:30,57019.0,57026.2,56982.4,56999.2,-1.0,-1,False,False,False,False,False,False,False,True,43.799999999995634,60.761301737115296,57012.660901935305,True,False,-13.460901935308357
2025-10-15 14:45:00+05:30,57000.0,57007.0,56921.4,56979.0,1.0,1,False,False,False,False,False,True,False,True,85.59999999999854,63.245171563403616,57010.99506316251,False,True,-31.995063162510633
2025-10-15 15:00:00+05:30,56970.0,56988.8,56950.0,56982.0,-1.0,-1,False,False,False,False,False,False,False,True,38.80000000000291,60.80065440706354,57009.09386222989,False,True,-27.093862229892693
2025-10-15 15:15:00+05:30,56983.0,57002.2,56974.0,57000.0,-1.0,-1,False,False,False,False,False,False,False,True,28.19999999999709,57.54058896635689,57008.49084775033,False,True,-8.490847750326793
2025-10-15 15:30:00+05:30,56995.0,56995.0,56995.0,56995.0,-1.0,-1,False,False,False,False,False,False,False,True,5.0,52.286530069721195,57007.235964009684,False,True,-12.235964009683812
2025-10-16 09:15:00+05:30,57250.0,57285.4,57130.2,57245.0,1.0,1,True,False,False,False,True,True,True,True,290.40000000000146,76.09787706274922,57028.5514883391,True,False,216.44851166089938
2025-10-16 09:30:00+05:30,57238.8,57275.0,57197.0,57228.6,0.0,1,False,False,False,False,True,True,True,True,78.0,76.2880893564743,57048.18929516857,True,False,180.4107048314254
2025-10-16 09:45:00+05:30,57245.0,57248.0,57190.6,57193.8,1.0,1,False,False,False,False,False,False,False,True,57.400000000001455,74.39928042082701,57064.20984013367,True,False,129.59015986633312
2025-10-16 10:00:00+05:30,57197.4,57219.8,57139.2,57151.0,1.0,1,False,False,False,False,False,True,False,True,80.60000000000582,75.0193523787449,57075.65970468129,True,False,75.34029531871056
2025-10-16 10:15:00+05:30,57149.6,57265.0,57144.4,57245.0,1.0,1,False,False,True,False,True,True,True,True,120.59999999999854,79.57741714087027,57094.79154650404,True,False,150.20845349595766
2025-10-16 10:30:00+05:30,57250.0,57260.0,57229.0,57234.0,0.0,1,False,False,False,False,False,False,False,True,31.0,74.71967542678324,57111.93036708109,True,False,122.06963291890861
2025-10-16 10:45:00+05:30,57233.8,57249.8,57220.0,57233.4,-1.0,-1,False,False,False,False,False,False,False,True,29.80000000000291,70.22770788410521,57127.84509036485,True,False,105.55490963515331
2025-10-16 11:00:00+05:30,57248.4,57250.0,57219.0,57234.2,-1.0,-1,False,False,False,False,False,False,False,True,31.0,66.3049370956947,57142.54254523752,True,False,91.65745476247685
2025-10-16 11:15:00+05:30,57221.0,57249.2,57213.2,57248.0,1.0,1,False,False,False,False,False,False,False,True,36.0,63.27444338612522,57157.128799306716,True,False,90.87120069328375
2025-10-16 11:30:00+05:30,57249.8,57254.4,57218.8,57225.2,2.0,1,False,False,False,False,False,False,False,True,35.599999999998545,60.50699904751256,57168.24842911886,True,False,56.95157088113774
2025-10-16 11:45:00+05:30,57223.0,57236.4,57201.0,57231.8,1.0,1,False,False,False,False,False,False,False,True,35.400000000001455,57.99629914276145,57178.57838891485,True,False,53.22161108515138
2025-10-16 12:00:00+05:30,57220.0,57271.2,57220.0,57271.2,1.0,1,False,False,False,False,False,False,False,True,51.19999999999709,57.31666922848501,57191.150924655114,True,False,80.04907534488302
2025-10-16 12:15:00+05:30,57271.2,57380.0,57271.2,57345.0,3.0,1,True,False,False,False,True,True,True,True,108.80000000000291,62.4650023056368,57209.13843924746,True,False,135.86156075254257
2025-10-16 12:30:00+05:30,57345.0,57379.6,57336.6,57340.0,4.0,1,False,False,False,False,False,False,True,True,43.0,60.518502075073116,57225.39076617408,True,False,114.60923382591864
2025-10-16 12:45:00+05:30,57340.0,57369.8,57310.2,57345.6,3.0,1,False,False,False,False,False,False,False,True,59.60000000000582,60.426651867566385,57240.83361902812,True,False,104.7663809718797
2025-10-16 13:00:00+05:30,57350.0,57402.2,57340.0,57401.0,3.0,1,False,False,False,False,True,True,True,True,62.19999999999709,60.603986680809456,57259.96571512558,True,False,141.03428487441852
2025-10-16 13:15:00+05:30,57408.2,57477.0,57407.6,57463.6,5.0,1,False,False,True,False,True,True,True,True,76.0,62.143588012728515,57283.39998470858,True,False,180.20001529141882
2025-10-16 13:30:00+05:30,57463.6,57499.8,57463.4,57499.8,4.0,1,False,False,False,False,False,False,True,True,36.400000000001455,59.569229211455806,57308.64157849291,True,False,191.15842150709068
2025-10-16 13:45:00+05:30,57498.2,57514.8,57455.4,57469.4,3.0,1,False,False,False,False,False,False,False,True,59.400000000001455,59.55230629031037,57329.5085477317,True,False,139.89145226830442
2025-10-16 14:00:00+05:30,57470.2,57580.0,57470.2,57557.0,3.0,1,True,False,False,False,True,True,True,True,110.59999999999854,64.6570756612792,57356.58709231398,True,False,200.41290768601903
2025-10-16 14:15:00+05:30,57557.0,57576.0,57505.8,57558.6,3.0,1,False,False,False,False,True,True,True,True,70.19999999999709,65.21136809515099,57381.96692993982,True,False,176.63307006017567
2025-10-16 14:30:00+05:30,57550.0,57591.8,57534.0,57569.0,3.0,1,False,False,False,False,False,False,True,True,57.80000000000291,64.47023128563617,57406.31475123473,True,False,162.68524876527226
2025-10-16 14:45:00+05:30,57561.6,57572.0,57523.0,57548.4,1.0,1,False,False,False,False,False,False,False,True,49.0,62.92320815707255,57426.7292750632,True,False,121.67072493680462
2025-10-16 15:00:00+05:30,57534.0,57549.0,57450.0,57470.0,1.0,1,False,False,True,False,False,True,False,True,99.0,66.53088734136529,57437.937215994774,True,False,32.062784005225694
2025-10-16 15:15:00+05:30,57470.0,57515.0,57466.6,57484.0,3.0,1,False,False,False,False,False,False,False,True,48.400000000001455,64.7177986072289,57448.40219415374,True,False,35.59780584625696
2025-10-16 15:30:00+05:30,57472.0,57472.0,57472.0,57472.0,3.0,1,False,False,False,False,False,False,False,True,12.0,59.44601874650601,57455.938559165625,True,False,16.06144083437539
2025-10-17 09:15:00+05:30,57469.8,57525.0,57400.0,57516.6,3.0,1,False,False,False,False,False,True,False,True,125.0,66.00141687185541,57465.8764231978,True,False,50.723576802200114
2025-10-17 09:30:00+05:30,57525.0,57568.0,57502.6,57525.2,3.0,1,False,False,False,False,False,False,False,True,65.40000000000146,65.94127518467002,57475.14229243945,True,False,50.05770756054699
2025-10-17 09:45:00+05:30,57536.4,57536.4,57401.2,57508.4,3.0,1,False,False,False,False,False,True,False,True,135.20000000000437,72.86714766620346,57481.59070336983,True,False,26.809296630170138
2025-10-17 10:00:00+05:30,57507.4,57624.8,57498.6,57620.4,3.0,1,True,False,False,False,True,True,True,True,126.20000000000437,78.20043289958355,57497.06020534244,True,False,123.3397946575642
2025-10-17 10:15:00+05:30,57621.6,57632.8,57589.0,57600.6,3.0,1,False,False,False,False,False,False,False,True,43.80000000000291,74.76038960962549,57509.68565225586,True,False,90.91434774413938
2025-10-17 10:30:00+05:30,57608.8,57695.0,57608.8,57655.4,3.0,1,False,False,False,False,True,True,True,True,94.40000000000146,76.72435064866309,57526.24202136059,True,False,129.15797863941407
2025-10-17 10:45:00+05:30,57670.0,57840.0,57650.0,57827.0,3.0,1,False,False,False,False,True,True,True,True,190.0,88.05191558379678,57557.301563880756,True,False,269.69843611924443
2025-10-17 11:00:00+05:30,57830.0,57913.6,57829.0,57897.8,1.0,1,False,False,True,False,False,False,True,True,86.59999999999854,87.90672402541696,57593.54950906353,True,False,304.2504909364725
2025-10-17 11:15:00+05:30,57900.6,57917.0,57848.2,57894.8,1.0,1,False,False,False,False,False,False,True,True,68.80000000000291,85.99605162287556,57627.9642284356,True,False,266.8357715644015
2025-10-17 11:30:00+05:30,57888.8,57920.2,57801.4,57839.0,1.0,1,False,False,False,False,False,True,False,True,118.79999999999563,89.27644646058756,57655.41724681586,True,False,183.58275318414235
2025-10-17 11:45:00+05:30,57835.0,57848.8,57735.0,57800.2,1.0,1,False,False,False,False,False,True,False,True,113.80000000000291,91.72880181452909,57677.20645660358,True,False,122.99354339642014
2025-10-17 12:00:00+05:30,57804.6,57850.0,57790.8,57837.4,-1.0,-1,False,False,False,False,False,False,False,True,59.19999999999709,88.4759216330759,57700.11371166583,True,False,137.28628833417315
2025-10-17 12:15:00+05:30,57839.2,57885.0,57800.0,57885.0,-1.0,-1,False,False,False,False,False,False,False,True,85.0,88.12832946976832,57725.04391762794,True,False,159.95608237206034
2025-10-17 12:30:00+05:30,57885.0,57885.0,57775.0,57776.8,-1.0,-1,False,False,False,False,False,True,False,True,110.0,90.31549652279149,57737.83912768121,True,False,38.9608723187921
2025-10-17 12:45:00+05:30,57770.0,57800.0,57601.2,57640.8,1.0,1,False,False,False,False,True,True,True,True,198.8000000000029,101.16394687051263,57736.050488637244,False,True,-95.25048863724078
2025-10-17 13:00:00+05:30,57636.2,57675.0,57500.0,57580.8,-1.0,-1,False,True,False,False,True,True,True,True,175.0,108.54755218346136,57726.862886122435,False,True,-146.06288612243225
2025-10-17 13:15:00+05:30,57580.6,57645.0,57553.8,57620.0,1.0,1,False,False,False,False,False,False,True,True,91.19999999999709,106.81279696511493,57719.73166469197,False,True,-99.73166469197167
2025-10-17 13:30:00+05:30,57604.2,57618.4,57413.2,57500.0,1.0,1,False,False,False,False,True,True,True,True,206.8000000000029,116.81151726860371,57700.698777615136,False,True,-200.69877761513635
2025-10-17 13:45:00+05:30,57494.2,57527.4,57444.0,57527.4,1.0,1,False,False,False,False,False,False,True,True,83.40000000000146,113.47036554174349,57683.636671630265,False,True,-156.23667163026403
2025-10-17 14:00:00+05:30,57524.8,57650.0,57500.4,57625.6,-1.0,-1,False,False,False,True,False,True,False,True,149.59999999999854,117.08332898756899,57675.48882395736,False,True,-49.888823957364366
2025-10-17 14:15:00+05:30,57635.2,57710.8,57580.2,57627.0,1.0,1,False,False,False,False,False,True,False,True,130.60000000000582,118.43499608881268,57667.844380237046,False,True,-40.8443802370457
2025-10-17 14:30:00+05:30,57620.0,57757.0,57606.4,57746.2,1.0,1,True,False,False,False,True,True,True,True,150.59999999999854,121.65149647993125,57671.60114312671,True,False,74.59885687328642
2025-10-17 14:45:00+05:30,57750.0,57776.2,57723.6,57765.0,1.0,1,False,False,False,False,False,False,True,True,52.599999999998545,114.74634683193798,57677.711594249544,True,False,87.28840575045615
2025-10-17 15:00:00+05:30,57765.0,57799.0,57701.0,57738.4,-1.0,-1,False,False,False,False,False,False,False,True,98.0,113.07171214874418,57681.9530619168,True,False,56.44693808320153
2025-10-17 15:15:00+05:30,57732.0,57780.2,57721.0,57780.0,1.0,1,False,False,False,False,False,False,True,True,59.19999999999709,107.68454093386947,57690.364003367315,True,False,89.63599663268542
2025-10-17 15:30:00+05:30,57780.2,57780.2,57780.2,57780.2,1.0,1,False,False,True,False,False,False,False,True,0.19999999999708962,96.93608684048223,57699.011449803715,True,False,81.18855019628245
2025-10-20 09:15:00+05:30,57835.0,58250.0,57835.0,58078.8,1.0,1,False,False,False,False,True,True,True,True,469.8000000000029,134.2224781564343,57734.73782544012,True,False,344.0621745598837
2025-10-20 09:30:00+05:30,58081.8,58145.0,58030.0,58035.0,-1.0,-1,False,False,False,False,False,False,True,True,115.0,132.30023034079088,57766.0882558071,True,False,268.91174419289746
2025-10-20 09:45:00+05:30,58040.8,58050.0,57900.0,57949.8,3.0,1,False,False,False,False,False,True,False,True,150.0,134.07020730671178,57788.7568706797,True,False,161.04312932030007
2025-10-20 10:00:00+05:30,57945.0,58050.0,57924.6,58050.0,3.0,1,False,False,False,False,False,False,True,True,125.40000000000146,133.20318657604076,57819.15743778729,True,False,230.84256221271062
2025-10-20 10:15:00+05:30,58039.8,58105.0,58025.2,58059.6,3.0,1,False,False,False,False,False,False,True,True,79.80000000000291,127.86286791843698,57848.749223630955,True,False,210.85077636904316
2025-10-20 10:30:00+05:30,58063.6,58180.6,58035.8,58155.2,1.0,1,True,False,False,False,True,True,True,True,144.79999999999563,129.55658112659285,57885.01464462946,True,False,270.18535537053685
2025-10-20 10:45:00+05:30,58172.0,58220.0,58135.0,58164.8,3.0,1,False,False,False,False,False,False,True,True,85.0,125.10092301393357,57919.86059641011,True,False,244.93940358989494
2025-10-20 11:00:00+05:30,58176.8,58208.8,58154.4,58181.0,5.0,1,False,False,False,False,False,False,True,True,54.400000000001455,118.03083071254036,57953.611535750264,True,False,227.388464249736
2025-10-20 11:15:00+05:30,58185.0,58198.6,58130.2,58156.8,3.0,1,False,False,False,False,False,False,False,True,68.40000000000146,113.06774764128647,57982.40866982316,True,False,174.3913301768407
2025-10-20 11:30:00+05:30,58156.8,58170.0,58105.8,58141.0,1.0,1,False,False,True,False,False,False,False,True,64.19999999999709,108.18097287715754,58006.91619141757,True,False,134.0838085824289
2025-10-20 11:45:00+05:30,58141.0,58197.0,58136.0,58188.0,3.0,1,False,False,False,False,False,False,False,True,61.0,103.46287558944178,58032.84356277152,True,False,155.15643722847744
2025-10-20 12:00:00+05:30,58182.4,58187.4,58150.0,58169.0,3.0,1,False,False,False,False,False,False,False,True,38.0,96.91658803049759,58054.27234057838,True,False,114.72765942161641
2025-10-20 12:15:00+05:30,58161.0,58178.0,58120.0,58142.6,3.0,1,False,False,False,False,False,False,False,True,58.0,93.02492922744783,58070.63636572151,True,False,71.963634278487
2025-10-20 12:30:00+05:30,58147.8,58183.2,58133.8,58152.2,1.0,1,False,False,False,False,False,False,False,True,49.39999999999418,88.66243630470247,58085.3824104836,True,False,66.81758951639495
2025-10-20 12:45:00+05:30,58155.6,58170.0,58134.0,58148.8,3.0,1,False,False,False,False,False,False,False,True,36.0,83.39619267423222,58097.55778710063,True,False,51.242212899371225
2025-10-20 13:00:00+05:30,58165.0,58188.8,58145.4,58183.0,1.0,1,False,False,False,False,False,False,False,True,43.400000000001455,79.39657340680915,58110.81055039809,True,False,72.18944960190856
2025-10-20 13:15:00+05:30,58183.0,58200.0,58150.0,58180.4,1.0,1,False,False,False,False,False,False,False,True,50.0,76.45691606612823,58122.026457212436,True,False,58.373542787565384
2025-10-20 13:30:00+05:30,58195.6,58209.0,58170.6,58187.0,-1.0,-1,False,False,False,False,False,False,False,True,38.400000000001455,72.65122445951555,58132.23591718479,True,False,54.764082815207075
2025-10-20 13:45:00+05:30,58184.0,58196.8,58141.6,58144.0,1.0,1,False,False,False,False,False,False,False,True,55.200000000004366,70.90610201356444,58137.125913130054,True,False,6.874086869946041
2025-10-20 14:00:00+05:30,58144.0,58160.0,58116.0,58135.0,-1.0,-1,False,False,False,False,False,False,False,True,44.0,68.215491812208,58139.97623612814,True,False,-4.976236128139135
2025-10-20 14:15:00+05:30,58134.2,58162.0,57967.0,57991.6,-1.0,-1,False,True,False,False,True,True,True,True,195.0,80.8939426309872,58128.81905383383,False,True,-137.21905383383273
2025-10-20 14:30:00+05:30,57978.4,58058.0,57967.4,58037.0,1.0,1,False,False,False,False,False,True,False,True,90.59999999999854,81.86454836788833,58121.07848460293,False,True,-84.07848460292735
2025-10-20 14:45:00+05:30,58027.0,58066.0,58011.2,58041.2,1.0,1,False,False,False,False,False,False,False,True,54.80000000000291,79.1580935310998,58113.366675692356,False,True,-72.1666756923587
2025-10-20 15:00:00+05:30,58030.2,58105.6,58015.6,58079.8,-1.0,-1,False,False,False,False,False,True,False,True,90.0,80.24228417798982,58109.077947288715,False,True,-29.277947288712312
2025-10-20 15:15:00+05:30,58084.8,58133.6,58079.8,58133.0,-3.0,-1,False,False,False,True,False,False,False,True,53.799999999995634,77.5980557601904,58109.73812969112,True,False,23.261870308881043
2025-10-20 15:30:00+05:30,58117.0,58117.0,58117.0,58117.0,-1.0,-1,False,False,False,False,False,False,False,True,16.0,71.43825018417137,58109.16576960748,False,True,7.834230392516474
2025-10-21 13:45:00+05:30,58098.8,58160.0,58011.0,58063.6,1.0,1,False,False,False,False,False,True,False,True,149.0,79.19442516575423,58103.99631750191,False,True,-40.396317501908925
2025-10-21 14:00:00+05:30,58063.6,58082.2,58041.6,58051.0,-3.0,-1,False,False,False,False,False,False,False,True,40.599999999998545,75.33498264917866,58097.97201334155,False,True,-46.9720133415467
2025-10-21 14:15:00+05:30,58051.0,58068.8,58005.0,58005.0,-1.0,-1,False,False,False,False,False,False,True,True,63.80000000000291,74.18148438426108,58088.12778315497,False,True,-83.12778315496689
2025-10-21 14:30:00+05:30,58009.0,58024.0,57881.4,57896.8,1.0,1,False,False,False,False,True,True,True,True,142.59999999999854,81.02333594583483,58068.90628473855,False,True,-172.1062847385474
2025-10-21 14:45:00+05:30,57894.6,57894.6,57894.6,57894.6,1.0,1,False,False,False,False,False,False,True,True,2.2000000000043656,73.14100235125179,58050.08861750149,False,True,-155.4886175014908
2025-10-23 09:15:00+05:30,58305.2,58320.0,58123.0,58319.0,-1.0,-1,False,False,False,False,True,True,True,True,425.40000000000146,108.36690211612677,58070.57714274405,True,False,248.42285725595139
2025-10-23 09:30:00+05:30,58320.0,58475.0,58312.8,58435.0,-1.0,-1,False,False,False,False,True,True,True,True,162.1999999999971,113.7502119045138,58102.30302497315,True,False,332.6969750268472
2025-10-23 09:45:00+05:30,58450.0,58500.0,58411.0,58435.0,1.0,1,False,False,False,False,False,False,True,True,89.0,111.2751907140624,58134.23773779953,True,False,300.762262200471
2025-10-23 10:00:00+05:30,58440.0,58540.0,58440.0,58526.4,1.0,1,False,False,False,False,False,False,True,True,105.0,110.64767164265618,58174.08230355628,True,False,352.3176964437225
2025-10-23 10:15:00+05:30,58544.8,58558.4,58495.6,58499.0,-1.0,-1,False,False,False,False,False,False,True,True,62.80000000000291,105.86290447839085,58210.453835368615,True,False,288.5461646313852
2025-10-23 10:30:00+05:30,58500.4,58521.0,58435.0,58469.4,1.0,1,False,False,False,False,False,False,False,True,86.0,103.87661403055176,58242.565839669995,True,False,226.83416033000685
2025-10-23 10:45:00+05:30,58472.2,58489.8,58444.0,58472.6,3.0,1,False,False,False,False,False,False,False,True,45.80000000000291,98.06895262749688,58272.94070759496,True,False,199.65929240504192
2025-10-23 11:00:00+05:30,58474.0,58527.0,58469.4,58519.0,3.0,1,False,False,False,False,False,False,False,True,57.599999999998545,94.02205736474704,58305.17223952295,True,False,213.8277604770483
2025-10-23 11:15:00+05:30,58527.4,58535.0,58505.2,58520.0,1.0,1,False,False,False,False,False,False,False,True,29.80000000000291,87.59985162827263,58334.90011427828,True,False,185.09988572172006
2025-10-23 11:30:00+05:30,58521.0,58533.2,58481.4,58513.0,3.0,1,False,False,False,False,False,False,False,True,51.799999999995634,84.01986646544493,58361.233119225195,True,False,151.76688077480503
2025-10-23 11:45:00+05:30,58515.6,58545.0,58504.4,58545.0,3.0,1,False,False,False,False,False,False,False,True,40.599999999998545,79.6778798189003,58387.649434175415,True,False,157.35056582458492
2025-10-23 12:00:00+05:30,58548.0,58570.0,58525.2,58543.8,1.0,1,False,False,False,False,False,False,False,True,44.80000000000291,76.19009183701056,58411.153903286024,True,False,132.6460967139792
2025-10-23 12:15:00+05:30,58550.0,58567.6,58528.0,58549.0,-1.0,-1,False,False,False,False,False,False,False,True,39.599999999998545,72.53108265330935,58432.39509983762,True,False,116.60490016238327
2025-10-23 12:30:00+05:30,58563.0,58576.6,58537.8,58552.0,3.0,1,False,False,False,False,False,False,False,True,38.799999999995634,69.15797438797799,58451.298231363835,True,False,100.70176863616507
2025-10-23 12:45:00+05:30,58552.0,58555.0,58485.8,58492.0,3.0,1,False,False,False,False,False,True,False,True,69.19999999999709,69.1621769491799,58462.31369013276,True,False,29.686309867240197
2025-10-23 13:00:00+05:30,58476.0,58498.6,58421.0,58470.0,1.0,1,False,False,False,False,False,True,False,True,77.59999999999854,70.00595925426175,58469.1188914973,True,False,0.881108502697316
2025-10-23 13:15:00+05:30,58482.0,58520.0,58450.4,58470.0,-1.0,-1,False,False,False,False,False,False,False,True,69.59999999999854,69.96536332883542,58474.013144361765,True,False,-4.0131443617647165
2025-10-23 13:30:00+05:30,58470.6,58480.0,58404.0,58422.0,1.0,1,False,False,False,False,True,True,True,True,76.0,70.56882699595188,58472.96390229665,False,True,-50.96390229665121
2025-10-23 13:45:00+05:30,58423.0,58448.4,58324.8,58324.8,1.0,1,False,False,False,False,True,True,True,True,123.59999999999854,75.87194429635655,58461.8496793328,False,True,-137.0496793327984
2025-10-23 14:00:00+05:30,58315.8,58332.2,58250.0,58277.6,-1.0,-1,False,True,False,False,True,True,True,True,82.19999999999709,76.5047498667206,58445.61965527622,False,True,-168.01965527622087
2025-10-23 14:15:00+05:30,58270.2,58290.0,58088.0,58108.4,-3.0,-1,False,False,False,False,True,True,True,True,202.0,89.05427488004855,58413.68997088346,False,True,-305.2899708834593
2025-10-23 14:30:00+05:30,58102.0,58325.0,58100.0,58295.0,-1.0,-1,False,False,False,False,False,True,False,True,225.0,102.64884739204369,58398.89521950059,False,True,-103.89521950059134
2025-10-23 14:45:00+05:30,58292.8,58325.0,58272.2,58272.8,-1.0,-1,False,False,False,False,False,False,False,True,52.80000000000291,97.66396265283961,58382.79245263787,False,True,-109.99245263786725
2025-10-23 15:00:00+05:30,58280.0,58299.8,58100.0,58100.0,-3.0,-1,False,False,False,True,True,True,True,True,199.8000000000029,107.87756638755596,58352.01312438259,False,True,-252.013124382589
2025-10-23 15:15:00+05:30,58100.0,58130.0,57980.2,57985.6,-1.0,-1,False,False,False,False,True,True,True,True,149.8000000000029,112.06980974880067,58312.189008099915,False,True,-326.5890080999161
2025-10-23 15:30:00+05:30,57983.2,57983.2,57983.2,57983.2,-1.0,-1,False,False,False,False,False,False,True,True,2.400000000001455,101.10282877392075,58273.925355340456,False,True,-290.7253553404589
2025-10-24 09:15:00+05:30,58090.2,58159.8,58040.0,58125.8,-1.0,-1,False,False,False,False,False,True,False,True,176.60000000000582,108.65254589652925,58250.805283110654,False,True,-125.00528311065136
2025-10-24 09:30:00+05:30,58125.0,58148.8,58050.0,58116.0,-5.0,-1,False,False,False,False,False,False,False,True,98.80000000000291,107.6672913068766,58229.244933765025,False,True,-113.24493376502505
2025-10-24 09:45:00+05:30,58116.0,58116.0,58004.4,58058.0,-3.0,-1,False,False,False,False,False,True,False,True,111.59999999999854,108.0605621761888,58204.91456798374,False,True,-146.91456798373838
2025-10-24 10:00:00+05:30,58046.4,58088.0,57972.8,57986.8,-3.0,-1,False,True,False,False,True,True,True,True,115.19999999999709,108.77450595856962,58176.618884681724,False,True,-189.8188846817211
2025-10-24 10:15:00+05:30,57986.6,57993.6,57866.0,57889.6,-3.0,-1,False,False,False,False,True,True,True,True,127.59999999999854,110.65705536271253,58142.02009938612,False,True,-252.42009938612318
2025-10-24 10:30:00+05:30,57893.2,57912.6,57835.0,57835.8,-5.0,-1,False,False,False,False,False,False,True,True,77.59999999999854,107.35134982644112,58105.129212892316,False,True,-269.3292128923131
2025-10-24 10:45:00+05:30,57835.0,57877.8,57820.0,57855.0,-3.0,-1,False,False,False,False,False,False,True,True,57.80000000000291,102.39621484379731,58072.690536929775,False,True,-217.69053692977468
2025-10-24 11:00:00+05:30,57855.0,57887.0,57761.0,57860.2,-3.0,-1,False,False,False,True,False,True,False,True,126.0,104.7565933594176,58043.52822567397,False,True,-183.32822567396943
2025-10-24 11:15:00+05:30,57883.0,57884.4,57802.6,57810.0,-1.0,-1,False,False,False,False,False,False,True,True,81.80000000000291,102.46093402347613,58012.63946740616,False,True,-202.63946740615938
2025-10-24 11:30:00+05:30,57804.8,57848.8,57778.0,57826.6,-3.0,-1,False,False,False,False,False,False,False,True,70.80000000000291,99.29484062112881,57986.0795214328,False,True,-159.47952143280418
2025-10-24 11:45:00+05:30,57834.8,57898.8,57811.4,57817.8,-3.0,-1,False,False,False,False,False,False,False,True,87.40000000000146,98.10535655901609,57961.51736090548,False,True,-143.71736090547347
2025-10-24 12:00:00+05:30,57812.0,57887.0,57798.4,57876.6,-3.0,-1,False,False,False,False,False,False,False,True,88.59999999999854,97.15482090311433,57945.00174519435,False,True,-68.40174519435095
2025-10-24 12:15:00+05:30,57878.6,57933.8,57830.0,57832.0,-1.0,-1,False,False,False,False,False,True,False,True,103.80000000000291,97.81933881280318,57927.00075324839,False,True,-95.0007532483869
2025-10-24 12:30:00+05:30,57822.0,57843.8,57780.0,57811.6,-3.0,-1,False,False,False,False,False,False,False,True,63.80000000000291,94.41740493152315,57909.50950286307,False,True,-97.90950286306906
2025-10-24 12:45:00+05:30,57807.6,57825.2,57700.0,57708.6,-3.0,-1,False,True,False,False,True,True,True,True,125.19999999999709,97.49566443837054,57884.86374300247,False,True,-176.2637430024697
2025-10-24 13:00:00+05:30,57705.0,57742.0,57682.4,57725.6,-3.0,-1,False,False,False,False,False,False,False,True,59.599999999998545,93.70609799453334,57863.841681966696,False,True,-138.2416819666978
2025-10-24 13:15:00+05:30,57740.0,57740.0,57608.0,57608.2,-1.0,-1,False,False,False,False,True,True,True,True,132.0,97.53548819508,57834.205225603044,False,True,-226.0052256030467
2025-10-24 13:30:00+05:30,57610.0,57637.0,57498.4,57510.6,-1.0,-1,False,False,False,False,True,True,True,True,138.59999999999854,101.64193937557187,57797.75638251537,False,True,-287.15638251537166
2025-10-24 13:45:00+05:30,57505.2,57563.8,57502.6,57535.8,-3.0,-1,False,False,False,True,False,False,True,True,61.200000000004366,97.59774543801511,57765.771442095654,False,True,-229.97144209565158
2025-10-24 14:00:00+05:30,57538.8,57669.0,57530.4,57624.2,-3.0,-1,False,False,False,False,False,True,False,True,138.59999999999854,101.69797089421346,57744.146177187824,False,True,-119.94617718782683
2025-10-24 14:15:00+05:30,57624.2,57690.8,57600.2,57665.2,-1.0,-1,False,False,False,False,False,False,False,True,90.60000000000582,100.58817380479269,57728.62844331054,False,True,-63.42844331054221
2025-10-24 14:30:00+05:30,57665.0,57684.8,57575.2,57629.4,1.0,1,False,False,False,False,False,True,False,True,109.60000000000582,101.489356424314,57712.16468491785,False,True,-82.76468491784908
2025-10-24 14:45:00+05:30,57629.0,57680.0,57614.6,57642.6,-1.0,-1,False,False,False,False,False,False,False,True,65.40000000000146,97.88042078188275,57699.06310229267,False,True,-56.463102292669646
2025-10-24 15:00:00+05:30,57644.4,57730.0,57632.8,57705.8,-1.0,-1,False,False,False,False,False,False,False,True,97.19999999999709,97.81237870369418,57693.70507995054,False,True,12.094920049465145
2025-10-24 15:15:00+05:30,57707.0,57741.8,57684.8,57690.0,1.0,1,False,False,False,False,False,False,False,True,57.0,93.73114083332476,57688.69698136375,False,True,1.3030186362520908
2025-10-24 15:30:00+05:30,57708.8,57708.8,57708.8,57708.8,3.0,1,False,False,False,False,False,False,False,True,18.80000000000291,86.23802674999257,57686.89893821073,False,True,21.901061789270898
2025-10-27 09:15:00+05:30,57762.2,58035.0,57740.8,58020.0,1.0,1,True,False,False,False,True,True,True,True,326.1999999999971,110.23422407499302,57714.54418096305,True,False,305.45581903694983
2025-10-27 09:30:00+05:30,58022.8,58069.8,58002.0,58040.2,1.0,1,False,False,False,False,False,False,True,True,67.80000000000291,105.990801667494,57744.750665930995,True,False,295.44933406900236
2025-10-27 09:45:00+05:30,58055.0,58061.0,58010.0,58015.0,1.0,1,False,False,False,False,False,False,True,True,51.0,100.4917215007446,57772.70571872231,True,False,242.29428127768915
2025-10-27 10:00:00+05:30,58024.2,58150.0,57982.8,58137.2,3.0,1,False,False,False,False,True,True,True,True,167.1999999999971,107.16254935066986,57811.14586021559,True,False,326.0541397844063
2025-10-27 10:15:00+05:30,58144.8,58215.0,58136.8,58197.2,3.0,1,False,False,True,False,False,False,True,True,78.19999999999709,104.26629441560257,57853.82335650855,True,False,343.3766434914505
2025-10-27 10:30:00+05:30,58197.8,58227.6,58165.0,58192.2,1.0,1,False,False,False,False,False,False,True,True,62.599999999998545,100.09966497404217,57894.21539880623,True,False,297.9846011937698
2025-10-27 10:45:00+05:30,58191.2,58197.4,58149.8,58197.2,1.0,1,False,False,False,False,False,False,False,True,47.599999999998545,94.84969847663781,57932.68502054511,True,False,264.5149794548852
2025-10-27 11:00:00+05:30,58197.4,58228.4,58161.4,58186.6,5.0,1,False,False,False,False,False,False,False,True,67.0,92.06472862897404,57967.408831332126,True,False,219.19116866787226
2025-10-27 11:15:00+05:30,58192.4,58202.4,58170.0,58181.4,5.0,1,False,False,False,False,False,False,False,True,32.400000000001455,86.09825576607679,57998.607321161784,True,False,182.7926788382174
2025-10-27 11:30:00+05:30,58172.8,58185.6,58082.6,58109.0,1.0,1,False,False,False,False,False,True,False,True,103.0,87.78843018946911,58020.05859192262,True,False,88.94140807737858
2025-10-27 11:45:00+05:30,58101.8,58249.0,58083.2,58243.0,3.0,1,False,False,False,False,False,True,False,True,165.8000000000029,95.58958717052249,58050.517344381624,True,False,192.48265561837616
2025-10-27 12:00:00+05:30,58246.0,58274.2,58225.2,58246.8,3.0,1,False,False,False,False,False,False,False,True,49.0,90.93062845347023,58078.26996838063,True,False,168.53003161937522
2025-10-27 12:15:00+05:30,58243.2,58255.4,58143.6,58174.6,3.0,1,False,False,False,False,False,True,False,True,111.80000000000291,93.0175656081235,58096.492998459784,True,False,78.1070015402147
2025-10-27 12:30:00+05:30,58157.8,58198.0,58143.0,58179.0,-1.0,-1,False,False,False,False,False,False,False,True,55.0,89.21580904731115,58112.30432978977,True,False,66.69567021023249
2025-10-27 12:45:00+05:30,58170.0,58194.6,58140.0,58151.4,1.0,1,False,False,False,False,False,False,False,True,54.599999999998545,85.75422814257989,58123.06277564164,True,False,28.33722435835807
2025-10-27 13:00:00+05:30,58151.4,58164.6,58106.0,58149.0,1.0,1,False,False,False,False,False,False,False,True,58.599999999998545,83.03880532832176,58131.35119256193,True,False,17.648807438068616
2025-10-27 13:15:00+05:30,58151.0,58154.0,57998.4,58052.4,1.0,1,False,False,False,False,True,True,True,True,155.59999999999854,90.29492479548944,58128.952866287,False,True,-76.55286628699832
2025-10-27 13:30:00+05:30,58069.0,58095.8,57980.4,58076.4,-1.0,-1,False,False,False,False,False,True,False,True,115.40000000000146,92.80543231594064,58127.18699331654,False,True,-50.786993316542066
2025-10-27 13:45:00+05:30,58076.4,58147.0,58030.4,58132.2,1.0,1,False,False,False,False,False,True,False,True,116.59999999999854,95.18488908434642,58129.348538787555,True,False,2.851461212441791
2025-10-27 14:00:00+05:30,58124.8,58138.0,58052.6,58070.0,-1.0,-1,False,False,False,False,False,False,False,True,85.40000000000146,94.20640017591192,58125.0563538851,False,True,-55.05635388509836
2025-10-27 14:15:00+05:30,58059.4,58184.8,58059.0,58180.0,1.0,1,False,False,False,False,False,True,False,True,125.80000000000291,97.36576015832102,58130.201229790626,True,False,49.7987702093742
2025-10-27 14:30:00+05:30,58180.0,58180.0,58128.6,58140.6,-1.0,-1,False,False,False,False,False,False,False,True,51.400000000001455,92.76918414248907,58131.433836581215,True,False,9.16616341878398
2025-10-27 14:45:00+05:30,58138.2,58159.0,58080.2,58125.0,1.0,1,False,False,False,False,False,False,False,False,78.80000000000291,91.37226572824045,58131.01312454493,False,True,-6.013124544930179
2025-10-27 15:00:00+05:30,58128.8,58163.8,58086.0,58131.8,-1.0,-1,False,False,False,False,False,False,False,False,77.80000000000291,90.0150391554167,58131.071264717546,True,False,0.7287352824569098
2025-10-27 15:15:00+05:30,58131.4,58263.2,58120.0,58263.2,1.0,1,True,False,False,False,True,True,True,False,143.1999999999971,95.33353523987475,58142.98059271799,True,False,120.2194072820057
2025-10-27 15:30:00+05:30,58263.4,58263.4,58263.4,58263.4,-1.0,-1,False,False,False,False,False,False,True,False,0.20000000000436557,85.82018171588771,58154.7972358806,True,False,108.6027641194014
2025-10-28 09:15:00+05:30,58143.0,58233.6,58100.2,58183.6,1.0,1,False,False,False,False,False,True,False,False,163.20000000000437,93.55816354429938,58159.11218188855,True,False,24.487818111447268
2025-10-28 09:30:00+05:30,58183.6,58341.4,58165.0,58267.2,-3.0,-1,False,False,False,False,False,True,False,False,176.40000000000146,101.84234718986959,58170.64161477323,True,False,96.5583852267664
2025-10-28 09:45:00+05:30,58268.0,58275.0,58100.0,58126.2,-1.0,-1,False,False,True,False,False,True,False,False,175.0,109.15811247088263,58168.93004888954,False,True,-42.73004888954165
2025-10-28 10:00:00+05:30,58130.0,58130.0,57865.0,57938.2,-1.0,-1,False,True,False,False,True,True,True,False,265.0,124.74230122379436,58149.68243433149,False,True,-211.48243433149037
2025-10-28 10:15:00+05:30,57935.0,57972.8,57893.0,57908.4,-1.0,-1,False,False,False,False,False,False,True,False,79.80000000000291,120.2480711014152,58127.46020835593,False,True,-219.0602083559279
2025-10-28 10:30:00+05:30,57908.4,57925.8,57832.6,57899.6,-3.0,-1,False,False,False,False,False,False,True,False,93.20000000000437,117.54326399127413,58104.54559707239,False,True,-204.94559707239387
2025-10-28 10:45:00+05:30,57884.8,57943.8,57827.4,57850.0,-1.0,-1,False,False,False,False,False,False,True,False,116.40000000000146,117.42893759214687,58077.63032185956,False,True,-227.63032185955672
2025-10-28 11:00:00+05:30,57850.0,57855.0,57725.0,57824.2,1.0,1,False,False,False,True,True,True,True,True,130.0,118.68604383293219,58049.26901322916,False,True,-225.06901322916383
2025-10-28 11:15:00+05:30,57833.0,57942.4,57811.2,57900.6,1.0,1,False,False,False,False,False,True,False,True,131.20000000000437,119.9374394496394,58029.12314654208,False,True,-128.5231465420802
2025-10-28 11:30:00+05:30,57910.8,57934.4,57878.0,57890.8,-1.0,-1,False,False,False,False,False,False,False,True,56.400000000001455,113.5836955046756,58009.66541799058,False,True,-118.86541799057886
2025-10-28 11:45:00+05:30,57890.8,57977.0,57872.2,57872.2,1.0,1,False,False,False,False,False,False,False,True,104.80000000000291,112.70532595420832,57990.25992944195,False,True,-118.05992944195168
2025-10-28 12:00:00+05:30,57875.4,57922.2,57829.6,57922.2,1.0,1,False,False,False,False,False,False,False,True,92.59999999999854,110.69479335878734,57977.230100837594,False,True,-55.030100837597274
2025-10-28 12:15:00+05:30,57910.0,57995.2,57903.0,57966.0,1.0,1,False,False,False,False,False,False,False,True,92.19999999999709,108.84531402290831,57970.022261375045,False,True,-4.0222613750447636
2025-10-28 12:30:00+05:30,57965.8,58175.0,57965.8,58175.0,1.0,1,True,False,False,False,True,True,True,False,209.1999999999971,118.88078262061717,57983.494896625496,True,False,191.50510337450396
2025-10-28 12:45:00+05:30,58175.0,58220.0,58120.0,58150.0,-1.0,-1,False,False,False,False,False,False,True,False,100.0,116.99270435855544,57996.08803800547,True,False,153.9119619945268
2025-10-28 13:00:00+05:30,58150.0,58189.0,58069.0,58139.2,-1.0,-1,False,False,False,False,False,True,False,False,120.0,117.29343392269989,58008.59677629933,True,False,130.6032237006657
2025-10-28 13:15:00+05:30,58156.2,58240.0,58100.4,58200.4,-1.0,-1,False,False,False,False,True,True,True,False,139.59999999999854,119.52409053042975,58027.09427990289,True,False,173.30572009710886
2025-10-28 13:30:00+05:30,58203.6,58222.6,58037.0,58051.6,-1.0,-1,False,False,True,False,False,True,False,False,185.59999999999854,126.13168147738664,58032.08720856775,True,False,19.512791432251106
2025-10-28 13:45:00+05:30,58048.8,58148.4,58023.6,58119.8,-3.0,-1,False,False,False,False,False,False,False,False,124.80000000000291,125.99851332964826,58042.9174121955,True,False,76.88258780450269
2025-10-28 14:00:00+05:30,58120.0,58170.2,58016.6,58075.0,-1.0,-1,False,False,False,False,False,True,False,False,153.59999999999854,128.7586619966833,58049.13156933171,True,False,25.868430668291694
2025-10-28 14:15:00+05:30,58089.4,58097.2,57928.4,57994.0,1.0,1,False,False,False,False,False,True,False,False,168.79999999999563,132.76279579701452,58047.29199920021,False,True,-53.29199920021347
2025-10-28 14:30:00+05:30,57997.0,58059.0,57957.4,57984.2,1.0,1,False,False,False,False,False,False,False,False,101.59999999999854,129.64651621731292,58043.85193781124,False,True,-59.65193781124253
2025-10-28 14:45:00+05:30,57999.0,58110.0,57972.4,58064.8,-1.0,-1,False,False,False,False,False,True,False,False,137.59999999999854,130.44186459558148,58047.1208721841,True,False,17.679127815899847
2025-10-28 15:00:00+05:30,58065.0,58231.6,58065.0,58214.8,1.0,1,True,False,False,False,True,True,True,False,166.79999999999563,134.0776781360229,58063.48741286228,True,False,151.31258713771967
2025-10-28 15:15:00+05:30,58216.8,58240.0,58209.0,58227.2,3.0,1,False,False,False,False,False,False,True,False,31.0,123.76991032242063,58080.42698741481,True,False,146.77301258518855
2025-10-28 15:30:00+05:30,58224.8,58224.8,58224.8,58224.8,3.0,1,False,False,False,False,False,False,True,False,2.3999999999941792,111.63291929017798,58096.447273434715,True,False,128.35272656528832
2025-10-29 09:15:00+05:30,58620.0,58656.0,58520.0,58625.0,1.0,1,False,False,False,False,True,True,True,False,431.1999999999971,143.5896273611599,58147.90951307369,True,False,477.0904869263104
2025-10-29 09:30:00+05:30,58630.0,58649.0,58459.2,58491.4,0.0,1,False,False,True,False,False,True,False,False,189.8000000000029,148.21066462504422,58186.01319511579,True,False,305.3868048842123
2025-10-29 09:45:00+05:30,58481.4,58599.0,58481.2,58549.2,3.0,1,False,False,False,False,False,False,True,False,117.80000000000291,145.1695981625401,58227.56188275531,True,False,321.6381172446854
2025-10-29 10:00:00+05:30,58549.2,58600.0,58520.0,58520.0,3.0,1,False,False,False,False,False,False,False,True,80.0,138.6526383462861,58264.23698155177,True,False,255.7630184482332
2025-10-29 10:15:00+05:30,58520.0,58636.8,58475.2,58625.0,1.0,1,True,False,False,False,True,True,True,True,161.60000000000582,140.94737451165807,58307.84061784831,True,False,317.15938215168717
2025-10-29 10:30:00+05:30,58635.0,58690.0,58590.0,58607.8,-2.0,-1,False,False,False,False,False,False,False,True,100.0,136.85263706049227,58346.97215952143,True,False,260.8278404785742
2025-10-29 10:45:00+05:30,58611.2,58634.6,58570.0,58604.2,3.0,1,False,False,False,False,False,False,False,True,64.59999999999854,129.6273733544429,58382.5876939857,True,False,221.61230601429997
2025-10-29 11:00:00+05:30,58589.8,58599.6,58539.4,58555.0,3.0,1,False,False,False,False,False,False,False,True,64.79999999999563,123.14463601899817,58410.399768729345,True,False,144.60023127065506
2025-10-29 11:15:00+05:30,58550.0,58642.0,58546.2,58615.0,3.0,1,False,False,True,False,False,False,False,True,95.80000000000291,120.41017241709865,58440.298387495306,True,False,174.7016125046939
2025-10-29 11:30:00+05:30,58615.0,58629.8,58572.2,58611.4,0.0,1,False,False,False,False,False,False,False,True,57.60000000000582,114.12915517538936,58466.590940495524,True,False,144.80905950447777
2025-10-29 11:45:00+05:30,58611.0,58641.8,58604.4,58607.8,5.0,1,False,False,False,False,False,False,False,True,37.400000000001455,106.45623965785057,58489.38799132779,True,False,118.4120086722105
2025-10-29 12:00:00+05:30,58630.0,58722.0,58615.6,58697.8,5.0,1,True,False,False,False,True,True,True,True,114.19999999999709,107.23061569206523,58517.35218817267,True,False,180.44781182733277
2025-10-29 12:15:00+05:30,58699.0,58711.8,58662.6,58698.0,5.0,1,False,False,False,False,False,False,False,True,49.200000000004366,101.42755412285915,58542.50046144262,True,False,155.4995385573784
2025-10-29 12:30:00+05:30,58695.0,58726.0,58675.6,58700.4,2.0,1,False,False,False,False,False,False,False,True,50.400000000001455,96.32479871057339,58565.15856571677,True,False,135.2414342832344
2025-10-29 12:45:00+05:30,58717.6,58719.8,58691.2,58696.4,5.0,1,False,False,False,False,False,False,False,True,28.60000000000582,89.55231883951663,58584.89365135226,True,False,111.50634864774474
2025-10-29 13:00:00+05:30,58700.0,58750.0,58657.2,58735.2,5.0,1,False,False,True,False,False,True,False,True,92.80000000000291,89.87708695556526,58605.75135485029,True,False,129.44864514970686
2025-10-29 13:15:00+05:30,58750.0,58763.0,58717.2,58739.8,5.0,1,False,False,False,False,False,False,False,True,45.80000000000291,85.46937826000902,58624.782466054465,True,False,115.01753394553816
2025-10-29 13:30:00+05:30,58735.2,58830.0,58726.4,58763.2,2.0,1,False,False,False,False,False,True,False,True,103.59999999999854,87.28244043400798,58643.82051679887,True,False,119.37948320112628
2025-10-29 13:45:00+05:30,58770.0,58798.0,58750.0,58755.0,3.0,1,False,False,False,False,False,False,False,True,48.0,83.35419639060719,58660.11644961862,True,False,94.88355038138252
2025-10-29 14:00:00+05:30,58755.0,58760.0,58692.0,58749.0,5.0,1,False,False,False,False,False,False,False,True,68.0,81.81877675154647,58673.98183573094,True,False,75.01816426905862
2025-10-29 14:15:00+05:30,58751.0,58792.0,58710.4,58778.8,5.0,1,False,False,False,False,False,False,False,True,81.59999999999854,81.79689907639167,58688.79161235628,True,False,90.0083876437202
2025-10-29 14:30:00+05:30,58764.4,58787.0,58735.6,58761.0,3.0,1,False,False,False,False,False,False,False,True,51.400000000001455,78.75720916875265,58700.348113395376,True,False,60.65188660462445
2025-10-29 14:45:00+05:30,58764.4,58770.8,58706.0,58769.2,1.0,1,False,False,False,False,False,False,False,True,64.80000000000291,77.36148825187767,58711.12348746937,True,False,58.07651253062795
2025-10-29 15:00:00+05:30,58752.4,58760.8,58727.0,58760.0,3.0,1,False,False,False,False,False,False,False,True,42.19999999999709,73.8453394266896,58719.665803252996,True,False,40.33419674700417
2025-10-29 15:15:00+05:30,58764.0,58795.4,58751.4,58790.0,3.0,1,False,False,False,False,False,False,False,True,44.0,70.86080548402064,58729.657942406484,True,False,60.342057593516074
2025-10-30 09:15:00+05:30,58600.2,58677.0,58565.6,58604.6,3.0,1,False,False,False,False,True,True,True,True,224.40000000000146,86.21472493561872,58721.68411280314,False,True,-117.08411280313885
2025-10-30 09:30:00+05:30,58601.0,58602.4,58469.0,58472.2,-1.0,-1,False,True,False,False,True,True,True,True,135.59999999999854,91.1532524420567,58700.77193368825,False,True,-228.57193368825392
2025-10-30 09:45:00+05:30,58471.2,58515.8,58375.0,58394.0,3.0,1,False,False,False,False,True,True,True,True,140.8000000000029,96.11792719785132,58672.27321075102,False,True,-278.27321075101645
2025-10-30 10:00:00+05:30,58387.4,58585.0,58375.0,58580.6,3.0,1,False,False,False,False,False,True,False,True,210.0,107.50613447806617,58660.755966297955,False,True,-80.15596629795618
2025-10-30 10:15:00+05:30,58581.0,58650.0,58530.0,58560.0,1.0,1,False,False,False,False,False,True,False,True,120.0,108.75552103025957,58647.86580180596,False,True,-87.86580180595774
2025-10-30 10:30:00+05:30,58560.2,58600.0,58510.2,58530.0,-1.0,-1,False,False,False,True,False,False,False,True,89.80000000000291,106.85996892723392,58632.99945991543,False,True,-102.99945991543063
2025-10-30 10:45:00+05:30,58536.0,58566.2,58500.0,58500.0,1.0,1,False,False,False,False,False,False,False,True,66.19999999999709,102.79397203451023,58616.372026080724,False,True,-116.37202608072403
2025-10-30 11:00:00+05:30,58501.0,58599.8,58501.0,58575.0,1.0,1,False,False,False,False,False,False,False,True,99.80000000000291,102.49457483105951,58607.69113240279,False,True,-32.69113240278966
2025-10-30 11:15:00+05:30,58577.2,58618.0,58564.0,58573.0,-1.0,-1,False,False,False,False,False,False,False,True,54.0,97.64511734795356,58600.063310072066,False,True,-27.063310072066088
2025-10-30 11:30:00+05:30,58573.0,58580.0,58529.0,58529.0,-3.0,-1,False,False,False,False,False,False,False,True,51.0,92.9806056131582,58589.65676676362,False,True,-60.65676676361909
2025-10-30 11:45:00+05:30,58525.0,58542.8,58478.2,58481.0,-1.0,-1,False,False,False,False,False,False,False,True,64.60000000000582,90.14254505184297,58576.07006975928,False,True,-95.07006975927652
2025-10-30 12:00:00+05:30,58480.2,58526.8,58477.2,58509.0,1.0,1,False,False,False,False,False,False,False,True,49.60000000000582,86.08829054665925,58566.184669341455,False,True,-57.18466934145545
2025-10-30 12:15:00+05:30,58510.2,58552.6,58451.0,58516.0,-1.0,-1,False,False,False,False,False,True,False,True,101.59999999999854,87.63946149199317,58558.07425964281,False,True,-42.07425964280992
2025-10-30 12:30:00+05:30,58520.0,58540.8,58460.0,58512.6,-3.0,-1,False,False,False,False,False,False,False,True,80.80000000000291,86.95551534279414,58550.72865346837,False,True,-38.12865346837498
2025-10-30 12:45:00+05:30,58502.0,58556.6,58501.0,58505.0,-3.0,-1,False,False,False,False,False,False,False,True,55.599999999998545,83.81996380851459,58543.68395052544,False,True,-38.683950525439286
2025-10-30 13:00:00+05:30,58507.8,58552.8,58487.2,58527.2,-1.0,-1,False,False,False,False,False,False,False,True,65.60000000000582,81.99796742766371,58539.55926788264,False,True,-12.359267882646236
2025-10-30 13:15:00+05:30,58543.0,58587.8,58504.0,58510.0,-3.0,-1,False,False,False,False,False,True,False,False,83.80000000000291,82.17817068489764,58534.685992872284,False,True,-24.68599287228426
2025-10-30 13:30:00+05:30,58520.0,58523.6,58451.0,58484.8,-3.0,-1,False,False,False,False,False,False,False,False,72.59999999999854,81.22035361640772,58528.23949467091,False,True,-43.43949467090715
2025-10-30 13:45:00+05:30,58469.0,58490.0,58430.0,58486.0,-3.0,-1,False,False,False,False,False,False,False,False,60.0,79.09831825476695,58522.547567314316,False,True,-36.54756731431553
2025-10-30 14:00:00+05:30,58484.0,58489.8,58433.2,58473.0,-1.0,-1,False,False,False,False,False,False,False,True,56.60000000000582,76.84848642929083,58516.278014188545,False,True,-43.27801418854506
2025-10-30 14:15:00+05:30,58454.8,58520.0,58435.0,58489.6,-3.0,-1,False,False,False,False,False,True,False,False,85.0,77.66363778636175,58512.08167728021,False,True,-22.48167728021508
2025-10-30 14:30:00+05:30,58497.4,58509.6,58450.0,58474.8,-3.0,-1,False,False,False,False,False,False,False,False,59.599999999998545,75.85727400772542,58507.078153896844,False,True,-32.278153896841104
2025-10-30 14:45:00+05:30,58474.8,58479.8,58398.6,58420.0,-3.0,-1,False,False,False,False,False,True,False,False,81.20000000000437,76.39154660695331,58497.606850273216,False,True,-77.60685027321597
2025-10-30 15:00:00+05:30,58419.6,58446.8,58400.6,58428.0,-1.0,-1,False,False,False,False,False,False,False,True,46.200000000004366,73.37239194625842,58489.376852885616,False,True,-61.376852885616245
2025-10-30 15:15:00+05:30,58427.8,58445.0,58417.2,58426.8,-1.0,-1,False,False,False,False,False,False,False,True,27.80000000000291,68.81515275163287,58481.5989690144,False,True,-54.79896901439497
2025-10-31 09:15:00+05:30,58362.0,58500.0,58300.0,58482.6,-5.0,-1,False,False,False,False,False,True,False,True,200.0,81.93363747646958,58479.474048501324,False,True,3.1259514986741124
2025-10-31 09:30:00+05:30,58483.2,58589.6,58451.0,58460.0,-3.0,-1,False,False,False,False,False,True,False,True,138.59999999999854,87.60027372882249,58475.87760363343,False,True,-15.877603633431136
2025-10-31 09:45:00+05:30,58465.8,58527.0,58429.2,58500.0,-1.0,-1,False,False,False,False,False,True,False,True,97.80000000000291,88.62024635594052,58476.43570347876,True,False,23.564296521239157
2025-10-31 10:00:00+05:30,58488.6,58509.0,58355.0,58385.0,-1.0,-1,False,False,False,False,False,True,False,True,154.0,95.15822172034646,58467.02491873609,False,True,-82.0249187360896
2025-10-31 10:15:00+05:30,58392.0,58392.0,58214.2,58262.0,-5.0,-1,False,True,False,False,True,True,True,True,177.8000000000029,103.42239954831211,58446.898675912315,False,True,-184.8986759123145
2025-10-31 10:30:00+05:30,58266.4,58266.4,58111.0,58199.0,-3.0,-1,False,False,False,False,True,True,True,True,155.40000000000146,108.62015959348105,58421.64045335425,False,True,-222.6404533542518
2025-10-31 10:45:00+05:30,58197.8,58215.2,58140.0,58150.2,-1.0,-1,False,False,False,False,False,False,True,True,75.19999999999709,105.27814363413265,58392.80134481808,False,True,-242.601344818082
2025-10-31 11:00:00+05:30,58159.8,58159.8,58050.2,58136.8,-1.0,-1,False,False,False,False,True,True,True,True,109.60000000000582,105.71032927071997,58363.908632901104,False,True,-227.10863290110137
2025-10-31 11:15:00+05:30,58122.0,58220.0,58110.0,58166.0,-3.0,-1,False,False,False,True,False,True,False,True,110.0,106.13929634364797,58339.14553149438,False,True,-173.14553149438143
2025-10-31 11:30:00+05:30,58166.4,58245.0,58149.8,58245.0,-1.0,-1,False,False,False,False,False,False,False,True,95.19999999999709,105.04536670928287,58323.28145367044,False,True,-78.28145367043908
2025-10-31 11:45:00+05:30,58247.0,58315.4,58224.6,58308.0,1.0,1,False,False,False,False,False,False,False,True,90.80000000000291,103.62083003835487,58314.97861789713,False,True,-6.9786178971335175
2025-10-31 12:00:00+05:30,58308.0,58360.0,58261.2,58277.6,-1.0,-1,False,False,False,False,False,False,False,True,98.80000000000291,103.13874703451965,58305.71617705461,False,True,-28.11617705460958
2025-10-31 12:15:00+05:30,58270.6,58309.2,58208.8,58225.0,-3.0,-1,False,False,False,False,False,False,False,True,100.39999999999418,102.86487233106709,58293.35028258409,False,True,-68.35028258409147
2025-10-31 12:30:00+05:30,58223.4,58316.6,58223.4,58289.2,-1.0,-1,False,False,False,False,False,False,False,True,93.19999999999709,101.89838509796009,58288.356956542826,False,True,0.8430434571710066
2025-10-31 12:45:00+05:30,58290.2,58314.8,58251.2,58260.2,1.0,1,False,False,False,False,False,False,False,True,63.60000000000582,98.06854658816465,58282.13462705374,False,True,-21.934627053742588
2025-10-31 13:00:00+05:30,58262.2,58310.0,58257.4,58260.8,-1.0,-1,False,False,False,False,False,False,False,True,52.599999999998545,93.52169192934804,58277.174587457725,False,True,-16.374587457721645
2025-10-31 13:15:00+05:30,58262.6,58300.0,58181.4,58181.4,-3.0,-1,False,False,False,False,False,True,False,True,118.59999999999854,96.02952273641309,58266.047413258384,False,True,-84.64741325838258
2025-10-31 13:30:00+05:30,58180.0,58213.0,58170.0,58188.0,-1.0,-1,False,False,False,False,False,False,False,True,43.0,90.72657046277178,58256.436202961486,False,True,-68.43620296148583
2025-10-31 13:45:00+05:30,58188.0,58239.2,58160.0,58234.4,1.0,1,False,False,False,False,False,False,False,True,79.19999999999709,89.5739134164943,58251.896686728236,False,True,-17.496686728234636
2025-10-31 14:00:00+05:30,58236.2,58273.8,58187.0,58213.8,-1.0,-1,False,False,False,False,False,False,False,True,86.80000000000291,89.29652207484517,58246.273126339205,False,True,-32.47312633920228
2025-10-31 14:15:00+05:30,58214.8,58265.0,58187.0,58265.0,-3.0,-1,False,False,False,False,False,False,False,True,78.0,88.16686986736065,58245.98507346065,False,True,19.01492653934838
2025-10-31 14:30:00+05:30,58265.0,58329.8,58259.0,58286.4,-1.0,-1,False,False,False,False,False,False,False,True,70.80000000000291,86.43018288062487,58248.22694421526,True,False,38.17305578474043
2025-10-31 14:45:00+05:30,58284.6,58284.6,58225.0,58235.2,1.0,1,False,False,False,False,False,False,False,True,61.400000000001455,83.92716459256253,58246.26996441146,False,True,-11.069964411464753
2025-10-31 15:00:00+05:30,58232.0,58232.0,58162.4,58173.4,-1.0,-1,False,False,False,False,False,False,False,True,72.79999999999563,82.81444813330585,58239.039206821304,False,True,-65.63920682130265
2025-10-31 15:15:00+05:30,58176.8,58202.8,58170.0,58189.0,-1.0,-1,False,False,False,False,False,False,False,True,32.80000000000291,77.81300331997555,58233.53106863668,False,True,-44.531068636679265
2025-10-31 15:30:00+05:30,58189.0,58189.0,58189.0,58189.0,1.0,1,False,False,False,False,False,False,False,True,0.0,70.031702987978,58228.35213689449,False,True,-39.352136894493015
2025-11-03 09:15:00+05:30,58141.8,58211.8,58080.0,58138.0,1.0,1,False,False,False,False,False,True,False,True,131.8000000000029,76.20853268918049,58218.893171308155,False,True,-80.8931713081547
2025-11-03 09:30:00+05:30,58142.6,58309.0,58083.0,58290.2,-1.0,-1,False,False,False,False,False,True,False,True,226.0,91.18767942026244,58223.629519136055,True,False,66.57048086394207
2025-11-03 09:45:00+05:30,58292.0,58379.8,58270.8,58320.0,-1.0,-1,False,False,False,False,True,True,True,True,109.0,92.9689114782362,58231.43918158922,True,False,88.56081841077685
2025-11-03 10:00:00+05:30,58320.4,58325.0,58229.0,58289.6,1.0,1,False,False,False,False,False,True,False,True,96.0,93.27202033041257,58236.706383831275,True,False,52.89361616872338
2025-11-03 10:15:00+05:30,58292.8,58349.0,58250.0,58320.0,1.0,1,False,False,False,False,False,True,False,True,99.0,93.84481829737132,58244.788742055614,True,False,75.21125794438558
2025-11-03 10:30:00+05:30,58311.8,58424.0,58298.6,58424.0,1.0,1,True,False,False,False,True,True,True,True,125.40000000000146,97.00033646763434,58262.2137320585,True,False,161.7862679414975
2025-11-03 10:45:00+05:30,58425.6,58444.4,58360.0,58399.0,-1.0,-1,False,False,False,False,False,False,True,False,84.40000000000146,95.74030282087105,58277.0604507023,True,False,121.93954929769825
2025-11-03 11:00:00+05:30,58400.0,58434.8,58378.2,58415.2,1.0,1,False,False,False,False,False,False,True,False,56.60000000000582,91.82627253878454,58292.80971756423,True,False,122.39028243576468
2025-11-03 11:15:00+05:30,58415.4,58417.4,58350.0,58378.6,1.0,1,False,False,False,False,False,False,False,False,67.40000000000146,89.38364528490624,58304.462088740554,True,False,74.13791125944408
2025-11-03 11:30:00+05:30,58373.6,58400.0,58290.0,58300.0,1.0,1,False,False,True,False,False,True,False,False,110.0,91.44528075641561,58308.0551895636,True,False,-8.055189563601743
2025-11-03 11:45:00+05:30,58291.2,58348.6,58268.6,58321.0,1.0,1,False,False,False,False,False,False,False,False,80.0,90.30075268077405,58312.592842214086,True,False,8.407157785914023
2025-11-03 12:00:00+05:30,58321.0,58356.0,58302.4,58325.0,1.0,1,False,False,False,False,False,False,False,False,53.599999999998545,86.6306774126965,58316.58923507727,True,False,8.410764922729868
2025-11-03 12:15:00+05:30,58324.0,58400.0,58324.0,58364.0,1.0,1,False,False,False,False,False,False,False,False,76.0,85.56760967142685,58323.28797149297,True,False,40.712028507026844
2025-11-03 12:30:00+05:30,58354.0,58377.8,58330.0,58358.8,1.0,1,False,False,False,False,False,False,False,False,47.80000000000291,81.79084870428446,58328.744084447586,True,False,30.05591555241699
2025-11-03 12:45:00+05:30,58374.8,58420.8,58360.6,58397.2,3.0,1,False,False,False,False,False,False,False,False,62.0,79.81176383385602,58336.96393861877,True,False,60.236061381227046
2025-11-03 13:00:00+05:30,58409.0,58441.0,58377.2,58432.0,3.0,1,False,False,False,False,False,False,True,False,63.80000000000291,78.21058745047071,58347.65927983194,True,False,84.34072016806022
2025-11-03 13:15:00+05:30,58432.0,58475.0,58405.0,58428.2,3.0,1,False,False,False,False,False,False,False,False,70.0,77.38952870542364,58357.32135080838,True,False,70.87864919161802
2025-11-03 13:30:00+05:30,58428.2,58472.6,58415.0,58440.2,3.0,1,False,False,False,False,False,False,False,False,57.599999999998545,75.41057583488114,58367.35642765695,True,False,72.8435723430448
2025-11-03 13:45:00+05:30,58440.2,58460.6,58389.4,58434.8,1.0,1,False,False,False,False,False,False,False,False,71.19999999999709,74.98951825139274,58376.161346241104,True,False,58.63865375889873
2025-11-03 14:00:00+05:30,58444.0,58468.0,58409.6,58455.0,1.0,1,False,False,False,False,False,False,False,False,58.400000000001455,73.33056642625361,58386.035988299795,True,False,68.96401170020545
2025-11-03 14:15:00+05:30,58459.0,58499.0,58440.0,58440.0,1.0,1,False,False,False,False,False,False,False,False,59.0,71.89750978362825,58393.76846947488,True,False,46.231530525117705
2025-11-03 14:30:00+05:30,58440.0,58457.0,58420.2,58440.0,1.0,1,False,False,False,False,False,False,False,False,36.80000000000291,68.38775880526572,58400.708104307654,True,False,39.29189569234586
2025-11-03 14:45:00+05:30,58440.0,58447.0,58390.8,58393.8,-1.0,-1,False,False,False,False,False,False,False,False,56.19999999999709,67.16898292473886,58402.68036556682,True,False,-8.880365566816181
2025-11-03 15:00:00+05:30,58393.0,58415.0,58354.2,58391.2,-1.0,-1,False,False,False,False,False,False,False,False,60.80000000000291,66.53208463226527,58403.69915798483,True,False,-12.49915798483562
2025-11-03 15:15:00+05:30,58394.2,58437.8,58394.2,58429.0,-1.0,-1,False,False,False,False,False,False,False,False,46.60000000000582,64.53887616903933,58407.533184915716,True,False,21.466815084284463
2025-11-04 09:15:00+05:30,58409.8,58409.8,58200.0,58205.0,-1.0,-1,False,True,False,False,True,True,True,False,229.0,80.98498855213539,58390.53123192304,False,True,-185.53123192304338
2025-11-04 09:30:00+05:30,58203.8,58203.8,58130.6,58183.8,-1.0,-1,False,False,False,False,False,False,True,False,74.40000000000146,80.326489696922,58371.29817063298,False,True,-187.49817063297814
2025-11-04 09:45:00+05:30,58175.4,58234.0,58112.0,58209.8,1.0,1,False,False,False,False,True,True,True,False,122.0,84.4938407272298,58354.49349957493,False,True,-144.69349957492523
2025-11-04 10:00:00+05:30,58203.6,58250.0,58155.2,58163.0,1.0,1,False,False,False,False,True,True,True,False,94.80000000000291,85.5244566545071,58333.864516483074,False,True,-170.8645164830741
2025-11-04 10:15:00+05:30,58155.0,58199.8,58100.0,58187.8,1.0,1,False,False,False,True,False,True,False,False,99.80000000000291,86.95201098905667,58316.22192094937,False,True,-128.42192094936763
2025-11-04 10:30:00+05:30,58195.2,58219.8,58170.0,58187.0,-3.0,-1,False,False,False,False,False,False,False,False,49.80000000000291,83.2368098901513,58299.52357649131,False,True,-112.52357649130863
2025-11-04 10:45:00+05:30,58172.6,58233.2,58145.0,58233.2,-1.0,-1,False,False,False,False,False,True,False,True,88.19999999999709,83.73312890113588,58288.22981406213,False,True,-55.029814062130754
2025-11-04 11:00:00+05:30,58232.0,58279.0,58158.2,58200.0,-1.0,-1,False,False,False,False,False,True,False,True,120.80000000000291,87.43981601102259,58275.243533850284,False,True,-75.24353385028371
2025-11-04 11:15:00+05:30,58191.4,58200.0,58146.0,58169.6,-1.0,-1,False,False,False,False,False,False,False,True,54.0,84.09583440992033,58260.8506795328,False,True,-91.25067953280086
2025-11-04 11:30:00+05:30,58172.6,58179.8,58074.8,58131.8,-5.0,-1,False,False,False,False,False,True,False,True,105.0,86.1862509689283,58244.4047163389,False,True,-112.60471633889392
2025-11-04 11:45:00+05:30,58131.8,58157.0,58102.8,58128.8,-1.0,-1,False,False,False,False,False,False,False,True,54.19999999999709,82.98762587203518,58229.08888395023,False,True,-100.28888395022659
2025-11-04 12:00:00+05:30,58118.2,58172.8,58111.6,58172.8,-1.0,-1,False,False,False,False,False,False,False,True,61.200000000004366,80.8088632848321,58219.18342590437,False,True,-46.38342590436514
2025-11-04 12:15:00+05:30,58171.0,58178.8,58125.0,58145.4,-3.0,-1,False,False,False,False,False,False,False,True,53.80000000000291,78.10797695634918,58208.17215380673,False,True,-62.77215380672715
2025-11-04 12:30:00+05:30,58126.4,58144.8,58101.0,58144.8,-3.0,-1,False,False,False,False,False,False,False,True,44.400000000001455,74.7371792607144,58198.40538753436,False,True,-53.60538753435685
2025-11-04 12:45:00+05:30,58143.6,58171.2,58125.2,58156.4,1.0,1,False,False,False,False,False,False,False,True,46.0,71.86346133464295,58190.91135656548,False,True,-34.51135656547558
2025-11-04 13:00:00+05:30,58150.2,58165.0,58125.4,58144.0,1.0,1,False,False,False,False,False,False,False,True,39.599999999998545,68.6371152011785,58183.41590265436,False,True,-39.415902654356614
2025-11-04 13:15:00+05:30,58138.6,58193.8,58091.4,58189.6,-3.0,-1,False,False,False,False,False,True,False,True,102.40000000000146,72.0134036810608,58181.07307759379,False,True,8.526922406206722
2025-11-04 13:30:00+05:30,58198.0,58220.0,58146.8,58194.4,-3.0,-1,False,False,False,False,False,True,False,True,73.19999999999709,72.13206331295443,58180.05287760984,False,True,14.347122390157892
2025-11-04 13:45:00+05:30,58195.2,58209.0,58150.0,58170.0,1.0,1,False,False,False,False,False,False,False,True,59.0,70.81885698165898,58177.543780033775,False,True,-7.543780033774965
2025-11-04 14:00:00+05:30,58170.0,58177.0,58100.0,58130.0,1.0,1,False,False,False,False,False,True,False,True,77.0,71.43697128349308,58171.98931473799,False,True,-41.98931473799166
2025-11-04 14:15:00+05:30,58128.0,58160.0,58090.0,58151.4,-3.0,-1,False,False,False,False,False,False,False,True,70.0,71.29327415514378,58168.872027542835,False,True,-17.47202754283353
2025-11-04 14:30:00+05:30,58160.0,58168.8,58122.2,58135.2,-3.0,-1,False,False,False,False,False,False,False,True,46.60000000000582,68.82394673962997,58164.72402797125,False,True,-29.524027971252508
2025-11-04 14:45:00+05:30,58130.0,58159.6,58107.2,58141.8,-1.0,-1,False,False,False,False,False,False,False,True,52.400000000001455,67.18155206566712,58161.56143350859,False,True,-19.761433508589107
2025-11-04 15:00:00+05:30,58142.0,58161.6,58123.4,58126.0,-1.0,-1,False,False,False,False,False,False,False,True,38.19999999999709,64.28339685910012,58157.31854797062,False,True,-31.318547970622603
2025-11-04 15:15:00+05:30,58140.0,58145.0,58096.4,58098.0,-5.0,-1,False,False,False,False,False,False,False,True,48.599999999998545,62.71505717318996,58150.868214419286,False,True,-52.86821441928623
2025-11-04 15:30:00+05:30,58100.0,58100.0,58100.0,58100.0,-3.0,-1,False,False,False,False,False,False,False,True,2.0,56.64355145587096,58144.944908766425,False,True,-44.944908766425215
2025-11-06 09:15:00+05:30,58099.4,58194.4,58023.0,58040.0,-1.0,-1,False,True,False,False,True,True,True,True,171.40000000000146,68.11919631028402,58133.96056013666,False,True,-93.96056013665657
2025-11-06 09:30:00+05:30,58031.2,58048.0,57945.0,57970.0,-1.0,-1,False,False,False,False,True,True,True,True,103.0,71.60727667925562,58117.07905271683,False,True,-147.0790527168283
2025-11-06 09:45:00+05:30,57957.6,58050.0,57945.8,58050.0,-5.0,-1,False,False,False,False,False,True,False,True,104.19999999999709,74.86654901132977,58108.05373051586,False,True,-58.05373051585775
2025-11-06 10:00:00+05:30,58050.0,58070.0,57902.0,57902.0,-3.0,-1,False,False,False,False,True,True,True,True,168.0,84.17989411019678,58086.34039512961,False,True,-184.34039512961317
2025-11-06 10:15:00+05:30,57901.8,57957.8,57897.0,57937.2,-1.0,-1,False,False,False,True,False,False,True,True,60.80000000000291,81.84190469917739,58068.701028126736,False,True,-131.50102812673867
2025-11-06 10:30:00+05:30,57944.0,57960.0,57915.2,57960.0,-3.0,-1,False,False,False,False,False,False,False,True,44.80000000000291,78.13771422925994,58054.21136355988,False,True,-94.21136355987983
2025-11-06 10:45:00+05:30,57960.2,57999.2,57955.4,57997.0,-5.0,-1,False,False,False,False,False,False,False,True,43.799999999995634,74.70394280633352,58044.27876492987,False,True,-47.278764929869794
2025-11-06 11:00:00+05:30,57983.0,58004.6,57925.2,57925.6,-5.0,-1,False,True,False,False,True,True,True,True,79.40000000000146,75.17354852570031,58029.110441090095,False,True,-103.51044109009672
2025-11-06 11:15:00+05:30,57927.8,57929.6,57834.4,57866.0,-3.0,-1,False,False,False,False,True,True,True,True,95.19999999999709,77.17619367312999,58009.79647950487,False,True,-143.79647950486833
2025-11-06 11:30:00+05:30,57866.0,57885.0,57839.0,57852.4,-5.0,-1,False,False,False,False,False,False,True,True,46.0,74.05857430581699,57990.58410795548,False,True,-138.1841079554797
2025-11-06 11:45:00+05:30,57845.2,57923.8,57845.2,57923.8,-3.0,-1,False,False,False,False,False,True,False,True,78.60000000000582,74.51271687523588,57979.27271428163,False,True,-55.472714281626395
2025-11-06 12:00:00+05:30,57925.0,57948.2,57880.0,57884.0,-3.0,-1,False,False,False,True,False,False,False,True,68.19999999999709,73.881445187712,57965.795758817374,False,True,-81.79575881737401
2025-11-06 12:15:00+05:30,57887.0,57911.2,57852.6,57865.6,-1.0,-1,False,False,False,False,False,False,False,True,58.599999999998545,72.35330066894065,57952.053936440454,False,True,-86.45393644045544
2025-11-06 12:30:00+05:30,57882.0,57966.4,57855.0,57927.2,-3.0,-1,False,False,False,False,False,True,False,True,111.40000000000146,76.25797060204673,57945.27443533528,False,True,-18.07443533528567
2025-11-06 12:45:00+05:30,57922.8,58035.0,57920.0,57986.8,-1.0,-1,False,False,False,False,False,True,False,True,115.0,80.13217354184205,57945.19542908098,False,True,41.60457091902208
2025-11-06 13:00:00+05:30,58000.0,58065.4,57944.4,57998.4,-3.0,-1,False,False,False,False,False,True,False,True,121.0,84.21895618765784,57947.2810809412,True,False,51.11891905880475
2025-11-06 13:15:00+05:30,57998.6,58032.6,57975.8,57992.0,-1.0,-1,False,False,False,False,False,False,False,True,56.799999999995634,81.47706056889162,57949.65803449055,True,False,42.34196550944762
2025-11-06 13:30:00+05:30,58000.2,58030.0,57950.0,57956.0,-3.0,-1,False,False,False,False,False,False,False,True,80.0,81.32935451200245,57949.402489647706,False,True,6.597510352294194
2025-11-06 13:45:00+05:30,57950.0,57966.6,57880.4,57905.0,-1.0,-1,False,False,False,False,False,True,False,True,86.19999999999709,81.81641906080192,57944.960121428776,False,True,-39.96012142877589
2025-11-06 14:00:00+05:30,57902.0,57949.6,57884.2,57941.0,-1.0,-1,False,False,False,False,False,False,False,False,65.40000000000146,80.17477715472187,57944.10884997277,False,True,-3.1088499727702583
2025-11-06 14:15:00+05:30,57946.2,57950.0,57901.6,57915.4,-1.0,-1,False,False,False,False,False,False,False,False,48.400000000001455,76.99729943924982,57941.187784044334,False,True,-25.78778404433251
2025-11-06 14:30:00+05:30,57933.0,57978.0,57933.0,57935.6,-3.0,-1,False,False,False,False,False,False,False,False,62.599999999998545,75.55756949532469,57940.2886761558,False,True,-4.688676155798021
2025-11-06 14:45:00+05:30,57945.0,57967.8,57918.0,57955.8,-1.0,-1,False,False,False,False,False,False,False,False,49.80000000000291,72.98181254579251,57941.37384303433,True,False,14.426156965673727
2025-11-06 15:00:00+05:30,57941.0,57943.8,57867.2,57880.0,-1.0,-1,False,False,False,False,False,True,False,False,88.60000000000582,74.54363129121384,57935.688313372215,False,True,-55.68831337221491
2025-11-06 15:15:00+05:30,57885.0,57902.8,57867.0,57887.8,-3.0,-1,False,False,False,False,False,False,False,False,35.80000000000291,70.66926816209275,57930.81283003538,False,True,-43.01283003537537
2025-11-07 09:15:00+05:30,57800.0,57800.0,57450.4,57525.2,-3.0,-1,False,True,False,False,True,True,True,False,437.40000000000146,107.34234134588363,57893.22057891117,False,True,-368.02057891117147
2025-11-07 09:30:00+05:30,57537.0,57638.0,57492.2,57609.8,1.0,1,False,False,False,False,True,True,True,True,145.8000000000029,111.18810721129555,57863.76625546117,False,True,-253.9662554611641
2025-11-07 09:45:00+05:30,57610.0,57688.0,57518.0,57580.0,1.0,1,False,False,False,False,True,True,True,True,170.0,117.069296490166,57832.563887177595,False,True,-252.56388717759546
2025-11-07 10:00:00+05:30,57580.0,57600.0,57540.0,57585.2,-1.0,-1,False,False,False,False,False,False,True,True,60.0,111.3623668411494,57803.19088340982,False,True,-217.99088340982416
2025-11-07 10:15:00+05:30,57574.0,57645.0,57551.8,57638.8,-1.0,-1,False,False,False,True,False,False,False,True,93.19999999999709,109.54613015703417,57780.39376913436,False,True,-141.593769134357
2025-11-07 10:30:00+05:30,57640.0,57816.4,57623.6,57790.0,1.0,1,False,False,False,False,True,True,True,True,192.8000000000029,117.87151714133105,57773.26110422228,False,True,16.738895777722064
2025-11-07 10:45:00+05:30,57787.8,57813.8,57678.0,57678.0,1.0,1,False,False,False,False,False,True,False,True,135.8000000000029,119.66436542719823,57757.94138039307,False,True,-79.9413803930729
2025-11-07 11:00:00+05:30,57682.2,57900.0,57670.0,57887.0,-1.0,-1,False,False,False,False,True,True,True,True,230.0,130.69792888447842,57763.44983426301,True,False,123.55016573698958
2025-11-07 11:15:00+05:30,57893.8,57988.0,57858.2,57975.8,-1.0,-1,False,False,False,False,False,False,True,True,129.8000000000029,130.60813599603085,57778.671559413844,True,False,197.12844058615883
2025-11-07 11:30:00+05:30,57975.0,58098.6,57975.0,58079.8,1.0,1,False,False,False,False,False,False,True,True,123.59999999999854,129.90732239642762,57804.520093524035,True,False,275.27990647596744
2025-11-07 11:45:00+05:30,58079.0,58125.0,57982.8,57995.0,3.0,1,True,False,False,False,True,True,True,True,142.1999999999971,131.13659015678456,57823.270751954326,True,False,171.72924804567447
2025-11-07 12:00:00+05:30,58000.0,58040.0,57989.2,58021.0,1.0,1,False,False,False,False,False,False,True,True,50.80000000000291,123.10293114110641,57844.37949964238,True,False,176.62050035761786
2025-11-07 12:15:00+05:30,58020.8,58060.8,57992.6,58018.8,1.0,1,False,False,False,False,False,False,True,True,68.20000000000437,117.61263802699621,57864.80151026051,True,False,153.99848973948974
2025-11-07 12:30:00+05:30,58014.2,58101.2,58014.2,58090.0,3.0,1,False,False,False,False,False,False,True,True,87.0,114.5513742242966,57890.76780010297,True,False,199.2321998970292
2025-11-07 12:45:00+05:30,58098.2,58200.0,58075.0,58156.6,3.0,1,False,False,True,False,True,True,True,True,125.0,115.59623680186694,57921.48148956871,True,False,235.1185104312899
2025-11-07 13:00:00+05:30,58179.8,58220.0,58129.4,58165.0,1.0,1,False,False,False,False,False,False,True,True,90.59999999999854,113.0966131216801,57951.28766411512,True,False,213.71233588487667
2025-11-07 13:15:00+05:30,58159.2,58299.0,58145.6,58265.6,1.0,1,False,False,False,False,True,True,True,True,153.40000000000146,117.12695180951224,57988.21746970228,True,False,277.3825302977202
2025-11-07 13:30:00+05:30,58265.8,58282.4,58235.2,58263.2,3.0,1,False,False,False,False,False,False,True,True,47.200000000004366,110.13425662856146,58022.62896867893,True,False,240.57103132106568
2025-11-07 13:45:00+05:30,58258.6,58292.0,58130.0,58140.0,3.0,1,False,False,False,False,False,True,False,True,162.0,115.32083096570531,58043.29755112806,True,False,96.70244887193985
2025-11-07 14:00:00+05:30,58145.0,58150.0,58066.0,58120.2,3.0,1,False,False,False,False,False,False,False,True,84.0,112.18874786913477,58059.512829186795,True,False,60.6871708132021
2025-11-07 14:15:00+05:30,58125.0,58265.0,58112.2,58234.0,3.0,1,False,False,False,False,False,True,False,True,152.8000000000029,116.24987308222157,58083.49026872182,True,False,150.50973127817997
2025-11-07 14:30:00+05:30,58230.4,58266.0,58195.8,58217.2,1.0,1,False,False,False,False,False,False,False,True,70.19999999999709,111.6448857739991,58103.49246255214,True,False,113.70753744785907
2025-11-07 14:45:00+05:30,58216.6,58216.6,58141.2,58180.0,2.0,1,False,False,False,False,False,False,False,True,76.0,108.0803971965992,58117.756757642965,True,False,62.24324235703534
2025-11-07 15:00:00+05:30,58180.0,58191.0,58105.0,58170.0,3.0,1,False,False,False,False,False,False,False,True,86.0,105.87235747693926,58128.913425340375,True,False,41.0865746596246
2025-11-07 15:15:00+05:30,58171.0,58229.0,58169.0,58219.0,3.0,1,False,False,False,False,False,False,False,True,60.0,101.28512172924533,58142.534780016584,True,False,76.46521998341632
2025-11-07 15:30:00+05:30,58217.2,58217.2,58217.2,58217.2,1.0,1,False,False,False,False,False,False,False,True,1.8000000000029104,91.3366095563211,58154.22208723756,True,False,62.97791276243515
2025-11-10 09:15:00+05:30,58200.0,58358.0,58158.8,58242.2,2.0,1,False,False,False,False,False,True,False,True,199.1999999999971,102.12294860068869,58166.580793819296,True,False,75.61920618070144
2025-11-10 09:30:00+05:30,58248.8,58320.2,58233.0,58269.6,3.0,1,False,False,False,False,False,False,False,True,87.19999999999709,100.63065374061952,58179.98311535168,True,False,89.61688464831968
2025-11-10 09:45:00+05:30,58269.6,58330.0,58235.2,58242.4,3.0,1,False,False,False,False,False,False,False,True,94.80000000000291,100.04758836655786,58189.588349080725,True,False,52.81165091927687
2025-11-10 10:00:00+05:30,58241.0,58297.8,58200.2,58274.0,1.0,1,False,False,False,False,False,False,False,True,97.60000000000582,99.80282952990265,58200.829735366126,True,False,73.17026463387447
2025-11-10 10:15:00+05:30,58281.0,58349.0,58277.4,58310.0,2.0,1,False,False,False,False,False,False,False,True,75.0,97.32254657691239,58214.198570619,True,False,95.80142938099743
2025-11-10 10:30:00+05:30,58310.0,58344.4,58263.2,58282.8,3.0,1,False,False,False,False,False,False,False,True,81.20000000000437,95.71029191922159,58224.00451312757,True,False,58.795486872433685
2025-11-10 10:45:00+05:30,58270.0,58293.8,58240.0,58285.0,3.0,1,False,False,False,False,False,False,False,True,53.80000000000291,91.51926272729972,58232.9461351566,True,False,52.05386484340124
2025-11-10 11:00:00+05:30,58277.8,58317.0,58276.0,58310.8,-1.0,-1,False,False,False,False,False,False,False,True,41.0,86.46733645456975,58243.21674635812,True,False,67.58325364188204
2025-11-10 11:15:00+05:30,58296.8,58383.8,58296.8,58344.6,0.0,-1,False,False,False,False,True,True,True,True,87.0,86.52060280911277,58255.58023191828,True,False,89.01976808172185
2025-11-10 11:30:00+05:30,58342.8,58350.0,58285.2,58306.6,3.0,1,False,False,False,False,False,False,False,True,64.80000000000291,84.34854252820179,58263.52955268405,True,False,43.07044731594942
2025-11-10 11:45:00+05:30,58310.2,58340.0,58271.4,58275.2,5.0,1,False,False,False,False,False,False,False,True,68.59999999999854,82.77368827538146,58267.67817050504,True,False,7.521829494959093
2025-11-10 12:00:00+05:30,58283.0,58309.6,58271.6,58288.2,1.0,1,False,False,False,False,False,False,False,True,38.0,78.29631944784332,58272.126306408725,True,False,16.073693591271876
2025-11-10 12:15:00+05:30,58282.8,58340.0,58282.8,58322.6,2.0,1,False,False,False,False,False,False,False,True,57.19999999999709,76.18668750305869,58278.91007048454,True,False,43.68992951545806
2025-11-10 12:30:00+05:30,58340.0,58359.8,58308.6,58359.4,3.0,1,False,False,False,False,False,False,True,True,51.200000000004366,73.68801875275327,58288.31402839691,True,False,71.08597160309
2025-11-10 12:45:00+05:30,58359.4,58364.2,58340.0,58351.0,3.0,1,False,False,False,False,False,False,False,True,24.19999999999709,68.73921687747765,58296.25910055873,True,False,54.74089944126899
2025-11-10 13:00:00+05:30,58350.0,58360.0,58301.2,58305.0,1.0,1,False,False,False,False,False,False,False,True,58.80000000000291,67.74529518973017,58299.33805824097,True,False,5.6619417590263765
2025-11-10 13:15:00+05:30,58300.0,58338.2,58280.6,58337.0,1.0,1,False,False,False,False,False,False,False,True,57.599999999998545,66.73076567075701,58304.667535842185,True,False,32.332464157814684
2025-11-10 13:30:00+05:30,58338.0,58340.8,58250.0,58250.0,3.0,1,False,False,False,False,False,True,False,True,90.80000000000291,69.1376891036816,58301.5159860552,False,True,-51.51598605520121
2025-11-10 13:45:00+05:30,58250.0,58298.0,58227.4,58250.0,3.0,1,False,False,False,False,False,True,False,True,70.59999999999854,69.28392019331329,58297.8704003676,False,True,-47.870400367603
2025-11-10 14:00:00+05:30,58247.0,58299.0,58247.0,58295.0,1.0,1,False,False,False,False,False,False,False,True,52.0,67.55552817398197,58297.969664790835,True,False,-2.9696647908349405
2025-11-10 14:15:00+05:30,58295.0,58356.0,58295.0,58341.2,-1.0,-1,False,False,False,False,False,False,False,True,61.0,66.89997535658378,58302.04172239089,True,False,39.158277609109064
2025-11-10 14:30:00+05:30,58340.0,58348.0,58303.6,58306.4,1.0,1,False,False,False,False,False,False,False,True,44.400000000001455,64.64997782092556,58302.785214478215,True,False,3.6147855217859615
2025-11-10 14:45:00+05:30,58308.8,58325.0,58273.8,58280.2,1.0,1,False,False,False,False,False,False,False,True,51.19999999999709,63.30498003883271,58301.00283531851,False,True,-20.802835318514553
2025-11-10 15:00:00+05:30,58285.8,58307.0,58250.0,58265.0,-1.0,-1,False,False,False,False,False,False,False,True,57.0,62.674482034949435,58297.74779140728,False,True,-32.7477914072806
2025-11-10 15:15:00+05:30,58254.0,58273.0,58218.0,58220.6,-3.0,-1,False,False,False,False,False,False,True,True,55.0,61.907033831454484,58290.44756096649,False,True,-69.84756096648925
2025-11-11 09:15:00+05:30,58220.6,58289.8,58060.2,58112.0,-1.0,-1,False,True,False,False,True,True,True,True,229.60000000000582,78.67633044830961,58273.387218217664,False,True,-161.38721821766376
2025-11-11 09:30:00+05:30,58108.0,58108.0,57990.0,58097.2,-1.0,-1,False,False,False,False,True,True,True,True,122.0,83.00869740347865,58255.271548059405,False,True,-158.0715480594081
2025-11-11 09:45:00+05:30,58105.0,58110.0,57942.0,58033.2,-1.0,-1,False,False,False,False,True,True,True,True,168.0,91.50782766313078,58231.905454212516,False,True,-198.70545421251882
2025-11-11 10:00:00+05:30,58032.0,58040.0,57965.2,57965.2,-3.0,-1,False,False,False,False,False,False,True,True,74.80000000000291,89.837044896818,58203.215417561776,False,True,-238.01541756177903
2025-11-11 10:15:00+05:30,57961.2,57984.8,57908.6,57924.8,-1.0,-1,False,False,False,True,False,False,True,True,76.20000000000437,88.47334040713665,58172.042542445044,False,True,-247.24254244504118
2025-11-11 10:30:00+05:30,57910.8,57951.2,57862.2,57897.6,-1.0,-1,False,False,False,False,True,True,True,True,89.0,88.52600636642299,58139.94222102037,False,True,-242.34222102037165
2025-11-11 10:45:00+05:30,57888.0,57978.0,57873.0,57978.0,-1.0,-1,False,False,False,False,False,True,False,True,105.0,90.17340572978068,58117.0073759747,False,True,-139.00737597470288
2025-11-11 11:00:00+05:30,57978.0,57995.0,57928.0,57957.4,-3.0,-1,False,False,False,False,False,False,False,True,67.0,87.85606515680261,58094.30083056055,False,True,-136.90083056054573
2025-11-11 11:15:00+05:30,57955.0,57989.8,57913.4,57985.0,-1.0,-1,False,False,False,False,False,False,False,True,76.40000000000146,86.7104586411225,58076.28923086529,False,True,-91.28923086528812
2025-11-11 11:30:00+05:30,57975.0,58040.0,57952.2,58032.0,1.0,1,False,False,False,False,False,True,False,True,87.80000000000291,86.81941277701054,58064.74640930287,False,True,-32.746409302868415
2025-11-11 11:45:00+05:30,58039.2,58124.4,58015.0,58080.0,1.0,1,False,False,False,False,False,True,False,True,109.40000000000146,89.07747149930962,58059.658198431745,False,True,20.341801568254596
2025-11-11 12:00:00+05:30,58080.0,58120.0,58063.4,58080.0,-1.0,-1,False,False,False,False,False,False,False,True,56.599999999998545,85.82972434937851,58056.44874701358,False,True,23.551252986420877
2025-11-11 12:15:00+05:30,58094.8,58149.0,58073.4,58143.4,-1.0,-1,False,False,False,False,False,False,True,True,75.59999999999854,84.80675191444051,58060.576588253665,True,False,82.8234117463362
2025-11-11 12:30:00+05:30,58150.0,58200.0,58130.0,58159.0,1.0,1,False,False,False,False,False,False,True,True,70.0,83.32607672299646,58067.36181803913,True,False,91.63818196087232
2025-11-11 12:45:00+05:30,58162.2,58192.8,58125.2,58150.0,1.0,1,False,False,False,False,False,False,False,True,67.60000000000582,81.7534690506974,58074.18145709748,True,False,75.81854290251795
2025-11-11 13:00:00+05:30,58155.0,58229.8,58131.2,58225.0,1.0,1,True,False,False,False,True,True,True,True,98.60000000000582,83.43812214562824,58088.28314636815,True,False,136.71685363184952
2025-11-11 13:15:00+05:30,58225.0,58337.8,58225.0,58290.0,1.0,1,False,False,False,False,True,True,True,True,112.80000000000291,86.37430993106571,58108.38878520558,True,False,181.61121479442227
2025-11-11 13:30:00+05:30,58300.4,58364.6,58285.2,58310.8,3.0,1,False,False,False,False,False,False,True,True,79.40000000000146,85.67687893795929,58130.07621552088,True,False,180.72378447912342
2025-11-11 13:45:00+05:30,58328.2,58400.0,58302.2,58320.0,3.0,1,False,False,False,False,True,True,True,True,97.80000000000291,86.88919104416365,58151.885697360136,True,False,168.11430263986404
2025-11-11 14:00:00+05:30,58310.2,58343.2,58278.0,58302.6,3.0,1,False,False,True,False,False,False,False,True,65.19999999999709,84.720271939747,58171.052746924586,True,False,131.5472530754123
2025-11-11 14:15:00+05:30,58294.8,58366.8,58285.6,58366.6,3.0,1,False,False,False,False,False,False,True,True,81.20000000000437,84.36824474577273,58194.692224512895,True,False,171.9077754871032
2025-11-11 14:30:00+05:30,58368.8,58380.8,58298.4,58317.4,5.0,1,False,False,False,False,False,False,False,True,82.40000000000146,84.1714202711956,58212.3231745434,True,False,105.07682545659918
2025-11-11 14:45:00+05:30,58321.0,58354.4,58309.0,58328.0,4.0,1,False,False,False,False,False,False,False,True,45.400000000001455,80.2942782440762,58229.217858410004,True,False,98.78214158999617
2025-11-11 15:00:00+05:30,58323.0,58374.4,58323.0,58365.0,4.0,1,False,False,False,False,False,False,False,True,51.400000000001455,77.40485041966872,58247.719576734235,True,False,117.28042326576542
2025-11-11 15:15:00+05:30,58363.4,58398.8,58347.0,58392.0,4.0,1,False,False,False,False,False,False,True,True,51.80000000000291,74.84436537770213,58266.899849973466,True,False,125.10015002653381
