time,open,high,low,close,Kernel Regression Estimate,Buy,Sell,StopBuy,StopSell,🚫
1741064400,48514.95,48579.95,48467.1,48470,48426.3395272973,NaN,NaN,NaN,NaN,0
1741065300,48469.95,48516,48446.65,48490,48434.435270448535,NaN,NaN,NaN,NaN,0
1741066200,48497.65,48560,48482.25,48490,48441.9118018934,NaN,NaN,NaN,NaN,0
1741067100,48490,48515.8,48455.55,48480,48447.85993304799,NaN,NaN,NaN,NaN,0
1741068000,48480,48504,48402.1,48410.45,48446.86789378067,NaN,NaN,NaN,NaN,0
1741068900,48410.05,48432,48352.05,48430,48447.0338904253,NaN,NaN,NaN,NaN,0
1741069800,48432,48444,48374.05,48374.05,48441.63036420352,NaN,NaN,NaN,NaN,0
1741070700,48379.25,48456.45,48355.15,48448.45,48442.47074683952,NaN,NaN,NaN,NaN,0
1741071600,48442.4,48490,48442.4,48450,48443.249462585576,NaN,NaN,NaN,NaN,0
1741072500,48451.05,48466,48427.05,48432.5,48442.27339126969,NaN,NaN,NaN,NaN,0
1741073400,48434.4,48465,48379.8,48464.95,48444.21261735557,NaN,NaN,NaN,NaN,0
1741074300,48464.95,48485,48441.15,48460.2,48445.591153900634,NaN,NaN,NaN,NaN,0
1741075200,48465,48500,48410,48457.95,48446.87734911713,NaN,NaN,NaN,NaN,0
1741076100,48457.95,48519.55,48440.95,48505.2,48452.38787525472,NaN,NaN,NaN,NaN,0
1741077000,48502.2,48585.65,48482,48549.5,48461.93849706358,NaN,NaN,NaN,NaN,0
1741077900,48547.9,48550.9,48496.1,48510.6,48467.68650301415,NaN,NaN,NaN,NaN,0
1741078800,48512.95,48512.95,48421.85,48424.7,48465.215532510825,NaN,NaN,NaN,NaN,0
1741079700,48422.15,48423.05,48360,48380.7,48458.49311010931,NaN,NaN,NaN,NaN,0
1741080600,48383,48435,48363.25,48426.65,48455.80684961482,NaN,NaN,NaN,NaN,0
1741081500,48425.05,48540,48425.05,48492,48458.99771977055,NaN,NaN,NaN,NaN,0
1741146300,48492,48700,48433.15,48690,48480.156381996945,NaN,NaN,NaN,NaN,0
1741147200,48700,48748.45,48650,48721,48503.91857551841,NaN,NaN,NaN,NaN,0
1741148100,48721,48879.95,48712.15,48780.1,48532.69042124584,NaN,NaN,NaN,NaN,0
1741149000,48792.55,48829.95,48700.1,48710.6,48553.886260386855,NaN,NaN,NaN,NaN,0
1741149900,48722.3,48724,48599.05,48677,48570.850162138275,NaN,NaN,NaN,NaN,0
1741150800,48676.35,48749,48662.35,48693.55,48588.08142913618,NaN,NaN,NaN,NaN,0
1741151700,48695.75,48709.35,48650,48675,48601.942960759065,NaN,NaN,NaN,NaN,0
1741152600,48670,48710.05,48625.4,48672.45,48614.08091734901,NaN,NaN,NaN,NaN,0
1741153500,48670.15,48712.35,48660,48701,48627.24303477607,NaN,NaN,NaN,NaN,0
1741154400,48701,48811.9,48685.8,48778.1,48645.92881992963,NaN,NaN,NaN,NaN,0
1741155300,48789,48810,48764,48790.6,48664.26508978401,NaN,NaN,NaN,NaN,0
1741156200,48789.5,48810,48772,48797.2,48681.757597538526,NaN,NaN,NaN,NaN,0
1741157100,48787.35,48807.45,48757.05,48773.1,48695.46651184281,NaN,NaN,NaN,NaN,0
1741158000,48773.05,48808,48736.65,48736.65,48704.39489478562,NaN,NaN,NaN,NaN,0
1741158900,48746.2,48753.45,48673.05,48700,48708.44219267519,NaN,NaN,NaN,NaN,0
1741159800,48704,48731.35,48628.2,48690.15,48710.32769325065,NaN,NaN,NaN,NaN,0
1741160700,48700,48721.15,48651.1,48662.9,48708.690701855914,NaN,NaN,NaN,NaN,0
1741161600,48661,48675,48577.1,48615.05,48701.81388825184,NaN,NaN,NaN,NaN,0
1741162500,48604.05,48687,48601.45,48669.05,48699.309850543,NaN,NaN,NaN,NaN,0
1741163400,48669.2,48674.8,48631.15,48655.95,48695.29983919276,NaN,NaN,NaN,NaN,0
1741164300,48656,48673,48595,48673,48692.65684930009,NaN,NaN,NaN,NaN,0
1741165200,48673,48736.9,48640.2,48726.95,48694.91167574963,NaN,NaN,NaN,NaN,0
1741166100,48726,48745.65,48688.85,48736.85,48698.22520630208,NaN,NaN,NaN,NaN,0
1741167000,48737.4,48757.65,48702.1,48713.55,48699.602675404,NaN,NaN,NaN,NaN,0
1741167900,48716.1,48729.95,48677.05,48729.95,48702.56389679472,NaN,NaN,NaN,NaN,0
1741168800,48730,48730,48730,48730,48705.465794774005,NaN,NaN,NaN,NaN,0
1741232700,48894.7,49099.9,48750.5,48760.2,48710.999505895365,NaN,NaN,NaN,NaN,0
1741233600,48768.5,48794.9,48644.6,48691.9,48709.96567621307,NaN,NaN,NaN,NaN,0
1741234500,48699.65,48725,48526,48670,48706.81184220166,NaN,NaN,NaN,NaN,0
1741235400,48660,48760,48629,48719.7,48708.05906448949,NaN,NaN,NaN,NaN,0
1741236300,48720,48775,48688.7,48772,48714.12711972837,NaN,NaN,NaN,NaN,0
1741237200,48772.05,48801,48719.1,48774.6,48720.3613349392,NaN,NaN,NaN,NaN,0
1741238100,48774.7,48784.45,48701,48703.4,48719.87636246619,NaN,NaN,NaN,NaN,0
1741239000,48700.95,48861.15,48688,48819,48729.72831492867,NaN,NaN,NaN,NaN,0
1741239900,48822.7,48826.05,48640.95,48675,48726.17614823273,NaN,NaN,NaN,NaN,0
1741240800,48667.7,48725,48641.9,48715.4,48725.979681261124,NaN,NaN,NaN,NaN,0
1741241700,48720.2,48780,48720,48740.05,48727.71978652732,NaN,NaN,NaN,NaN,0
1741242600,48740.05,48788.85,48720,48735,48728.81553348949,NaN,NaN,NaN,NaN,0
1741243500,48730,48771.55,48730,48750.7,48731.18031326984,NaN,NaN,NaN,NaN,0
1741244400,48751.75,48795.25,48731.25,48764.55,48734.68988352062,NaN,NaN,NaN,NaN,0
1741245300,48768.15,48794.05,48723.7,48744.25,48736.22398958318,NaN,NaN,NaN,NaN,0
1741246200,48739.6,48789.2,48735,48766.6,48739.65436343682,NaN,NaN,NaN,NaN,0
1741247100,48763.2,48782.65,48743.5,48759.6,48742.25712188754,NaN,NaN,NaN,NaN,0
1741248000,48751.1,48782,48728.5,48741.55,48743.0321637336,NaN,NaN,NaN,NaN,0
1741248900,48740,48788,48735.15,48740.15,48743.52535875782,NaN,NaN,NaN,NaN,0
1741249800,48740.1,48812,48725.35,48778.05,48747.208852486896,NaN,NaN,NaN,NaN,0
1741250700,48770,48821.95,48765,48768.15,48749.82779868174,NaN,NaN,NaN,NaN,0
1741251600,48757.3,48817,48757.3,48802.6,48755.36903365784,NaN,NaN,NaN,NaN,0
1741252500,48802.1,48817,48751.8,48769.25,48757.57981342,NaN,NaN,NaN,NaN,0
1741253400,48771.25,48798,48742.85,48790.35,48761.466651953204,NaN,NaN,NaN,NaN,0
1741254300,48794.95,48795,48772,48786.55,48764.78738319091,NaN,NaN,NaN,NaN,0
1741255200,48786,48786,48786,48786,48767.76178183764,NaN,NaN,NaN,NaN,0
1741319100,48626,48785,48577.95,48614,48754.773090253744,NaN,NaN,NaN,NaN,0
1741320000,48599,48671.9,48536.05,48594.7,48739.8268212841,NaN,NaN,NaN,NaN,0
1741320900,48594.7,48683.35,48552,48683.35,48733.15173980206,NaN,NaN,NaN,NaN,0
1741321800,48681.35,48790.35,48641,48769.65,48734.649799925726,NaN,NaN,NaN,NaN,0
1741322700,48788.6,48877,48750.75,48830.05,48741.9146098784,NaN,NaN,NaN,NaN,0
1741323600,48837.35,48896.35,48812,48822.05,48748.64250109392,NaN,NaN,NaN,NaN,0
1741324500,48826.35,48867.95,48732,48732,48747.29311462783,NaN,NaN,NaN,NaN,0
1741325400,48732,48860,48712.35,48841.95,48756.11915572176,NaN,NaN,NaN,NaN,0
1741326300,48842.05,48881.8,48775.8,48782.3,48759.31809900292,NaN,NaN,NaN,NaN,0
1741327200,48786.15,48819.95,48751.1,48781.4,48762.48568442454,NaN,NaN,NaN,NaN,0
1741328100,48777.55,48780.55,48680,48685,48756.58337400182,NaN,NaN,NaN,NaN,0
1741329000,48680,48692.65,48613.05,48657.5,48747.95405189112,NaN,NaN,NaN,NaN,0
1741329900,48654.4,48699.95,48625,48675.8,48740.94509943383,NaN,NaN,NaN,NaN,0
1741330800,48673.4,48737.95,48665.05,48684.55,48734.79603182978,NaN,NaN,NaN,NaN,0
1741331700,48685.05,48689.8,48588.7,48641.2,48724.876678341,NaN,NaN,NaN,NaN,0
1741332600,48641.2,48641.2,48560.25,48575.5,48709.32040022432,NaN,NaN,NaN,NaN,0
1741333500,48580.4,48675,48575,48665.6,48702.45759420321,NaN,NaN,NaN,NaN,0
1741334400,48660,48674.95,48623.45,48641.15,48694.02585517084,NaN,NaN,NaN,NaN,0
1741335300,48640.05,48643.2,48510,48542.85,48677.362856665786,NaN,NaN,NaN,NaN,0
1741336200,48554.95,48594.95,48550.15,48585.7,48665.428023463326,NaN,NaN,NaN,NaN,0
1741337100,48592,48645,48575.45,48645,48659.794096277015,NaN,NaN,NaN,NaN,0
1741338000,48647,48731.6,48640.25,48720.05,48661.98041677052,NaN,NaN,NaN,NaN,0
1741338900,48721.55,48771,48709.3,48768,48669.34367711519,NaN,NaN,NaN,NaN,0
1741339800,48758.65,48774.75,48686.45,48700,48671.18300385084,NaN,NaN,NaN,NaN,0
1741340700,48699.8,48700,48625,48626.05,48666.6645721139,NaN,NaN,NaN,NaN,0
1741341600,48625,48625,48625,48625,48662.3677562515,NaN,NaN,NaN,NaN,0
1741578300,48489.9,48666.3,48489.9,48635.7,48659.32038009696,NaN,NaN,NaN,NaN,0
1741579200,48648.95,48695,48540.35,48694,48662.04347151214,NaN,NaN,NaN,NaN,0
1741580100,48694,48702.95,48620,48654,48661.272120886155,NaN,NaN,NaN,NaN,0
1741581000,48662.85,48668,48564,48579.95,48653.7060883757,NaN,NaN,NaN,NaN,0
1741581900,48573.1,48615.65,48526.5,48589.9,48647.066521793764,NaN,NaN,NaN,NaN,0
1741582800,48580,48650,48560,48650,48646.062142860465,NaN,NaN,NaN,NaN,0
1741583700,48649.95,48669.95,48615.05,48625,48643.05983390009,NaN,NaN,NaN,NaN,0
1741584600,48615.05,48624.45,48568.35,48602.15,48638.34810208453,NaN,NaN,NaN,NaN,0
1741585500,48583.05,48601.05,48555.95,48575.65,48631.34572880628,NaN,NaN,NaN,NaN,0
1741586400,48578.85,48653.95,48578.85,48633.25,48630.01673066831,NaN,NaN,NaN,NaN,0
1741587300,48636.65,48644,48580.05,48583.45,48624.49693934824,NaN,NaN,NaN,NaN,0
1741588200,48583.4,48606.5,48560.35,48567.05,48617.95456033587,NaN,NaN,NaN,NaN,0
1741589100,48565.2,48620,48532,48609,48615.64043379924,NaN,NaN,NaN,NaN,0
1741590000,48613,48650,48601.2,48603.5,48613.182202205746,NaN,NaN,NaN,NaN,0
1741590900,48605.1,48646.2,48590.55,48630.75,48613.56469219832,NaN,NaN,NaN,NaN,0
1741591800,48637.55,48685,48620,48645.35,48615.65720482591,NaN,NaN,NaN,NaN,0
1741592700,48657.8,48670,48640.25,48659.3,48619.33650057359,NaN,NaN,NaN,NaN,0
1741593600,48659.1,48674.1,48602,48603.05,48617.893498345315,NaN,NaN,NaN,NaN,0
1741594500,48603,48619.5,48562.95,48616,48617.74411117472,NaN,NaN,NaN,NaN,0
1741595400,48618,48636,48595.4,48616.65,48617.82427820508,NaN,NaN,NaN,NaN,0
1741596300,48605.55,48616,48260.25,48273,48586.513395502836,NaN,NaN,NaN,NaN,0
1741597200,48260,48355.25,48220,48309.3,48558.676092442656,NaN,NaN,NaN,NaN,0
1741598100,48307.35,48353.3,48270.6,48337,48533.96395042471,NaN,NaN,NaN,NaN,0
1741599000,48345.15,48364,48290.45,48332.05,48509.814171786515,NaN,NaN,NaN,NaN,0
1741599900,48336.95,48360,48250,48260,48480.55710976169,NaN,NaN,NaN,NaN,0
1741600800,48251,48251,48251,48251,48452.21450306103,NaN,NaN,NaN,NaN,0
1741664700,47999.95,48066.05,47751.6,47830,48387.38646223202,NaN,NaN,NaN,NaN,0
1741665600,47830,47915,47766.7,47900,48331.33333031707,NaN,NaN,NaN,NaN,0
1741666500,47896.85,47956,47846,47915,48279.64358370437,NaN,NaN,NaN,NaN,0
1741667400,47924.85,47949,47880.05,47919,48231.93007963073,NaN,NaN,NaN,NaN,0
1741668300,47918.25,47989.85,47890.8,47955,48191.47185867952,NaN,NaN,NaN,NaN,0
1741669200,47961.65,48013.75,47908,48013.7,48160.385284964315,NaN,NaN,NaN,NaN,0
1741670100,48011.8,48115,47984.6,48090,48140.19609692665,NaN,NaN,NaN,NaN,0
1741671000,48090,48150,48025.55,48050.2,48120.21266003535,NaN,NaN,NaN,NaN,0
1741671900,48050,48056.9,47970,48010,48100.047856437246,NaN,NaN,NaN,NaN,0
1741672800,48001.25,48036.15,47966.2,48000,48082.116372225806,NaN,NaN,NaN,NaN,0
1741673700,47998.75,48045,47985.05,48038.7,48070.418075774745,NaN,NaN,NaN,NaN,0
1741674600,48020,48033.3,47940,47969.8,48054.93358312032,NaN,NaN,NaN,NaN,0
1741675500,47973.95,48000,47930.55,47979.6,48042.453514208384,NaN,NaN,NaN,NaN,0
1741676400,47979.6,48035,47963.1,48025,48035.88300511542,NaN,NaN,NaN,NaN,0
1741677300,48021.6,48031.05,47974.95,47990.75,48027.7532204293,NaN,NaN,NaN,NaN,0
1741678200,47980.05,47988,47929.1,47961,48018.175216664735,NaN,NaN,NaN,NaN,0
1741679100,47970,48044,47948.55,48036.1,48016.55205357359,NaN,NaN,NaN,NaN,0
1741680000,48033.95,48049.5,48000,48049,48017.03199406392,NaN,NaN,NaN,NaN,0
1741680900,48048,48120.2,48023.8,48119.2,48024.70810560979,NaN,NaN,NaN,NaN,0
1741681800,48119,48150,48080,48105,48031.529472326896,NaN,NaN,NaN,NaN,0
1741682700,48105,48136.5,48072.35,48072.4,48035.57618986254,NaN,NaN,NaN,NaN,0
1741683600,48066.5,48090.6,48005,48011,48034.453503336656,NaN,NaN,NaN,NaN,0
1741684500,48012.45,48040,47900,47956.95,48028.17667604662,NaN,NaN,NaN,NaN,0
1741685400,47960,47990,47950,47979.95,48023.8334748274,NaN,NaN,NaN,NaN,0
1741686300,47980,48059.4,47978.3,48059.4,48026.700038494106,NaN,NaN,NaN,NaN,0
1741687200,48060,48060,48060,48060,48029.68585709959,NaN,NaN,NaN,NaN,0
1741751100,48055.05,48216,48005.3,48140.3,48039.92646092251,NaN,NaN,NaN,NaN,0
1741752000,48139.1,48282,48109.25,48241.6,48059.75994421767,NaN,NaN,NaN,NaN,0
1741752900,48251,48301.85,48180,48255,48080.244293933145,NaN,NaN,NaN,NaN,0
1741753800,48253.75,48271.95,48159.95,48185.05,48093.61807371261,NaN,NaN,NaN,NaN,0
1741754700,48192.8,48269.85,48170,48239.8,48111.07900623772,NaN,NaN,NaN,NaN,0
1741755600,48235.3,48330,48215.8,48290.65,48132.08670857029,NaN,NaN,NaN,NaN,0
1741756500,48305.15,48320,48185,48192.75,48142.87852411645,NaN,NaN,NaN,NaN,0
1741757400,48191.4,48235,48173.3,48220,48154.75551354485,NaN,NaN,NaN,NaN,0
1741758300,48213,48220,48105.6,48106.95,48155.0798680063,NaN,NaN,NaN,NaN,0
1741759200,48119.95,48130,48021,48062.4,48150.17698529353,NaN,NaN,NaN,NaN,0
1741760100,48057.6,48080,47960,47985,48137.24083191532,NaN,NaN,NaN,NaN,0
1741761000,47985,48065.3,47976.6,48064.15,48130.823600920376,NaN,NaN,NaN,NaN,0
1741761900,48064.4,48065.95,47999.95,48039.6,48121.94712414242,NaN,NaN,NaN,NaN,0
1741762800,48039,48087.65,47990,48007.95,48110.11513938002,NaN,NaN,NaN,NaN,0
1741763700,48005,48049.85,47939.7,48049.75,48102.25699102806,NaN,NaN,NaN,NaN,0
1741764600,48046,48126.75,48030.85,48114.85,48100.82603794851,NaN,NaN,NaN,NaN,0
1741765500,48121.35,48165.5,48114.85,48130.85,48101.41847028392,NaN,NaN,NaN,NaN,0
1741766400,48120,48163,48088.05,48119.95,48101.42907292827,NaN,NaN,NaN,NaN,0
1741767300,48119.95,48150,48080.9,48134.8,48103.24859790277,NaN,NaN,NaN,NaN,0
1741768200,48123.75,48218,48123.75,48209.7,48112.19747687995,NaN,NaN,NaN,NaN,0
1741769100,48205,48250.95,48190,48250.35,48125.11130090019,NaN,NaN,NaN,NaN,0
1741770000,48251.05,48265,48158.5,48158.5,48129.678045391964,NaN,NaN,NaN,NaN,0
1741770900,48154.9,48212.95,48144.3,48207.25,48138.549195155436,NaN,NaN,NaN,NaN,0
1741771800,48200.05,48244,48170,48219.8,48148.26372902938,NaN,NaN,NaN,NaN,0
1741772700,48210,48233,48177.9,48230,48158.355205432694,NaN,NaN,NaN,NaN,0
1741773600,48215,48215,48215,48215,48166.34222121837,NaN,NaN,NaN,NaN,0
1741837500,48300,48360.2,48150.35,48188.45,48171.20839877626,NaN,NaN,NaN,NaN,0
1741838400,48182.2,48313,48161,48255.75,48181.38986383338,NaN,NaN,NaN,NaN,0
1741839300,48262.7,48329,48205.75,48308.65,48195.54872290388,NaN,NaN,NaN,NaN,0
1741840200,48309.15,48349.95,48306.65,48338.85,48211.6666765953,NaN,NaN,NaN,NaN,0
1741841100,48350,48444,48349.95,48438,48236.01376225551,NaN,NaN,NaN,NaN,0
1741842000,48440,48461,48395.75,48443.7,48259.7093916681,NaN,NaN,NaN,NaN,0
1741842900,48445.55,48449,48364,48364,48274.763951903034,NaN,NaN,NaN,NaN,0
1741843800,48364,48401,48331.8,48400,48291.79267876296,NaN,NaN,NaN,NaN,0
1741844700,48394.95,48396,48310,48323.95,48300.33959996555,NaN,NaN,NaN,NaN,0
1741845600,48306.3,48359.3,48270.1,48301.75,48305.51599254855,NaN,NaN,NaN,NaN,0
1741846500,48314.95,48314.95,48240,48300,48309.197886582035,NaN,NaN,NaN,NaN,0
1741847400,48299.95,48314.85,48242,48269.95,48309.01150538524,NaN,NaN,NaN,NaN,0
1741848300,48269.95,48312.7,48259.8,48277.7,48308.40606863039,NaN,NaN,NaN,NaN,0
1741849200,48279.6,48311.95,48275,48309.9,48309.99855968596,NaN,NaN,NaN,NaN,0
1741850100,48309.9,48332.95,48281.35,48301.95,48310.32312364725,NaN,NaN,NaN,NaN,0
1741851000,48307.85,48318.9,48217,48220,48302.69106861438,NaN,NaN,NaN,NaN,0
1741851900,48220,48249.95,48196.3,48209.95,48293.840162583016,NaN,NaN,NaN,NaN,0
1741852800,48209.95,48256.95,48196.35,48235.9,48287.3642005677,NaN,NaN,NaN,NaN,0
1741853700,48236,48272,48228.05,48236,48281.12729050355,NaN,NaN,NaN,NaN,0
1741854600,48235.8,48248,48182,48210,48272.84257987367,NaN,NaN,NaN,NaN,0
1741855500,48212,48214.7,48162,48195.25,48263.57659195061,NaN,NaN,NaN,NaN,0
1741856400,48194,48206.5,48158,48174.8,48252.97683972354,NaN,NaN,NaN,NaN,0
1741857300,48168.85,48195,48128,48138,48239.81984734643,NaN,NaN,NaN,NaN,0
1741858200,48147.95,48199,48128.05,48181.65,48231.34256602253,NaN,NaN,NaN,NaN,0
1741859100,48194,48196.1,48100,48109.85,48217.147398864894,NaN,NaN,NaN,NaN,0
1741860000,48101,48101,48101,48101,48203.03872296039,NaN,NaN,NaN,NaN,0
1742183100,48250.05,48489.5,48241.15,48462,48222.859879891956,NaN,NaN,NaN,NaN,0
1742184000,48462,48545,48456.8,48513.4,48248.200835524585,NaN,NaN,NaN,NaN,0
1742184900,48509.45,48520,48450.05,48480.2,48270.7266566696,NaN,NaN,NaN,NaN,0
1742185800,48475.2,48510.3,48451.4,48472,48292.25657311961,NaN,NaN,NaN,NaN,0
1742186700,48471.05,48520,48455,48485.2,48314.35260667151,NaN,NaN,NaN,NaN,0
1742187600,48481.4,48481.4,48410,48433.75,48330.664883405894,NaN,NaN,NaN,NaN,0
1742188500,48449.95,48485.2,48426.85,48480.35,48349.997381451896,NaN,NaN,NaN,NaN,0
1742189400,48475,48514,48460.05,48498.9,48369.69906344234,NaN,NaN,NaN,NaN,0
1742190300,48490.9,48529,48484.05,48515,48389.214924549364,NaN,NaN,NaN,NaN,0
1742191200,48523,48589.6,48502,48548.5,48410.168541315514,NaN,NaN,NaN,NaN,0
1742192100,48548.65,48558.75,48465,48491.3,48424.1221892401,NaN,NaN,NaN,NaN,0
1742193000,48498.6,48559.85,48490,48543.6,48441.02950615991,NaN,NaN,NaN,NaN,0
1742193900,48548.4,48548.5,48450,48482.95,48450.681194094344,NaN,NaN,NaN,NaN,0
1742194800,48490,48495,48442,48490,48459.29379690245,NaN,NaN,NaN,NaN,0
1742195700,48492.5,48492.5,48424.7,48479.95,48465.445293578516,NaN,NaN,NaN,NaN,0
1742196600,48470,48479.95,48412,48476.4,48469.96801030969,NaN,NaN,NaN,NaN,0
1742197500,48475.55,48486.65,48441.3,48484.2,48474.17911305623,NaN,NaN,NaN,NaN,0
1742198400,48483.65,48483.65,48426,48460.65,48475.294586775395,NaN,NaN,NaN,NaN,0
1742199300,48455,48477,48375.9,48470.2,48476.47456200538,NaN,NaN,NaN,NaN,0
1742200200,48470.2,48535,48447.05,48530.95,48482.6077123013,NaN,NaN,NaN,NaN,0
1742201100,48530.75,48534,48480,48490.15,48484.57491536621,NaN,NaN,NaN,NaN,0
1742202000,48496.3,48514.8,48442,48464.8,48483.83638515542,NaN,NaN,NaN,NaN,0
1742202900,48470,48500,48451,48470,48483.283295445726,NaN,NaN,NaN,NaN,0
1742203800,48475.15,48493.75,48460,48475.65,48483.071731407916,NaN,NaN,NaN,NaN,0
1742204700,48473,48504.95,48473,48500,48484.874553407455,NaN,NaN,NaN,NaN,0
1742205600,48500,48500,48500,48500,48486.668900536584,NaN,NaN,NaN,NaN,0
1742269500,48751.05,48919.95,48664.1,48880.6,48523.07005203694,NaN,NaN,NaN,NaN,0
1742270400,48876.7,48995,48868,48965.35,48566.37917978536,NaN,NaN,NaN,NaN,0
1742271300,48961.9,48996.9,48900.9,48948,48607.181513390526,NaN,NaN,NaN,NaN,0
1742272200,48950.1,49050,48945.7,49025,48653.58409660318,NaN,NaN,NaN,NaN,0
1742273100,49034.8,49078,49016.15,49060,48701.13384835537,NaN,NaN,NaN,NaN,0
1742274000,49065,49090,49031.5,49089.9,48748.7769478142,NaN,NaN,NaN,NaN,0
1742274900,49090,49115,49018.55,49053.2,48790.039348462094,NaN,NaN,NaN,NaN,0
1742275800,49057.65,49088,49025,49085.35,48830.71572425706,NaN,NaN,NaN,NaN,0
1742276700,49070.5,49100,49053.05,49085.55,48867.73452429145,NaN,NaN,NaN,NaN,0
1742277600,49087.95,49116.7,49068.3,49085.1,48900.941874820586,NaN,NaN,NaN,NaN,0
1742278500,49084.65,49124.2,49060.05,49113.1,48932.92793920172,NaN,NaN,NaN,NaN,0
1742279400,49118,49156,49105,49141.15,48963.91072633229,NaN,NaN,NaN,NaN,0
1742280300,49141.05,49156.65,49078.25,49086.55,48986.33423532628,NaN,NaN,NaN,NaN,0
1742281200,49062,49099.7,49030,49030,49000.389462812964,NaN,NaN,NaN,NaN,0
1742282100,49030,49087.45,49010.05,49086.9,49016.65381215444,NaN,NaN,NaN,NaN,0
1742283000,49096.4,49112.95,49061.45,49109.25,49032.35868954638,NaN,NaN,NaN,NaN,0
1742283900,49109.25,49175,49093.25,49154.85,49049.917769588756,NaN,NaN,NaN,NaN,0
1742284800,49150.35,49209.3,49136.65,49206.6,49070.12432363163,NaN,NaN,NaN,NaN,0
1742285700,49209.3,49240,49185,49235,49091.05318125726,NaN,NaN,NaN,NaN,0
1742286600,49230.35,49242.25,49201,49215,49108.334335168416,NaN,NaN,NaN,NaN,0
1742287500,49206.05,49269,49188.35,49262,49128.09167783111,NaN,NaN,NaN,NaN,0
1742288400,49269,49288.9,49249.95,49288,49148.6041308755,NaN,NaN,NaN,NaN,0
1742289300,49288,49399,49288,49388,49176.5876126743,NaN,NaN,NaN,NaN,0
1742290200,49380,49391.45,49331.65,49380.35,49202.1051814042,NaN,NaN,NaN,NaN,0
1742291100,49378.2,49481.1,49371.7,49481.1,49234.92121743246,NaN,NaN,NaN,NaN,0
1742292000,49480,49480,49480,49480,49265.57241693732,NaN,NaN,NaN,NaN,0
1742355900,49600.05,49667.2,49435.2,49574.95,49302.668896713796,NaN,NaN,NaN,NaN,0
1742356800,49562.7,49589.15,49451.1,49533.5,49333.10348876056,NaN,NaN,NaN,NaN,0
1742357700,49554.45,49600,49513.25,49593.85,49366.45031251239,NaN,NaN,NaN,NaN,0
1742358600,49598.75,49635.45,49566,49610.05,49398.68832633052,NaN,NaN,NaN,NaN,0
1742359500,49617.55,49739.75,49617.55,49739.75,49439.91499079745,NaN,NaN,NaN,NaN,0
1742360400,49740,49798.3,49700,49789.8,49482.78257328276,NaN,NaN,NaN,NaN,0
1742361300,49798.3,49824,49709.15,49765,49520.26666134228,NaN,NaN,NaN,NaN,0
1742362200,49765.2,49793.9,49749.6,49790,49556.84206347499,NaN,NaN,NaN,NaN,0
1742363100,49793.9,49817,49730,49770.1,49588.24183393184,NaN,NaN,NaN,NaN,0
1742364000,49779.95,49792.25,49744.8,49765,49615.8613497249,NaN,NaN,NaN,NaN,0
1742364900,49762.6,49798,49742.15,49773.55,49641.029869771446,NaN,NaN,NaN,NaN,0
1742365800,49787.7,49792.7,49742,49762.95,49662.10783174679,NaN,NaN,NaN,NaN,0
1742366700,49764.75,49846.95,49764.2,49805.9,49684.17700103467,NaN,NaN,NaN,NaN,0
1742367600,49800,49839.5,49796.1,49809.25,49703.938925343115,NaN,NaN,NaN,NaN,0
1742368500,49800.35,49867.65,49800.35,49859.8,49725.876778830505,NaN,NaN,NaN,NaN,0
1742369400,49860,49878.95,49756.95,49815.6,49741.3677620732,NaN,NaN,NaN,NaN,0
1742370300,49805,49829.95,49794,49806.35,49753.835400687014,NaN,NaN,NaN,NaN,0
1742371200,49820,49854.1,49817.05,49849.7,49768.269020385815,NaN,NaN,NaN,NaN,0
1742372100,49849.7,49849.7,49812.25,49834.7,49779.54157659444,NaN,NaN,NaN,NaN,0
1742373000,49834.15,49849.45,49789.8,49798.95,49785.964450406755,NaN,NaN,NaN,NaN,0
1742373900,49797.75,49837.15,49786.65,49829.6,49793.846550538394,NaN,NaN,NaN,NaN,0
1742374800,49829.15,49852.45,49805.6,49845.25,49801.91248390702,NaN,NaN,NaN,NaN,0
1742375700,49848.5,49855,49815,49854.85,49809.787135248516,NaN,NaN,NaN,NaN,0
1742376600,49855,49855,49761.05,49810.15,49812.54055425944,NaN,NaN,NaN,NaN,0
1742377500,49800,49825,49791.85,49817.4,49815.18822374977,NaN,NaN,NaN,NaN,0
1742378400,49817.4,49817.4,49817.4,49817.4,49817.06237653522,NaN,NaN,NaN,NaN,0
1742442300,50000.05,50087.95,49933.05,50030,49837.815041592556,NaN,NaN,NaN,NaN,0
1742443200,50025.85,50033,49892.7,49956.85,49851.21934266239,NaN,NaN,NaN,NaN,0
1742444100,49956.8,49956.8,49842.05,49845,49853.78542269698,NaN,NaN,NaN,NaN,0
1742445000,49845,49939.95,49830,49860,49856.92101116227,NaN,NaN,NaN,NaN,0
1742445900,49858.35,49944.95,49842.7,49927.8,49865.5745517905,NaN,NaN,NaN,NaN,0
1742446800,49924.8,49945.1,49898.4,49914.75,49872.250393646376,NaN,NaN,NaN,NaN,0
1742447700,49911.65,49935.1,49890,49918.5,49878.597681917345,NaN,NaN,NaN,NaN,0
1742448600,49927.05,49973.95,49908.35,49964.25,49888.5472277423,NaN,NaN,NaN,NaN,0
1742449500,49964.95,49978,49890,49903.8,49892.3182609563,NaN,NaN,NaN,NaN,0
1742450400,49905.4,49928.05,49885.3,49913.15,49896.33392054898,NaN,NaN,NaN,NaN,0
1742451300,49900.05,49928.35,49876.3,49906.5,49899.15584240005,NaN,NaN,NaN,NaN,0
1742452200,49906.5,49927.85,49892.55,49914.1,49902.11815156824,NaN,NaN,NaN,NaN,0
1742453100,49914.1,49932.8,49890.95,49911,49904.32988999358,NaN,NaN,NaN,NaN,0
1742454000,49903.05,49950,49897.2,49945,49909.16230889848,NaN,NaN,NaN,NaN,0
1742454900,49945,49977.8,49940,49961,49915.0710789998,NaN,NaN,NaN,NaN,0
1742455800,49961,50030,49930.9,50005.4,49924.585312136805,NaN,NaN,NaN,NaN,0
1742456700,50012,50100,49995.25,50050,49937.808577874566,NaN,NaN,NaN,NaN,0
1742457600,50050,50115,50033.35,50092,49954.34116546692,NaN,NaN,NaN,NaN,0
1742458500,50092,50174.1,50081.1,50155.3,49975.902536289585,NaN,NaN,NaN,NaN,0
1742459400,50159.85,50160,50092,50097.65,49991.33860810858,NaN,NaN,NaN,NaN,0
1742460300,50098.5,50160,50061.4,50150.9,50010.59618836088,NaN,NaN,NaN,NaN,0
1742461200,50158,50174,50125.15,50133.3,50026.979999199415,NaN,NaN,NaN,NaN,0
1742462100,50130.2,50160,50121.9,50130.6,50041.752107294655,NaN,NaN,NaN,NaN,0
1742463000,50134.85,50144.45,50085.1,50090,50051.40350056737,NaN,NaN,NaN,NaN,0
1742463900,50092.45,50110,50070.05,50080,50058.803377932694,NaN,NaN,NaN,NaN,0
1742464800,50075,50075,50075,50075,50064.41522921445,NaN,NaN,NaN,NaN,0
1742528700,50010.3,50170,49980,50103.3,50071.41312691464,NaN,NaN,NaN,NaN,0
1742529600,50096,50237,50036.05,50237,50089.2728457272,NaN,NaN,NaN,NaN,0
1742530500,50234,50243.2,50185,50230,50105.59889879014,NaN,NaN,NaN,NaN,0
1742531400,50230,50286.05,50169,50242.7,50122.14250947833,NaN,NaN,NaN,NaN,0
1742532300,50240,50407.45,50211.2,50407.45,50152.520173633726,NaN,NaN,NaN,NaN,0
1742533200,50409.15,50417,50346.75,50385.2,50179.456272001604,NaN,NaN,NaN,NaN,0
1742534100,50390.45,50499.95,50385.25,50475.1,50213.052485459986,NaN,NaN,NaN,NaN,0
1742535000,50483,50545,50460,50500,50247.10151577018,NaN,NaN,NaN,NaN,0
1742535900,50488.65,50570,50470.75,50512.3,50280.1181936021,NaN,NaN,NaN,NaN,0
1742536800,50512.3,50540,50424.9,50425.65,50302.97638923144,NaN,NaN,NaN,NaN,0
1742537700,50427.95,50450,50391.65,50415.25,50322.40152835524,NaN,NaN,NaN,NaN,0
1742538600,50429.2,50494.75,50421.35,50462.85,50343.72687792832,NaN,NaN,NaN,NaN,0
1742539500,50462,50545,50450,50501,50366.13270497557,NaN,NaN,NaN,NaN,0
1742540400,50500,50539.95,50492.65,50537.1,50389.5036189945,NaN,NaN,NaN,NaN,0
1742541300,50537.05,50559.7,50501.65,50523.1,50409.27382212146,NaN,NaN,NaN,NaN,0
1742542200,50525,50529.95,50456.75,50481.3,50423.011510858065,NaN,NaN,NaN,NaN,0
1742543100,50476.7,50558.15,50420,50545.95,50440.53160746117,NaN,NaN,NaN,NaN,0
1742544000,50545,50558.15,50420,50465,50448.71487019846,NaN,NaN,NaN,NaN,0
1742544900,50460,50462.95,50307,50374.95,50446.9146439637,NaN,NaN,NaN,NaN,0
1742545800,50372.4,50479,50355.7,50419.3,50447.66407912794,NaN,NaN,NaN,NaN,0
1742546700,50425.7,50554.35,50425.7,50554,50459.68650237731,NaN,NaN,NaN,NaN,0
1742547600,50553.9,50558.7,50469,50482.7,50464.217303381236,NaN,NaN,NaN,NaN,0
1742548500,50481.15,50534.95,50452,50525.75,50471.89351615641,NaN,NaN,NaN,NaN,0
1742549400,50525.75,50630,50481,50584,50484.183261022714,NaN,NaN,NaN,NaN,0
1742550300,50571.05,50630,50555,50610.85,50498.286050275274,NaN,NaN,NaN,NaN,0
1742551200,50609,50609,50609,50609,50511.48030690082,NaN,NaN,NaN,NaN,0
1742787900,51001.25,51120,50800,51044,50563.51445977303,NaN,NaN,NaN,NaN,0
1742788800,51046.65,51154.85,50985,51148.95,50623.87875720704,NaN,NaN,NaN,NaN,0
1742789700,51155,51375,51155,51355.05,50700.94704229012,NaN,NaN,NaN,NaN,0
1742790600,51350.4,51423.95,51325.25,51399.95,50779.353160155326,NaN,NaN,NaN,NaN,0
1742791500,51396.2,51515,51376.9,51490.95,50862.3244722155,NaN,NaN,NaN,NaN,0
1742792400,51490.95,51649.7,51483.5,51560,50946.7878255785,NaN,NaN,NaN,NaN,0
1742793300,51555.6,51764.85,51555.6,51764.4,51044.549896666045,NaN,NaN,NaN,NaN,0
1742794200,51772.05,51793,51598,51656.85,51126.224798828014,NaN,NaN,NaN,NaN,0
1742795100,51657.9,51668.55,51585.65,51601.5,51196.0462234755,NaN,NaN,NaN,NaN,0
1742796000,51603.65,51614.2,51505,51543,51253.469050679225,NaN,NaN,NaN,NaN,0
1742796900,51541.8,51629.9,51541.8,51594.95,51308.71440690048,NaN,NaN,NaN,NaN,0
1742797800,51604.95,51620.3,51522.4,51596.5,51357.292970824376,NaN,NaN,NaN,NaN,0
1742798700,51595.1,51679.2,51575.75,51663.75,51405.4678922136,NaN,NaN,NaN,NaN,0
1742799600,51665,51688.15,51620,51669,51448.02516225546,NaN,NaN,NaN,NaN,0
1742800500,51662.1,51677.7,51587,51615,51480.01419986548,NaN,NaN,NaN,NaN,0
1742801400,51614.15,51672.15,51601.8,51670.3,51511.991890066696,NaN,NaN,NaN,NaN,0
1742802300,51671.05,51688,51600,51624.75,51535.33015785553,NaN,NaN,NaN,NaN,0
1742803200,51629.95,51642.35,51581.4,51604.35,51552.707459502955,NaN,NaN,NaN,NaN,0
1742804100,51604.35,51679.75,51560.3,51676.7,51573.335656972275,NaN,NaN,NaN,NaN,0
1742805000,51663,51745.65,51636.95,51715.25,51594.60442720256,NaN,NaN,NaN,NaN,0
1742805900,51732.95,51775,51690,51746.3,51616.00581075761,NaN,NaN,NaN,NaN,0
1742806800,51747.55,51810.9,51711,51732.4,51633.62111661271,NaN,NaN,NaN,NaN,0
1742807700,51720,51778.3,51710,51765.85,51652.28492664713,NaN,NaN,NaN,NaN,0
1742808600,51764.7,51764.7,51633.35,51700,51662.956708835525,NaN,NaN,NaN,NaN,0
1742809500,51700,51839.4,51700,51835,51684.12311549007,NaN,NaN,NaN,NaN,0
1742810400,51825.85,51825.85,51825.85,51825.85,51702.8087387238,NaN,NaN,NaN,NaN,0
1742874300,51950.1,51988.05,51666,51773.95,51715.170971938285,NaN,NaN,NaN,NaN,0
1742875200,51773.95,51975,51770,51947.8,51741.30940822351,NaN,NaN,NaN,NaN,0
1742876100,51940,52050,51901.1,52032.85,51773.631095277604,NaN,NaN,NaN,NaN,0
1742877000,52042.15,52042.15,51930.2,51930.2,51794.709186025735,NaN,NaN,NaN,NaN,0
1742877900,51916.5,52035,51885,52000,51820.347164490515,NaN,NaN,NaN,NaN,0
1742878800,51992.1,52000,51770.35,51918,51836.54033504932,NaN,NaN,NaN,NaN,0
1742879700,51913.7,51935,51816.85,51877.8,51847.09011766206,NaN,NaN,NaN,NaN,0
1742880600,51877.8,51911.6,51830,51865.6,51854.47193415876,NaN,NaN,NaN,NaN,0
1742881500,51862.15,51877.05,51755.65,51775,51852.12639640648,NaN,NaN,NaN,NaN,0
1742882400,51766.8,51851,51654.55,51714.85,51842.97731772594,NaN,NaN,NaN,NaN,0
1742883300,51705.35,51829.6,51700,51818.55,51842.324615514575,NaN,NaN,NaN,NaN,0
1742884200,51822.65,51850.6,51755,51770,51836.47144151952,NaN,NaN,NaN,NaN,0
1742885100,51770,51791.45,51630.5,51710,51824.72730797119,NaN,NaN,NaN,NaN,0
1742886000,51710,51750,51675,51713.25,51813.09317720299,NaN,NaN,NaN,NaN,0
1742886900,51723.55,51723.55,51671,51716.6,51801.98167857982,NaN,NaN,NaN,NaN,0
1742887800,51715,51733.35,51685,51691.4,51789.1101578502,NaN,NaN,NaN,NaN,0
1742888700,51693.25,51693.25,51603,51634,51771.59732452508,NaN,NaN,NaN,NaN,0
1742889600,51635.2,51744.95,51628,51724.1,51763.24093010643,NaN,NaN,NaN,NaN,0
1742890500,51724.05,51809.95,51697.05,51743.15,51757.6450153645,NaN,NaN,NaN,NaN,0
1742891400,51756.05,51825.55,51720,51816,51759.593374980635,NaN,NaN,NaN,NaN,0
1742892300,51818.75,51832.55,51672.65,51672.65,51749.32650508416,NaN,NaN,NaN,NaN,0
1742893200,51672,51760,51672,51729.95,51745.06819387891,NaN,NaN,NaN,NaN,0
1742894100,51716.95,51761.7,51676.25,51717.35,51740.4609548605,NaN,NaN,NaN,NaN,0
1742895000,51723.3,51760,51710,51722,51736.92490620111,NaN,NaN,NaN,NaN,0
1742895900,51712.1,51739,51567,51568.6,51720.09551610136,NaN,NaN,NaN,NaN,0
1742896800,51581.9,51581.9,51581.9,51581.9,51704.926902663225,NaN,NaN,NaN,NaN,0
1742960700,51649.85,51817.3,51590.85,51732,51704.23187454236,NaN,NaN,NaN,NaN,0
1742961600,51734.65,51799.1,51657.2,51714.4,51702.763004682485,NaN,NaN,NaN,NaN,0
1742962500,51714.25,51825,51660.05,51796,51709.16282755506,NaN,NaN,NaN,NaN,0
1742963400,51797.9,51808,51725,51808,51717.0853779632,NaN,NaN,NaN,NaN,0
1742964300,51810,51844,51755.05,51800,51724.72960643748,NaN,NaN,NaN,NaN,0
1742965200,51800,51958.85,51780,51792.35,51731.65928714279,NaN,NaN,NaN,NaN,0
1742966100,51789.1,51825,51650,51715,51731.53877235717,NaN,NaN,NaN,NaN,0
1742967000,51715,51715,51570.3,51666.25,51726.799143393335,NaN,NaN,NaN,NaN,0
1742967900,51662.15,51699.95,51614,51687.75,51723.82165118566,NaN,NaN,NaN,NaN,0
1742968800,51688.2,51688.2,51542.6,51618.85,51714.523519903494,NaN,NaN,NaN,NaN,0
1742969700,51619.85,51635.3,51504,51505.2,51694.877070745824,NaN,NaN,NaN,NaN,0
1742970600,51500.15,51550,51473.9,51528.75,51677.42643583129,NaN,NaN,NaN,NaN,0
1742971500,51525,51545.95,51481,51515,51659.29416409838,NaN,NaN,NaN,NaN,0
1742972400,51504.3,51541.85,51443.35,51500,51640.630358143324,NaN,NaN,NaN,NaN,0
1742973300,51505,51544.95,51482.15,51491.05,51622.13589308045,NaN,NaN,NaN,NaN,0
1742974200,51491.1,51500,51290,51348.2,51591.81423382238,NaN,NaN,NaN,NaN,0
1742975100,51344.05,51344.05,51190.95,51293.45,51557.99452311728,NaN,NaN,NaN,NaN,0
1742976000,51285.8,51314.6,51215,51215.6,51518.938731359856,NaN,NaN,NaN,NaN,0
1742976900,51211,51288.85,51188.35,51288.85,51488.58296970595,NaN,NaN,NaN,NaN,0
1742977800,51288.85,51328.9,51244.55,51255.05,51457.55921866686,NaN,NaN,NaN,NaN,0
1742978700,51255.05,51317.65,51213.2,51300,51433.14557611215,NaN,NaN,NaN,NaN,0
1742979600,51300,51304.6,51230,51240.55,51406.17567544783,NaN,NaN,NaN,NaN,0
1742980500,51260,51298,51161,51215,51379.44809610969,NaN,NaN,NaN,NaN,0
1742981400,51221,51342.9,51200.55,51299.4,51363.08630687915,NaN,NaN,NaN,NaN,0
1742982300,51306,51306,51259.3,51266.7,51346.280505264804,NaN,NaN,NaN,NaN,0
1742983200,51285.1,51285.1,51285.1,51285.1,51333.696390082754,NaN,NaN,NaN,NaN,0
1743047100,51160,51473,51068.1,51422.4,51335.71589282238,NaN,NaN,NaN,NaN,0
1743048000,51435.65,51524.8,51382.25,51506.85,51347.024126754026,NaN,NaN,NaN,NaN,0
1743048900,51508,51634.85,51480,51628.4,51370.76150209016,NaN,NaN,NaN,NaN,0
1743049800,51634.85,51648,51576,51603.05,51392.78397899733,NaN,NaN,NaN,NaN,0
1743050700,51610,51631.35,51550,51615,51415.96237254886,NaN,NaN,NaN,NaN,0
1743051600,51613.4,51639.8,51531.3,51552.9,51433.01523255911,NaN,NaN,NaN,NaN,0
1743052500,51565.55,51616.95,51530,51600.05,51453.47198781668,NaN,NaN,NaN,NaN,0
1743053400,51609,51659.7,51607.2,51648.15,51477.18595910345,NaN,NaN,NaN,NaN,0
1743054300,51648.6,51688,51605,51631.95,51497.953346110866,NaN,NaN,NaN,NaN,0
1743055200,51628.15,51670,51628.15,51658.8,51519.392605053305,NaN,NaN,NaN,NaN,0
1743056100,51669.95,51675,51646.2,51656.4,51538.83088558266,NaN,NaN,NaN,NaN,0
1743057000,51656.4,51664,51603.25,51657.65,51556.57286942013,NaN,NaN,NaN,NaN,0
1743057900,51642.75,51661.1,51626.05,51650.1,51571.6220857808,NaN,NaN,NaN,NaN,0
1743058800,51649.15,51654.65,51604.6,51637.75,51583.66355774334,NaN,NaN,NaN,NaN,0
1743059700,51637.75,51654.7,51622.85,51653,51595.33339526903,NaN,NaN,NaN,NaN,0
1743060600,51653,51667.3,51623,51644.25,51604.57899151612,NaN,NaN,NaN,NaN,0
1743061500,51634.55,51652.2,51622.05,51645.45,51612.62951596406,NaN,NaN,NaN,NaN,0
1743062400,51641.1,51675,51641.1,51674,51622.00185942268,NaN,NaN,NaN,NaN,0
1743063300,51673.3,51677,51646.45,51660.15,51628.99998742747,NaN,NaN,NaN,NaN,0
1743064200,51660.95,51675,51631,51638.65,51632.85926317803,NaN,NaN,NaN,NaN,0
1743065100,51638,51663.1,51633.75,51635.7,51635.58239076227,NaN,NaN,NaN,NaN,0
1743066000,51635,51655,51571.5,51651,51638.88492064533,NaN,NaN,NaN,NaN,0
1743066900,51655.1,51701.9,51630.3,51679.55,51644.25220052121,NaN,NaN,NaN,NaN,0
1743067800,51677.9,51693.8,51558.05,51565,51638.66455194592,NaN,NaN,NaN,NaN,0
1743068700,51563.1,51592,51551.2,51585.9,51634.46542127234,NaN,NaN,NaN,NaN,0
1743133500,52050,52125,51900,51905.55,51659.24983205255,NaN,NaN,NaN,NaN,0
1743134400,51900.05,51932.8,51754.1,51760.65,51670.509968472856,NaN,NaN,NaN,NaN,0
1743135300,51753,51975,51711.55,51975,51700.64849017708,NaN,NaN,NaN,NaN,0
1743136200,51975,51995,51805,51875.55,51720.89980423959,NaN,NaN,NaN,NaN,0
1743137100,51872.35,51939.65,51825,51930,51744.9493076749,NaN,NaN,NaN,NaN,0
1743138000,51940,52088.3,51922.2,51986.3,51772.92473116717,NaN,NaN,NaN,NaN,0
1743138900,51999.35,52043,51975,52001.65,51800.752329640956,NaN,NaN,NaN,NaN,0
1743139800,52004,52019.8,51835.95,51835.95,51811.7485824347,NaN,NaN,NaN,NaN,0
1743140700,51831,51887.1,51801,51834.9,51820.68251277065,NaN,NaN,NaN,NaN,0
1743141600,51825,51849,51756,51780.85,51822.833087915096,NaN,NaN,NaN,NaN,0
1743142500,51781.65,51849,51774.8,51823,51827.25498032459,NaN,NaN,NaN,NaN,0
1743143400,51823,51886.4,51816,51856,51833.28962369288,NaN,NaN,NaN,NaN,0
1743144300,51855.2,51862.1,51670,51677.3,51821.877128439904,NaN,NaN,NaN,NaN,0
1743145200,51677.3,51734.95,51631.05,51725.4,51813.99536727454,NaN,NaN,NaN,NaN,0
1743146100,51721.75,51780,51705,51750,51807.895216098135,NaN,NaN,NaN,NaN,0
1743147000,51757,51757,51651.2,51677.7,51795.04331107664,NaN,NaN,NaN,NaN,0
1743147900,51691.35,51732.2,51660,51704.5,51784.72636441063,NaN,NaN,NaN,NaN,0
1743148800,51721.5,51816,51703.05,51725,51776.6735040372,NaN,NaN,NaN,NaN,0
1743149700,51722.65,51742.05,51675.05,51700.2,51766.91846511435,NaN,NaN,NaN,NaN,0
1743150600,51700,51787,51660,51787,51765.73046556526,NaN,NaN,NaN,NaN,0
1743151500,51782.55,51874,51770.15,51874,51773.2201883435,NaN,NaN,NaN,NaN,0
1743152400,51874,51998,51809.5,51992.35,51792.11728205673,NaN,NaN,NaN,NaN,0
1743153300,52003,52048,51940,51947,51807.16275203149,NaN,NaN,NaN,NaN,0
1743154200,51947,51955.65,51804,51862.5,51814.406859875206,NaN,NaN,NaN,NaN,0
1743155100,51863.45,51869.55,51813.95,51850,51820.1589875439,NaN,NaN,NaN,NaN,0
1743156000,51840,51840,51840,51840,51824.69176701257,NaN,NaN,NaN,NaN,0
1743479100,51683.95,51800,51538,51732.85,51818.86414810031,NaN,NaN,NaN,NaN,0
1743480000,51732,51896.8,51679.95,51884.4,51825.946443413544,NaN,NaN,NaN,NaN,0
1743480900,51890,51920,51804,51877.6,51832.20588049077,NaN,NaN,NaN,NaN,0
1743481800,51874.15,51880,51650,51650,51816.972980618535,NaN,NaN,NaN,NaN,0
1743482700,51639.15,51738,51400,51403.65,51779.127130802626,NaN,NaN,NaN,NaN,0
1743483600,51381.8,51450.05,51315.35,51449.8,51745.59473299863,NaN,NaN,NaN,NaN,0
1743484500,51442,51488,51180.9,51185,51688.63881490296,NaN,NaN,NaN,NaN,0
1743485400,51190,51226.65,51120.5,51184.85,51633.156249612104,NaN,NaN,NaN,NaN,0
1743486300,51180.25,51249.35,51175,51235.3,51584.78674417969,NaN,NaN,NaN,NaN,0
1743487200,51230,51235.4,51050,51075.5,51524.75167483558,NaN,NaN,NaN,NaN,0
1743488100,51070.25,51168,51050,51137.1,51473.886698779694,NaN,NaN,NaN,NaN,0
1743489000,51138.45,51175,51065.5,51166,51429.570216605374,NaN,NaN,NaN,NaN,0
1743489900,51168.2,51234.3,51160,51172.85,51390.081380919175,NaN,NaN,NaN,NaN,0
1743490800,51171.85,51273,51171,51224.1,51359.82040572986,NaN,NaN,NaN,NaN,0
1743491700,51215,51227.95,51124.5,51142,51326.19925076353,NaN,NaN,NaN,NaN,0
1743492600,51142,51180,51101,51175.65,51299.63310114079,NaN,NaN,NaN,NaN,0
1743493500,51175.65,51175.65,51082,51130,51272.78187805817,NaN,NaN,NaN,NaN,0
1743494400,51120,51184,51082.05,51146.8,51250.90857076931,NaN,NaN,NaN,NaN,0
1743495300,51148.5,51183.9,51111.05,51139.3,51231.512213098154,NaN,NaN,NaN,NaN,0
1743496200,51126.15,51199.95,51123.1,51149.75,51215.96480585554,NaN,NaN,NaN,NaN,0
1743497100,51159.95,51180,51101.1,51180,51205.59616625987,NaN,NaN,NaN,NaN,0
1743498000,51181,51225.35,51153.05,51194.1,51198.60966703381,NaN,NaN,NaN,NaN,0
1743498900,51199,51200,51160.1,51177,51191.781980103915,NaN,NaN,NaN,NaN,0
1743499800,51177.3,51200.5,51149.95,51190,51187.755500494415,NaN,NaN,NaN,NaN,0
1743500700,51191.05,51220,51175.25,51185.4,51184.65716243413,NaN,NaN,NaN,NaN,0
1743501600,51191,51191,51191,51191,51183.036979984056,NaN,NaN,NaN,NaN,0
1743565500,51116.25,51399,51055.55,51396,51200.844714851715,NaN,NaN,NaN,NaN,0
1743566400,51399.95,51490,51380,51399.5,51219.48891980615,NaN,NaN,NaN,NaN,0
1743567300,51390,51396.2,51239.9,51365.45,51234.75556642956,NaN,NaN,NaN,NaN,0
1743568200,51375,51405,51292.5,51355.45,51248.714235069245,NaN,NaN,NaN,NaN,0
1743569100,51376.85,51450,51315,51440,51269.97933752293,NaN,NaN,NaN,NaN,0
1743570000,51440,51478,51389.4,51411.75,51287.962460926734,NaN,NaN,NaN,NaN,0
1743570900,51418.35,51487.5,51409.1,51480,51310.80914922129,NaN,NaN,NaN,NaN,0
1743571800,51485.55,51575,51432.5,51500,51334.342615011614,NaN,NaN,NaN,NaN,0
1743572700,51490,51525,51420.2,51420.2,51348.88589248895,NaN,NaN,NaN,NaN,0
1743573600,51429.35,51509,51372,51390,51358.83975676077,NaN,NaN,NaN,NaN,0
1743574500,51382,51479,51380.9,51441.15,51371.96733027467,NaN,NaN,NaN,NaN,0
1743575400,51452.85,51510,51452.2,51504.8,51389.18839826674,NaN,NaN,NaN,NaN,0
1743576300,51504.7,51540,51453.6,51454.5,51400.227160319,NaN,NaN,NaN,NaN,0
1743577200,51465.5,51515.3,51420,51475.35,51411.67269159656,NaN,NaN,NaN,NaN,0
1743578100,51460.75,51476.6,51390.05,51408.65,51415.592955745175,NaN,NaN,NaN,NaN,0
1743579000,51411.5,51469,51411,51469,51423.898220950534,NaN,NaN,NaN,NaN,0
1743579900,51475,51509.8,51462.45,51505,51434.35622922184,NaN,NaN,NaN,NaN,0
1743580800,51495.05,51520,51441,51441,51438.04441927475,NaN,NaN,NaN,NaN,0
1743581700,51441.3,51509,51435.25,51506.45,51446.77794387009,NaN,NaN,NaN,NaN,0
1743582600,51506.2,51513.35,51451,51468.25,51451.23858212251,NaN,NaN,NaN,NaN,0
1743583500,51459.15,51499.9,51449,51475.35,51455.60306574103,NaN,NaN,NaN,NaN,0
1743584400,51479.35,51488.7,51441.55,51480.5,51459.759099288756,NaN,NaN,NaN,NaN,0
1743585300,51470.05,51485,51450.1,51477.4,51463.05427004854,NaN,NaN,NaN,NaN,0
1743586200,51479.9,51606,51472.2,51581,51475.3224348541,NaN,NaN,NaN,NaN,0
1743587100,51580.15,51647.95,51555.1,51644.95,51492.892342455096,NaN,NaN,NaN,NaN,0
1743588000,51645,51645,51645,51645,51509.83024785611,NaN,NaN,NaN,NaN,0
1743651900,51299.9,51512.2,51200,51490,51511.815063018774,NaN,NaN,NaN,NaN,0
1743652800,51490,51644.3,51442,51540.65,51517.31252445625,NaN,NaN,NaN,NaN,0
1743653700,51531.6,51620,51465.05,51470,51515.623429878906,NaN,NaN,NaN,NaN,0
1743654600,51481,51691.5,51475,51665,51531.09433724054,NaN,NaN,NaN,NaN,0
1743655500,51666,51779.8,51591.15,51770,51555.48568622529,NaN,NaN,NaN,NaN,0
1743656400,51771.55,51771.55,51700,51733.55,51575.589012804594,NaN,NaN,NaN,NaN,0
1743657300,51730,51734.4,51660,51699.05,51591.52605492999,NaN,NaN,NaN,NaN,0
1743658200,51704.2,51748.8,51649,51740.05,51609.91186562753,NaN,NaN,NaN,NaN,0
1743659100,51745,51748,51681,51689.75,51622.392249546654,NaN,NaN,NaN,NaN,0
1743660000,51685.45,51725,51668,51709.85,51635.44939248836,NaN,NaN,NaN,NaN,0
1743660900,51713.95,51747,51700.1,51720,51648.0882338166,NaN,NaN,NaN,NaN,0
1743661800,51730,51745,51708.1,51720,51659.28965002715,NaN,NaN,NaN,NaN,0
1743662700,51714.55,51730,51640,51658,51663.43981944436,NaN,NaN,NaN,NaN,0
1743663600,51660.55,51719.95,51630,51670.35,51667.58322778343,NaN,NaN,NaN,NaN,0
1743664500,51656.1,51710,51620,51710,51674.264134709105,NaN,NaN,NaN,NaN,0
1743665400,51709.8,51713.95,51631,51670,51676.465216818615,NaN,NaN,NaN,NaN,0
1743666300,51672,51714.95,51651,51709.6,51681.39971345792,NaN,NaN,NaN,NaN,0
1743667200,51709.6,51824.55,51685.95,51800,51693.8753026697,NaN,NaN,NaN,NaN,0
1743668100,51805.95,51865.3,51783.75,51821.4,51707.757158767505,NaN,NaN,NaN,NaN,0
1743669000,51810,51864.75,51791.35,51805,51719.35549497408,NaN,NaN,NaN,NaN,0
1743669900,51816.25,51853.4,51809.85,51811.45,51730.833738538786,NaN,NaN,NaN,NaN,0
1743670800,51810.75,51816,51775,51816,51741.89601992894,NaN,NaN,NaN,NaN,0
1743671700,51816.15,51830.9,51787.55,51814.8,51751.9735775659,NaN,NaN,NaN,NaN,0
1743672600,51818,51830,51772,51801.85,51759.9721924512,NaN,NaN,NaN,NaN,0
1743673500,51800,51822.35,51775,51803.35,51767.071945486394,NaN,NaN,NaN,NaN,0
1743674400,51803.15,51803.15,51803.15,51803.15,51773.21872979415,NaN,NaN,NaN,NaN,0
1743738300,51710,51850,51565.6,51706.1,51769.71329840923,NaN,NaN,NaN,NaN,0
1743739200,51699.2,51993,51677.35,51881.05,51781.66424751778,NaN,NaN,NaN,NaN,0
1743740100,51898.25,51930,51707,51750,51780.94522839698,NaN,NaN,NaN,NaN,0
1743741000,51750,51773.1,51646.05,51660,51771.515094571776,NaN,NaN,NaN,NaN,0
1743741900,51657.75,51816.95,51645,51690.45,51764.21449049521,NaN,NaN,NaN,NaN,0
1743742800,51680.35,51731,51665,51691.7,51756.78757603142,NaN,NaN,NaN,NaN,0
1743743700,51680,51773.75,51650.05,51772.3,51756.86031313754,NaN,NaN,NaN,NaN,0
1743744600,51778,51869.2,51744.4,51826.8,51762.13864411168,NaN,NaN,NaN,NaN,0
1743745500,51849.95,51849.95,51777,51818.2,51766.744669193766,NaN,NaN,NaN,NaN,0
1743746400,51815.75,51888.9,51763,51785,51768.48553828086,NaN,NaN,NaN,NaN,0
1743747300,51780,51811,51730.05,51780,51769.77200916107,NaN,NaN,NaN,NaN,0
1743748200,51781,51806,51725.6,51789,51771.863117090244,NaN,NaN,NaN,NaN,0
1743749100,51789,51813.4,51756.3,51776,51772.72828786172,NaN,NaN,NaN,NaN,0
1743750000,51780.3,51797.95,51710,51782.3,51774.17011466613,NaN,NaN,NaN,NaN,0
1743750900,51781.85,51800,51741,51772.6,51774.59889325756,NaN,NaN,NaN,NaN,0
1743751800,51775.15,51826.6,51730.55,51749.9,51772.79074378065,NaN,NaN,NaN,NaN,0
1743752700,51745,51789.85,51694,51771.75,51772.937955603455,NaN,NaN,NaN,NaN,0
1743753600,51774.7,51778.3,51650,51650,51761.86260361236,NaN,NaN,NaN,NaN,0
1743754500,51641.05,51673.05,51575,51632,51749.07297662614,NaN,NaN,NaN,NaN,0
1743755400,51632,51724.95,51620,51712,51743.80786529843,NaN,NaN,NaN,NaN,0
1743756300,51719.95,51735,51611.7,51620.3,51730.594784885296,NaN,NaN,NaN,NaN,0
1743757200,51616,51649.8,51522.15,51545,51711.01401372556,NaN,NaN,NaN,NaN,0
1743758100,51544.95,51578,51475,51481.05,51686.31691667728,NaN,NaN,NaN,NaN,0
1743759000,51487.8,51650,51459.15,51650,51678.02421007537,NaN,NaN,NaN,NaN,0
1743759900,51650,51654.3,51580,51650.2,51670.92122021641,NaN,NaN,NaN,NaN,0
1743997500,49901.2,50784.95,49701.5,50301.85,51542.017465342695,NaN,NaN,NaN,NaN,0
1743998400,50297.6,50499.7,50133.3,50185.25,51404.52799245777,NaN,NaN,NaN,NaN,0
1743999300,50185.25,50281.55,50088,50111.05,51264.29760857449,NaN,NaN,NaN,NaN,0
1744000200,50110,50162.5,49913.25,49922.6,51112.36858461239,NaN,NaN,NaN,NaN,0
1744001100,49912.4,50105,49850,50090.15,50983.38496535201,NaN,NaN,NaN,NaN,0
1744002000,50110,50112.7,49927.55,50100.65,50864.37805583886,NaN,NaN,NaN,NaN,0
1744002900,50102.65,50275,50000,50000.05,50745.993679384614,NaN,NaN,NaN,NaN,0
1744003800,50006.1,50029,49930,49940.3,50632.63712817518,NaN,NaN,NaN,NaN,0
1744004700,49935,49976.3,49800,49889.4,50525.39548524008,NaN,NaN,NaN,NaN,0
1744005600,49885.4,50025,49825.05,49850,50425.48638750541,NaN,NaN,NaN,NaN,0
1744006500,49859.55,49869.05,49722.55,49750.45,50327.3923435483,NaN,NaN,NaN,NaN,0
1744007400,49753.85,49766.85,49501.8,49501.8,50217.26549001085,NaN,NaN,NaN,NaN,0
1744008300,49501.8,49551.05,49450,49457.25,50113.43601297439,NaN,NaN,NaN,NaN,0
1744009200,49457.05,49527.9,49366.1,49521,50025.569243786376,NaN,NaN,NaN,NaN,0
1744010100,49530,49650,49451,49457.5,49941.747917291206,NaN,NaN,NaN,NaN,0
1744011000,49450,49528,49426,49522.6,49873.2089008565,NaN,NaN,NaN,NaN,0
1744011900,49519.05,49635.6,49409,49582.05,49818.904353942715,NaN,NaN,NaN,NaN,0
1744012800,49572.85,49790,49550.1,49749.25,49787.95928026659,NaN,NaN,NaN,NaN,0
1744013700,49744.4,49899.45,49727,49739.9,49763.298506541956,NaN,NaN,NaN,NaN,0
1744014600,49745.15,49848.6,49670,49756.9,49746.47092724693,NaN,NaN,NaN,NaN,0
1744015500,49762.65,49808.3,49684.05,49746.5,49733.79949862557,NaN,NaN,NaN,NaN,0
1744016400,49745.9,49873.7,49725.25,49735.5,49724.14658744923,NaN,NaN,NaN,NaN,0
1744017300,49735.5,49838.8,49705,49783.95,49722.30792498819,NaN,NaN,NaN,NaN,0
1744018200,49800,50200,49796.8,50151.35,49756.528631435875,NaN,NaN,NaN,NaN,0
1744019100,50145.15,50225.8,50060,50189.9,49795.82017835029,NaN,NaN,NaN,NaN,0
1744020000,50172.3,50172.3,50172.3,50172.3,49833.631724856794,NaN,NaN,NaN,NaN,0
1744083900,50502.05,50928.25,50502.05,50902.25,49937.39321223362,NaN,NaN,NaN,NaN,0
1744084800,50909.4,50966.55,50700.05,50762.55,50028.14816818973,NaN,NaN,NaN,NaN,0
1744085700,50751,50824.95,50552.55,50599.9,50100.37343672113,NaN,NaN,NaN,NaN,0
1744086600,50590.3,50631.75,50500.1,50538.4,50162.207173547606,NaN,NaN,NaN,NaN,0
1744087500,50530,50615.45,50458.75,50615.45,50225.818861054235,NaN,NaN,NaN,NaN,0
1744088400,50615,50636.35,50264.9,50337,50257.95803100325,NaN,NaN,NaN,NaN,0
1744089300,50338.9,50548.8,50282.5,50535,50302.34167302791,NaN,NaN,NaN,NaN,0
1744090200,50531.8,50698.75,50520.1,50620.4,50349.11555918275,NaN,NaN,NaN,NaN,0
1744091100,50631.05,50656.65,50401.5,50456.65,50375.70167399747,NaN,NaN,NaN,NaN,0
1744092000,50469,50515.6,50365,50436,50395.50765304721,NaN,NaN,NaN,NaN,0
1744092900,50422.55,50545,50419,50538.65,50420.33817419681,NaN,NaN,NaN,NaN,0
1744093800,50537.9,50723.45,50500,50723.45,50458.30950121771,NaN,NaN,NaN,NaN,0
1744094700,50723,50735.7,50650,50722.6,50493.007424845506,NaN,NaN,NaN,NaN,0
1744095600,50722.85,50910,50692.45,50819.9,50533.27365796616,NaN,NaN,NaN,NaN,0
1744096500,50825,50844,50772,50832.2,50571.35038370051,NaN,NaN,NaN,NaN,0
1744097400,50844.5,50856.05,50760,50854.75,50608.39494726349,NaN,NaN,NaN,NaN,0
1744098300,50855,50900,50775.1,50899,50646.22858506111,NaN,NaN,NaN,NaN,0
1744099200,50888.9,50915.1,50664.7,50729.05,50665.33524551008,NaN,NaN,NaN,NaN,0
1744100100,50718.2,50760,50552.6,50633.65,50672.4979119345,NaN,NaN,NaN,NaN,0
1744101000,50656.55,50760,50625.05,50740.15,50686.70972380782,NaN,NaN,NaN,NaN,0
1744101900,50759,50838,50744.65,50805.4,50704.50188792442,NaN,NaN,NaN,NaN,0
1744102800,50819.2,50824.8,50675,50731.85,50713.47715697637,NaN,NaN,NaN,NaN,0
1744103700,50730.05,50768,50664.7,50743,50721.58663547299,NaN,NaN,NaN,NaN,0
1744104600,50728.95,50787.9,50669,50745.35,50728.224551853455,NaN,NaN,NaN,NaN,0
1744105500,50736.1,50831.95,50724.1,50811,50739.03375790688,NaN,NaN,NaN,NaN,0
1744106400,50824,50824,50824,50824,50749.902086177266,NaN,NaN,NaN,NaN,0
1744170300,50600,50754.85,50500,50533,50733.2758435548,NaN,NaN,NaN,NaN,0
1744171200,50519.75,50658,50465,50658,50726.42227101933,NaN,NaN,NaN,NaN,0
1744172100,50646.5,50670,50450,50452.4,50700.83443139502,NaN,NaN,NaN,NaN,0
1744173000,50440,50585.3,50342.65,50372.05,50668.268719887434,NaN,NaN,NaN,NaN,0
1744173900,50375,50550,50361.6,50389.55,50637.998036539575,NaN,NaN,NaN,NaN,0
1744174800,50386.7,50395.55,50226,50270,50597.85272466444,NaN,NaN,NaN,NaN,0
1744175700,50260,50349,50231.55,50266.4,50559.37464193828,NaN,NaN,NaN,NaN,0
1744176600,50270,50270,50040.3,50097,50507.2772201996,NaN,NaN,NaN,NaN,0
1744177500,50109,50245,50073.5,50245,50471.21766872054,NaN,NaN,NaN,NaN,0
1744178400,50245,50360,50220,50360,50448.92124567951,NaN,NaN,NaN,NaN,0
1744179300,50363.5,50405.95,50235,50235,50418.36863999727,NaN,NaN,NaN,NaN,0
1744180200,50235.9,50325,50181.05,50301.95,50396.89143079447,NaN,NaN,NaN,NaN,0
1744181100,50314.6,50349.5,50280,50340,50381.71333774764,NaN,NaN,NaN,NaN,0
1744182000,50340,50448.6,50316.65,50438,50378.35330079734,NaN,NaN,NaN,NaN,0
1744182900,50439.55,50468.85,50341.2,50384.35,50372.47565342111,NaN,NaN,NaN,NaN,0
1744183800,50381.55,50525,50360.2,50471.95,50376.649978257454,NaN,NaN,NaN,NaN,0
1744184700,50487.2,50510.75,50410.05,50445.2,50379.97431742334,NaN,NaN,NaN,NaN,0
1744185600,50445.45,50480,50380,50397.15,50380.00388784146,NaN,NaN,NaN,NaN,0
1744186500,50397,50458.6,50395.3,50397.55,50381.050451558425,NaN,NaN,NaN,NaN,0
1744187400,50391,50443.7,50371.05,50435.65,50386.12000573928,NaN,NaN,NaN,NaN,0
1744188300,50433.9,50483.25,50413.05,50448.75,50392.40805323924,NaN,NaN,NaN,NaN,0
1744189200,50454.05,50469.25,50400.5,50444.85,50398.2217351568,NaN,NaN,NaN,NaN,0
1744190100,50437.9,50466.25,50424.95,50439.4,50403.42767997437,NaN,NaN,NaN,NaN,0
1744191000,50440,50483.25,50409.2,50479.1,50411.890417655566,NaN,NaN,NaN,NaN,0
1744191900,50479.1,50500,50466.65,50485,50420.43935602131,NaN,NaN,NaN,NaN,0
1744192800,50485,50485,50485,50485,50428.360885672104,NaN,NaN,NaN,NaN,0
1744343100,50799,51130,50799,50960.1,50478.98730691187,NaN,NaN,NaN,NaN,0
1744344000,50960,51183.45,50960,51157.75,50547.01917611345,NaN,NaN,NaN,NaN,0
1744344900,51160,51249.75,51056,51099.1,50607.67819633726,NaN,NaN,NaN,NaN,0
1744345800,51084.25,51160.35,51056,51085,50664.650371245436,NaN,NaN,NaN,NaN,0
1744346700,51085,51123.2,50940,51001.65,50710.74930057811,NaN,NaN,NaN,NaN,0
1744347600,51001.2,51096.8,50930.5,51009.95,50753.74741521418,NaN,NaN,NaN,NaN,0
1744348500,51010,51085,50953,51074.9,50798.748295763326,NaN,NaN,NaN,NaN,0
1744349400,51060.15,51165,51059.1,51160,50847.26886105237,NaN,NaN,NaN,NaN,0
1744350300,51161.55,51224.95,51120.8,51223.85,50897.46646721186,NaN,NaN,NaN,NaN,0
1744351200,51221.1,51319,51215,51240,50944.46134949555,NaN,NaN,NaN,NaN,0
1744352100,51240,51295.8,51230,51288.7,50991.27382317014,NaN,NaN,NaN,NaN,0
1744353000,51281.1,51362.45,51245.05,51355.3,51039.877439867385,NaN,NaN,NaN,NaN,0
1744353900,51360.1,51385,51290.95,51348.05,51083.27950831749,NaN,NaN,NaN,NaN,0
1744354800,51345.05,51362.85,51273,51324.95,51120.14442516219,NaN,NaN,NaN,NaN,0
1744355700,51324.95,51364.05,51301,51301,51150.47260769275,NaN,NaN,NaN,NaN,0
1744356600,51301,51374,51291.5,51330.55,51179.58760084293,NaN,NaN,NaN,NaN,0
1744357500,51328.6,51348.15,51252.55,51263.9,51198.79672852447,NaN,NaN,NaN,NaN,0
1744358400,51255,51278.75,51209,51278.75,51216.02704180189,NaN,NaN,NaN,NaN,0
1744359300,51274.95,51294.95,51175.25,51210,51224.056190020514,NaN,NaN,NaN,NaN,0
1744360200,51208.85,51221.8,51101,51118.7,51221.1801894623,NaN,NaN,NaN,NaN,0
1744361100,51123.5,51158.75,51072,51080.5,51212.723444591174,NaN,NaN,NaN,NaN,0
1744362000,51089.8,51150,51055.2,51127.6,51207.094351114065,NaN,NaN,NaN,NaN,0
1744362900,51141.95,51210,51129,51183.3,51205.63145056535,NaN,NaN,NaN,NaN,0
1744363800,51180.75,51220,51179.15,51180,51203.34681560175,NaN,NaN,NaN,NaN,0
1744364700,51175.15,51185.8,51101.2,51165.65,51199.45868678693,NaN,NaN,NaN,NaN,0
1744365600,51174.95,51174.95,51174.95,51174.95,51196.402619347515,NaN,NaN,NaN,NaN,0
1744688700,52099.6,52199.2,51802,52132,51280.765341235405,NaN,NaN,NaN,NaN,0
1744689600,52138.4,52222.2,52071.8,52210,51371.23165546448,NaN,NaN,NaN,NaN,0
1744690500,52214.2,52248.8,52144.2,52146.2,51454.02156426903,NaN,NaN,NaN,NaN,0
1744691400,52150,52304,52146.8,52292,51547.32597984489,NaN,NaN,NaN,NaN,0
1744692300,52295,52310,52215.2,52250,51632.73713927263,NaN,NaN,NaN,NaN,0
1744693200,52250,52283.4,52240,52265.6,51714.51015272961,NaN,NaN,NaN,NaN,0
1744694100,52270,52288,52260.2,52270,51790.673412102464,NaN,NaN,NaN,NaN,0
1744695000,52275,52316.8,52265.2,52286,51861.65495076363,NaN,NaN,NaN,NaN,0
1744695900,52289.4,52343.4,52289.4,52341,51930.6859043914,NaN,NaN,NaN,NaN,0
1744696800,52340.6,52425,52313.2,52412,51999.14424771423,NaN,NaN,NaN,NaN,0
1744697700,52416,52429.2,52366,52408.2,52060.2754752756,NaN,NaN,NaN,NaN,0
1744698600,52410,52420,52360.8,52372.8,52111.283129443276,NaN,NaN,NaN,NaN,0
1744699500,52371.8,52385,52351.8,52368.2,52155.26311559907,NaN,NaN,NaN,NaN,0
1744700400,52360.8,52402.4,52331,52355.2,52191.993204962564,NaN,NaN,NaN,NaN,0
1744701300,52340,52367.6,52330,52350.2,52222.73941406718,NaN,NaN,NaN,NaN,0
1744702200,52350.2,52412.4,52330.2,52361,52249.51217177834,NaN,NaN,NaN,NaN,0
1744703100,52361,52396.6,52354.4,52374.4,52273.06116446147,NaN,NaN,NaN,NaN,0
1744704000,52389,52389,52356,52375.2,52292.92276427824,NaN,NaN,NaN,NaN,0
1744704900,52376,52394.8,52362.6,52380,52309.86086616331,NaN,NaN,NaN,NaN,0
1744705800,52379,52400,52374,52400,52325.847284843694,NaN,NaN,NaN,NaN,0
1744706700,52401.2,52403.2,52375,52375.2,52337.22012969812,NaN,NaN,NaN,NaN,0
1744707600,52375.2,52399,52332.8,52370.6,52346.10413016286,NaN,NaN,NaN,NaN,0
1744708500,52373.4,52404.8,52366,52391,52355.01487951712,NaN,NaN,NaN,NaN,0
1744709400,52381.6,52390.2,52310.6,52339,52357.649465093375,NaN,NaN,NaN,NaN,0
1744710300,52335.4,52460,52335.4,52454,52369.59536737213,NaN,NaN,NaN,NaN,0
1744711200,52460,52460,52460,52460,52381.112489020765,NaN,NaN,NaN,NaN,0
1744775100,52550,52665,52433.6,52665,52410.37936448257,NaN,NaN,NaN,NaN,0
1744776000,52666,52756,52646.8,52753.4,52445.49128690694,NaN,NaN,NaN,NaN,0
1744776900,52755,52770,52701.2,52735,52477.736988617304,NaN,NaN,NaN,NaN,0
1744777800,52735.4,52804,52724,52771,52511.86818162064,NaN,NaN,NaN,NaN,0
1744778700,52780,52789.4,52636,52715,52538.85382927816,NaN,NaN,NaN,NaN,0
1744779600,52709.4,52713.6,52631,52674,52560.05776039723,NaN,NaN,NaN,NaN,0
1744780500,52674,52696.4,52626,52626,52574.6252782471,NaN,NaN,NaN,NaN,0
1744781400,52626,52732.2,52585,52732.2,52596.64786608035,NaN,NaN,NaN,NaN,0
1744782300,52734.8,52744,52707,52710.8,52614.52077626435,NaN,NaN,NaN,NaN,0
1744783200,52706,52775.6,52701.2,52766.8,52635.298970882024,NaN,NaN,NaN,NaN,0
1744784100,52772.6,52772.6,52725.6,52727.4,52650.34356154488,NaN,NaN,NaN,NaN,0
1744785000,52725,52770.8,52725,52738.8,52664.4852230928,NaN,NaN,NaN,NaN,0
1744785900,52738.8,52764,52720.2,52739.8,52676.94511801504,NaN,NaN,NaN,NaN,0
1744786800,52730.2,52803.4,52730.2,52800.2,52693.23359833374,NaN,NaN,NaN,NaN,0
1744787700,52800,52803.4,52761,52790,52707.03379501433,NaN,NaN,NaN,NaN,0
1744788600,52774.2,52842,52760,52839.8,52723.88430985224,NaN,NaN,NaN,NaN,0
1744789500,52842.2,52848,52711.8,52718.4,52728.212499505906,NaN,NaN,NaN,NaN,0
1744790400,52723.8,52764,52716.2,52745,52733.626012475645,NaN,NaN,NaN,NaN,0
1744791300,52745.8,52960,52729.6,52940.2,52755.699695359006,NaN,NaN,NaN,NaN,0
1744792200,52968,53143.4,52968,53130.4,52793.995607590085,NaN,NaN,NaN,NaN,0
1744793100,53135.4,53135.4,53040,53044.2,52823.04499747803,NaN,NaN,NaN,NaN,0
1744794000,53050,53081,53010,53055,52851.447480628216,NaN,NaN,NaN,NaN,0
1744794900,53050,53100,53038,53100,52882.07378511352,NaN,NaN,NaN,NaN,0
1744795800,53100,53100,53020,53045,52905.56992279142,NaN,NaN,NaN,NaN,0
1744796700,53041,53152,53040,53136.4,52935.24222342,NaN,NaN,NaN,NaN,0
1744797600,53136.6,53136.6,53136.6,53136.6,52962.4543504339,NaN,NaN,NaN,NaN,0
1744861500,53095.8,53282,53049.8,53140.2,52987.58450557437,NaN,NaN,NaN,NaN,0
1744862400,53135.6,53348,53125,53325.6,53026.92098266188,NaN,NaN,NaN,NaN,0
1744863300,53325.6,53470,53325.6,53432.4,53073.379685610795,NaN,NaN,NaN,NaN,0
1744864200,53420.4,53466.2,53310,53347.2,53109.334575207395,NaN,NaN,NaN,NaN,0
1744865100,53350.2,53429.2,53321.6,53400,53147.07057811215,NaN,NaN,NaN,NaN,0
1744866000,53400,53424.6,53355.4,53411,53182.77525112333,NaN,NaN,NaN,NaN,0
1744866900,53415,53431.8,53370,53380,53212.48970054788,NaN,NaN,NaN,NaN,0
1744867800,53379.8,53445,53345,53440.2,53244.5239429913,NaN,NaN,NaN,NaN,0
1744868700,53445,53548.8,53432.6,53524.8,53280.94658265997,NaN,NaN,NaN,NaN,0
1744869600,53522,53725.6,53520,53674.6,53327.897063278964,NaN,NaN,NaN,NaN,0
1744870500,53671.8,53721.6,53625,53649,53369.172507438176,NaN,NaN,NaN,NaN,0
1744871400,53646.6,53720,53620.2,53699.6,53411.71725997033,NaN,NaN,NaN,NaN,0
1744872300,53694.8,53800,53672.4,53800,53459.9041753231,NaN,NaN,NaN,NaN,0
1744873200,53791.8,53897.8,53779,53872.8,53511.09977625824,NaN,NaN,NaN,NaN,0
1744874100,53872.6,54050,53851,54050,53574.56389949462,NaN,NaN,NaN,NaN,0
1744875000,54049.6,54247,54014.8,54242,53651.464068692716,NaN,NaN,NaN,NaN,0
1744875900,54249,54373.2,54142.4,54150.2,53715.38595455,NaN,NaN,NaN,NaN,0
1744876800,54150.6,54259.8,54111,54218.4,53780.72223403291,NaN,NaN,NaN,NaN,0
1744877700,54215,54287,54210,54257.8,53844.35080148758,NaN,NaN,NaN,NaN,0
1744878600,54256,54294,54187.2,54187.2,53895.82544560935,NaN,NaN,NaN,NaN,0
1744879500,54193.2,54225.6,54088.6,54174.8,53940.45169753846,NaN,NaN,NaN,NaN,0
1744880400,54165.4,54284.8,54154,54267.6,53988.330161455706,NaN,NaN,NaN,NaN,0
1744881300,54257.6,54272,54161.2,54216.2,54026.33055857855,NaN,NaN,NaN,NaN,0
1744882200,54201,54217.8,54141,54156.6,54053.898772305016,NaN,NaN,NaN,NaN,0
1744883100,54165,54249,54155,54223.6,54083.099159280384,NaN,NaN,NaN,NaN,0
1745207100,54640.8,55115,54577.8,55025,54181.12373973243,NaN,NaN,NaN,NaN,0
1745208000,55030,55145.4,54998.6,55123,54283.81487530229,NaN,NaN,NaN,NaN,0
1745208900,55128.2,55203,55050,55191.4,54387.70169496593,NaN,NaN,NaN,NaN,0
1745209800,55190,55225,55125,55129.8,54479.90310212249,NaN,NaN,NaN,NaN,0
1745210700,55111,55161,55045.6,55146,54566.978609682774,NaN,NaN,NaN,NaN,0
1745211600,55143.6,55168,55086.2,55149,54647.495140050014,NaN,NaN,NaN,NaN,0
1745212500,55150,55290,55147.4,55279.2,54732.52945916475,NaN,NaN,NaN,NaN,0
1745213400,55277,55333,55236.8,55303.6,54812.280390848224,NaN,NaN,NaN,NaN,0
1745214300,55305,55348,55289.6,55341.2,54887.86608043599,NaN,NaN,NaN,NaN,0
1745215200,55341.2,55341.2,55250,55271.8,54949.40890691355,NaN,NaN,NaN,NaN,0
1745216100,55279.4,55376,55264,55350,55010.54427217761,NaN,NaN,NaN,NaN,0
1745217000,55350,55350,55304.2,55337.4,55063.258390271185,NaN,NaN,NaN,NaN,0
1745217900,55336,55416.6,55320,55360,55111.401737787484,NaN,NaN,NaN,NaN,0
1745218800,55370,55400,55339.2,55364.6,55153.68411739628,NaN,NaN,NaN,NaN,0
1745219700,55360,55399,55360,55395,55192.90247800107,NaN,NaN,NaN,NaN,0
1745220600,55398,55410.4,55362,55374,55224.9289575526,NaN,NaN,NaN,NaN,0
1745221500,55373.6,55391.6,55336.4,55339,55248.875750774285,NaN,NaN,NaN,NaN,0
1745222400,55342.4,55362.2,55201,55227,55258.28338145107,NaN,NaN,NaN,NaN,0
1745223300,55229.8,55330,55201.6,55300.2,55271.0503066797,NaN,NaN,NaN,NaN,0
1745224200,55300.2,55338,55260.4,55290,55279.944681471265,NaN,NaN,NaN,NaN,0
1745225100,55290,55300,55250,55267.2,55284.38400273428,NaN,NaN,NaN,NaN,0
1745226000,55279.8,55294.6,55212.6,55289,55289.05964879148,NaN,NaN,NaN,NaN,0
1745226900,55291.4,55320,55258,55302.4,55293.53265865367,NaN,NaN,NaN,NaN,0
1745227800,55305,55311,55240.6,55267,55293.556633652304,NaN,NaN,NaN,NaN,0
1745228700,55275,55345,55271,55280,55294.04115128727,NaN,NaN,NaN,NaN,0
1745229600,55280,55280,55280,55280,55294.04477136371,NaN,NaN,NaN,NaN,0
1745293500,55360,55450,55252,55345,55299.51268599531,NaN,NaN,NaN,NaN,0
1745294400,55343.4,55550,55331,55550,55322.42403157402,NaN,NaN,NaN,NaN,0
1745295300,55545,55580,55500.6,55555.8,55345.57445680916,NaN,NaN,NaN,NaN,0
1745296200,55565,55655,55546.2,55633.8,55375.2692445143,NaN,NaN,NaN,NaN,0
1745297100,55634.6,55876.4,55634.4,55796.6,55419.031476612196,NaN,NaN,NaN,NaN,0
1745298000,55796.6,55857.2,55779.4,55811.4,55462.73268428791,NaN,NaN,NaN,NaN,0
1745298900,55811.4,55848,55780,55841.4,55507.2041258328,NaN,NaN,NaN,NaN,0
1745299800,55845.4,55900,55801.2,55834.8,55548.43712476209,NaN,NaN,NaN,NaN,0
1745300700,55840.8,55848,55623.2,55625,55567.65021972894,NaN,NaN,NaN,NaN,0
1745301600,55620,55735.6,55566.6,55716.8,55592.18098301845,NaN,NaN,NaN,NaN,0
1745302500,55722,55750,55690.8,55736.8,55615.672418767106,NaN,NaN,NaN,NaN,0
1745303400,55730.4,55734.8,55630,55690,55631.896817494664,NaN,NaN,NaN,NaN,0
1745304300,55694.8,55707,55601,55707,55646.97196818736,NaN,NaN,NaN,NaN,0
1745305200,55704,55719.6,55621,55680,55657.07992419405,NaN,NaN,NaN,NaN,0
1745306100,55680,55684.6,55630,55661.4,55663.298876291185,NaN,NaN,NaN,NaN,0
1745307000,55660.2,55710,55644.6,55710,55672.05439653524,NaN,NaN,NaN,NaN,0
1745307900,55709.6,55749.8,55694.2,55747.8,55682.736229950824,NaN,NaN,NaN,NaN,0
1745308800,55749.8,55768.6,55709,55712,55688.866433597,NaN,NaN,NaN,NaN,0
1745309700,55724.8,55731,55641.2,55664,55689.61501688215,NaN,NaN,NaN,NaN,0
1745310600,55663.6,55748,55656.6,55691,55691.792397205325,NaN,NaN,NaN,NaN,0
1745311500,55691,55730,55670.6,55707.4,55694.7779070101,NaN,NaN,NaN,NaN,0
1745312400,55716.6,55725,55685.8,55710,55697.481802583214,NaN,NaN,NaN,NaN,0
1745313300,55703.8,55703.8,55565.2,55638.8,55693.22783901597,NaN,NaN,NaN,NaN,0
1745314200,55632.8,55660,55619.6,55630,55687.8607421488,NaN,NaN,NaN,NaN,0
1745315100,55630.4,55630.6,55495,55570.6,55677.00163528078,NaN,NaN,NaN,NaN,0
1745316000,55548.2,55548.2,55548.2,55548.2,55664.14875436362,NaN,NaN,NaN,NaN,0
1745379900,55865,55900.2,55696,55702,55665.61402807829,NaN,NaN,NaN,NaN,0
1745380800,55712.6,55750.4,55520.2,55651.2,55662.76160027488,NaN,NaN,NaN,NaN,0
1745381700,55645.2,55722.2,55530,55549,55650.743808842606,NaN,NaN,NaN,NaN,0
1745382600,55556,55598,55321,55329,55619.19468752307,NaN,NaN,NaN,NaN,0
1745383500,55336.6,55437.6,55336.6,55402.8,55595.08062377646,NaN,NaN,NaN,NaN,0
1745384400,55417.6,55419.2,55229,55229,55556.08033886321,NaN,NaN,NaN,NaN,0
1745385300,55225.4,55288.6,55184.8,55288,55524.00649056437,NaN,NaN,NaN,NaN,0
1745386200,55276.4,55309.2,55238.4,55263.8,55491.63071402936,NaN,NaN,NaN,NaN,0
1745387100,55263.8,55369.4,55263.2,55286,55463.51226502152,NaN,NaN,NaN,NaN,0
1745388000,55286,55370,55271.6,55359,55444.72736947041,NaN,NaN,NaN,NaN,0
1745388900,55360,55422.4,55330,55340,55426.50374806289,NaN,NaN,NaN,NaN,0
1745389800,55360.4,55375,55270,55323.8,55409.15403191024,NaN,NaN,NaN,NaN,0
1745390700,55323.8,55323.8,55247.4,55252.8,55387.66725181531,NaN,NaN,NaN,NaN,0
1745391600,55281.2,55329.4,55225.2,55325,55374.91682629611,NaN,NaN,NaN,NaN,0
1745392500,55325,55359.6,55292.4,55356.4,55367.113980929666,NaN,NaN,NaN,NaN,0
1745393400,55351,55395,55321,55339.4,55359.59924990133,NaN,NaN,NaN,NaN,0
1745394300,55352.2,55370.2,55318.4,55355,55355.00782915149,NaN,NaN,NaN,NaN,0
1745395200,55357.8,55418.2,55333.2,55418.2,55357.46037441678,NaN,NaN,NaN,NaN,0
1745396100,55412.6,55483.4,55376.8,55478,55366.454922139594,NaN,NaN,NaN,NaN,0
1745397000,55480,55488.8,55421.2,55441.2,55372.82926909678,NaN,NaN,NaN,NaN,0
1745397900,55449,55465,55410.4,55430,55378.47325222757,NaN,NaN,NaN,NaN,0
1745398800,55430,55450.8,55387.6,55395.8,55381.05274836701,NaN,NaN,NaN,NaN,0
1745399700,55401.8,55447.4,55401.8,55430,55386.64687157071,NaN,NaN,NaN,NaN,0
1745400600,55430.2,55444.6,55390.2,55424.2,55391.56778476158,NaN,NaN,NaN,NaN,0
1745401500,55424,55431.4,55365,55385.6,55392.61928597727,NaN,NaN,NaN,NaN,0
1745466300,55244,55464,55215,55441.8,55398.47084400078,NaN,NaN,NaN,NaN,0
1745467200,55451.6,55576.4,55310,55317.6,55392.59648268409,NaN,NaN,NaN,NaN,0
1745468100,55320,55414.8,55268.4,55390,55392.75756848651,NaN,NaN,NaN,NaN,0
1745469000,55392,55441.4,55365.4,55416,55395.12906787076,NaN,NaN,NaN,NaN,0
1745469900,55416,55450,55406.6,55409.4,55396.823757481405,NaN,NaN,NaN,NaN,0
1745470800,55405,55425,55368.8,55381,55395.996603869884,NaN,NaN,NaN,NaN,0
1745471700,55383.2,55426.6,55379.2,55396.2,55396.25244270933,NaN,NaN,NaN,NaN,0
1745472600,55396.2,55420,55384.4,55417,55398.49523499447,NaN,NaN,NaN,NaN,0
1745473500,55417.2,55421.8,55325,55351,55394.50230815546,NaN,NaN,NaN,NaN,0
1745474400,55351,55389,55345,55389,55393.934792519314,NaN,NaN,NaN,NaN,0
1745475300,55389,55400,55376.2,55385.2,55392.98291495306,NaN,NaN,NaN,NaN,0
1745476200,55385.2,55409,55378,55383,55391.76800873335,NaN,NaN,NaN,NaN,0
1745477100,55386.6,55418.6,55384,55401,55392.29110629754,NaN,NaN,NaN,NaN,0
1745478000,55399.6,55409.8,55365.2,55400,55392.81350054622,NaN,NaN,NaN,NaN,0
1745478900,55400,55404.8,55365,55367,55390.46679716368,NaN,NaN,NaN,NaN,0
1745479800,55367,55399,55367,55379.2,55389.1835936023,NaN,NaN,NaN,NaN,0
1745480700,55379.2,55396.4,55371,55384.2,55388.4009782417,NaN,NaN,NaN,NaN,0
1745481600,55391,55414.8,55390,55402.4,55389.39416724855,NaN,NaN,NaN,NaN,0
1745482500,55405.2,55410,55377.2,55385,55388.855008829356,NaN,NaN,NaN,NaN,0
1745483400,55379.2,55400,55375,55397.6,55389.44655286623,NaN,NaN,NaN,NaN,0
1745484300,55401.8,55420,55384.4,55410.4,55391.193194580854,NaN,NaN,NaN,NaN,0
1745485200,55415.4,55416.6,55366,55383,55390.52929460486,NaN,NaN,NaN,NaN,0
1745486100,55384,55395.4,55342,55349,55386.78570936505,NaN,NaN,NaN,NaN,0
1745487000,55349.6,55350,55130,55236,55372.80917058588,NaN,NaN,NaN,NaN,0
1745487900,55236,55242.8,55202,55209.8,55356.55131630444,NaN,NaN,NaN,NaN,0
1745552700,55355,55555,55100,55297,55348.63652994618,NaN,NaN,NaN,NaN,0
1745553600,55281.2,55296.4,54956,55014.4,55315.548740248814,NaN,NaN,NaN,NaN,0
1745554500,55006.4,55028,54852,54937,55276.14605560248,NaN,NaN,NaN,NaN,0
1745555400,54940,54940,54711,54890.4,55233.97016385595,NaN,NaN,NaN,NaN,0
1745556300,54890.8,54925.6,54742.2,54742.2,55179.99925193442,NaN,NaN,NaN,NaN,0
1745557200,54750.2,54771.4,54656,54675.6,55122.33184350649,NaN,NaN,NaN,NaN,0
1745558100,54685.4,54752.8,54590,54590,55059.906111383054,NaN,NaN,NaN,NaN,0
1745559000,54603,54707.8,54565.6,54642.4,55005.93231257363,NaN,NaN,NaN,NaN,0
1745559900,54636.4,54650,54540,54594,54951.63970990589,NaN,NaN,NaN,NaN,0
1745560800,54594,54625,54535.4,54590,54901.4002307835,NaN,NaN,NaN,NaN,0
1745561700,54590,54590.8,54409.4,54476.2,54845.52493337475,NaN,NaN,NaN,NaN,0
1745562600,54476.6,54636,54451,54600,54805.67830920766,NaN,NaN,NaN,NaN,0
1745563500,54605,54710,54563.8,54697.8,54779.56176771752,NaN,NaN,NaN,NaN,0
1745564400,54698.8,54739.8,54618.6,54619,54750.80328796677,NaN,NaN,NaN,NaN,0
1745565300,54618.6,54770,54618.2,54747,54737.864277977176,NaN,NaN,NaN,NaN,0
1745566200,54748.4,54790,54670,54779.8,54731.63122411677,NaN,NaN,NaN,NaN,0
1745567100,54780,54845.8,54730.6,54730.6,54724.062236217906,NaN,NaN,NaN,NaN,0
1745568000,54740,54900,54740,54865.2,54731.26352403471,NaN,NaN,NaN,NaN,0
1745568900,54880,55088,54870,55080,54759.945594378,NaN,NaN,NaN,NaN,0
1745569800,55088.6,55099,54850.2,54925,54775.56784244513,NaN,NaN,NaN,NaN,0
1745570700,54925,55020,54925,54958,54794.55374434395,NaN,NaN,NaN,NaN,0
1745571600,54965.2,54965.2,54770,54794.6,54798.37900065084,NaN,NaN,NaN,NaN,0
1745572500,54794,54912.6,54750,54869,54808.3630079215,NaN,NaN,NaN,NaN,0
1745573400,54868,54900,54778.4,54800.2,54811.310083217984,NaN,NaN,NaN,NaN,0
1745574300,54814.8,54814.8,54641.4,54651.4,54799.82760544836,NaN,NaN,NaN,NaN,0
1745575200,54671,54671,54671,54671,54789.495305812496,NaN,NaN,NaN,NaN,0
1745811900,54735.2,55310.2,54650,55282,54834.38065160541,NaN,NaN,NaN,NaN,0
1745812800,55274.4,55490,55274.4,55356.2,54885.25429914346,NaN,NaN,NaN,NaN,0
1745813700,55355,55447.4,55313,55436.8,54942.57336017691,NaN,NaN,NaN,NaN,0
1745814600,55435,55499,55327,55498.8,55003.62940603412,NaN,NaN,NaN,NaN,0
1745815500,55499,55541.4,55360.6,55399,55052.91521215822,NaN,NaN,NaN,NaN,0
1745816400,55384,55499,55384,55457,55104.36738304405,NaN,NaN,NaN,NaN,0
1745817300,55453.2,55510,55418.2,55472.8,55153.58813247379,NaN,NaN,NaN,NaN,0
1745818200,55491,55500,55370.2,55390,55191.27480030781,NaN,NaN,NaN,NaN,0
1745819100,55379.4,55438.4,55316,55436.8,55228.92174654586,NaN,NaN,NaN,NaN,0
1745820000,55430.4,55511,55404.4,55483.4,55266.68146299312,NaN,NaN,NaN,NaN,0
1745820900,55499.6,55640,55487.8,55587,55309.758298536166,NaN,NaN,NaN,NaN,0
1745821800,55590,55600,55534,55578.8,55348.15955203919,NaN,NaN,NaN,NaN,0
1745822700,55582,55739,55576.2,55730,55396.17199441543,NaN,NaN,NaN,NaN,0
1745823600,55737,55739,55666.2,55685,55436.01992437543,NaN,NaN,NaN,NaN,0
1745824500,55689,55825,55674.6,55773.8,55480.16859520473,NaN,NaN,NaN,NaN,0
1745825400,55784.8,55800,55682.2,55722.8,55515.631707779095,NaN,NaN,NaN,NaN,0
1745826300,55720.4,55741.2,55640,55708.8,55546.00187589124,NaN,NaN,NaN,NaN,0
1745827200,55700,55758.6,55681.8,55720,55573.84033766816,NaN,NaN,NaN,NaN,0
1745828100,55720,55760,55680,55713.8,55597.51679144967,NaN,NaN,NaN,NaN,0
1745829000,55713.8,55748.4,55682,55748.4,55620.920262164,NaN,NaN,NaN,NaN,0
1745829900,55750,55764.8,55630,55630,55630.845349187264,NaN,NaN,NaN,NaN,0
1745830800,55630,55705,55558.2,55578.2,55633.3858785687,NaN,NaN,NaN,NaN,0
1745831700,55576.2,55685.2,55540,55677,55642.96028679729,NaN,NaN,NaN,NaN,0
1745832600,55675,55724.8,55625,55641,55647.329742700414,NaN,NaN,NaN,NaN,0
1745833500,55655.2,55687,55640.2,55678.8,55653.75239886795,NaN,NaN,NaN,NaN,0
1745834400,55678.8,55678.8,55678.8,55678.8,55659.15500994405,NaN,NaN,NaN,NaN,0
1745898300,55744.6,56194.8,55739.8,56004.6,55693.22803167675,NaN,NaN,NaN,NaN,0
1745899200,56003.4,56099.8,55701.2,55771.4,55704.24932973207,NaN,NaN,NaN,NaN,0
1745900100,55765,55943.2,55712.6,55902.4,55726.13405583743,NaN,NaN,NaN,NaN,0
1745901000,55886.4,55918.8,55701,55750,55732.96311097682,NaN,NaN,NaN,NaN,0
1745901900,55743.2,55755,55605,55626.2,55727.32167208593,NaN,NaN,NaN,NaN,0
1745902800,55626.2,55680,55556.4,55563.4,55715.13442381799,NaN,NaN,NaN,NaN,0
1745903700,55563.4,55700,55527.6,55604.8,55705.97250575751,NaN,NaN,NaN,NaN,0
1745904600,55601,55687,55601,55630,55698.7436846463,NaN,NaN,NaN,NaN,0
1745905500,55631.2,55665,55575.2,55577.4,55686.73294587393,NaN,NaN,NaN,NaN,0
1745906400,55583,55629,55509,55620,55678.68367266445,NaN,NaN,NaN,NaN,0
1745907300,55620,55621.6,55475,55484.8,55658.619658842435,NaN,NaN,NaN,NaN,0
1745908200,55482.8,55564.6,55460,55530,55643.173312390056,NaN,NaN,NaN,NaN,0
1745909100,55525,55559.6,55468.6,55480.8,55624.1569867982,NaN,NaN,NaN,NaN,0
1745910000,55486.4,55618,55460,55580,55615.09758390477,NaN,NaN,NaN,NaN,0
1745910900,55580,55661,55548.2,55658.8,55614.523073171804,NaN,NaN,NaN,NaN,0
1745911800,55658.8,55720.6,55604.2,55630,55612.36175800039,NaN,NaN,NaN,NaN,0
1745912700,55630,55665,55581,55625,55610.82569880164,NaN,NaN,NaN,NaN,0
1745913600,55620.2,55644.4,55581,55584.4,55606.449356816396,NaN,NaN,NaN,NaN,0
1745914500,55590,55633,55575,55605.2,55604.662087371304,NaN,NaN,NaN,NaN,0
1745915400,55595,55616.4,55580,55600,55602.998829234355,NaN,NaN,NaN,NaN,0
1745916300,55594,55649,55594,55624,55603.946532410104,NaN,NaN,NaN,NaN,0
1745917200,55624.6,55649,55602.6,55638,55606.66850258537,NaN,NaN,NaN,NaN,0
1745918100,55628.2,55637,55552.8,55597.4,55605.936264569435,NaN,NaN,NaN,NaN,0
1745919000,55589.8,55615,55533.2,55533.2,55599.30789908677,NaN,NaN,NaN,NaN,0
1745919900,55533,55548.2,55437,55440,55584.338787738125,NaN,NaN,NaN,NaN,0
1745920800,55440,55440,55440,55440,55569.55120193856,NaN,NaN,NaN,NaN,0
1745984700,55440,55450,55131,55372,55548.99915271076,NaN,NaN,NaN,NaN,0
1745985600,55370,55572.4,55350.4,55460.8,55536.80891697707,NaN,NaN,NaN,NaN,0
1745986500,55477.8,55630,55444,55490,55528.51803133984,NaN,NaN,NaN,NaN,0
1745987400,55499,55500,55352,55370,55510.064039137804,NaN,NaN,NaN,NaN,0
1745988300,55370,55427.6,55305,55326,55488.86134909054,NaN,NaN,NaN,NaN,0
1745989200,55320.4,55325,55200,55280.4,55464.85619069965,NaN,NaN,NaN,NaN,0
1745990100,55298,55360,55230.2,55345,55448.186284952644,NaN,NaN,NaN,NaN,0
1745991000,55350,55383,55248,55294.6,55428.3632809272,NaN,NaN,NaN,NaN,0
1745991900,55305,55394,55271,55300,55410.59039909701,NaN,NaN,NaN,NaN,0
1745992800,55302.4,55355,55271,55331,55397.36800567506,NaN,NaN,NaN,NaN,0
1745993700,55331.6,55333.8,55258.2,55287.8,55381.787988330456,NaN,NaN,NaN,NaN,0
1745994600,55275,55315.4,55270.4,55270.4,55366.394956049255,NaN,NaN,NaN,NaN,0
1745995500,55273.8,55380,55258.2,55372.4,55361.783831181776,NaN,NaN,NaN,NaN,0
1745996400,55372.4,55394,55321,55379,55359.273375481986,NaN,NaN,NaN,NaN,0
1745997300,55394,55422,55357.2,55357.2,55355.865658746996,NaN,NaN,NaN,NaN,0
1745998200,55370.2,55398.2,55350.2,55385,55355.93014232128,NaN,NaN,NaN,NaN,0
1745999100,55385,55395.6,55330,55340,55352.77153774986,NaN,NaN,NaN,NaN,0
1746000000,55340,55418,55325.4,55407.4,55356.41049307007,NaN,NaN,NaN,NaN,0
1746000900,55409,55416.2,55335,55350.2,55355.344762524765,NaN,NaN,NaN,NaN,0
1746001800,55348,55348,55277,55306,55350.50636744055,NaN,NaN,NaN,NaN,0
1746002700,55305.2,55319.6,55265.4,55265.4,55342.196266077844,NaN,NaN,NaN,NaN,0
1746003600,55279.8,55309.8,55232.2,55288.2,55336.17486929215,NaN,NaN,NaN,NaN,0
1746004500,55288.6,55356,55283.4,55323.8,55333.67426733606,NaN,NaN,NaN,NaN,0
1746005400,55323.8,55343,55276.2,55320,55331.184027850046,NaN,NaN,NaN,NaN,0
1746006300,55320,55323.8,55172,55172,55315.56374991159,NaN,NaN,NaN,NaN,0
1746007200,55180,55180,55180,55180,55301.15380950156,NaN,NaN,NaN,NaN,0
1746157500,55250.2,55849,55218.2,55849,55348.27435087334,NaN,NaN,NaN,NaN,0
1746158400,55850,55929,55727.2,55757.2,55387.337194141,NaN,NaN,NaN,NaN,0
1746159300,55760.6,55825,55712.2,55774.8,55427.38641864485,NaN,NaN,NaN,NaN,0
1746160200,55770.2,55830,55750,55794.4,55468.07357231369,NaN,NaN,NaN,NaN,0
1746161100,55794.8,55800,55710,55738.6,55502.12127699426,NaN,NaN,NaN,NaN,0
1746162000,55736,55751.6,55611,55696.4,55530.165991024696,NaN,NaN,NaN,NaN,0
1746162900,55697.6,55720.6,55512,55570,55544.231123998165,NaN,NaN,NaN,NaN,0
1746163800,55570,55620,55501,55554.8,55554.25332550282,NaN,NaN,NaN,NaN,0
1746164700,55544.8,55597.6,55450,55450,55552.37396706408,NaN,NaN,NaN,NaN,0
1746165600,55450,55475.8,55329.6,55339,55538.256614856225,NaN,NaN,NaN,NaN,0
1746166500,55350,55429.8,55294.4,55391.2,55527.26822133126,NaN,NaN,NaN,NaN,0
1746167400,55400,55400,55280,55305,55507.4587573161,NaN,NaN,NaN,NaN,0
1746168300,55309.6,55317.8,55152.4,55152.8,55473.33278180794,NaN,NaN,NaN,NaN,0
1746169200,55152.4,55232,55073.6,55225,55445.880582691156,NaN,NaN,NaN,NaN,0
1746170100,55230,55315,55199,55209.4,55417.89593926773,NaN,NaN,NaN,NaN,0
1746171000,55210,55269.8,55165,55195,55390.02314763487,NaN,NaN,NaN,NaN,0
1746171900,55186.4,55352,55186.4,55330,55376.21708113725,NaN,NaN,NaN,NaN,0
1746172800,55344.4,55455.6,55340.2,55373.8,55368.45473704148,NaN,NaN,NaN,NaN,0
1746173700,55378.4,55411,55340,55351.2,55360.48663169346,NaN,NaN,NaN,NaN,0
1746174600,55338.8,55388,55275.2,55330,55352.468699501005,NaN,NaN,NaN,NaN,0
1746175500,55333,55366.4,55121,55123.2,55327.268099420566,NaN,NaN,NaN,NaN,0
1746176400,55126.4,55220,55092,55203,55310.9498495032,NaN,NaN,NaN,NaN,0
1746177300,55203.2,55321.2,55180.6,55306,55305.55820560817,NaN,NaN,NaN,NaN,0
1746178200,55317,55359,55185,55266,55297.91687622132,NaN,NaN,NaN,NaN,0
1746179100,55262.2,55281,55162.6,55191.8,55284.78176716809,NaN,NaN,NaN,NaN,0
1746180000,55191.8,55191.8,55191.8,55191.8,55272.99024439131,NaN,NaN,NaN,NaN,0
1746416700,55124.8,55448,55056.2,55120,55255.713868871426,NaN,NaN,NaN,NaN,0
1746417600,55115,55180,55011.2,55130.8,55239.68169762388,NaN,NaN,NaN,NaN,0
1746418500,55135,55280,55052,55273,55238.0468425433,NaN,NaN,NaN,NaN,0
1746419400,55256,55292,55155,55189,55229.91717609377,NaN,NaN,NaN,NaN,0
1746420300,55194.6,55246,55170,55210.2,55224.741150936534,NaN,NaN,NaN,NaN,0
1746421200,55215,55343.8,55204,55315.4,55230.17266799155,NaN,NaN,NaN,NaN,0
1746422100,55316.6,55316.6,55100,55125,55219.033219667544,NaN,NaN,NaN,NaN,0
1746423000,55120,55171,55069,55115,55207.740023350365,NaN,NaN,NaN,NaN,0
1746423900,55115,55130,55037,55075,55193.415740117984,NaN,NaN,NaN,NaN,0
1746424800,55070,55131,55021,55060,55178.52269278003,NaN,NaN,NaN,NaN,0
1746425700,55065.8,55075,54960,55043.2,55162.98763375369,NaN,NaN,NaN,NaN,0
1746426600,55036.8,55054.8,54992.2,55009.8,55145.19276487991,NaN,NaN,NaN,NaN,0
1746427500,55003.4,55009.6,54929.2,54992.8,55126.96635663987,NaN,NaN,NaN,NaN,0
1746428400,55000,55000,54935,54947,55105.89051686251,NaN,NaN,NaN,NaN,0
1746429300,54941,55024.8,54915,55020,55092.641539684286,NaN,NaN,NaN,NaN,0
1746430200,55020,55088.8,55011.4,55036,55082.259402838274,NaN,NaN,NaN,NaN,0
1746431100,55036,55109.2,54993,55074.4,55076.77584627442,NaN,NaN,NaN,NaN,0
1746432000,55070,55115,55064.4,55105.2,55075.2262445123,NaN,NaN,NaN,NaN,0
1746432900,55115,55165,55102.4,55135.2,55077.5241987826,NaN,NaN,NaN,NaN,0
1746433800,55135.2,55186,55085,55130,55080.32183932089,NaN,NaN,NaN,NaN,0
1746434700,55136,55140,55050,55096.6,55080.785577782575,NaN,NaN,NaN,NaN,0
1746435600,55113.2,55215,55107.8,55135,55085.47217104482,NaN,NaN,NaN,NaN,0
1746436500,55130.4,55166,55101.4,55102,55087.267102902784,NaN,NaN,NaN,NaN,0
1746437400,55102.8,55118.4,55040,55055,55084.728944582545,NaN,NaN,NaN,NaN,0
1746438300,55055,55099.2,55050,55081,55084.64182643523,NaN,NaN,NaN,NaN,0
1746503100,55050.6,55205.8,54866,54880,55066.30069418612,NaN,NaN,NaN,NaN,0
1746504000,54879.8,54960,54806.8,54837.4,55044.14873861174,NaN,NaN,NaN,NaN,0
1746504900,54837.2,54880.4,54780,54790,55018.138289794035,NaN,NaN,NaN,NaN,0
1746505800,54789.2,54845,54751,54761,54990.18022571585,NaN,NaN,NaN,NaN,0
1746506700,54750.2,54750.2,54650,54718.4,54959.255980684095,NaN,NaN,NaN,NaN,0
1746507600,54720.4,54749,54670,54700,54928.267988227024,NaN,NaN,NaN,NaN,0
1746508500,54700,54747.8,54680,54728,54901.63699947302,NaN,NaN,NaN,NaN,0
1746509400,54728,54736,54650,54690,54873.50753575863,NaN,NaN,NaN,NaN,0
1746510300,54689.8,54699.8,54630,54630.8,54842.519758736744,NaN,NaN,NaN,NaN,0
1746511200,54626.2,54673.8,54557.2,54600,54811.14508305207,NaN,NaN,NaN,NaN,0
1746512100,54600,54625,54580.2,54605,54782.832027704804,NaN,NaN,NaN,NaN,0
1746513000,54600,54680,54594.2,54673,54763.371858098355,NaN,NaN,NaN,NaN,0
1746513900,54679.4,54714.8,54662.2,54705,54749.446146890696,NaN,NaN,NaN,NaN,0
1746514800,54705,54725,54640,54644,54732.42497500028,NaN,NaN,NaN,NaN,0
1746515700,54644,54662,54615,54615.2,54715.02492777181,NaN,NaN,NaN,NaN,0
1746516600,54615,54659.6,54607.4,54635.6,54701.60896409855,NaN,NaN,NaN,NaN,0
1746517500,54640.2,54670.6,54622,54650,54691.305103163504,NaN,NaN,NaN,NaN,0
1746518400,54649,54674.6,54637,54650,54682.693546824965,NaN,NaN,NaN,NaN,0
1746519300,54664.4,54710,54642,54710,54681.00908062754,NaN,NaN,NaN,NaN,0
1746520200,54710,54729.8,54642,54659.6,54675.956807099385,NaN,NaN,NaN,NaN,0
1746521100,54665.8,54668.8,54585,54595,54666.00889186535,NaN,NaN,NaN,NaN,0
1746522000,54599,54639.8,54554.4,54587.8,54656.30957203503,NaN,NaN,NaN,NaN,0
1746522900,54578.6,54578.6,54386.2,54408.2,54631.10299166879,NaN,NaN,NaN,NaN,0
1746523800,54410,54473.8,54390,54403,54606.272911585074,NaN,NaN,NaN,NaN,0
1746524700,54402,54402,54270,54275,54570.939676507754,NaN,NaN,NaN,NaN,0
1746525600,54267,54267,54267,54267,54536.35032986887,NaN,NaN,NaN,NaN,0
1746589500,54250,54755,54037.6,54714,54544.25033668641,NaN,NaN,NaN,NaN,0
1746590400,54726.4,54796,54616.4,54690,54551.98118335085,NaN,NaN,NaN,NaN,0
1746591300,54680.4,54709,54511,54600,54552.91761893926,NaN,NaN,NaN,NaN,0
1746592200,54602.4,54615.6,54380.4,54432.8,54539.71803693662,NaN,NaN,NaN,NaN,0
1746593100,54434.4,54488,54361,54362,54521.00941778579,NaN,NaN,NaN,NaN,0
1746594000,54365.2,54490.8,54362,54467.6,54512.924382437624,NaN,NaN,NaN,NaN,0
1746594900,54475,54521,54380,54407,54500.279606150485,NaN,NaN,NaN,NaN,0
1746595800,54421.6,54515,54408.2,54475,54494.71566769105,NaN,NaN,NaN,NaN,0
1746596700,54455.2,54590.8,54455.2,54565,54498.29588736013,NaN,NaN,NaN,NaN,0
1746597600,54581.8,54629,54550,54555.2,54501.786111223446,NaN,NaN,NaN,NaN,0
1746598500,54550,54552,54430,54451.6,54496.37851782538,NaN,NaN,NaN,NaN,0
1746599400,54456.2,54501,54431,54459.4,54492.06605254926,NaN,NaN,NaN,NaN,0
1746600300,54451.6,54515.4,54430,54465,54488.54054569115,NaN,NaN,NaN,NaN,0
1746601200,54474,54490,54423.2,54429.6,54482.09492287878,NaN,NaN,NaN,NaN,0
1746602100,54427.2,54489.8,54425,54425,54475.654335674466,NaN,NaN,NaN,NaN,0
1746603000,54425,54428,54360,54419,54469.0601532948,NaN,NaN,NaN,NaN,0
1746603900,54420,54449.8,54401,54405,54461.55205702688,NaN,NaN,NaN,NaN,0
1746604800,54438,54444,54389,54420,54455.83666956011,NaN,NaN,NaN,NaN,0
1746605700,54429.8,54489,54400,54470,54455.165838301655,NaN,NaN,NaN,NaN,0
1746606600,54477.8,54554,54468,54493.2,54457.002387786706,NaN,NaN,NaN,NaN,0
1746607500,54497.8,54536.4,54421,54499.8,54459.90361237669,NaN,NaN,NaN,NaN,0
1746608400,54496.8,54588,54491,54570,54469.55988192998,NaN,NaN,NaN,NaN,0
1746609300,54574.2,54621,54515.4,54549,54477.40413730697,NaN,NaN,NaN,NaN,0
1746610200,54532,54632,54530,54625.2,54492.32443954296,NaN,NaN,NaN,NaN,0
1746611100,54630,54763.4,54630,54715,54515.089508678626,NaN,NaN,NaN,NaN,0
1746612000,54720,54720,54720,54720,54537.830053635,NaN,NaN,NaN,NaN,0
1746675900,54806.2,55029,54714,54819.8,54568.68943919645,NaN,NaN,NaN,NaN,0
1746676800,54820,54854.4,54702,54839.4,54599.45690498627,NaN,NaN,NaN,NaN,0
1746677700,54841.8,54888,54752.4,54788.8,54624.078558523994,NaN,NaN,NaN,NaN,0
1746678600,54776,54845,54759,54842,54651.807027100585,NaN,NaN,NaN,NaN,0
1746679500,54846,54956.8,54827,54931.2,54685.793196656196,NaN,NaN,NaN,NaN,0
1746680400,54937.2,54937.2,54872,54900,54714.679752104166,NaN,NaN,NaN,NaN,0
1746681300,54902.8,54915.6,54856.8,54856.8,54736.97073861798,NaN,NaN,NaN,NaN,0
1746682200,54857,54930.2,54850,54864.8,54757.53838930679,NaN,NaN,NaN,NaN,0
1746683100,54865.8,54890,54810,54825,54771.90635081982,NaN,NaN,NaN,NaN,0
1746684000,54825,54849.8,54810,54821.4,54783.50788312714,NaN,NaN,NaN,NaN,0
1746684900,54820,54830,54781,54820,54792.90196064493,NaN,NaN,NaN,NaN,0
1746685800,54820,54829.8,54768.6,54815.6,54800.16423015631,NaN,NaN,NaN,NaN,0
1746686700,54815.2,54850,54788,54837.4,54807.77086400766,NaN,NaN,NaN,NaN,0
1746687600,54837.4,54853.2,54803.4,54820.4,54812.434205488564,NaN,NaN,NaN,NaN,0
1746688500,54819.6,54900,54806.2,54869,54820.415920688916,NaN,NaN,NaN,NaN,0
1746689400,54880,54897.4,54825,54828,54823.684191593406,NaN,NaN,NaN,NaN,0
1746690300,54830.2,54866.2,54766,54819.8,54825.38924169706,NaN,NaN,NaN,NaN,0
1746691200,54819.6,54819.6,54640,54660,54811.88719561929,NaN,NaN,NaN,NaN,0
1746692100,54650,54677,54522.2,54529.8,54786.10302905521,NaN,NaN,NaN,NaN,0
1746693000,54545.8,54588.8,54473.8,54508.2,54758.34207188981,NaN,NaN,NaN,NaN,0
1746693900,54519,54621.2,54496.6,54600,54739.49551351963,NaN,NaN,NaN,NaN,0
1746694800,54586,54626.6,54568.6,54592,54720.88093479717,NaN,NaN,NaN,NaN,0
1746695700,54590.2,54604.4,54280,54302.8,54677.0395935459,NaN,NaN,NaN,NaN,0
1746696600,54291.4,54465,54266,54416.2,54645.20433208269,NaN,NaN,NaN,NaN,0
1746697500,54416.4,54416.4,54150,54184,54594.167351851866,NaN,NaN,NaN,NaN,0
1746762300,54400,54400,53688.2,53928.6,54522.23800477512,NaN,NaN,NaN,NaN,0
1746763200,53935,53990,53803,53875.4,54448.64055249719,NaN,NaN,NaN,NaN,0
1746764100,53874.2,53888,53752.2,53760,54368.33699884014,NaN,NaN,NaN,NaN,0
1746765000,53770.2,53859.6,53660,53840.2,54300.009024912506,NaN,NaN,NaN,NaN,0
1746765900,53856,53926,53810,53865,54239.26852605053,NaN,NaN,NaN,NaN,0
1746766800,53867,53900,53760.4,53763,54174.72741273516,NaN,NaN,NaN,NaN,0
1746767700,53760.2,53822,53722,53765.2,54116.05212066099,NaN,NaN,NaN,NaN,0
1746768600,53789.8,53838.2,53760,53821,54068.39838059889,NaN,NaN,NaN,NaN,0
1746769500,53815,53975,53761,53975,54040.62324774303,NaN,NaN,NaN,NaN,0
1746770400,53975,54019,53825,53834.2,54005.394429137945,NaN,NaN,NaN,NaN,0
1746771300,53835,53835,53731,53820,53973.837678241725,NaN,NaN,NaN,NaN,0
1746772200,53816.8,53835,53765.2,53827,53947.40263286772,NaN,NaN,NaN,NaN,0
1746773100,53828.2,53847.6,53746.6,53800,53922.53437950941,NaN,NaN,NaN,NaN,0
1746774000,53797,53797.8,53745,53748,53896.51226798219,NaN,NaN,NaN,NaN,0
1746774900,53754.6,53795,53740,53784.2,53876.96642492789,NaN,NaN,NaN,NaN,0
1746775800,53805,53808.4,53680,53707,53853.26465237602,NaN,NaN,NaN,NaN,0
1746776700,53707.2,53769,53630,53635,53825.50219424763,NaN,NaN,NaN,NaN,0
1746777600,53630,53727.4,53628.4,53675,53803.85464313979,NaN,NaN,NaN,NaN,0
1746778500,53676.2,53750,53651,53700,53786.78095684812,NaN,NaN,NaN,NaN,0
1746779400,53692.6,53765,53655,53694,53771.48476751466,NaN,NaN,NaN,NaN,0
1746780300,53692,53755,53585,53615.2,53751.084755947624,NaN,NaN,NaN,NaN,0
1746781200,53613.2,53706.6,53604.8,53660.8,53736.66079841119,NaN,NaN,NaN,NaN,0
1746782100,53664.2,53738,53656.4,53701.2,53727.525334458616,NaN,NaN,NaN,NaN,0
1746783000,53701.2,53732,53650,53700,53719.89615946573,NaN,NaN,NaN,NaN,0
1746783900,53705,53815.4,53682,53808,53723.896336984624,NaN,NaN,NaN,NaN,0
1746784800,53808.4,53808.4,53808.4,53808.4,53728.88244281889,NaN,NaN,NaN,NaN,0
1747021500,54648,55199,54502.2,55179,53859.934464075675,NaN,NaN,NaN,NaN,0
1747022400,55179,55300,55137.6,55166.4,53989.627142604695,NaN,NaN,NaN,NaN,0
1747023300,55166.4,55450,55166.4,55394,54137.398696376426,NaN,NaN,NaN,NaN,0
1747024200,55394,55415,55258,55310,54272.800162819614,NaN,NaN,NaN,NaN,0
1747025100,55303.4,55379,55303.2,55321.4,54402.33166468379,NaN,NaN,NaN,NaN,0
1747026000,55325,55420,55305.6,55413.4,54531.9154048804,NaN,NaN,NaN,NaN,0
1747026900,55413.6,55440,55360,55408.8,54651.7051548319,NaN,NaN,NaN,NaN,0
1747027800,55408.6,55499,55400,55453.2,54765.158521033474,NaN,NaN,NaN,NaN,0
1747028700,55450.2,55539,55450.2,55491.8,54871.20852698064,NaN,NaN,NaN,NaN,0
1747029600,55489.8,55513,55390,55423.6,54959.850578035075,NaN,NaN,NaN,NaN,0
1747030500,55423.6,55423.6,55330,55342,55030.45114327535,NaN,NaN,NaN,NaN,0
1747031400,55340.2,55381.6,55304.4,55337,55090.346229477975,NaN,NaN,NaN,NaN,0
1747032300,55340,55351.4,55285,55310.4,55138.35174840653,NaN,NaN,NaN,NaN,0
1747033200,55325,55517.4,55325,55444.2,55190.10122207213,NaN,NaN,NaN,NaN,0
1747034100,55440.2,55454.6,55380,55445.6,55234.49410884687,NaN,NaN,NaN,NaN,0
1747035000,55437,55457.8,55345.6,55350,55263.424122262775,NaN,NaN,NaN,NaN,0
1747035900,55350.2,55440,55345.6,55412,55292.31333434447,NaN,NaN,NaN,NaN,0
1747036800,55422.2,55435.2,55381.2,55388,55314.16016031156,NaN,NaN,NaN,NaN,0
1747037700,55387.6,55407.8,55338,55385,55331.49049456979,NaN,NaN,NaN,NaN,0
1747038600,55388.8,55478.2,55380,55478.2,55353.81208427412,NaN,NaN,NaN,NaN,0
1747039500,55480,55550,55465.4,55493.4,55374.60965395076,NaN,NaN,NaN,NaN,0
1747040400,55480,55525,55400,55430,55387.19498255675,NaN,NaN,NaN,NaN,0
1747041300,55420,55525,55403,55507.2,55404.56675619938,NaN,NaN,NaN,NaN,0
1747042200,55516.4,55550,55477.4,55511,55420.34134817216,NaN,NaN,NaN,NaN,0
1747043100,55505,55680.8,55505,55671,55449.00511426524,NaN,NaN,NaN,NaN,0
1747107900,55644,55644,55265,55277.4,55439.97623395681,NaN,NaN,NaN,NaN,0
1747108800,55271,55490,55183,55314.6,55432.87617690008,NaN,NaN,NaN,NaN,0
1747109700,55308.8,55311.8,55200,55240,55416.23371557101,NaN,NaN,NaN,NaN,0
1747110600,55236,55350,55202.8,55318.2,55406.48486807534,NaN,NaN,NaN,NaN,0
1747111500,55315.8,55340,55209.6,55220.8,55387.6270199316,NaN,NaN,NaN,NaN,0
1747112400,55206.2,55248.2,55128,55235,55370.57796006087,NaN,NaN,NaN,NaN,0
1747113300,55235,55320,55203,55298.8,55360.01985437647,NaN,NaN,NaN,NaN,0
1747114200,55298.6,55412.4,55222.6,55250.6,55345.84389661834,NaN,NaN,NaN,NaN,0
1747115100,55252.8,55390,55252.8,55356,55342.331092475026,NaN,NaN,NaN,NaN,0
1747116000,55380,55404.6,55290.2,55294.2,55334.20501916585,NaN,NaN,NaN,NaN,0
1747116900,55299.8,55347.2,55250,55280.2,55325.79528905616,NaN,NaN,NaN,NaN,0
1747117800,55280,55345.6,55244.6,55318.6,55321.98842011539,NaN,NaN,NaN,NaN,0
1747118700,55327.4,55339.8,55222.2,55263.6,55314.18589515791,NaN,NaN,NaN,NaN,0
1747119600,55255.2,55275.6,55166,55180.6,55299.63611466556,NaN,NaN,NaN,NaN,0
1747120500,55182,55217.6,55110,55119.2,55280.34505773376,NaN,NaN,NaN,NaN,0
1747121400,55110,55194,55106,55173.2,55266.73437539419,NaN,NaN,NaN,NaN,0
1747122300,55178.8,55179.8,55097.8,55097.8,55247.304151450284,NaN,NaN,NaN,NaN,0
1747123200,55095,55169,55080,55147.4,55233.65931429326,NaN,NaN,NaN,NaN,0
1747124100,55154.4,55159.8,55072,55086.6,55215.59658861048,NaN,NaN,NaN,NaN,0
1747125000,55090.6,55167,55063,55104.6,55200.49386715898,NaN,NaN,NaN,NaN,0
1747125900,55107.8,55152.2,55055.6,55120,55188.146964356805,NaN,NaN,NaN,NaN,0
1747126800,55114.8,55156.8,55101,55131.4,55178.08171141465,NaN,NaN,NaN,NaN,0
1747127700,55131,55207,55131,55150.6,55171.09061550383,NaN,NaN,NaN,NaN,0
1747128600,55150.8,55151.2,55042,55073.8,55158.42701823608,NaN,NaN,NaN,NaN,0
1747129500,55074.2,55140,55060.4,55100,55149.21719259144,NaN,NaN,NaN,NaN,0
1747130400,55100,55100,55100,55100,55141.13542570402,NaN,NaN,NaN,NaN,0
1747194300,55124.4,55258.4,55050,55180,55141.20096168744,NaN,NaN,NaN,NaN,0
1747195200,55181,55183,55015,55150,55139.96556753649,NaN,NaN,NaN,NaN,0
1747196100,55157.8,55159.8,54968.2,55055.6,55130.727550642085,NaN,NaN,NaN,NaN,0
1747197000,55059.2,55175,55054.2,55175,55133.05908661201,NaN,NaN,NaN,NaN,0
1747197900,55170.4,55192.8,55113.6,55129,55131.58637654901,NaN,NaN,NaN,NaN,0
1747198800,55129,55140,55055,55135,55131.165750034095,NaN,NaN,NaN,NaN,0
1747199700,55135,55137,55035,55035,55121.879692972914,NaN,NaN,NaN,NaN,0
1747200600,55046.2,55102.8,55022.2,55090,55117.800476238124,NaN,NaN,NaN,NaN,0
1747201500,55090,55120,55058,55110.4,55115.96566815036,NaN,NaN,NaN,NaN,0
1747202400,55100,55120,55012,55020.2,55106.07080063222,NaN,NaN,NaN,NaN,0
1747203300,55031.4,55031.4,54912.4,54959.4,55091.06856534803,NaN,NaN,NaN,NaN,0
1747204200,54959.8,54979,54890.8,54949.8,55075.68599590108,NaN,NaN,NaN,NaN,0
1747205100,54940.2,54950.8,54892.4,54920,55058.189776250845,NaN,NaN,NaN,NaN,0
1747206000,54920,54930,54760.2,54804.8,55031.10293274816,NaN,NaN,NaN,NaN,0
1747206900,54800,54815.6,54576.8,54662.2,54992.20004423411,NaN,NaN,NaN,NaN,0
1747207800,54665.4,54789,54654.4,54750,54962.83637156988,NaN,NaN,NaN,NaN,0
1747208700,54746.6,54795.6,54654,54766.6,54936.74126285015,NaN,NaN,NaN,NaN,0
1747209600,54766,54770.6,54712.2,54721,54908.65255102176,NaN,NaN,NaN,NaN,0
1747210500,54720.2,54744.8,54675.4,54691.2,54880.00722746273,NaN,NaN,NaN,NaN,0
1747211400,54680.8,54737.4,54657,54737.4,54858.03405767348,NaN,NaN,NaN,NaN,0
1747212300,54735,54827,54708.2,54785.2,54842.82135432912,NaN,NaN,NaN,NaN,0
1747213200,54789.8,54830,54659.8,54777,54829.19366267279,NaN,NaN,NaN,NaN,0
1747214100,54777,54837.6,54760,54814.4,54821.15325360607,NaN,NaN,NaN,NaN,0
1747215000,54812.6,54924,54800,54899,54822.77010852099,NaN,NaN,NaN,NaN,0
1747215900,54896.4,54997.8,54836,54972,54832.773133891904,NaN,NaN,NaN,NaN,0
1747216800,54972,54972,54972,54972,54843.90579964523,NaN,NaN,NaN,NaN,0
1747280700,54970,54991,54729,54755,54835.94363336205,NaN,NaN,NaN,NaN,0
1747281600,54753,54785,54669.2,54700,54823.274765071365,NaN,NaN,NaN,NaN,0
1747282500,54692.4,54775,54625,54738.2,54814.51415501435,NaN,NaN,NaN,NaN,0
1747283400,54737.6,54762,54656.6,54737.8,54806.22364322266,NaN,NaN,NaN,NaN,0
1747284300,54728.6,54752.8,54685,54730.6,54797.510558395596,NaN,NaN,NaN,NaN,0
1747285200,54727,55098,54727,54971,54811.23544013481,NaN,NaN,NaN,NaN,0
1747286100,54970,55030,54880,55015,54829.29678062451,NaN,NaN,NaN,NaN,0
1747287000,55010,55019.8,54769.8,54789.2,54826.917821411145,NaN,NaN,NaN,NaN,0
1747287900,54796.6,54878,54778,54819.6,54827.0755221195,NaN,NaN,NaN,NaN,0
1747288800,54805,54825.2,54760,54819.4,54827.03864784253,NaN,NaN,NaN,NaN,0
1747289700,54811.4,54840,54775,54817.2,54826.759850556096,NaN,NaN,NaN,NaN,0
1747290600,54790.6,54931.2,54790,54886.4,54832.69608582282,NaN,NaN,NaN,NaN,0
1747291500,54886.8,54971.2,54817.6,54820,54832.38042241025,NaN,NaN,NaN,NaN,0
1747292400,54821.8,54937.8,54820,54830.4,54832.82482872441,NaN,NaN,NaN,NaN,0
1747293300,54835,54900,54830,54889,54838.55619087877,NaN,NaN,NaN,NaN,0
1747294200,54887.2,55150,54887.2,55150,54868.02305691619,NaN,NaN,NaN,NaN,0
1747295100,55144.4,55235,55076.4,55204.4,54901.83932326834,NaN,NaN,NaN,NaN,0
1747296000,55210,55329.6,55210,55295,54942.99016425885,NaN,NaN,NaN,NaN,0
1747296900,55300,55411,55300,55384.8,54990.98301305402,NaN,NaN,NaN,NaN,0
1747297800,55397,55480,55322.6,55464,55044.24987422017,NaN,NaN,NaN,NaN,0
1747298700,55462.4,55499.6,55421.2,55485,55096.78179911709,NaN,NaN,NaN,NaN,0
1747299600,55481.4,55493,55346.2,55414.4,55139.67826643124,NaN,NaN,NaN,NaN,0
1747300500,55403.6,55437.2,55352.4,55409.8,55178.6420368839,NaN,NaN,NaN,NaN,0
1747301400,55412,55449,55355.8,55430.2,55215.68484693574,NaN,NaN,NaN,NaN,0
1747302300,55422,55425.6,55373.4,55375,55243.77844105775,NaN,NaN,NaN,NaN,0
1747303200,55376,55376,55376,55376,55268.13987070531,NaN,NaN,NaN,NaN,0
1747367100,55405.4,55600,55252.6,55439.8,55294.794974406315,NaN,NaN,NaN,NaN,0
1747368000,55425.2,55532.4,55312.8,55369.6,55312.01044562436,NaN,NaN,NaN,NaN,0
1747368900,55377,55420,55305,55344.4,55323.9053418962,NaN,NaN,NaN,NaN,0
1747369800,55340,55447,55336,55430.6,55340.89387375467,NaN,NaN,NaN,NaN,0
1747370700,55412.6,55500,55386,55420.6,55354.61578164312,NaN,NaN,NaN,NaN,0
1747371600,55424.2,55473.4,55394.4,55450.8,55369.03064111706,NaN,NaN,NaN,NaN,0
1747372500,55445.2,55469.4,55407,55469.4,55383.025082651664,NaN,NaN,NaN,NaN,0
1747373400,55466,55467,55364.6,55411.8,55390.153496379666,NaN,NaN,NaN,NaN,0
1747374300,55415,55431.2,55367.2,55390.8,55394.28296577988,NaN,NaN,NaN,NaN,0
1747375200,55384,55460,55370,55413.2,55399.2111408731,NaN,NaN,NaN,NaN,0
1747376100,55430,55451.8,55400,55409.8,55402.841933894284,NaN,NaN,NaN,NaN,0
1747377000,55409.8,55440,55382.2,55386.6,55403.543839280486,NaN,NaN,NaN,NaN,0
1747377900,55386.2,55414.8,55377,55390.4,55403.85802777168,NaN,NaN,NaN,NaN,0
1747378800,55398,55485.6,55353,55483.2,55412.246057784214,NaN,NaN,NaN,NaN,0
1747379700,55485,55524,55430,55450.2,55417.19075507215,NaN,NaN,NaN,NaN,0
1747380600,55446.6,55493.4,55434,55460.4,55422.584446820016,NaN,NaN,NaN,NaN,0
1747381500,55464,55510,55449.4,55506,55431.434248980986,NaN,NaN,NaN,NaN,0
1747382400,55505.2,55522.8,55454,55459.6,55435.64159309328,NaN,NaN,NaN,NaN,0
1747383300,55460,55489,55425,55479.8,55441.19820741001,NaN,NaN,NaN,NaN,0
1747384200,55476.4,55519.8,55466,55481.6,55446.424997460585,NaN,NaN,NaN,NaN,0
1747385100,55475.6,55500,55467,55488,55451.74210908584,NaN,NaN,NaN,NaN,0
1747386000,55487.8,55510,55455,55506.2,55458.28481346949,NaN,NaN,NaN,NaN,0
1747386900,55506.8,55508,55460.8,55491.2,55463.104018683,NaN,NaN,NaN,NaN,0
1747387800,55493.4,55525,55470.4,55500,55468.24088029942,NaN,NaN,NaN,NaN,0
1747388700,55500,55517.8,55475.4,55515,55474.224407098125,NaN,NaN,NaN,NaN,0
1747389600,55516.2,55516.2,55516.2,55516.2,55479.88737407639,NaN,NaN,NaN,NaN,0
1747626300,55536.2,55618,55403.4,55530,55486.28516047869,NaN,NaN,NaN,NaN,0
1747627200,55510.2,55642.8,55471,55519.8,55491.1465330629,NaN,NaN,NaN,NaN,0
1747628100,55519.6,55568.6,55480,55500,55493.78037651081,NaN,NaN,NaN,NaN,0
1747629000,55495,55595.4,55480,55585,55503.69525478593,NaN,NaN,NaN,NaN,0
1747629900,55587.2,55701,55575,55643.2,55518.2962704506,NaN,NaN,NaN,NaN,0
1747630800,55648.8,55718.6,55638,55675.2,55535.23677216415,NaN,NaN,NaN,NaN,0
1747631700,55675.2,55790.8,55657,55761.2,55559.23090876166,NaN,NaN,NaN,NaN,0
1747632600,55764.6,55782.8,55722,55741.8,55580.47182724144,NaN,NaN,NaN,NaN,0
1747633500,55750,55799,55730,55740,55600.42673953166,NaN,NaN,NaN,NaN,0
1747634400,55745,55779.2,55725,55725.4,55617.68729337176,NaN,NaN,NaN,NaN,0
1747635300,55739.2,55767.8,55725,55731,55633.91939824785,NaN,NaN,NaN,NaN,0
1747636200,55729.8,55746.8,55680,55738.6,55649.28454007534,NaN,NaN,NaN,NaN,0
1747637100,55737.2,55800,55700,55785,55667.322567227675,NaN,NaN,NaN,NaN,0
1747638000,55785,55831.4,55770.6,55780,55683.291838221565,NaN,NaN,NaN,NaN,0
1747638900,55780,55809.8,55767.4,55787.2,55698.191791641715,NaN,NaN,NaN,NaN,0
1747639800,55780,55785,55692.2,55718.4,55705.3024089817,NaN,NaN,NaN,NaN,0
1747640700,55711.6,55752,55690,55712.2,55710.36559185569,NaN,NaN,NaN,NaN,0
1747641600,55715,55736.4,55650,55652.6,55708.64528835921,NaN,NaN,NaN,NaN,0
1747642500,55651,55662,55613.8,55628.8,55703.76250632438,NaN,NaN,NaN,NaN,0
1747643400,55628,55630,55472,55510.6,55687.30097234377,NaN,NaN,NaN,NaN,0
1747644300,55523,55576.4,55493,55509,55670.29489460963,NaN,NaN,NaN,NaN,0
1747645200,55519,55555,55491.2,55520,55654.314692296786,NaN,NaN,NaN,NaN,0
1747646100,55518,55518,55422,55481.2,55635.17837663518,NaN,NaN,NaN,NaN,0
1747647000,55480.8,55552.6,55464,55512,55619.608269159464,NaN,NaN,NaN,NaN,0
1747647900,55515,55538,55500,55512.2,55605.04743154619,NaN,NaN,NaN,NaN,0
1747712700,55700,55701.6,55365.4,55366.4,55578.35283273547,NaN,NaN,NaN,NaN,0
1747713600,55365.2,55428.8,55290,55315.4,55548.3976642222,NaN,NaN,NaN,NaN,0
1747714500,55308.2,55335.4,55270.6,55329.8,55521.40953589319,NaN,NaN,NaN,NaN,0
1747715400,55329.8,55358.4,55299,55335,55496.8187177788,NaN,NaN,NaN,NaN,0
1747716300,55344.2,55346.8,55285.6,55334.8,55474.29179186156,NaN,NaN,NaN,NaN,0
1747717200,55332.2,55425,55316.2,55420,55461.55891696084,NaN,NaN,NaN,NaN,0
1747718100,55415,55474.8,55375,55399.6,55449.00396187242,NaN,NaN,NaN,NaN,0
1747719000,55400,55427.6,55342,55372.8,55435.94413737583,NaN,NaN,NaN,NaN,0
1747719900,55360,55368.4,55301,55312,55419.0669250906,NaN,NaN,NaN,NaN,0
1747720800,55304.8,55334.6,55231.4,55255.4,55398.79100212203,NaN,NaN,NaN,NaN,0
1747721700,55260,55320,55245.2,55299,55384.1709808133,NaN,NaN,NaN,NaN,0
1747722600,55299,55344.4,55280.2,55290,55370.37121985748,NaN,NaN,NaN,NaN,0
1747723500,55299.2,55346.4,55286.8,55315.2,55360.391727343864,NaN,NaN,NaN,NaN,0
1747724400,55318,55360,55301.2,55331.4,55353.30301603857,NaN,NaN,NaN,NaN,0
1747725300,55329,55332.6,55201.2,55225,55337.73738524337,NaN,NaN,NaN,NaN,0
1747726200,55225.2,55254.2,55156.6,55175.8,55318.90464723692,NaN,NaN,NaN,NaN,0
1747727100,55175.8,55216.8,55130.2,55206.2,55304.07070667496,NaN,NaN,NaN,NaN,0
1747728000,55200,55220,55140.2,55153.4,55285.777351986704,NaN,NaN,NaN,NaN,0
1747728900,55153.4,55239,55151,55200,55273.02724701586,NaN,NaN,NaN,NaN,0
1747729800,55181.2,55197,55115,55133,55255.5540593136,NaN,NaN,NaN,NaN,0
1747730700,55128.2,55149.4,55050,55056,55232.40645062702,NaN,NaN,NaN,NaN,0
1747731600,55069.8,55113.8,55035,55042,55209.54185839663,NaN,NaN,NaN,NaN,0
1747732500,55033,55106,55032.6,55035,55187.5615826137,NaN,NaN,NaN,NaN,0
1747733400,55031,55173.2,55030,55132.8,55176.12954303064,NaN,NaN,NaN,NaN,0
1747734300,55132.6,55139.4,55073.6,55087,55162.23476161204,NaN,NaN,NaN,NaN,0
1747799100,55201,55201,55037,55076.2,55148.9115604655,NaN,NaN,NaN,NaN,0
1747800000,55076.2,55221,55028.4,55191,55147.60599525881,NaN,NaN,NaN,NaN,0
1747800900,55210,55285,55200,55239,55152.251457207094,NaN,NaN,NaN,NaN,0
1747801800,55230.2,55373,55230.2,55373,55170.24297375647,NaN,NaN,NaN,NaN,0
1747802700,55373.6,55427,55329.4,55363,55187.94474872554,NaN,NaN,NaN,NaN,0
1747803600,55355.4,55450,55355.4,55400.2,55209.19775764846,NaN,NaN,NaN,NaN,0
1747804500,55405.4,55426.4,55345.6,55350,55225.58420863368,NaN,NaN,NaN,NaN,0
1747805400,55356.2,55373.2,55267,55321.2,55238.562209291784,NaN,NaN,NaN,NaN,0
1747806300,55324.8,55350,55270,55271.4,55246.11214538654,NaN,NaN,NaN,NaN,0
1747807200,55280,55294,55191.8,55209.6,55247.010565499346,NaN,NaN,NaN,NaN,0
1747808100,55210.4,55219.4,55100,55126,55239.32451352708,NaN,NaN,NaN,NaN,0
1747809000,55126.6,55130.2,54869.2,54900,55210.229946562074,NaN,NaN,NaN,NaN,0
1747809900,54905,54980,54773,54934.8,55183.8060496015,NaN,NaN,NaN,NaN,0
1747810800,54935.4,55096,54935,55003.6,55163.80873974674,NaN,NaN,NaN,NaN,0
1747811700,54995,55024,54920,55014.6,55145.39040936606,NaN,NaN,NaN,NaN,0
1747812600,55016.6,55100,55010,55085,55134.33519734246,NaN,NaN,NaN,NaN,0
1747813500,55100,55196.8,55050,55051.4,55121.531860568415,NaN,NaN,NaN,NaN,0
1747814400,55050,55130.6,55017,55028,55107.92062378074,NaN,NaN,NaN,NaN,0
1747815300,55025,55090,55024.4,55071,55099.527173211885,NaN,NaN,NaN,NaN,0
1747816200,55071,55090,54975.2,55088,55094.09798487313,NaN,NaN,NaN,NaN,0
1747817100,55095,55141.2,55064.8,55110.4,55091.89599793635,NaN,NaN,NaN,NaN,0
1747818000,55110.4,55158,55101.2,55110,55090.841018181556,NaN,NaN,NaN,NaN,0
1747818900,55106.8,55141.8,55102.2,55117,55091.40865695702,NaN,NaN,NaN,NaN,0
1747819800,55117,55180,55111.8,55115.8,55092.55448401679,NaN,NaN,NaN,NaN,0
1747820700,55117,55163,55112.2,55126.6,55095.17092084939,NaN,NaN,NaN,NaN,0
1747821600,55130,55130,55130,55130,55098.274000877354,NaN,NaN,NaN,NaN,0
1747885500,54944.8,55061,54861,54902,55080.805767283775,NaN,NaN,NaN,NaN,0
1747886400,54888.6,54967,54850.6,54959.8,55068.78774827231,NaN,NaN,NaN,NaN,0
1747887300,54960,54989.6,54906,54989.6,55059.67294963806,NaN,NaN,NaN,NaN,0
1747888200,54980,55009,54920,54970,55049.18017499258,NaN,NaN,NaN,NaN,0
1747889100,54975,55015,54937,54940,55036.35865560784,NaN,NaN,NaN,NaN,0
1747890000,54940,54983,54890.6,54915,55021.98945041345,NaN,NaN,NaN,NaN,0
1747890900,54907.2,54944.6,54886,54913.4,55008.26693839124,NaN,NaN,NaN,NaN,0
1747891800,54916.2,54940,54882,54884.6,54992.94427126334,NaN,NaN,NaN,NaN,0
1747892700,54885.8,54910.4,54830.4,54854.4,54975.9563454524,NaN,NaN,NaN,NaN,0
1747893600,54840.2,54854,54705,54769.2,54952.41907180076,NaN,NaN,NaN,NaN,0
1747894500,54759.8,54828,54731.2,54786.2,54931.81023779649,NaN,NaN,NaN,NaN,0
1747895400,54789.4,54809.6,54750.6,54769.8,54911.26157359803,NaN,NaN,NaN,NaN,0
1747896300,54766,54766,54730,54750.6,54890.794319270426,NaN,NaN,NaN,NaN,0
1747897200,54750,54799,54750,54788.8,54875.3631930005,NaN,NaN,NaN,NaN,0
1747898100,54774,54782,54700,54779.8,54860.686998052755,NaN,NaN,NaN,NaN,0
1747899000,54768,54797.2,54744.2,54782.6,54847.915500839306,NaN,NaN,NaN,NaN,0
1747899900,54795,54836,54788,54815.2,54839.63860479602,NaN,NaN,NaN,NaN,0
1747900800,54814.4,54825.2,54760,54780,54829.70737964756,NaN,NaN,NaN,NaN,0
1747901700,54780,54823.2,54770.2,54774.2,54820.64144722468,NaN,NaN,NaN,NaN,0
1747902600,54778.2,54820,54765.2,54785.4,54813.78190327597,NaN,NaN,NaN,NaN,0
1747903500,54778.8,54810,54721.2,54775.2,54807.09241792583,NaN,NaN,NaN,NaN,0
1747904400,54780,54929.4,54746.6,54902.6,54812.984636246176,NaN,NaN,NaN,NaN,0
1747905300,54902.6,55088,54847.4,55040,54832.19300589005,NaN,NaN,NaN,NaN,0
1747906200,55040,55120,55030,55069.4,54854.473069189924,NaN,NaN,NaN,NaN,0
1747907100,55061,55094.8,55036.2,55090,54878.556971081984,NaN,NaN,NaN,NaN,0
1747971900,55149,55200,54941.4,55052.8,54898.69390773199,NaN,NaN,NaN,NaN,0
1747972800,55042.6,55265,55020,55265,54937.246857619364,55020,NaN,NaN,NaN,0
1747973700,55275,55319.4,55210.2,55246.2,54973.002698942495,NaN,NaN,NaN,NaN,0
1747974600,55240.6,55293.4,55226.8,55274,55009.30772669438,NaN,NaN,NaN,NaN,0
1747975500,55274,55276,55119,55130.6,55030.22215511022,NaN,NaN,NaN,NaN,0
1747976400,55133.8,55210,55075,55210,55055.93179576322,NaN,NaN,NaN,NaN,0
1747977300,55211.2,55444,55200,55392.2,55095.76381999687,NaN,NaN,55444,NaN,0
1747978200,55384.2,55449,55370,55406.2,55134.21889171924,NaN,NaN,NaN,NaN,0
1747979100,55427.8,55488.2,55380,55471.4,55175.72592950266,NaN,NaN,NaN,NaN,0
1747980000,55487.8,55559.4,55426.8,55438.8,55211.22290817082,NaN,NaN,NaN,NaN,0
1747980900,55447.8,55447.8,55315,55360,55236.369112659326,NaN,NaN,NaN,NaN,0
1747981800,55360,55398,55320,55350.4,55257.56849096562,NaN,NaN,NaN,NaN,0
1747982700,55350,55465,55345.2,55449,55284.70269586915,NaN,NaN,NaN,NaN,0
1747983600,55447,55519.8,55440,55440,55308.16592408066,NaN,NaN,NaN,NaN,0
1747984500,55440,55511,55438.6,55460.4,55330.770991993195,NaN,NaN,NaN,NaN,0
1747985400,55453,55510,55453,55465,55351.15733342235,NaN,NaN,NaN,NaN,0
1747986300,55465.8,55535,55437.2,55489.2,55371.342214533885,NaN,NaN,NaN,NaN,0
1747987200,55488.8,55515,55405,55438,55384.587724658704,NaN,NaN,NaN,NaN,0
1747988100,55428.2,55498,55400.2,55490,55400.45174229806,NaN,NaN,NaN,NaN,0
1747989000,55489.8,55531.2,55476.2,55486.6,55414.164582293386,NaN,NaN,NaN,NaN,0
1747989900,55486.6,55530,55460.4,55496,55427.00074519831,NaN,NaN,NaN,NaN,0
1747990800,55503.4,55503.4,55422,55425.6,55431.81157362178,NaN,NaN,NaN,NaN,0
1747991700,55425,55484.8,55413,55443.4,55436.85878672885,NaN,NaN,NaN,NaN,0
1747992600,55443.4,55499,55442,55481.2,55444.013284867964,NaN,NaN,NaN,NaN,0
1747993500,55490.2,55520,55474.6,55519,55453.46683062773,NaN,NaN,NaN,NaN,0
1747994400,55519.8,55519.8,55519.8,55519.8,55462.110963303036,NaN,NaN,NaN,NaN,0
1748231100,55586.4,55939.6,55586.2,55925.4,55506.92118424901,55586.2,NaN,NaN,NaN,0
1748232000,55928.6,55971.2,55885,55930,55551.16317579024,NaN,NaN,NaN,NaN,0
1748232900,55921,55980,55851,55889.2,55589.84951083478,NaN,NaN,NaN,NaN,0
1748233800,55900,55900,55805,55831.8,55621.35075111124,NaN,NaN,NaN,NaN,0
1748234700,55846,55869,55500,55609,55630.1894908718,NaN,NaN,NaN,NaN,0
1748235600,55606.8,55606.8,55357,55509.8,55627.80577757175,NaN,55606.8,55606.8,NaN,0
1748236500,55506.8,55585.8,55444.4,55530,55625.031749483256,NaN,NaN,NaN,NaN,0
1748237400,55518,55550,55497,55518,55619.21023899817,NaN,NaN,NaN,NaN,0
1748238300,55522,55643.4,55479,55522,55612.461602398944,NaN,NaN,NaN,NaN,0
1748239200,55530.4,55543.8,55460.2,55510.2,55603.68888765152,NaN,NaN,NaN,NaN,0
1748240100,55520.8,55644,55517.2,55606,55603.230173122116,NaN,NaN,NaN,55517.2,0
1748241000,55606,55641,55561,55595,55601.68162778597,NaN,NaN,NaN,NaN,0
1748241900,55593,55682.8,55557,55660,55606.043288427616,NaN,NaN,NaN,NaN,0
1748242800,55660,55670,55531.6,55531.6,55598.63627661682,NaN,NaN,NaN,NaN,0
1748243700,55531.4,55594.4,55500.2,55569,55594.82669966026,NaN,NaN,NaN,NaN,0
1748244600,55569,55625,55534.2,55577.6,55592.05675486728,NaN,NaN,NaN,NaN,0
1748245500,55578.4,55584,55527.6,55569,55588.82368318722,NaN,NaN,NaN,NaN,0
1748246400,55569,55613.2,55557,55606,55589.274603374484,NaN,NaN,NaN,NaN,0
1748247300,55596.4,55625,55560,55580,55587.737722212376,NaN,NaN,NaN,NaN,0
1748248200,55574.8,55613.6,55548,55594.8,55587.74340305276,NaN,NaN,NaN,NaN,0
1748249100,55592.6,55595.6,55520,55550.4,55583.934211798645,NaN,NaN,NaN,NaN,0
1748250000,55548.8,55620,55538,55586.2,55583.58073800984,NaN,NaN,NaN,NaN,0
1748250900,55588.6,55657.8,55573.2,55619.4,55586.5302473298,NaN,NaN,NaN,NaN,0
1748251800,55633.4,55710,55633.4,55672,55594.35979953771,NaN,NaN,NaN,NaN,0
1748252700,55681.8,55709,55664,55697.4,55604.45413650795,NaN,NaN,NaN,NaN,0
1748253600,55697.4,55697.4,55697.4,55697.4,55614.34507876785,NaN,NaN,NaN,NaN,0
1748317500,55590.8,55644.8,55215.2,55232.6,55581.54269829026,NaN,55644.8,NaN,NaN,0
1748318400,55230.4,55354.2,55118.8,55292.4,55553.56343999081,NaN,NaN,NaN,NaN,0
1748319300,55299,55299,55155.8,55189.8,55516.68830532891,NaN,NaN,NaN,NaN,0
1748320200,55188.2,55257.8,55069.2,55200,55481.732185180605,NaN,NaN,NaN,NaN,0
1748321100,55192.6,55217,55130,55160,55444.6259551272,NaN,NaN,NaN,NaN,0
1748322000,55160,55259,55144.8,55189.8,55412.37869403373,NaN,NaN,NaN,55144.8,0
1748322900,55189.8,55265.8,55167,55230,55386.10474015188,NaN,NaN,NaN,NaN,0
1748323800,55230,55467.4,55202.2,55433,55380.71530935783,NaN,NaN,NaN,NaN,0
1748324700,55429,55874.8,55429,55874.8,55417.99942423821,55429,NaN,NaN,NaN,0
1748325600,55880,55940,55698,55745.2,55445.25650759855,NaN,NaN,NaN,NaN,0
1748326500,55733.4,55815.6,55636,55762,55475.011109919025,NaN,NaN,NaN,NaN,0
1748327400,55763.8,55809,55700.2,55761.6,55504.8041812061,NaN,NaN,NaN,NaN,0
1748328300,55762.8,55788.6,55591,55650.6,55523.999877614544,NaN,NaN,NaN,NaN,0
1748329200,55621,55724.2,55510,55675.4,55544.33978517807,NaN,NaN,55724.2,NaN,0
1748330100,55675.4,55709.8,55591,55616.2,55558.054139764914,NaN,NaN,NaN,NaN,0
1748331000,55616.2,55660,55575,55613,55569.78143680086,NaN,NaN,NaN,NaN,0
1748331900,55615,55636,55480.2,55550,55574.05187910618,NaN,NaN,NaN,NaN,0
1748332800,55545,55625.6,55525,55625,55583.54760037794,NaN,NaN,NaN,NaN,0
1748333700,55625.6,55719,55448.2,55450.6,55575.6079677371,NaN,NaN,NaN,NaN,0
1748334600,55457.4,55466.8,55362.2,55420.6,55563.74235633422,NaN,NaN,NaN,NaN,0
1748335500,55425,55466.8,55257,55303.8,55540.396923690496,NaN,55466.8,NaN,NaN,0
1748336400,55300,55432.2,55290.2,55428.4,55528.17264943637,NaN,NaN,NaN,NaN,0
1748337300,55430,55472,55400,55472,55520.03962603237,NaN,NaN,NaN,NaN,0
1748338200,55478,55519.8,55425,55494.8,55514.40207323503,NaN,NaN,NaN,NaN,0
1748339100,55497.4,55510,55428.4,55428.4,55503.2801139464,NaN,NaN,NaN,NaN,0
1748340000,55432.2,55432.2,55432.2,55432.2,55493.25152967164,NaN,NaN,NaN,55432.2,0
1748403900,55424.4,55575,55290.4,55345,55476.16614843587,NaN,NaN,NaN,NaN,0
1748404800,55337,55512,55321,55512,55475.888347187865,NaN,NaN,NaN,NaN,0
1748405700,55518.4,55548.2,55375.2,55452.2,55470.97270472148,NaN,NaN,NaN,NaN,0
1748406600,55461,55470,55350,55394.2,55461.72157610449,NaN,NaN,NaN,NaN,0
1748407500,55400,55410,55325.4,55370,55451.02141372487,NaN,NaN,NaN,NaN,0
1748408400,55370,55425,55305,55391.8,55443.14808526441,NaN,NaN,NaN,NaN,0
1748409300,55391.8,55481,55380.2,55454.2,55441.70845284115,NaN,NaN,NaN,NaN,0
1748410200,55454.2,55520,55415.2,55449,55440.46647026346,NaN,NaN,NaN,NaN,0
1748411100,55435,55487,55376.4,55419.2,55436.87133840772,NaN,NaN,NaN,NaN,0
1748412000,55404.4,55418.2,55355,55382,55429.91246036242,NaN,NaN,NaN,NaN,0
1748412900,55388.8,55420,55355,55379.6,55423.5326102806,NaN,NaN,NaN,NaN,0
1748413800,55377,55400.6,55350,55352,55415.17115500569,NaN,NaN,NaN,NaN,0
1748414700,55352,55384.8,55350,55371.2,55409.11307895539,NaN,NaN,NaN,NaN,0
1748415600,55371.2,55439.8,55371.2,55406.2,55406.936611137855,NaN,NaN,NaN,NaN,0
1748416500,55406.2,55507.2,55399.4,55462.2,55410.321315202564,NaN,NaN,NaN,NaN,0
1748417400,55461.6,55564,55459.8,55463.8,55414.32104399894,NaN,NaN,NaN,NaN,0
1748418300,55466.8,55480,55412,55453.2,55417.599457927594,NaN,NaN,NaN,NaN,0
1748419200,55452,55456,55389.2,55400,55416.22256925596,NaN,NaN,NaN,NaN,0
1748420100,55400,55430.6,55358.4,55405.8,55415.31503651151,NaN,NaN,NaN,NaN,0
1748421000,55395.4,55472,55380,55433,55417.13868423938,NaN,NaN,NaN,NaN,0
1748421900,55443.6,55462.6,55379.2,55379.2,55414.04693013657,NaN,NaN,NaN,NaN,0
1748422800,55379.2,55490,55366.6,55475,55419.78356648591,NaN,NaN,NaN,NaN,0
1748423700,55481,55498,55441.6,55463.4,55424.2088015727,NaN,NaN,NaN,NaN,0
1748424600,55480.2,55485.2,55419,55432.2,55425.604643467086,NaN,NaN,NaN,NaN,0
1748425500,55428.6,55475,55421.8,55459,55429.261610359295,NaN,NaN,NaN,NaN,0
1748426400,55459,55459,55459,55459,55432.82633807167,NaN,NaN,NaN,NaN,0
1748490300,55659.8,55747.8,55426.8,55506.2,55440.46000878025,55426.8,NaN,NaN,NaN,0
1748491200,55512.6,55547,55325,55427.8,55440.76638555391,NaN,NaN,NaN,NaN,0
1748492100,55427.8,55460,55346.8,55457.8,55443.265912576666,NaN,NaN,NaN,NaN,0
1748493000,55457.8,55498.6,55310.4,55330,55433.92077716043,NaN,NaN,NaN,NaN,0
1748493900,55324.4,55366.2,55266,55290,55420.80952012709,NaN,NaN,NaN,NaN,0
1748494800,55289,55314.8,55218.2,55219,55401.26554395976,NaN,NaN,55314.8,NaN,0
1748495700,55220,55303.2,55218.6,55245.8,55384.432480606265,NaN,NaN,NaN,NaN,0
1748496600,55241,55254.8,55180,55181.8,55362.284354444884,NaN,NaN,NaN,NaN,0
1748497500,55175.2,55200.2,55144.8,55173,55340.237770993204,NaN,NaN,NaN,NaN,0
1748498400,55173,55206.4,55130,55130,55315.484297148854,NaN,NaN,NaN,NaN,0
1748499300,55130.6,55177.8,55117.2,55160.2,55294.95809806087,NaN,NaN,NaN,NaN,0
1748500200,55160.2,55189.8,55144,55165,55276.493904548624,NaN,NaN,NaN,NaN,0
1748501100,55177.4,55204.8,55133.2,55195.6,55262.58704164409,NaN,NaN,NaN,NaN,0
1748502000,55195,55204.2,55083,55120.4,55243.54736346433,NaN,NaN,NaN,NaN,0
1748502900,55126.8,55270.2,55116,55242.4,55237.33868418631,NaN,NaN,NaN,NaN,0
1748503800,55242.4,55258,55182.8,55209,55229.69044821303,NaN,NaN,NaN,NaN,0
1748504700,55221,55261.2,55201.2,55229,55225.36794394079,NaN,NaN,NaN,NaN,0
1748505600,55230,55267,55224.2,55249,55224.186526281585,NaN,NaN,NaN,NaN,0
1748506500,55249,55295,55239.8,55260.6,55225.19534645197,NaN,NaN,NaN,NaN,0
1748507400,55256.4,55270,55185.2,55206.4,55222.057749462016,NaN,NaN,NaN,NaN,0
1748508300,55208,55260,55196.6,55245,55223.01155447953,NaN,NaN,NaN,NaN,0
1748509200,55245,55269,55222,55260,55225.8483228884,NaN,NaN,NaN,NaN,0
1748510100,55260,55266,55205.2,55262,55229.00651034091,NaN,NaN,NaN,NaN,0
1748511000,55270,55535,55270,55530,55256.742253199234,55270,NaN,NaN,NaN,0
1748511900,55524.8,55556.4,55520,55542.4,55285.44835975358,NaN,NaN,NaN,NaN,0
1748512800,55542.2,55542.2,55542.2,55542.2,55313.41468715306,NaN,NaN,NaN,NaN,0
1748576700,55950,56002,55800,55970,55379.27486358355,NaN,NaN,NaN,NaN,0
1748577600,55970.2,56010,55884.2,55924.6,55439.15966631091,NaN,NaN,NaN,NaN,0
1748578500,55924.6,55948.8,55822,55860,55490.645716589286,NaN,NaN,55948.8,NaN,0
1748579400,55859,55922.2,55809.4,55900,55542.477653345064,NaN,NaN,NaN,NaN,0
1748580300,55899.4,55899.4,55834,55861.6,55587.242530572046,NaN,NaN,NaN,NaN,0
1748581200,55860,55860,55720.8,55764,55619.08295723534,NaN,NaN,NaN,NaN,0
1748582100,55760,55814.4,55707,55796,55649.78244028639,NaN,NaN,NaN,NaN,0
1748583000,55795,55835,55780.2,55800.2,55676.788096921606,NaN,NaN,NaN,NaN,0
1748583900,55811,55894.8,55802.2,55863,55705.771055182835,NaN,NaN,NaN,NaN,0
1748584800,55863,55905.4,55825,55837,55728.78887941796,NaN,NaN,NaN,NaN,0
1748585700,55822.4,55875,55797.4,55840.2,55748.816830536365,NaN,NaN,NaN,NaN,0
1748586600,55840,55841,55776.2,55785,55760.75041211294,NaN,NaN,NaN,NaN,0
1748587500,55784.4,55830.4,55756.8,55814.8,55772.754104248386,NaN,NaN,NaN,NaN,0
1748588400,55808.4,55825.6,55771,55780,55779.292840238566,NaN,NaN,NaN,NaN,0
1748589300,55789.8,55826.2,55786.6,55807.6,55786.56462746136,NaN,NaN,NaN,NaN,0
1748590200,55811.4,55920,55811.4,55899,55800.465385508316,NaN,NaN,NaN,NaN,0
1748591100,55899,56060,55899,56025,55824.601455434415,55899,NaN,NaN,NaN,0
1748592000,56025,56074,55997,56065,55851.085252476034,NaN,NaN,NaN,NaN,0
1748592900,56070,56100,56028.8,56083.6,55877.860596736406,NaN,NaN,NaN,NaN,0
1748593800,56080,56100,55974.4,55990,55894.5541421964,NaN,NaN,NaN,NaN,0
1748594700,55989.8,56100,55960,56090,55918.80862417492,NaN,NaN,NaN,NaN,0
1748595600,56090,56140.2,56040,56050.4,55937.693034732074,NaN,NaN,56140.2,NaN,0
1748596500,56050,56104.8,56015.2,56074.4,55956.96756730988,NaN,NaN,NaN,NaN,0
1748597400,56074.8,56100,56030,56064.8,55973.55918082883,NaN,NaN,NaN,NaN,0
1748598300,56061,56110,56056,56095,55990.769580341504,NaN,NaN,NaN,NaN,0
1748599200,56082,56082,56082,56082,56005.074558935084,NaN,NaN,NaN,NaN,0
1748835900,56100,56100,55719,55785.4,55990.669033173464,NaN,56100,NaN,NaN,0
1748836800,55791.2,55948,55743,55930,55987.53821657045,NaN,NaN,NaN,NaN,0
1748837700,55923.6,55939.8,55829.2,55885.8,55979.5777273276,NaN,NaN,NaN,NaN,0
1748838600,55886.6,55938.8,55836.6,55897.6,55972.20984679408,NaN,NaN,NaN,NaN,0
1748839500,55890,55920,55860.2,55900,55964.74134963212,NaN,NaN,NaN,NaN,0
1748840400,55901.6,55992.6,55887.6,55978,55964.44203870565,NaN,NaN,NaN,55887.6,0
1748841300,55978,55995,55900,55940,55960.96219990742,NaN,NaN,NaN,NaN,0
1748842200,55930,55961.8,55910,55921,55955.939294704425,NaN,NaN,NaN,NaN,0
1748843100,55921.8,55987.8,55890,55962,55954.98206039757,NaN,NaN,NaN,NaN,0
1748844000,55962,56020.2,55943,55960,55954.13696382699,NaN,NaN,NaN,NaN,0
1748844900,55953.6,56017.8,55950,55998,55957.15722881796,NaN,NaN,NaN,NaN,0
1748845800,55997,56041.6,55990,56010.4,55961.59402828729,NaN,NaN,NaN,NaN,0
1748846700,56016.8,56045,55980,56016,55966.7840071601,NaN,NaN,NaN,NaN,0
1748847600,56017.6,56130,56011.8,56098.2,55979.46175401908,56011.8,NaN,NaN,NaN,0
1748848500,56098.6,56126.2,56022,56026.4,55985.49412050494,NaN,NaN,NaN,NaN,0
1748849400,56026.4,56083.2,56024.8,56068.2,55994.982161954904,NaN,NaN,NaN,NaN,0
1748850300,56075.4,56107.6,56057.2,56071,56004.17822617484,NaN,NaN,NaN,NaN,0
1748851200,56054,56170,56040,56155.4,56020.38057051513,NaN,NaN,NaN,NaN,0
1748852100,56157.4,56170,56106.2,56141.8,56034.63562317555,NaN,NaN,56170,NaN,0
1748853000,56128,56150,56040.2,56091.4,56043.4459922216,NaN,NaN,NaN,NaN,0
1748853900,56091.8,56110.8,56027,56086.2,56050.98190460563,NaN,NaN,NaN,NaN,0
1748854800,56086.2,56099.8,55980,56041.4,56053.35194897945,NaN,NaN,NaN,NaN,0
1748855700,56041.6,56153,56027.8,56153,56065.075589478634,NaN,NaN,NaN,NaN,0
1748856600,56153,56217.2,56152,56177,56078.10753027064,NaN,NaN,NaN,NaN,0
1748857500,56177,56191,56147.4,56170.4,56089.662853336195,NaN,NaN,NaN,NaN,0
1748858400,56175,56175,56175,56175,56100.672176685155,NaN,NaN,NaN,NaN,0
1748922300,56275,56355,56100,56118,56105.56137289838,56100,NaN,NaN,NaN,0
1748923200,56117.4,56220.6,56059.4,56141.6,56112.05963625313,NaN,NaN,NaN,NaN,0
1748924100,56141,56218.6,56105,56127,56116.13052172691,NaN,NaN,NaN,NaN,0
1748925000,56131.2,56180,56111,56169,56123.300388381365,NaN,NaN,NaN,NaN,0
1748925900,56175,56298,56155.2,56234,56135.652940428175,NaN,NaN,NaN,NaN,0
1748926800,56247.4,56286.2,56086.4,56153.8,56139.96061609849,NaN,NaN,56286.2,NaN,0
1748927700,56155,56199,56136.8,56157.8,56143.81800618801,NaN,NaN,NaN,NaN,0
1748928600,56162,56170,56051.2,56054.6,56137.68416289504,NaN,NaN,NaN,NaN,0
1748929500,56051,56114.4,56020.4,56097.6,56134.99312539919,NaN,NaN,NaN,NaN,0
1748930400,56094.8,56132.4,56012,56054.8,56128.023113575415,NaN,NaN,NaN,NaN,0
1748931300,56050,56088.6,56026,56071.4,56122.425816356284,NaN,NaN,NaN,NaN,0
1748932200,56065.4,56089.8,56020,56030,56113.033566049635,NaN,NaN,NaN,NaN,0
1748933100,56029,56033.6,55940,56010,56102.005336933966,NaN,NaN,NaN,NaN,0
1748934000,56003.2,56056,56003,56020,56092.267769842816,NaN,NaN,NaN,NaN,0
1748934900,56028.8,56038.4,55859.4,55880.6,56070.259300042264,NaN,56038.4,NaN,NaN,0
1748935800,55873,55910,55824.2,55879.6,56049.02135771205,NaN,NaN,NaN,NaN,0
1748936700,55878.8,55920.2,55825.4,55903.8,56030.95558202687,NaN,NaN,NaN,NaN,0
1748937600,55910,55980,55892.2,55901,56013.86338791537,NaN,NaN,NaN,NaN,0
1748938500,55901.2,55962,55883,55956,56003.04785663883,NaN,NaN,NaN,NaN,0
1748939400,55957.8,56008.2,55945.2,56001,55997.7845225666,NaN,NaN,NaN,55945.2,0
1748940300,56008,56009.6,55952.6,55952.6,55989.51882357982,NaN,NaN,NaN,NaN,0
1748941200,55959.8,56075,55959.8,56050.4,55991.39824873642,NaN,NaN,NaN,NaN,0
1748942100,56050,56063.4,55979,56008.2,55990.53517676884,NaN,NaN,NaN,NaN,0
1748943000,56016.8,56033.6,55941,55955,55985.499578615956,NaN,NaN,NaN,NaN,0
1748943900,55952,55990,55848,55850,55971.5573901424,NaN,NaN,NaN,NaN,0
1748944800,55852.2,55852.2,55852.2,55852.2,55958.49304275396,NaN,NaN,NaN,NaN,0
1749008700,55930.8,55998.8,55868,55871.2,55947.87103257904,NaN,NaN,NaN,NaN,0
1749009600,55877.8,55910,55720,55756,55927.57151537354,NaN,55910,NaN,NaN,0
1749010500,55750.4,55793.2,55700,55781.8,55910.4412958727,NaN,NaN,NaN,NaN,0
1749011400,55790.2,55830,55766,55809.6,55896.87825559667,NaN,NaN,NaN,NaN,0
1749012300,55809.4,55875,55780.6,55875,55890.336691994984,NaN,NaN,NaN,NaN,0
1749013200,55875,55917.2,55858.2,55886,55885.845133241455,NaN,NaN,NaN,NaN,0
1749014100,55898.8,55925.2,55860,55915,55885.16154146509,NaN,NaN,NaN,55860,0
1749015000,55920,55950,55901,55920.8,55885.90891152312,NaN,NaN,NaN,NaN,0
1749015900,55920.2,55968,55888.4,55968,55891.82573222082,NaN,NaN,NaN,NaN,0
1749016800,55967,56017,55966,55986.8,55899.90165188206,NaN,NaN,NaN,NaN,0
1749017700,55987.6,55995.2,55917.2,55950,55904.93928890667,NaN,NaN,NaN,NaN,0
1749018600,55950,55980,55925.2,55979,55912.63665062148,NaN,NaN,NaN,NaN,0
1749019500,55980,55999,55947.6,55955,55918.05767636859,NaN,NaN,NaN,NaN,0
1749020400,55957.2,55969,55930,55944.6,55922.25417593739,NaN,NaN,NaN,NaN,0
1749021300,55941.6,55964.8,55926.4,55954,55926.901766001,NaN,NaN,NaN,NaN,0
1749022200,55954,55980,55930,55931,55929.182591109755,NaN,NaN,NaN,NaN,0
1749023100,55931,55938.8,55888.2,55901,55928.23772681387,NaN,NaN,NaN,NaN,0
1749024000,55904.2,55936,55900.8,55912.2,55927.85056828408,NaN,NaN,NaN,NaN,0
1749024900,55915,55958,55915,55936.8,55929.36884612314,NaN,NaN,NaN,NaN,0
1749025800,55944.8,56000,55920,55976,55934.116726726716,NaN,NaN,NaN,NaN,0
1749026700,55975.4,55997,55930,55932,55934.55573506928,NaN,NaN,NaN,NaN,0
1749027600,55946,55984.6,55936.2,55979,55939.1290762138,NaN,NaN,NaN,NaN,0
1749028500,55974.6,56045.8,55971.4,56030.4,55948.05511524248,55971.4,NaN,NaN,NaN,0
1749029400,56034.8,56047.8,55955,55970,55951.28147697711,NaN,NaN,NaN,NaN,0
1749030300,55971.4,55995,55969,55984.8,55955.61074879896,NaN,NaN,NaN,NaN,0
1749095100,56010.4,56056,55851,55961.2,55957.57636239168,NaN,NaN,NaN,NaN,0
1749096000,55961.2,56035.8,55920.2,56023,55964.80573410116,NaN,NaN,NaN,NaN,0
1749096900,56023,56080,56000.6,56035,55972.725905075575,NaN,NaN,56080,NaN,0
1749097800,56034.8,56054,55975,55994.4,55976.65434826823,NaN,NaN,NaN,NaN,0
1749098700,55994.4,56035,55960,55990,55979.65819363976,NaN,NaN,NaN,NaN,0
1749099600,55994.8,56000,55969.6,55993,55982.439036433934,NaN,NaN,NaN,NaN,0
1749100500,55993,56000,55946,55969.2,55982.54509424888,NaN,NaN,NaN,NaN,0
1749101400,55980,56000,55972,55981.6,55983.413088362126,NaN,NaN,NaN,NaN,0
1749102300,55995,56090,55990,56038,55989.09539669798,NaN,NaN,NaN,NaN,0
1749103200,56040,56055.6,56017,56017.2,55992.60149926136,NaN,NaN,NaN,NaN,0
1749104100,56020,56029,55970.6,56029,55996.83991382605,NaN,NaN,NaN,NaN,0
1749105000,56030,56197,56026.8,56185.2,56015.018285443395,56026.8,NaN,NaN,NaN,0
1749105900,56187.4,56219,56036,56090,56024.16254766546,NaN,NaN,NaN,NaN,0
1749106800,56083.8,56123,56063,56088.2,56032.53741140852,NaN,NaN,NaN,NaN,0
1749107700,56078,56125,56060,56080.6,56039.61684572828,NaN,NaN,NaN,NaN,0
1749108600,56082.4,56111,56030,56046.2,56042.88959194683,NaN,NaN,NaN,NaN,0
1749109500,56031,56076.2,56021,56044.8,56045.34666414989,NaN,NaN,56076.2,NaN,0
1749110400,56044.8,56044.8,55941.4,55950,56038.570006757334,NaN,NaN,NaN,NaN,0
1749111300,55950,56000,55940,55972.4,56033.38606933288,NaN,NaN,NaN,NaN,0
1749112200,55965,55983.8,55905.6,55967,56027.39747742765,NaN,NaN,NaN,NaN,0
1749113100,55956,56020.8,55951.2,56001.8,56024.43611459735,NaN,NaN,NaN,NaN,0
1749114000,56000,56050,55971.2,56015,56022.66382576879,NaN,NaN,NaN,NaN,0
1749114900,56019,56048.4,55994.2,56014.8,56021.057684466665,NaN,NaN,NaN,NaN,0
1749115800,56005,56035,55967.2,56035,56021.403946285296,NaN,NaN,NaN,NaN,0
1749116700,56039,56080,56035.8,56045.8,56022.86991773655,NaN,NaN,NaN,NaN,0
1749117600,56043.4,56043.4,56043.4,56043.4,56024.377440088276,NaN,NaN,NaN,NaN,0
1749181500,55999.8,56059.8,55910,55945,56017.015628770525,NaN,NaN,NaN,NaN,0
1749182400,55945,55950.2,55855.2,55858.6,56001.95055445285,NaN,55950.2,NaN,NaN,0
1749183300,55858.8,55925,55851,55913.4,55992.090278160416,NaN,NaN,NaN,NaN,0
1749184200,55919.8,56250,55780,55945.4,55985.593317052284,NaN,NaN,NaN,NaN,0
1749185100,55941.2,56297,55825,56297,56011.74507059049,55825,NaN,NaN,55825,0
1749186000,56298,56656.6,56289.4,56600,56065.84321299757,NaN,NaN,NaN,NaN,0
1749186900,56599.8,56694,56505,56600.2,56119.58505979791,NaN,NaN,NaN,NaN,0
1749187800,56600.4,56733,56596.6,56726.8,56183.6610801182,NaN,NaN,NaN,NaN,0
1749188700,56727,56745,56635,56635,56237.22296486723,NaN,NaN,NaN,NaN,0
1749189600,56643.8,56778,56635.2,56763.2,56299.488392842584,NaN,NaN,56778,NaN,0
1749190500,56770,56782.6,56724,56773,56359.104069247725,NaN,NaN,NaN,NaN,0
1749191400,56776.8,56799,56726.2,56748.2,56412.26890607577,NaN,NaN,NaN,NaN,0
1749192300,56748.6,56753.4,56580.2,56696.6,56455.957486456035,NaN,NaN,NaN,NaN,0
1749193200,56696.6,56750,56650,56720,56497.18819243702,NaN,NaN,NaN,NaN,0
1749194100,56720.6,56762,56712.4,56737.4,56535.27520142486,NaN,NaN,NaN,NaN,0
1749195000,56734,56759.6,56696.4,56707.2,56566.00578734266,NaN,NaN,NaN,NaN,0
1749195900,56704.8,56746.4,56680.4,56693,56591.11162221689,NaN,NaN,NaN,NaN,0
1749196800,56685.8,56772,56647.4,56755,56617.84558978214,NaN,NaN,NaN,NaN,0
1749197700,56759.8,56777,56709.4,56730,56638.76408589759,NaN,NaN,NaN,NaN,0
1749198600,56728.8,56758,56679.4,56758,56658.90087885915,NaN,NaN,NaN,NaN,0
1749199500,56753.2,56832.8,56753.2,56797,56679.678746540994,NaN,NaN,NaN,NaN,0
1749200400,56793.2,56800,56695.6,56749,56693.432462765566,NaN,NaN,NaN,NaN,0
1749201300,56738.2,56790,56722.2,56768.2,56706.6307271702,NaN,NaN,NaN,NaN,0
1749202200,56767.8,56790.2,56725,56750.6,56716.23784891442,NaN,NaN,NaN,NaN,0
1749203100,56757,56799,56748.8,56781,56726.87614639254,NaN,NaN,NaN,NaN,0
1749204000,56795,56795,56795,56795,56737.302161104904,NaN,NaN,NaN,NaN,0
1749440700,57150,57165.2,56905.4,56939.6,56759.618897859014,56905.4,NaN,NaN,NaN,0
1749441600,56934.2,57065.2,56920,57040,56789.95447705377,NaN,NaN,NaN,NaN,0
1749442500,57052.8,57088.8,57000,57065,56821.24603345333,NaN,NaN,NaN,NaN,0
1749443400,57065,57123.6,57052.8,57112.8,56855.149178998625,NaN,NaN,NaN,NaN,0
1749444300,57120,57135.4,57076.6,57105,56886.3885944855,NaN,NaN,NaN,NaN,0
1749445200,57104.8,57146,57089,57138,56918.05843883079,NaN,NaN,57146,NaN,0
1749446100,57139.6,57160,57118,57131.4,56946.500748876846,NaN,NaN,NaN,NaN,0
1749447000,57123.4,57151.6,57069.8,57090.4,56968.86049887705,NaN,NaN,NaN,NaN,0
1749447900,57090,57091.4,57026.4,57029.2,56983.05689681109,NaN,NaN,NaN,NaN,0
1749448800,57030.4,57074.6,57009,57054.6,56997.35570484684,NaN,NaN,NaN,NaN,0
1749449700,57068.2,57068.2,57024.4,57059.8,57009.76500760642,NaN,NaN,NaN,NaN,0
1749450600,57050.4,57093.8,57050.4,57082,57022.19425877732,NaN,NaN,NaN,NaN,0
1749451500,57087.4,57100,57056.8,57100,57034.48783042772,NaN,NaN,NaN,NaN,0
1749452400,57093.6,57135,57075,57080,57043.377815584136,NaN,NaN,NaN,NaN,0
1749453300,57080,57083,57048.4,57052,57048.20791100886,NaN,NaN,NaN,NaN,0
1749454200,57051.8,57090,57050,57090,57055.22372577818,NaN,NaN,NaN,NaN,0
1749455100,57095,57107.8,57060,57060,57058.482869957305,NaN,NaN,NaN,NaN,0
1749456000,57066.2,57080,57055,57075,57062.23161265605,NaN,NaN,NaN,NaN,0
1749456900,57062.8,57088.4,57061.6,57070,57064.71320033466,NaN,NaN,NaN,NaN,0
1749457800,57069.8,57080.2,57011,57011,57061.266253912094,NaN,NaN,NaN,NaN,0
1749458700,57011,57034,56985,57026.4,57058.76131461438,NaN,NaN,NaN,NaN,0
1749459600,57027,57048,57008.2,57015.2,57054.9377015783,NaN,NaN,NaN,NaN,0
1749460500,57019.6,57036,57010,57010.2,57050.621650975205,NaN,NaN,NaN,NaN,0
1749461400,57008.4,57020,56990,57011,57046.37416731155,NaN,NaN,NaN,NaN,0
1749462300,57011,57021.2,56986.6,56990,57040.368201573845,NaN,NaN,NaN,NaN,0
1749527100,57026.2,57099,56805,56805.2,57017.703206151884,NaN,57099,NaN,NaN,0
1749528000,56802,56874.2,56750,56820,56996.82829542236,NaN,NaN,NaN,NaN,0
1749528900,56805.8,56900.2,56800,56817.6,56976.32713665174,NaN,NaN,NaN,NaN,0
1749529800,56822.8,56944.2,56817.6,56933.2,56967.31105536176,NaN,NaN,NaN,NaN,0
1749530700,56930,56960,56883,56883,56954.90346560438,NaN,NaN,NaN,NaN,0
1749531600,56880.6,56926,56853,56904,56945.59453786468,NaN,NaN,NaN,56853,0
1749532500,56906.8,56907.4,56760.6,56791.8,56927.317182710794,NaN,NaN,NaN,NaN,0
1749533400,56791.8,56830,56760,56816,56912.47677513457,NaN,NaN,NaN,NaN,0
1749534300,56807,56824.6,56765,56770,56894.78219875242,NaN,NaN,NaN,NaN,0
1749535200,56765,56789.6,56729,56788,56880.144040227584,NaN,NaN,NaN,NaN,0
1749536100,56777.8,56798,56760,56772,56865.502205794,NaN,NaN,NaN,NaN,0
1749537000,56761,56795.8,56750,56780,56852.921175129835,NaN,NaN,NaN,NaN,0
1749537900,56780.2,56793,56760.2,56777.4,56841.449847294716,NaN,NaN,NaN,NaN,0
1749538800,56777.4,56832.2,56771,56820,56835.144563729635,NaN,NaN,NaN,NaN,0
1749539700,56817,56878,56817,56850.2,56832.792358835075,NaN,NaN,NaN,NaN,0
1749540600,56862,56890,56831,56831,56829.780350540226,NaN,NaN,NaN,NaN,0
1749541500,56824,56864.8,56801,56850,56829.42110970614,NaN,NaN,NaN,NaN,0
1749542400,56853.4,56872,56820,56820,56826.9868971393,NaN,NaN,NaN,NaN,0
1749543300,56826.4,56846,56802,56819.8,56825.13717407257,NaN,NaN,NaN,NaN,0
1749544200,56817.4,56850,56812.4,56825,56824.18193739881,NaN,NaN,NaN,NaN,0
1749545100,56825,56827,56783.8,56791.4,56820.50878643183,NaN,NaN,NaN,NaN,0
1749546000,56794,56824.8,56790,56810,56818.87581886967,NaN,NaN,NaN,NaN,0
1749546900,56801,56815,56772,56794,56815.98058709116,NaN,NaN,NaN,NaN,0
1749547800,56781,56813,56742,56780.2,56812.03566218077,NaN,NaN,NaN,NaN,0
1749548700,56781.4,56800.2,56721,56735,56804.17164561009,NaN,NaN,NaN,NaN,0
1749549600,56735,56735,56735,56735,56796.553216063665,NaN,NaN,NaN,NaN,0
1749613500,56755,56820.6,56660,56694.8,56785.625589555006,NaN,NaN,NaN,NaN,0
1749614400,56694,56729.8,56670,56682,56774.18818612419,NaN,NaN,NaN,NaN,0
1749615300,56682,56758,56607,56751.8,56769.60464023082,NaN,NaN,NaN,NaN,0
1749616200,56752,56784.8,56717,56751.8,56765.6142988516,NaN,NaN,NaN,NaN,0
1749617100,56761.6,56794,56719.2,56724,56759.53814621075,NaN,NaN,NaN,NaN,0
1749618000,56724,56860,56720.2,56849,56765.543766014525,NaN,NaN,NaN,NaN,0
1749618900,56850.8,56895,56825,56855.2,56772.60165061038,NaN,NaN,NaN,NaN,0
1749619800,56856,56888,56840.2,56866.6,56781.15971904156,NaN,NaN,NaN,NaN,0
1749620700,56883.6,56920,56848,56848.2,56788.09292218171,NaN,NaN,NaN,NaN,0
1749621600,56852,56902.4,56848.2,56865.2,56796.53830720944,NaN,NaN,NaN,NaN,0
1749622500,56872.8,56925,56865.4,56895.4,56807.44501350081,NaN,NaN,NaN,NaN,0
1749623400,56909,56918,56873,56888.4,56817.30311207213,NaN,NaN,NaN,NaN,0
1749624300,56900.2,56938,56875.2,56890,56826.7137023853,NaN,NaN,NaN,NaN,0
1749625200,56890,56898,56831.4,56855.6,56832.3023015168,NaN,NaN,NaN,NaN,0
1749626100,56856,56887,56853,56873,56838.6876837174,NaN,NaN,NaN,NaN,0
1749627000,56870,56882.8,56829.6,56830,56840.387580108305,NaN,NaN,NaN,NaN,0
1749627900,56830,56830,56734,56743,56833.50079844971,NaN,56830,NaN,NaN,0
1749628800,56739,56750,56673.4,56690.6,56821.28220814343,NaN,NaN,NaN,NaN,0
1749629700,56700,56700,56614,56679.8,56807.85159203945,NaN,NaN,NaN,NaN,0
1749630600,56669.8,56670,56570.4,56597.2,56786.91392603692,NaN,NaN,NaN,NaN,0
1749631500,56596.8,56660,56582,56616.4,56768.08452316914,NaN,NaN,NaN,NaN,0
1749632400,56620,56665,56617.8,56625,56750.79032244395,NaN,NaN,NaN,56617.8,0
1749633300,56625,56713.8,56622.6,56679,56739.36632441712,NaN,NaN,NaN,NaN,0
1749634200,56675,56690,56645.2,56662,56727.55090772668,NaN,NaN,NaN,NaN,0
1749635100,56661,56669.8,56622,56625,56713.58736168476,NaN,NaN,NaN,NaN,0
1749699900,56635,56696,56541.2,56664.8,56704.5693524168,NaN,NaN,NaN,NaN,0
1749700800,56669.6,56742.6,56582.2,56582.2,56689.27313367787,NaN,NaN,NaN,NaN,0
1749701700,56585,56646.4,56560,56603.4,56677.208693468274,NaN,NaN,NaN,NaN,0
1749702600,56612,56614,56557.2,56580,56664.2704552034,NaN,NaN,NaN,NaN,0
1749703500,56575,56582,56507,56572,56651.73889995991,NaN,NaN,NaN,NaN,0
1749704400,56570,56595,56466,56490,56632.95434742325,NaN,56595,NaN,NaN,0
1749705300,56489.6,56518,56470,56492,56615.63347993407,NaN,NaN,NaN,NaN,0
1749706200,56494.8,56514.8,56450,56470.2,56597.47227368047,NaN,NaN,NaN,NaN,0
1749707100,56470.2,56554.8,56466,56523.8,56585.58364422284,NaN,NaN,NaN,NaN,0
1749708000,56512,56512,56452.6,56481.8,56571.24970965316,NaN,NaN,NaN,NaN,0
1749708900,56475,56484.8,56430.4,56431.8,56553.75276982108,NaN,NaN,NaN,56430.4,0
1749709800,56430,56478,56420,56458,56540.00622961521,NaN,NaN,NaN,NaN,0
1749710700,56458,56519.4,56453.6,56480,56529.624883954944,NaN,NaN,NaN,NaN,0
1749711600,56479.8,56540.4,56479.6,56506,56522.97838073826,NaN,NaN,NaN,NaN,0
1749712500,56505,56527.2,56444,56464.2,56513.76683185127,NaN,NaN,NaN,NaN,0
1749713400,56467.8,56479.8,56445,56470,56506.266906516306,NaN,NaN,NaN,NaN,0
1749714300,56472,56481.8,56375,56400,56493.401926406215,NaN,NaN,NaN,NaN,0
1749715200,56392,56410,56292.4,56310.8,56473.45108394171,NaN,56410,NaN,NaN,0
1749716100,56306.2,56340,56265,56293.6,56453.08012252029,NaN,NaN,NaN,NaN,0
1749717000,56290,56293.8,56200,56254.8,56430.38061783771,NaN,NaN,NaN,NaN,0
1749717900,56254.8,56350,56240,56329.8,56415.81732257993,NaN,NaN,NaN,NaN,0
1749718800,56328,56420,56327.8,56370,56406.406604888456,NaN,NaN,NaN,NaN,0
1749719700,56370,56411.2,56366,56382,56399.417338134015,NaN,NaN,NaN,56366,0
1749720600,56384.8,56400,56280,56299.8,56386.202257445344,NaN,NaN,NaN,NaN,0
1749721500,56299.8,56300,56203,56205.4,56365.53959939924,NaN,NaN,NaN,NaN,0
1749722400,56208.8,56208.8,56208.8,56208.8,56346.495836444956,NaN,NaN,NaN,NaN,0
1749786300,55555.6,55740,55350.6,55685,56281.1075467198,NaN,55740,NaN,NaN,0
1749787200,55667.4,55667.6,55505,55563,56206.33572204333,NaN,NaN,NaN,NaN,0
1749788100,55564.6,55616.4,55511.2,55579.8,56135.84202462589,NaN,NaN,NaN,NaN,0
1749789000,55579.8,55608,55522,55581.6,56068.93536979003,NaN,NaN,NaN,NaN,0
1749789900,55589.4,55659.4,55541,55654.8,56012.87830903447,NaN,NaN,NaN,NaN,0
1749790800,55650,55730,55634.2,55698.4,55965.427813083596,NaN,NaN,NaN,55634.2,0
1749791700,55699.4,55719,55658.2,55671,55920.43139709318,NaN,NaN,NaN,NaN,0
1749792600,55675.2,55704.6,55552,55552.2,55869.486544080384,NaN,NaN,NaN,NaN,0
1749793500,55552.2,55617,55547,55603.6,55828.15953451725,NaN,NaN,NaN,NaN,0
1749794400,55600.6,55700,55590.4,55667,55797.380420899564,NaN,NaN,NaN,NaN,0
1749795300,55666.2,55673.6,55586.8,55624,55767.32615993509,NaN,NaN,NaN,NaN,0
1749796200,55629,55662,55610,55626,55741.744824973386,NaN,NaN,NaN,NaN,0
1749797100,55631.6,55699,55622.8,55634.8,55720.77459717445,NaN,NaN,NaN,NaN,0
1749798000,55630,55643.8,55586.8,55610,55700.957365027556,NaN,NaN,NaN,NaN,0
1749798900,55610.8,55619.6,55580.2,55600.4,55683.27609049689,NaN,NaN,NaN,NaN,0
1749799800,55600,55628,55581.2,55628,55670.84270478904,NaN,NaN,NaN,NaN,0
1749800700,55628,55672,55610.2,55637.2,55661.545655565176,NaN,NaN,NaN,NaN,0
1749801600,55637.2,55750,55637,55742,55663.83856006437,NaN,NaN,NaN,NaN,0
1749802500,55741.4,55800,55653,55682,55662.29456915999,NaN,NaN,NaN,NaN,0
1749803400,55675,55710,55650,55685.2,55662.17082151812,NaN,NaN,NaN,NaN,0
1749804300,55685.2,55696.4,55651.2,55682.6,55662.65992139551,NaN,NaN,NaN,NaN,0
1749805200,55684.8,55704.8,55614.8,55620.2,55657.904718257785,NaN,NaN,NaN,NaN,0
1749806100,55625.8,55659.4,55500,55525,55644.81848028044,NaN,NaN,NaN,NaN,0
1749807000,55534,55631.8,55520.2,55623,55641.05106413682,NaN,NaN,NaN,NaN,0
1749807900,55623,55655.8,55590.4,55655.8,55640.79116713138,NaN,NaN,NaN,NaN,0
1750045500,55550,55760,55550,55595.6,55635.4906917352,NaN,NaN,NaN,NaN,0
1750046400,55595,55640,55550.6,55582,55629.22732022161,NaN,NaN,NaN,NaN,0
1750047300,55600,55600,55505,55570,55622.83821862792,NaN,NaN,NaN,NaN,0
1750048200,55575,55638,55561.6,55600.2,55619.5872461831,NaN,NaN,NaN,NaN,0
1750049100,55600,55750,55600,55749.8,55630.221076821595,NaN,NaN,NaN,NaN,0
1750050000,55745.6,55825,55732.2,55800,55645.626778260434,NaN,NaN,NaN,NaN,0
1750050900,55805,55845,55750,55788.2,55659.83586040593,NaN,NaN,NaN,NaN,0
1750051800,55795.2,55950,55790,55895.6,55683.52099465713,55790,NaN,NaN,NaN,0
1750052700,55899,55930,55811,55830,55700.70161027452,NaN,NaN,NaN,NaN,0
1750053600,55834.2,55924,55830,55924,55725.731711700006,NaN,NaN,NaN,NaN,0
1750054500,55920,55995.6,55875,55888,55746.242556128534,NaN,NaN,NaN,NaN,0
1750055400,55884.8,55960.2,55865.2,55954,55771.284748525824,NaN,NaN,NaN,NaN,0
1750056300,55959.8,55966.8,55875.6,55882.6,55788.27031197169,NaN,NaN,55966.8,NaN,0
1750057200,55886.4,56040,55886.4,55988.4,55813.148185328275,NaN,NaN,NaN,NaN,0
1750058100,55987,56019,55940.2,55951,55832.75844108608,NaN,NaN,NaN,NaN,0
1750059000,55958,56033,55953,56000,55854.94089269082,NaN,NaN,NaN,NaN,0
1750059900,56000,56025,55967.6,56006,55875.71609042542,NaN,NaN,NaN,NaN,0
1750060800,55995,56050,55987,56001.2,55894.03084753554,NaN,NaN,NaN,NaN,0
1750061700,56001.2,56023,55929,55974.4,55907.93407091915,NaN,NaN,NaN,NaN,0
1750062600,55985,56062.8,55983.2,56044.8,55926.25601130891,NaN,NaN,NaN,NaN,0
1750063500,56050,56065.4,55980,55980.6,55937.03813896364,NaN,NaN,NaN,NaN,0
1750064400,55992,56011.2,55975,55990.2,55947.0098966027,NaN,NaN,NaN,NaN,0
1750065300,56005,56048,55971,56048,55960.729558186475,NaN,NaN,NaN,NaN,0
1750066200,56045.2,56110,56033.2,56108.8,55978.660869457344,NaN,NaN,NaN,NaN,0
1750067100,56096.8,56165,56090,56165,56000.44602684935,NaN,NaN,NaN,NaN,0
1750068000,56164.8,56164.8,56164.8,56164.8,56020.64206712433,NaN,NaN,NaN,NaN,0
1750131900,56110,56599.6,55968,56000.4,56024.32444078892,NaN,NaN,NaN,NaN,0
1750132800,56000,56099,55971,55997,56026.36315507636,NaN,NaN,NaN,NaN,0
1750133700,56000,56015.4,55906,55975,56025.18858191786,NaN,NaN,NaN,NaN,0
1750134600,55968.8,55980,55880.2,55959.4,56021.60910329087,NaN,NaN,NaN,NaN,0
1750135500,55950,56025,55950,55990,56020.03792211263,NaN,NaN,NaN,NaN,0
1750136400,55993.8,56060.8,55987.8,56012,56019.78509271064,NaN,NaN,NaN,NaN,0
1750137300,56012.2,56018.2,55935,55946,56013.163305209804,NaN,NaN,NaN,NaN,0
1750138200,55946,55946,55895,55931.4,56005.11906103359,NaN,NaN,NaN,NaN,0
1750139100,55930.4,55945,55868.4,55945,55998.26910298807,NaN,NaN,NaN,NaN,0
1750140000,55940,55940,55890,55905,55988.13445440974,NaN,NaN,NaN,NaN,0
1750140900,55905,55926,55851,55869.8,55975.080626366915,NaN,NaN,NaN,NaN,0
1750141800,55869.6,55880,55821,55821.8,55958.29208576846,NaN,NaN,NaN,NaN,0
1750142700,55821,55858.6,55803,55814.8,55941.55276604452,NaN,NaN,NaN,NaN,0
1750143600,55828,55849,55801,55802.2,55924.722993402014,NaN,NaN,NaN,NaN,0
1750144500,55801,55825.6,55750,55791.8,55907.91528845369,NaN,NaN,NaN,NaN,0
1750145400,55790,55804.8,55764.4,55790,55892.24632689753,NaN,NaN,NaN,NaN,0
1750146300,55798,55821,55770,55791,55877.938691997835,NaN,NaN,NaN,NaN,0
1750147200,55791,55819.4,55773.6,55774.8,55863.5350459849,NaN,NaN,NaN,NaN,0
1750148100,55768.4,55825,55750,55810,55853.74957467736,NaN,NaN,NaN,NaN,0
1750149000,55800,55838,55783.4,55820.2,55846.292639074825,NaN,NaN,NaN,NaN,0
1750149900,55835,55835,55800,55829,55840.81239807441,NaN,NaN,NaN,NaN,0
1750150800,55824.8,55861.8,55790.2,55820,55835.74210054779,NaN,NaN,NaN,NaN,0
1750151700,55820,55844.2,55794.8,55830,55832.56055233733,NaN,NaN,NaN,NaN,0
1750152600,55817,55840.8,55780,55793,55826.780856385325,NaN,NaN,NaN,NaN,0
1750153500,55808,55810,55735,55761.8,55818.821404367336,NaN,NaN,NaN,NaN,0
1750154400,55765,55765,55765,55765,55811.771754377456,NaN,NaN,NaN,NaN,0
1750218300,55670,55880,55670,55860.8,55814.11653704287,NaN,NaN,NaN,NaN,0
1750219200,55864.8,55983,55864.8,55943.6,55824.76467051796,55864.8,NaN,NaN,NaN,0
1750220100,55948,56000,55926.2,55938.2,55835.20526475693,NaN,NaN,NaN,NaN,0
1750221000,55938.4,56050.6,55938.4,56000,55851.33363379429,NaN,NaN,NaN,NaN,0
1750221900,56009.2,56028,55931.4,55956.4,55863.25581040128,NaN,NaN,NaN,NaN,0
1750222800,55951,56014,55904.4,55995,55878.15732801702,NaN,NaN,NaN,NaN,0
1750223700,55994.2,55999.8,55880.2,55915,55885.041124868665,NaN,NaN,55999.8,NaN,0
1750224600,55909.4,55910.4,55840,55880.6,55888.050872240456,NaN,NaN,NaN,NaN,0
1750225500,55869.2,55884.6,55800.4,55822,55884.8960610517,NaN,NaN,NaN,NaN,0
1750226400,55819,55850,55735,55840,55882.628779237915,NaN,55850,NaN,NaN,0
1750227300,55836,55839.4,55780,55792,55875.46360017787,NaN,NaN,NaN,NaN,0
1750228200,55782,55923.6,55775.8,55888.6,55876.7626235002,NaN,NaN,NaN,NaN,0
1750229100,55896,55905,55854.8,55870,55876.18819753517,NaN,NaN,NaN,NaN,0
1750230000,55870,55907.4,55852,55860,55874.5538860476,NaN,NaN,NaN,NaN,0
1750230900,55860,55880.2,55825,55864.4,55873.27559085557,NaN,NaN,NaN,55825,0
1750231800,55859.2,55894.8,55850,55881,55873.54038824354,NaN,NaN,NaN,NaN,0
1750232700,55889,55893.6,55850,55864.4,55872.35261490257,NaN,NaN,NaN,NaN,0
1750233600,55868.6,55940.8,55868.6,55890.4,55873.61851382058,NaN,NaN,NaN,NaN,0
1750234500,55895,55896.8,55805,55818,55868.39110794591,NaN,NaN,NaN,NaN,0
1750235400,55820.4,55840,55800,55825,55863.86670153154,NaN,NaN,NaN,NaN,0
1750236300,55817,55817.4,55759.8,55798,55857.04868429897,NaN,NaN,NaN,NaN,0
1750237200,55800,55879,55792.6,55864.6,55856.541574423005,NaN,NaN,NaN,NaN,0
1750238100,55864.6,55921.6,55838.4,55893.8,55858.986629242114,NaN,NaN,NaN,NaN,0
1750239000,55906.2,55922.4,55877.2,55878.6,55860.258329621625,NaN,NaN,NaN,NaN,0
1750239900,55889.8,55915.2,55876.8,55878,55861.68227618114,NaN,NaN,NaN,NaN,0
1750304700,55884.4,55968.4,55786,55949,55869.712450286235,NaN,NaN,NaN,NaN,0
1750305600,55945,55998,55917.4,55975,55880.092114994375,55917.4,NaN,NaN,NaN,0
1750306500,55980,56025,55874.2,55939.2,55886.91037559289,NaN,NaN,NaN,NaN,0
1750307400,55935,55935,55863.4,55898.2,55889.594378917966,NaN,NaN,NaN,NaN,0
1750308300,55900,55909.8,55860,55874.8,55889.8096922807,NaN,NaN,NaN,NaN,0
1750309200,55860,55869.8,55800,55820,55884.60276317942,NaN,NaN,NaN,NaN,0
1750310100,55819.8,55855,55805,55818.4,55879.042523841956,NaN,NaN,55855,NaN,0
1750311000,55830.2,55833.4,55762.2,55777.8,55869.581077304065,NaN,NaN,NaN,NaN,0
1750311900,55778,55778,55711,55736.2,55856.44274637229,NaN,NaN,NaN,NaN,0
1750312800,55735.6,55785,55715.8,55727.2,55842.72940753588,NaN,NaN,NaN,NaN,0
1750313700,55729.8,55775,55727.2,55751.2,55831.699860879125,NaN,NaN,NaN,NaN,0
1750314600,55762.8,55769,55714,55755,55821.591343983775,NaN,NaN,NaN,NaN,0
1750315500,55751.4,55753,55718.8,55730.2,55810.0171677719,NaN,NaN,NaN,NaN,0
1750316400,55730,55735,55654,55671.2,55793.77382927144,NaN,55735,NaN,NaN,0
1750317300,55670.2,55714,55636.2,55695,55780.706746193966,NaN,NaN,NaN,NaN,0
1750318200,55688.6,55773.4,55670,55725.4,55771.506532203864,NaN,NaN,NaN,NaN,0
1750319100,55743.2,55744.6,55685,55691,55760.27150063701,NaN,NaN,NaN,NaN,0
1750320000,55691,55728,55671.2,55685.4,55749.60870506215,NaN,NaN,NaN,NaN,0
1750320900,55685.4,55745,55680.2,55745,55745.50172136384,NaN,NaN,NaN,55680.2,0
1750321800,55756,55783.8,55713,55759,55743.664780520485,NaN,NaN,NaN,NaN,0
1750322700,55755,55780,55701.6,55730,55740.16628022564,NaN,NaN,NaN,NaN,0
1750323600,55734.6,55772,55700,55722.6,55736.71932049147,NaN,NaN,NaN,NaN,0
1750324500,55725.8,55755,55721,55739.2,55735.44780749768,NaN,NaN,NaN,NaN,0
1750325400,55741,55741,55660,55669.2,55728.22215333693,NaN,NaN,NaN,NaN,0
1750326300,55665.6,55694.4,55612.8,55614,55716.39394725133,NaN,55694.4,NaN,NaN,0
1750327200,55615,55615,55615,55615,55705.18239019632,NaN,NaN,NaN,NaN,0
1750391100,55680,55875,55651.2,55778.4,55709.446764606044,NaN,NaN,NaN,NaN,0
1750392000,55783,55835,55731,55833,55719.13458298612,55731,NaN,NaN,55731,0
1750392900,55830,55860,55795,55858.2,55731.43867120177,NaN,NaN,NaN,NaN,0
1750393800,55851.4,55871.2,55808,55866,55744.59866301053,NaN,NaN,NaN,NaN,0
1750394700,55866.6,56114.8,55866.6,56080,55777.14668562707,NaN,NaN,NaN,NaN,0
1750395600,56075.6,56221.8,56075.6,56169.6,55817.31448878346,NaN,NaN,NaN,NaN,0
1750396500,56173,56205.8,56100,56115,55851.42531543556,NaN,NaN,56205.8,NaN,0
1750397400,56117.8,56249,56117.8,56242.6,55895.494891565,NaN,NaN,NaN,NaN,0
1750398300,56248.2,56271.2,56207.2,56227.2,55936.05590546184,NaN,NaN,NaN,NaN,0
1750399200,56228,56309,56221,56251,55976.21998560661,NaN,NaN,NaN,NaN,0
1750400100,56245.2,56275,56203.4,56210,56009.68601325907,NaN,NaN,NaN,NaN,0
1750401000,56209.4,56280,56180.6,56280,56046.32356116584,NaN,NaN,NaN,NaN,0
1750401900,56279.8,56279.8,56160,56160,56068.726053883416,NaN,NaN,NaN,NaN,0
1750402800,56163,56220.2,56130,56203.2,56091.834256337985,NaN,NaN,NaN,NaN,0
1750403700,56210,56258.4,56210,56231.2,56114.46467384605,NaN,NaN,NaN,NaN,0
1750404600,56232.4,56265,56204,56250,56135.844830313225,NaN,NaN,NaN,NaN,0
1750405500,56250.2,56325.2,56241.8,56298.8,56158.910258857984,NaN,NaN,NaN,NaN,0
1750406400,56282.6,56310.8,56250.2,56278.8,56177.658310901155,NaN,NaN,NaN,NaN,0
1750407300,56270.2,56300,56250.6,56256.4,56192.00288284654,NaN,NaN,NaN,NaN,0
1750408200,56259.4,56272.4,56230,56246.4,56203.211599794166,NaN,NaN,NaN,NaN,0
1750409100,56253,56277,56185,56186.2,56207.023091700794,NaN,NaN,NaN,NaN,0
1750410000,56185.8,56217,56175,56188,56209.43046964573,NaN,NaN,NaN,NaN,0
1750410900,56198.2,56230,56169,56222,56213.645090366954,NaN,NaN,NaN,NaN,0
1750411800,56219,56329,56218.8,56297,56223.63775308857,NaN,NaN,NaN,NaN,0
1750412700,56297,56340,56261.2,56294.4,56232.60419059483,NaN,NaN,NaN,NaN,0
1750413600,56292.8,56292.8,56292.8,56292.8,56240.67880104033,NaN,NaN,NaN,NaN,0
1750650300,55899.8,56161.6,55897.6,55941.8,56215.985528531535,NaN,56161.6,NaN,NaN,0
1750651200,55940,56001,55902,55910,56187.730521823185,NaN,NaN,NaN,NaN,0
1750652100,55908.8,55923.2,55826.2,55867.4,56155.65708922608,NaN,NaN,NaN,NaN,0
1750653000,55868.8,55882.8,55805,55866.8,56124.193107449704,NaN,NaN,NaN,NaN,0
1750653900,55855,55984.8,55828.6,55943.2,56100.89826778612,NaN,NaN,NaN,NaN,0
1750654800,55939.8,55983.2,55903.2,55948,56079.36521727243,NaN,NaN,NaN,55903.2,0
1750655700,55950,55983.2,55930,55960.2,56060.70529891021,NaN,NaN,NaN,NaN,0
1750656600,55962.6,55977.8,55911.6,55940,56042.276623430436,NaN,NaN,NaN,NaN,0
1750657500,55944.8,55967.8,55900,55945.8,56026.23873919464,NaN,NaN,NaN,NaN,0
1750658400,55945,55976.2,55919.8,55970,56014.45314793187,NaN,NaN,NaN,NaN,0
1750659300,55963,55969.8,55900,55903,55998.437960621566,NaN,NaN,NaN,NaN,0
1750660200,55903,55960,55890,55929.8,55986.70908823908,NaN,NaN,NaN,NaN,0
1750661100,55932,55974,55929.2,55950.6,55978.44782681497,NaN,NaN,NaN,NaN,0
1750662000,55945,55996,55935.2,55985.2,55974.99525837624,NaN,NaN,NaN,NaN,0
1750662900,55984.6,55999,55950,55970.2,55971.374285805075,NaN,NaN,NaN,NaN,0
1750663800,55958,56000,55950.2,55997.4,55971.241141452716,NaN,NaN,NaN,NaN,0
1750664700,56000,56238.6,55990,56215.8,55991.827586940155,55990,NaN,NaN,NaN,0
1750665600,56204.8,56247,56150,56181.8,56009.71222902674,NaN,NaN,NaN,NaN,0
1750666500,56193.6,56206,56166.8,56195.2,56028.84135068582,NaN,NaN,NaN,NaN,0
1750667400,56199.4,56299.6,56170,56193.8,56047.45252739613,NaN,NaN,NaN,NaN,0
1750668300,56192.6,56195,56102,56130,56059.48129108887,NaN,NaN,NaN,NaN,0
1750669200,56117.8,56148.8,56076,56110,56068.74644170072,NaN,NaN,56148.8,NaN,0
1750670100,56101.2,56137,56064.6,56116,56077.42364673551,NaN,NaN,NaN,NaN,0
1750671000,56120,56144,56085,56095.2,56083.00643850672,NaN,NaN,NaN,NaN,0
1750671900,56095,56137,56073.4,56105,56088.283796677766,NaN,NaN,NaN,NaN,0
1750736700,56506.2,56742.2,56405.2,56625.2,56139.996200780726,56405.2,NaN,NaN,NaN,0
1750737600,56614,56667.2,56500,56570.2,56185.43013851784,NaN,NaN,NaN,NaN,0
1750738500,56572.4,56614,56490,56594,56231.64126409955,NaN,NaN,NaN,NaN,0
1750739400,56594.4,56640,56565,56632,56278.95505665579,NaN,NaN,NaN,NaN,0
1750740300,56624,56715,56578.4,56625,56322.84873197732,NaN,NaN,NaN,NaN,0
1750741200,56626.4,56655,56580.4,56612.4,56362.39506792169,NaN,NaN,56655,NaN,0
1750742100,56625,56640,56505,56622,56399.28968680687,NaN,NaN,NaN,NaN,0
1750743000,56622.4,56720,56620,56684.8,56438.368664497,NaN,NaN,NaN,NaN,0
1750743900,56684.8,56810,56645.2,56795.4,56483.9067663442,NaN,NaN,NaN,NaN,0
1750744800,56800.6,56840,56760,56799,56526.08999051281,NaN,NaN,NaN,NaN,0
1750745700,56799,56815,56766,56813.8,56565.810691822284,NaN,NaN,NaN,NaN,0
1750746600,56810,56879.8,56796,56865,56606.3497101642,NaN,NaN,NaN,NaN,0
1750747500,56860.2,56869.4,56689,56794.8,56636.77116462059,NaN,NaN,NaN,NaN,0
1750748400,56800,56809.8,56575,56637.2,56649.06800541867,NaN,NaN,NaN,NaN,0
1750749300,56620,56782.4,56618.8,56723.6,56665.82384713684,NaN,NaN,NaN,NaN,0
1750750200,56730,56730,56630,56640,56671.93662577007,NaN,NaN,NaN,NaN,0
1750751100,56639.8,56670,56516,56539,56666.31442344918,NaN,56670,NaN,NaN,0
1750752000,56539.6,56590,56357,56420,56647.81007774516,NaN,NaN,NaN,NaN,0
1750752900,56418.2,56499,56360,56494,56634.4729813523,NaN,NaN,NaN,NaN,0
1750753800,56490.2,56510,56375,56445,56616.116518678886,NaN,NaN,NaN,NaN,0
1750754700,56438.2,56470,56414.8,56466,56599.60524158197,NaN,NaN,NaN,NaN,0
1750755600,56465,56529,56455,56506.2,56587.194368134406,NaN,NaN,NaN,56455,0
1750756500,56519.6,56529,56443.2,56475,56572.79078654434,NaN,NaN,NaN,NaN,0
1750757400,56474.2,56527.8,56467.8,56475,56559.40458647936,NaN,NaN,NaN,NaN,0
1750758300,56467.2,56525,56467.2,56500,56549.45018555218,NaN,NaN,NaN,NaN,0
1750823100,56600,56643.2,56440,56549.2,56545.2443006014,NaN,NaN,NaN,NaN,0
1750824000,56547.8,56687.8,56541,56648.8,56551.29471325772,NaN,NaN,NaN,NaN,0
1750824900,56662,56670,56569.4,56625,56555.52469761942,NaN,NaN,NaN,NaN,0
1750825800,56624.8,56636.4,56580,56594.8,56557.92485141776,NaN,NaN,NaN,NaN,0
1750826700,56599,56646,56582.4,56615.2,56562.72387292635,NaN,NaN,NaN,NaN,0
1750827600,56615.2,56638.6,56596,56625,56568.702283369894,NaN,NaN,NaN,NaN,0
1750828500,56633,56660,56589.8,56620,56574.34269318003,NaN,NaN,NaN,NaN,0
1750829400,56635,56642.8,56571,56590,56577.1699607595,NaN,NaN,NaN,NaN,0
1750830300,56590,56622.8,56580.4,56621.8,56582.65530165284,NaN,NaN,NaN,NaN,0
1750831200,56612.2,56635,56609.8,56619.4,56587.52511893907,NaN,NaN,NaN,NaN,0
1750832100,56619.4,56625.2,56582,56590,56589.19883876063,NaN,NaN,NaN,NaN,0
1750833000,56590,56590,56540,56566.4,56588.34200973202,NaN,NaN,NaN,NaN,0
1750833900,56568,56610,56547,56588.2,56589.11323009363,NaN,NaN,NaN,NaN,0
1750834800,56595,56635,56580,56615,56591.97916782966,NaN,NaN,NaN,NaN,0
1750835700,56615,56625,56583,56618.6,56595.015023955224,NaN,NaN,NaN,NaN,0
1750836600,56624,56663,56600,56637.8,56599.73917043807,NaN,NaN,NaN,NaN,0
1750837500,56618.2,56656.6,56616.8,56637.4,56604.01771841569,NaN,NaN,NaN,NaN,0
1750838400,56642,56650,56617,56633,56607.71353660645,NaN,NaN,NaN,NaN,0
1750839300,56633,56635.2,56598,56602.2,56608.410481802886,NaN,NaN,NaN,NaN,0
1750840200,56609,56647.6,56577.8,56630,56611.47058641286,NaN,NaN,NaN,NaN,0
1750841100,56643.8,56650,56618,56625.4,56613.70205651074,NaN,NaN,NaN,NaN,0
1750842000,56625.4,56671.4,56604.8,56656.2,56618.52793753749,NaN,NaN,NaN,NaN,0
1750842900,56667.4,56675.8,56630,56634.8,56621.08819506075,NaN,NaN,NaN,NaN,0
1750843800,56630,56665,56602,56618.6,56621.83574708641,NaN,NaN,NaN,NaN,0
1750844700,56619.2,56631.8,56602.4,56609.4,56621.53240214213,NaN,NaN,NaN,NaN,0
1750845600,56611.6,56611.6,56611.6,56611.6,56621.21271261554,NaN,NaN,NaN,NaN,0
1750909500,56655.2,56699,56556.4,56679.8,56626.91329028766,NaN,NaN,NaN,NaN,0
1750910400,56682.6,56789,56676,56724.4,56636.45734261994,56676,NaN,NaN,NaN,0
1750911300,56718,56777.6,56689.4,56760.4,56648.927515738826,NaN,NaN,NaN,NaN,0
1750912200,56769.8,56774,56617,56673.8,56653.184943222004,NaN,NaN,NaN,NaN,0
1750913100,56683.8,56707.2,56603.2,56674,56657.04801864489,NaN,NaN,NaN,NaN,0
1750914000,56672,56722,56629.4,56633,56656.67296677463,NaN,NaN,NaN,NaN,0
1750914900,56633.6,56664.4,56563.4,56584.2,56651.398805116645,NaN,NaN,56664.4,NaN,0
1750915800,56585.4,56626.4,56535,56600,56647.24447508708,NaN,NaN,NaN,NaN,0
1750916700,56605,56622,56561,56605.8,56643.465154549514,NaN,NaN,NaN,NaN,0
1750917600,56600,56690,56600,56642.4,56642.90512432173,NaN,NaN,NaN,NaN,0
1750918500,56658.4,56749,56643.2,56730.6,56650.40321979976,NaN,NaN,NaN,NaN,0
1750919400,56728.4,57109.4,56728.4,57020.8,56684.38955585779,56728.4,NaN,NaN,NaN,0
1750920300,57017.8,57054.8,56950,56982.4,56714.588423604575,NaN,NaN,NaN,NaN,0
1750921200,56979.4,57003,56836.6,56896,56736.09132842935,NaN,NaN,NaN,NaN,0
1750922100,56903,56921.6,56812,56877.8,56754.76939699216,NaN,NaN,NaN,NaN,0
1750923000,56864.6,56942.6,56828.4,56863.4,56770.78149207882,NaN,NaN,NaN,NaN,0
1750923900,56858.4,56985,56858.4,56860.2,56784.98857095039,NaN,NaN,56985,NaN,0
1750924800,56858.4,56954,56836,56950,56805.832832601365,NaN,NaN,NaN,NaN,0
1750925700,56952.6,57049,56950,57033.8,56832.702213370016,NaN,NaN,NaN,NaN,0
1750926600,57033.2,57182.6,57006.8,57170,56870.268361847586,NaN,NaN,NaN,NaN,0
1750927500,57191,57231,57150.4,57179,56906.6137491705,NaN,NaN,NaN,NaN,0
1750928400,57194,57247,57125.2,57194.2,56942.07023022698,57125.2,NaN,NaN,NaN,0
1750929300,57196,57249.6,57101,57232,56978.41981142072,NaN,NaN,NaN,NaN,0
1750930200,57235,57251,57186.2,57206,57009.71907186104,NaN,NaN,NaN,NaN,0
1750931100,57206,57232.8,57190.6,57215.2,57039.03128470968,NaN,NaN,NaN,NaN,0
1750995900,57260,57520.6,57256.4,57330.2,57075.944935702224,NaN,NaN,NaN,NaN,0
1750996800,57323,57411,57301,57308,57107.87236140364,NaN,NaN,57411,NaN,0
1750997700,57305.2,57348,57269.6,57294.8,57135.493743008745,NaN,NaN,NaN,NaN,0
1750998600,57285,57395,57278.4,57395,57169.226146438086,NaN,NaN,NaN,NaN,0
1750999500,57390.2,57440,57382,57388,57199.33961709119,NaN,NaN,NaN,NaN,0
1751000400,57394,57483,57394,57479.8,57235.00945491312,NaN,NaN,NaN,NaN,0
1751001300,57476,57564,57471.2,57523.4,57271.70278971127,NaN,NaN,NaN,NaN,0
1751002200,57525,57553.6,57475.6,57546.8,57307.5778952946,NaN,NaN,NaN,NaN,0
1751003100,57535,57550,57500.2,57518,57337.8229632557,NaN,NaN,NaN,NaN,0
1751004000,57519.4,57561,57504.6,57530.2,57366.08828192086,NaN,NaN,NaN,NaN,0
1751004900,57538.8,57599.6,57530,57575.8,57395.50424330203,NaN,NaN,NaN,NaN,0
1751005800,57581.4,57615,57581.2,57599.2,57424.08142421311,NaN,NaN,NaN,NaN,0
1751006700,57600,57638.6,57562.2,57588.6,57448.72937516765,NaN,NaN,NaN,NaN,0
1751007600,57600,57640,57582.8,57609,57472.13977220793,NaN,NaN,NaN,NaN,0
1751008500,57622.4,57648,57596,57628.4,57494.819964871735,NaN,NaN,NaN,NaN,0
1751009400,57615.4,57641.2,57579,57598.2,57512.39582799422,NaN,NaN,NaN,NaN,0
1751010300,57608,57609.2,57563,57602.8,57528.071211849274,NaN,NaN,NaN,NaN,0
1751011200,57601.6,57644,57593.6,57622,57543.35151316911,NaN,NaN,NaN,NaN,0
1751012100,57624.4,57625,57587.2,57625,57556.92326428242,NaN,NaN,NaN,NaN,0
1751013000,57614.2,57628.2,57585.2,57607,57566.929201543564,NaN,NaN,NaN,NaN,0
1751013900,57607,57607,57537,57570,57571.8545556185,NaN,NaN,NaN,NaN,0
1751014800,57563.6,57633,57545.4,57632.8,57580.97347161474,NaN,NaN,NaN,NaN,0
1751015700,57630,57635.8,57600.4,57631,57588.77550915525,NaN,NaN,NaN,NaN,0
1751016600,57625,57668.6,57613.4,57655.8,57597.804093321094,NaN,NaN,NaN,NaN,0
1751017500,57653,57660,57624.6,57637,57604.15614104486,NaN,NaN,NaN,NaN,0
1751255100,57636,57849.8,57620.2,57686.8,57614.256772316105,NaN,NaN,NaN,NaN,0
1751256000,57680,57727.2,57635,57705,57625.22302510003,NaN,NaN,NaN,NaN,0
1751256900,57699.8,57699.8,57625,57640,57629.33771758668,NaN,NaN,NaN,NaN,0
1751257800,57640,57745,57605,57701,57638.31953131856,NaN,NaN,NaN,NaN,0
1751258700,57701,57745,57650.2,57662.8,57643.134649242376,NaN,NaN,NaN,NaN,0
1751259600,57659.2,57712.8,57640,57663.2,57647.177649422505,NaN,NaN,NaN,NaN,0
1751260500,57646,57681.4,57601,57655.6,57649.93157652397,NaN,NaN,NaN,NaN,0
1751261400,57655.8,57695,57640,57650,57651.51204910259,NaN,NaN,NaN,NaN,0
1751262300,57660,57685,57629.4,57660,57653.49732632618,NaN,NaN,NaN,NaN,0
1751263200,57660,57700,57660,57690,57657.81198209863,NaN,NaN,NaN,NaN,0
1751264100,57685.6,57720,57680.4,57709.8,57663.62976738033,NaN,NaN,NaN,NaN,0
1751265000,57710,57775,57696,57765.4,57674.15155174978,57696,NaN,NaN,NaN,0
1751265900,57765.4,57780,57736.2,57736.2,57681.551047345616,NaN,NaN,NaN,NaN,0
1751266800,57730,57748,57700,57701.6,57685.30371884783,NaN,NaN,NaN,NaN,0
1751267700,57700.4,57725,57651,57651,57683.9785345552,NaN,NaN,NaN,NaN,0
1751268600,57652,57670,57601,57649.6,57682.06979303139,NaN,NaN,NaN,NaN,0
1751269500,57641.4,57680,57617.2,57650,57679.844063798715,NaN,NaN,57680,NaN,0
1751270400,57650,57669.4,57614.2,57633,57675.87990396147,NaN,NaN,NaN,NaN,0
1751271300,57616.6,57634,57522.2,57570,57666.039249470436,NaN,57634,NaN,NaN,0
1751272200,57571,57571,57480,57530.4,57652.597554534455,NaN,NaN,NaN,NaN,0
1751273100,57530.6,57551.2,57493.2,57510.8,57637.61973243819,NaN,NaN,NaN,NaN,0
1751274000,57512.6,57524.6,57468.2,57524.4,57624.39203073782,NaN,NaN,NaN,NaN,0
1751274900,57525,57606.2,57525,57583.2,57617.25690290976,NaN,NaN,NaN,NaN,0
1751275800,57571,57603,57555,57570,57609.627899654515,NaN,NaN,NaN,57555,0
1751276700,57575.6,57593,57510,57521,57598.37773532528,NaN,NaN,NaN,NaN,0
1751341500,57625,57625,57500.2,57565,57591.995045127056,NaN,NaN,NaN,NaN,0
1751342400,57565,57575,57501.4,57505.8,57581.143500629856,NaN,NaN,NaN,NaN,0
1751343300,57505.8,57550,57484.6,57524.6,57572.8386320197,NaN,NaN,NaN,NaN,0
1751344200,57523,57529.2,57430.2,57434.8,57557.23134856955,NaN,57529.2,NaN,NaN,0
1751345100,57440,57480,57415,57480,57546.76695701187,NaN,NaN,NaN,NaN,0
1751346000,57474.8,57490,57433,57444.2,57533.928344904605,NaN,NaN,NaN,NaN,0
1751346900,57440,57468.8,57407.2,57410.2,57519.039844576204,NaN,NaN,NaN,NaN,0
1751347800,57407.2,57450,57380,57436,57507.544487842955,NaN,NaN,NaN,NaN,0
1751348700,57444.8,57465,57424,57455,57498.86946520203,NaN,NaN,NaN,57424,0
1751349600,57463.6,57481,57440.8,57479.8,57493.52316003473,NaN,NaN,NaN,NaN,0
1751350500,57478,57520,57477.2,57512.4,57492.129601688044,NaN,NaN,NaN,NaN,0
1751351400,57500,57552,57488.2,57540,57494.08839780267,NaN,NaN,NaN,NaN,0
1751352300,57545,57590.2,57533,57579,57500.28510163233,NaN,NaN,NaN,NaN,0
1751353200,57590,57620,57565.2,57582,57507.17530483899,NaN,NaN,NaN,NaN,0
1751354100,57581.2,57662.4,57567,57652,57520.74541254752,57567,NaN,NaN,NaN,0
1751355000,57649.4,57710,57645.6,57692.2,57538.00209177397,NaN,NaN,NaN,NaN,0
1751355900,57695,57700,57650,57652.6,57551.36205301158,NaN,NaN,NaN,NaN,0
1751356800,57661,57721,57661,57690,57567.50023344624,NaN,NaN,NaN,NaN,0
1751357700,57680.8,57700,57652,57700,57583.70106130707,NaN,NaN,NaN,NaN,0
1751358600,57700,57737.6,57690.8,57736.2,57602.18186255608,NaN,NaN,57737.6,NaN,0
1751359500,57745,57750,57702.4,57715,57617.59198282376,NaN,NaN,NaN,NaN,0
1751360400,57710.4,57715,57660.8,57670.2,57627.611201098895,NaN,NaN,NaN,NaN,0
1751361300,57670.2,57695,57651,57689,57637.984696055566,NaN,NaN,NaN,NaN,0
1751362200,57692.8,57696.4,57665,57680,57646.179236352575,NaN,NaN,NaN,NaN,0
1751363100,57685,57710,57668.8,57687,57653.67873154268,NaN,NaN,NaN,NaN,0
1751364000,57700,57700,57700,57700,57661.23817395743,NaN,NaN,NaN,NaN,0
1751427900,57706.6,57760.8,57601,57610,57659.608073789845,NaN,NaN,NaN,NaN,0
1751428800,57611,57619.8,57510.6,57525,57649.281330145095,NaN,57619.8,NaN,NaN,0
1751429700,57512.6,57560,57500,57520.2,57638.00111531338,NaN,NaN,NaN,NaN,0
1751430600,57524.8,57532.4,57472,57509.4,57625.444566726066,NaN,NaN,NaN,NaN,0
1751431500,57519.4,57544.2,57450,57529.8,57614.917071955424,NaN,NaN,NaN,NaN,0
1751432400,57529.8,57529.8,57456,57492.4,57601.22825369518,NaN,NaN,NaN,NaN,0
1751433300,57489.8,57511.6,57470,57484.2,57587.39134750505,NaN,NaN,NaN,57470,0
1751434200,57485,57501.2,57420,57460,57572.148928277966,NaN,NaN,NaN,NaN,0
1751435100,57450.8,57499,57412.2,57472,57558.90098225257,NaN,NaN,NaN,NaN,0
1751436000,57488,57488,57425,57470,57546.5235470012,NaN,NaN,NaN,NaN,0
1751436900,57451.8,57482,57450,57465.6,57534.87094034914,NaN,NaN,NaN,NaN,0
1751437800,57463.6,57465,57424,57435.6,57521.63732303644,NaN,NaN,NaN,NaN,0
1751438700,57433.2,57464.8,57417.6,57461.2,57511.92120426828,NaN,NaN,NaN,NaN,0
1751439600,57459.8,57473.4,57405,57424.8,57500.04465532653,NaN,NaN,NaN,NaN,0
1751440500,57417,57432.8,57355.8,57371,57484.4374309637,NaN,57432.8,NaN,NaN,0
1751441400,57370.6,57434.8,57361,57361,57469.01370407276,NaN,NaN,NaN,NaN,0
1751442300,57360,57375.4,57225,57230.4,57442.86314382408,NaN,NaN,NaN,NaN,0
1751443200,57220.2,57271.6,57188.2,57193,57414.7005641163,NaN,NaN,NaN,NaN,0
1751444100,57192.8,57248,57175,57238,57392.13471671059,NaN,NaN,NaN,NaN,0
1751445000,57240,57256.6,57191.4,57236.2,57371.1078895428,NaN,NaN,NaN,57191.4,0
1751445900,57225,57245,57200.2,57218.6,57350.24052824758,NaN,NaN,NaN,NaN,0
1751446800,57223,57245,57185,57200.6,57329.635888510165,NaN,NaN,NaN,NaN,0
1751447700,57198.6,57294,57192.6,57294,57319.510968561655,NaN,NaN,NaN,NaN,0
1751448600,57290.6,57378.8,57290.6,57308,57312.475088610154,NaN,NaN,NaN,NaN,0
1751449500,57310,57314.6,57245,57250,57301.83057358441,NaN,NaN,NaN,NaN,0
1751450400,57245,57245,57245,57245,57292.21889189519,NaN,NaN,NaN,NaN,0
1751514300,57250,57384,57175,57180,57278.025262120245,NaN,NaN,NaN,NaN,0
1751515200,57186,57348.4,57186,57299.8,57276.13411909324,NaN,NaN,NaN,NaN,0
1751516100,57301.4,57435.2,57300.2,57435.2,57287.79939011764,57300.2,NaN,NaN,NaN,0
1751517000,57443,57455,57378,57398.4,57296.88758781153,NaN,NaN,NaN,NaN,0
1751517900,57399.8,57430,57384.2,57408,57307.275311540216,NaN,NaN,NaN,NaN,0
1751518800,57419.8,57441,57356,57369.2,57314.19649081033,NaN,NaN,NaN,NaN,0
1751519700,57369,57387.8,57320,57320,57316.529501389094,NaN,NaN,NaN,NaN,0
1751520600,57330,57413.8,57323.8,57358.4,57322.07212908044,NaN,NaN,57413.8,NaN,0
1751521500,57360,57424.8,57350,57350,57326.48684797594,NaN,NaN,NaN,NaN,0
1751522400,57350,57377.4,57280,57286,57324.58483995674,NaN,NaN,NaN,NaN,0
1751523300,57286,57300,57243,57267,57320.50986461518,NaN,NaN,NaN,NaN,0
1751524200,57270.2,57289.6,57244.2,57260,57315.462869464776,NaN,NaN,NaN,NaN,0
1751525100,57260,57293.6,57221,57291.8,57313.14879197728,NaN,NaN,NaN,NaN,0
1751526000,57291.6,57312,57254.2,57290,57310.54809799081,NaN,NaN,NaN,NaN,0
1751526900,57290,57309.8,57266,57266,57305.81351681388,NaN,NaN,NaN,NaN,0
1751527800,57269.8,57278.2,57240.8,57256.2,57300.34732161459,NaN,NaN,NaN,NaN,0
1751528700,57255,57255.4,57202,57245.4,57294.093551940256,NaN,NaN,NaN,NaN,0
1751529600,57245,57373.8,57223.2,57355,57298.27650045949,NaN,NaN,NaN,NaN,0
1751530500,57368.6,57373.4,57215.6,57230.6,57291.416659440394,NaN,NaN,NaN,NaN,0
1751531400,57231.6,57250,57215,57216,57283.41821004856,NaN,NaN,NaN,NaN,0
1751532300,57212.6,57246.6,57156,57184.8,57272.92595140585,NaN,57246.6,NaN,NaN,0
1751533200,57171,57184.6,57105,57150,57259.73113700927,NaN,NaN,NaN,NaN,0
1751534100,57134.2,57179.8,57110,57115,57243.94003302931,NaN,NaN,NaN,NaN,0
1751535000,57118.8,57160,57108,57127.6,57229.907297146296,NaN,NaN,NaN,NaN,0
1751535900,57140.2,57149,57093,57111,57215.240420683636,NaN,NaN,NaN,NaN,0
1751600700,57088.8,57182.2,57060,57145.6,57204.81198099486,NaN,NaN,NaN,57060,0
1751601600,57135,57140,56960.4,57010.8,57183.15911520623,NaN,NaN,NaN,NaN,0
1751602500,57016.6,57058.4,56983.6,57058.4,57167.0899998807,NaN,NaN,NaN,NaN,0
1751603400,57052,57086,57020,57061.8,57152.458791013734,NaN,NaN,NaN,NaN,0
1751604300,57058.2,57128,57053,57100.2,57142.52857988239,NaN,NaN,NaN,NaN,0
1751605200,57108,57148,57100,57133,57137.02173270979,NaN,NaN,NaN,NaN,0
1751606100,57132,57150,57100,57143,57133.68494623336,NaN,NaN,NaN,NaN,0
1751607000,57155.2,57171.4,57121,57135,57130.7821483607,NaN,NaN,NaN,NaN,0
1751607900,57132.4,57143.6,57044,57070,57122.947189223385,NaN,NaN,NaN,NaN,0
1751608800,57067,57076.6,56960,56981,57107.75095487359,NaN,57076.6,NaN,NaN,0
1751609700,56980,56980,56910,56947,57090.27294578639,NaN,NaN,NaN,NaN,0
1751610600,56948.6,56970,56916.6,56950,57074.036507047065,NaN,NaN,NaN,NaN,0
1751611500,56939.2,56966.4,56923,56934.2,57057.35593264296,NaN,NaN,NaN,NaN,0
1751612400,56932.8,56985,56932.8,56964.4,57044.50711726666,NaN,NaN,NaN,NaN,0
1751613300,56959.2,56991.6,56950,56967.6,57033.05019705579,NaN,NaN,NaN,56950,0
1751614200,56960,57026,56949.2,57026,57028.09099023059,NaN,NaN,NaN,NaN,0
1751615100,57027,57039,57000.4,57020.2,57023.752719538716,NaN,NaN,NaN,NaN,0
1751616000,57025,57050,57017.8,57017.8,57020.21062294629,NaN,NaN,NaN,NaN,0
1751616900,57017.8,57100,57000,57099.6,57025.020527872315,NaN,NaN,NaN,NaN,0
1751617800,57100,57130,57049,57129.6,57033.12274659106,57049,NaN,NaN,NaN,0
1751618700,57119.8,57130,57056.6,57091,57038.318876432706,NaN,NaN,NaN,NaN,0
1751619600,57083.8,57300,57083.8,57299,57062.67569563101,NaN,NaN,NaN,NaN,0
1751620500,57300,57340,57250.2,57291.4,57086.21711425262,NaN,NaN,NaN,NaN,0
1751621400,57283,57305,57268,57291,57109.15858235241,NaN,NaN,NaN,NaN,0
1751622300,57299.8,57320,57258,57315,57133.342453359684,NaN,NaN,57320,NaN,0
1751623200,57305.2,57305.2,57305.2,57305.2,57155.2989151312,NaN,NaN,NaN,NaN,0
1751859900,57270,57280,57128,57190.8,57165.27805101342,NaN,NaN,NaN,NaN,0
1751860800,57190,57297.6,57190,57215,57175.76239327317,NaN,NaN,NaN,NaN,0
1751861700,57205,57239.2,57146.6,57206.2,57184.010944035464,NaN,NaN,NaN,NaN,0
1751862600,57197,57204.2,57105.8,57165.4,57186.937244640794,NaN,NaN,NaN,NaN,0
1751863500,57172.2,57216.2,57151.6,57151.6,57187.248965781524,NaN,NaN,NaN,NaN,0
1751864400,57157,57202,57150,57190,57189.90057823853,NaN,NaN,NaN,NaN,0
1751865300,57201,57375,57189.4,57360,57207.13396301221,NaN,NaN,NaN,NaN,0
1751866200,57369.4,57419.2,57244.2,57260,57214.435191521356,57244.2,NaN,NaN,NaN,0
1751867100,57254,57292,57210.6,57213.4,57216.70269406814,NaN,NaN,NaN,NaN,0
1751868000,57213.4,57259,57200,57256.6,57222.29228371759,NaN,NaN,NaN,NaN,0
1751868900,57240,57240,57183,57223,57224.30683209214,NaN,NaN,NaN,NaN,0
1751869800,57205,57218,57152,57160,57220.054373913255,NaN,NaN,NaN,NaN,0
1751870700,57152,57195,57118,57190,57218.10462778688,NaN,NaN,57195,NaN,0
1751871600,57189.8,57214,57185,57195,57216.359957080385,NaN,NaN,NaN,NaN,0
1751872500,57195,57195,57079,57083.8,57204.280916990174,NaN,57195,NaN,NaN,0
1751873400,57088.8,57218.8,57063.6,57186.8,57201.614865322925,NaN,NaN,NaN,NaN,0
1751874300,57186.8,57192.4,57155,57169.8,57197.51041311263,NaN,NaN,NaN,NaN,0
1751875200,57168.4,57185,57145,57169.8,57193.68339789258,NaN,NaN,NaN,NaN,0
1751876100,57169.2,57201.2,57122.4,57185,57191.5685915905,NaN,NaN,NaN,NaN,0
1751877000,57190,57269,57175.2,57212.8,57192.23190765654,NaN,NaN,NaN,57175.2,0
1751877900,57207.8,57235,57187.4,57209,57192.8503338721,NaN,NaN,NaN,NaN,0
1751878800,57207.6,57222.8,57136.4,57153.4,57188.73002052616,NaN,NaN,NaN,NaN,0
1751879700,57149.4,57193.4,57137.6,57178.6,57186.89302327327,NaN,NaN,NaN,NaN,0
1751880600,57178,57223.2,57178,57205,57187.76291440034,NaN,NaN,NaN,NaN,0
1751881500,57205.2,57210,57167.8,57171,57185.76286657677,NaN,NaN,NaN,NaN,0
1751946300,57290,57380,57149.2,57299,57195.58476517294,57149.2,NaN,NaN,NaN,0
1751947200,57298.4,57404.8,57298.4,57402.2,57214.905778761124,NaN,NaN,NaN,NaN,0
1751948100,57403.8,57475,57331,57340,57228.50609046843,NaN,NaN,NaN,NaN,0
1751949000,57331,57365,57300,57358.8,57243.296579040565,NaN,NaN,NaN,NaN,0
1751949900,57351.6,57414.8,57344.8,57408.6,57261.949447306506,NaN,NaN,NaN,NaN,0
1751950800,57409.2,57430,57370,57414.4,57280.277182075704,NaN,NaN,57430,NaN,0
1751951700,57415,57423.2,57302,57378.8,57294.25475073546,NaN,NaN,NaN,NaN,0
1751952600,57374,57374,57305.6,57315,57301.11139374975,NaN,NaN,NaN,NaN,0
1751953500,57320,57368.6,57280,57368.6,57311.39026833684,NaN,NaN,NaN,NaN,0
1751954400,57369,57384.8,57314,57330,57317.105241919635,NaN,NaN,NaN,NaN,0
1751955300,57325,57347,57310,57332,57321.9214873582,NaN,NaN,NaN,NaN,0
1751956200,57336,57384,57322.8,57322.8,57324.81114665592,NaN,NaN,NaN,NaN,0
1751957100,57328,57375,57321.8,57356.4,57329.92416446198,NaN,NaN,NaN,NaN,0
1751958000,57365.8,57420,57325.2,57364.8,57335.116273442894,NaN,NaN,NaN,NaN,0
1751958900,57360.2,57365,57331.2,57334.4,57336.813950793505,NaN,NaN,NaN,NaN,0
1751959800,57334.4,57392.8,57310,57382,57342.27663791959,NaN,NaN,NaN,NaN,0
1751960700,57383,57394,57340.2,57364.8,57345.8245890953,NaN,NaN,NaN,NaN,0
1751961600,57370.4,57380.8,57348.4,57368,57349.07333046988,NaN,NaN,NaN,NaN,0
1751962500,57372.6,57387.8,57350.2,57378.6,57352.930629950904,NaN,NaN,NaN,NaN,0
1751963400,57357.6,57373.8,57326,57337.4,57352.679186794536,NaN,NaN,NaN,NaN,0
1751964300,57337.2,57355.4,57314.8,57341,57352.43318226026,NaN,NaN,NaN,NaN,0
1751965200,57330,57375,57328,57336.6,57351.52157388741,NaN,NaN,NaN,NaN,0
1751966100,57336.6,57400,57328,57390.2,57355.34321506048,NaN,NaN,NaN,NaN,0
1751967000,57396,57489.4,57386.6,57456,57365.09471870534,57386.6,NaN,NaN,NaN,0
1751967900,57465,57475,57430.4,57445.2,57373.608849271324,NaN,NaN,NaN,NaN,0
1751968800,57459.8,57459.8,57459.8,57459.8,57383.103471165254,NaN,NaN,NaN,NaN,0
1752032700,57390.8,57465.2,57250,57285.6,57376.34507366353,NaN,NaN,NaN,NaN,0
1752033600,57295.8,57325.6,57262,57285.2,57368.9949271793,NaN,NaN,NaN,NaN,0
1752034500,57275.2,57378,57260,57366,57368.683966933124,NaN,NaN,57378,NaN,0
1752035400,57365.8,57398,57325.6,57398,57371.29532130731,NaN,NaN,NaN,NaN,0
1752036300,57397.8,57420,57355,57356.6,57370.03198078391,NaN,NaN,NaN,NaN,0
1752037200,57356.6,57391.4,57340,57384,57371.15422256607,NaN,NaN,NaN,NaN,0
1752038100,57380.2,57401,57355.2,57384,57372.256346152666,NaN,NaN,NaN,NaN,0
1752039000,57383.8,57405,57360,57405,57375.30285089116,NaN,NaN,NaN,NaN,0
1752039900,57405,57426,57385,57413,57379.11141638162,NaN,NaN,NaN,NaN,0
1752040800,57415.8,57429.4,57390,57405.2,57382.03635247867,NaN,NaN,NaN,NaN,0
1752041700,57400,57405.8,57330,57374.2,57382.05249204041,NaN,NaN,NaN,NaN,0
1752042600,57370,57405,57344.4,57405,57384.72320658726,NaN,NaN,NaN,NaN,0
1752043500,57399.2,57445,57395,57424.2,57389.00175990307,NaN,NaN,NaN,NaN,0
1752044400,57436,57451,57416.2,57419.4,57392.61029097471,NaN,NaN,NaN,NaN,0
1752045300,57412.2,57451,57375.2,57435.2,57397.42997053085,NaN,NaN,NaN,NaN,0
1752046200,57448,57465,57400.2,57457,57404.01891522202,NaN,NaN,NaN,NaN,0
1752047100,57465,57499,57438.2,57469.8,57411.395109181845,NaN,NaN,NaN,NaN,0
1752048000,57460,57480.2,57431.2,57440,57415.69932850166,NaN,NaN,NaN,NaN,0
1752048900,57435,57449.8,57411.6,57448.8,57420.37594716779,NaN,NaN,NaN,NaN,0
1752049800,57440.2,57453.4,57400,57418.4,57421.82814638454,NaN,NaN,NaN,NaN,0
1752050700,57419.4,57430,57401,57405.2,57421.70572221223,NaN,NaN,NaN,NaN,0
1752051600,57402,57424.8,57382,57400.2,57420.746231780955,NaN,NaN,NaN,NaN,0
1752052500,57409.8,57410,57346,57361,57415.921098043946,NaN,NaN,NaN,NaN,0
1752053400,57363.2,57415,57363.2,57401,57414.49016066904,NaN,NaN,NaN,NaN,0
1752054300,57401,57401,57364.2,57370.8,57410.15846096353,NaN,NaN,NaN,NaN,0
1752119100,57379.8,57488.6,57378,57419.4,57410.30950230019,NaN,NaN,NaN,NaN,0
1752120000,57420.8,57426,57320,57350,57404.20630909086,NaN,NaN,NaN,NaN,0
1752120900,57350,57415,57324,57360.2,57399.40214028239,NaN,NaN,NaN,NaN,0
1752121800,57362.6,57390,57305.6,57334,57392.400702088366,NaN,NaN,NaN,NaN,0
1752122700,57335.4,57414.8,57284,57411.2,57392.61892995227,NaN,NaN,NaN,NaN,0
1752123600,57408,57415.6,57375.2,57395.4,57391.69286435231,NaN,NaN,NaN,NaN,0
1752124500,57382,57400,57320,57334.8,57385.60423205046,NaN,NaN,NaN,NaN,0
1752125400,57334.8,57345,57276,57328,57379.16952989972,NaN,NaN,NaN,NaN,0
1752126300,57341.4,57345,57240,57260.6,57366.95266639517,NaN,57345,NaN,NaN,0
1752127200,57267.4,57276,57230.4,57234,57352.73630962181,NaN,NaN,NaN,NaN,0
1752128100,57231.2,57280,57221,57221,57337.92433270273,NaN,NaN,NaN,NaN,0
1752129000,57221,57222,57162.2,57218,57323.59999228031,NaN,NaN,NaN,NaN,0
1752129900,57200,57292.2,57171.6,57282,57316.03414461736,NaN,NaN,NaN,NaN,0
1752130800,57282.2,57338.2,57252,57255,57306.90688462546,NaN,NaN,NaN,57252,0
1752131700,57255,57286.8,57230,57267.6,57299.857849421634,NaN,NaN,NaN,NaN,0
1752132600,57272.2,57272.2,57204,57222,57289.60109950743,NaN,NaN,NaN,NaN,0
1752133500,57228.6,57274.6,57213.6,57263.4,57284.02586738217,NaN,NaN,NaN,NaN,0
1752134400,57265,57268,57161.4,57180.2,57271.73451099906,NaN,NaN,NaN,NaN,0
1752135300,57180,57213.6,57150,57213.6,57263.354235737024,NaN,NaN,NaN,NaN,0
1752136200,57200,57320,57187.8,57250,57259.2144908399,NaN,NaN,NaN,NaN,0
1752137100,57255,57289.8,57235.2,57284.6,57259.03315828309,NaN,NaN,NaN,NaN,0
1752138000,57284.8,57284.8,57243.6,57244.4,57255.92204162429,NaN,NaN,NaN,NaN,0
1752138900,57248.6,57255,57201.6,57201.6,57249.49666191532,NaN,NaN,NaN,NaN,0
1752139800,57200,57224.8,57166,57180,57241.62189283599,NaN,NaN,NaN,NaN,0
1752140700,57175,57204.8,57142.2,57159.8,57232.46219856404,NaN,NaN,NaN,NaN,0
1752141600,57159.8,57159.8,57159.8,57159.8,57223.77865448348,NaN,NaN,NaN,NaN,0
1752205500,57075,57225,57050,57208.6,57220.16101023343,NaN,57225,NaN,NaN,0
1752206400,57208.2,57210,57155,57170,57213.5340152151,NaN,NaN,NaN,NaN,0
1752207300,57169.6,57169.6,57100,57100,57201.17994596561,NaN,NaN,NaN,NaN,0
1752208200,57100,57108,56982.2,57004.4,57180.699502388765,NaN,NaN,NaN,NaN,0
1752209100,57000,57000,56924.8,56936.4,57154.81912662977,NaN,NaN,NaN,NaN,0
1752210000,56948.2,56948.2,56884.8,56901.6,57126.687782459456,NaN,NaN,NaN,56884.8,0
1752210900,56900,56937.4,56864.2,56875.4,57097.52320411293,NaN,NaN,NaN,NaN,0
1752211800,56880,56922.4,56833,56890,57071.38564613899,NaN,NaN,NaN,NaN,0
1752212700,56861.6,56893.8,56849,56873.4,57045.58724769973,NaN,NaN,NaN,NaN,0
1752213600,56870.6,56917.2,56868.6,56885,57022.9505456607,NaN,NaN,NaN,NaN,0
1752214500,56885,56915,56860,56860,57000.18179664363,NaN,NaN,NaN,NaN,0
1752215400,56860,56870.2,56814,56864.8,56980.03117940667,NaN,NaN,NaN,NaN,0
1752216300,56865,56908.8,56844.2,56881.2,56963.54957727627,NaN,NaN,NaN,NaN,0
1752217200,56881.2,57021.8,56881,56988,56958.83435250907,NaN,NaN,NaN,NaN,0
1752218100,56988,56998,56930,56950,56952.61819961407,NaN,NaN,NaN,NaN,0
1752219000,56950,56974.8,56898.4,56910,56944.3857828244,NaN,NaN,NaN,NaN,0
1752219900,56923.6,56925,56889,56890.6,56935.86011394089,NaN,NaN,NaN,NaN,0
1752220800,56893.2,56918.4,56870,56890,56928.44825213693,NaN,NaN,NaN,NaN,0
1752221700,56876.4,56971.8,56870.2,56971.8,56929.66857636104,NaN,NaN,NaN,NaN,0
1752222600,56964,56980,56911,56947,56929.429534461575,NaN,NaN,NaN,NaN,0
1752223500,56941.4,56968,56900.6,56911.8,56926.56774229375,NaN,NaN,NaN,NaN,0
1752224400,56906.8,56959.8,56904.8,56946.6,56927.32232437783,NaN,NaN,NaN,NaN,0
1752225300,56953.4,56982,56925,56972,56930.806505983615,NaN,NaN,NaN,NaN,0
1752226200,56979.4,56988,56925,56927.6,56930.497454056116,NaN,NaN,NaN,NaN,0
1752227100,56935,56939.8,56890,56890,56926.86807660086,NaN,NaN,NaN,NaN,0
1752228000,56890,56890,56890,56890,56923.31409029374,NaN,NaN,NaN,NaN,0
1752464700,56888,56937,56769.2,56882.4,56919.13293731925,NaN,NaN,NaN,NaN,0
1752465600,56877,56990,56825.6,56980.6,56923.94935059662,NaN,NaN,NaN,NaN,0
1752466500,56994.8,57056,56969.6,57050,56935.23710683371,56969.6,NaN,NaN,NaN,0
1752467400,57050,57075,56951,57029.2,56944.65925582187,NaN,NaN,NaN,NaN,0
1752468300,57032.2,57065,57003.8,57020.4,56953.15715319955,NaN,NaN,NaN,NaN,0
1752469200,57015.2,57020,56925,56964,56956.20450080061,NaN,NaN,NaN,NaN,0
1752470100,56962,56965.6,56892.4,56895.2,56952.55534793251,NaN,NaN,NaN,NaN,0
1752471000,56895.2,56918.8,56850,56867.2,56945.96553833895,NaN,NaN,56918.8,NaN,0
1752471900,56861.2,56879.8,56803,56830,56935.67904968793,NaN,NaN,NaN,NaN,0
1752472800,56830,56860,56789,56818,56924.228846368285,NaN,NaN,NaN,NaN,0
1752473700,56814.6,56844.8,56805,56819.8,56913.053812370854,NaN,NaN,NaN,NaN,0
1752474600,56818,56870,56810.2,56856,56905.54857863324,NaN,NaN,NaN,NaN,0
1752475500,56854.6,56895.2,56837,56861,56898.97822981691,NaN,NaN,NaN,NaN,0
1752476400,56868.4,56899.6,56847.2,56899.6,56896.48495318177,NaN,NaN,NaN,NaN,0
1752477300,56899.6,56910,56863.2,56885.2,56893.15427140501,NaN,NaN,NaN,NaN,0
1752478200,56885.2,56919,56820,56835,56885.90562139227,NaN,NaN,NaN,NaN,0
1752479100,56835,56915.2,56835,56914.8,56886.575053718865,NaN,NaN,NaN,NaN,0
1752480000,56915,56916,56845,56852.6,56882.13279464987,NaN,NaN,NaN,NaN,0
1752480900,56852,56869.4,56808,56835,56876.5482778197,NaN,NaN,NaN,NaN,0
1752481800,56828,56857,56802,56855,56873.13075690231,NaN,NaN,NaN,NaN,0
1752482700,56856.4,56876.6,56843.2,56855.2,56870.206563467,NaN,NaN,NaN,NaN,0
1752483600,56859.8,56887.6,56827.4,56887.6,56870.67483543721,NaN,NaN,NaN,NaN,0
1752484500,56887.4,57011,56871.8,57005,56882.12627666463,56871.8,NaN,NaN,NaN,0
1752485400,57008.6,57027,56951.8,56990,56892.34540599892,NaN,NaN,NaN,NaN,0
1752486300,56990.6,57029.4,56963.6,57001,56903.5665588751,NaN,NaN,NaN,NaN,0
1752551100,56999.8,57160.4,56999.8,57041.6,56918.26020638643,NaN,NaN,NaN,NaN,0
1752552000,57046.6,57088.8,57010,57032.6,56931.63362180245,NaN,NaN,NaN,NaN,0
1752552900,57029.4,57134.8,57012.4,57115,56951.83127331499,NaN,NaN,57134.8,NaN,0
1752553800,57120,57240,57120,57230.4,56981.51926178978,NaN,NaN,NaN,NaN,0
1752554700,57231.2,57252.4,57180,57226,57009.53321811097,NaN,NaN,NaN,NaN,0
1752555600,57225.8,57277.2,57211,57274.8,57040.52222816532,NaN,NaN,NaN,NaN,0
1752556500,57275,57329.8,57248.6,57295.2,57071.57614558893,NaN,NaN,NaN,NaN,0
1752557400,57296.8,57339.8,57266,57274,57098.685361836804,NaN,NaN,NaN,NaN,0
1752558300,57279.8,57292.6,57251.2,57255,57121.858109384804,NaN,NaN,NaN,NaN,0
1752559200,57245.4,57310,57245,57263.4,57143.44254739568,NaN,NaN,NaN,NaN,0
1752560100,57275,57276.2,57225,57240.4,57160.58311290547,NaN,NaN,NaN,NaN,0
1752561000,57240.6,57264.4,57216,57255.6,57176.800152230564,NaN,NaN,NaN,NaN,0
1752561900,57242.4,57266.8,57205.2,57257.6,57191.0065326972,NaN,NaN,NaN,NaN,0
1752562800,57265,57300,57259.6,57289.8,57206.07557576739,NaN,NaN,NaN,NaN,0
1752563700,57289.8,57310,57258,57258.2,57216.399635123445,NaN,NaN,NaN,NaN,0
1752564600,57257.8,57269.8,57230,57235,57222.876445210386,NaN,NaN,NaN,NaN,0
1752565500,57233.2,57242.4,57165,57182.4,57223.1169302914,NaN,NaN,NaN,NaN,0
1752566400,57168.4,57190.4,57126,57145,57218.810386862104,NaN,NaN,NaN,NaN,0
1752567300,57143.6,57218,57141,57199,57218.43038274078,NaN,NaN,NaN,NaN,0
1752568200,57195,57195,57126.6,57174.2,57215.269730702414,NaN,NaN,NaN,NaN,0
1752569100,57172.6,57187.8,57152,57169.4,57211.30212868562,NaN,NaN,NaN,NaN,0
1752570000,57169.6,57202.8,57142,57159.8,57206.24969146843,NaN,NaN,NaN,NaN,0
1752570900,57159.8,57164.6,57110,57154.6,57200.72701197999,NaN,NaN,NaN,NaN,0
1752571800,57161,57258,57155.8,57252.4,57204.23937434923,NaN,NaN,NaN,NaN,0
1752572700,57253.4,57260,57225,57250,57207.604787036624,NaN,NaN,NaN,NaN,0
1752573600,57250,57250,57250,57250,57211.18693248012,NaN,NaN,NaN,NaN,0
1752637500,57235.8,57278,57111.6,57143.6,57205.172170667065,NaN,NaN,NaN,NaN,0
1752638400,57140.8,57252,57140,57220.2,57206.2040208843,NaN,NaN,NaN,NaN,0
1752639300,57210.6,57211.4,57155,57161.6,57202.035478693935,NaN,NaN,NaN,NaN,0
1752640200,57161.4,57178.6,57126,57140.2,57195.93438015441,NaN,NaN,NaN,NaN,0
1752641100,57140.4,57204.8,57122.8,57155.2,57191.250716964336,NaN,NaN,NaN,NaN,0
1752642000,57160.2,57175.6,57080,57085,57180.44328106484,NaN,57175.6,NaN,NaN,0
1752642900,57085.6,57110.6,57060,57109.8,57172.18390841307,NaN,NaN,NaN,NaN,0
1752643800,57113.2,57147.2,57107.2,57123.8,57165.63841685458,NaN,NaN,NaN,NaN,0
1752644700,57124,57149,57101,57134,57160.57575987424,NaN,NaN,NaN,NaN,0
1752645600,57130.4,57139,57084,57109.4,57153.83851287849,NaN,NaN,NaN,NaN,0
1752646500,57124.8,57190,57097.2,57180,57154.086587345126,NaN,NaN,NaN,57097.2,0
1752647400,57180,57237.6,57180,57206.6,57157.319629333244,NaN,NaN,NaN,NaN,0
1752648300,57207,57239.8,57191,57216.6,57161.85774692159,NaN,NaN,NaN,NaN,0
1752649200,57228,57300,57211.4,57279,57172.35546923048,57211.4,NaN,NaN,NaN,0
1752650100,57290,57325.8,57265,57305.2,57185.28193069187,NaN,NaN,NaN,NaN,0
1752651000,57306,57334,57300.4,57329,57200.26269140644,NaN,NaN,NaN,NaN,0
1752651900,57330,57340,57284.8,57291,57211.38855583685,NaN,NaN,NaN,NaN,0
1752652800,57288,57330,57266,57307.8,57223.478938466425,NaN,NaN,NaN,NaN,0
1752653700,57310,57337.4,57282.4,57292,57233.38026246127,NaN,NaN,57337.4,NaN,0
1752654600,57295,57339,57285.4,57328,57245.59141367218,NaN,NaN,NaN,NaN,0
1752655500,57328,57338.4,57245.8,57246,57249.395344684744,NaN,NaN,NaN,NaN,0
1752656400,57242.2,57304.2,57242.2,57284,57255.70125996901,NaN,NaN,NaN,NaN,0
1752657300,57290.6,57319,57267,57287.8,57261.461345913354,NaN,NaN,NaN,NaN,0
1752658200,57298.8,57317.4,57265,57285,57266.12644307445,NaN,NaN,NaN,NaN,0
1752659100,57281,57296.6,57231.2,57246.8,57266.41680780323,NaN,NaN,NaN,NaN,0
1752660000,57246.8,57246.8,57246.8,57246.8,57266.080626969706,NaN,NaN,NaN,NaN,0
1752723900,57380.2,57380.2,57149,57178.2,57258.99677502006,NaN,NaN,NaN,NaN,0
1752724800,57163,57164.2,57089.4,57132.4,57247.55642316484,NaN,57164.2,NaN,NaN,0
1752725700,57121.8,57172.2,57079,57150,57237.533305663615,NaN,NaN,NaN,NaN,0
1752726600,57146.8,57160,57068.2,57075,57220.921912960825,NaN,NaN,NaN,NaN,0
1752727500,57092.8,57092.8,57026,57053.6,57202.798765768915,NaN,NaN,NaN,NaN,0
1752728400,57048,57085,57030.2,57053,57185.290978579455,NaN,NaN,NaN,NaN,0
1752729300,57059.8,57112,57045.6,57090.2,57172.20214294845,NaN,NaN,NaN,57045.6,0
1752730200,57090.4,57106,57022.8,57064.8,57157.852850051684,NaN,NaN,NaN,NaN,0
1752731100,57066.2,57107,57055.2,57099.8,57147.87473142393,NaN,NaN,NaN,NaN,0
1752732000,57094,57135,57076.8,57130,57141.881310433906,NaN,NaN,NaN,NaN,0
1752732900,57125,57147.2,57075,57081,57132.64611879099,NaN,NaN,NaN,NaN,0
1752733800,57081.2,57089.8,57058.6,57063.6,57122.85208171937,NaN,NaN,NaN,NaN,0
1752734700,57063.2,57063.2,57010.6,57030,57111.044957422324,NaN,NaN,NaN,NaN,0
1752735600,57034.4,57074,57000,57050,57102.10309844182,NaN,NaN,NaN,NaN,0
1752736500,57041.2,57052.4,57020.6,57031.6,57092.42261129221,NaN,NaN,NaN,NaN,0
1752737400,57026.6,57066,57020.8,57032.4,57083.764817559895,NaN,NaN,NaN,NaN,0
1752738300,57029.8,57038,57013,57027.4,57075.56272197166,NaN,NaN,NaN,NaN,0
1752739200,57028.4,57068.8,57021,57043.6,57069.78108116956,NaN,NaN,NaN,NaN,0
1752740100,57046.4,57080.2,57029.8,57075,57067.66390418491,NaN,NaN,NaN,NaN,0
1752741000,57074.6,57085.6,57000,57026.4,57061.86394242075,NaN,NaN,NaN,NaN,0
1752741900,57020.4,57027,57002,57011.2,57055.2713448129,NaN,NaN,NaN,NaN,0
1752742800,57010,57068.2,57004,57031.6,57051.248913526644,NaN,NaN,NaN,NaN,0
1752743700,57038,57059.8,57017,57034.6,57047.99642884887,NaN,NaN,NaN,NaN,0
1752744600,57032.4,57060,56974.4,56997.4,57041.84756852919,NaN,NaN,NaN,NaN,0
1752745500,56997.2,57012.4,56923.6,56928.2,57029.86335276975,NaN,57012.4,NaN,NaN,0
1752746400,56928.2,56928.2,56928.2,56928.2,57018.44202747663,NaN,NaN,NaN,NaN,0
1752810300,56744,56900,56601,56635,56980.88405608337,NaN,NaN,NaN,NaN,0
1752811200,56630.8,56698,56630.8,56660,56946.578663287466,NaN,NaN,NaN,NaN,0
1752812100,56662.2,56692,56625,56671.8,56914.730518476834,NaN,NaN,NaN,NaN,0
1752813000,56670.8,56670.8,56542,56564.6,56874.78131152613,NaN,NaN,NaN,56542,0
1752813900,56554.2,56554.2,56443,56469.8,56828.36537468815,NaN,NaN,NaN,NaN,0
1752814800,56472.4,56474.8,56393,56410,56779.03025542542,NaN,NaN,NaN,NaN,0
1752815700,56406.2,56447,56380,56380,56729.919389260496,NaN,NaN,NaN,NaN,0
1752816600,56380,56473,56365,56457,56691.1511162691,NaN,56473,NaN,NaN,0
1752817500,56457.4,56519,56450,56481.6,56658.28838690583,NaN,NaN,NaN,NaN,0
1752818400,56481.6,56509.8,56422,56429.8,56624.34101863618,NaN,NaN,NaN,NaN,0
1752819300,56429,56485,56429,56456,56596.40500128532,NaN,NaN,NaN,NaN,0
1752820200,56455,56459.4,56417,56424.6,56569.225436222165,NaN,NaN,NaN,NaN,0
1752821100,56420.4,56453.2,56398,56430,56545.9228804003,NaN,NaN,NaN,56398,0
1752822000,56427.2,56445,56398.6,56404.6,56523.48747764156,NaN,NaN,NaN,NaN,0
1752822900,56403.4,56447.8,56394,56428.2,56506.071496784374,NaN,NaN,NaN,NaN,0
1752823800,56429.2,56497,56395.4,56412.4,56489.875623135405,NaN,NaN,NaN,NaN,0
1752824700,56412.2,56439.8,56390.4,56400.2,56474.923081871275,NaN,NaN,NaN,NaN,0
1752825600,56401.4,56453,56390.8,56441.2,56465.81823154121,NaN,NaN,NaN,NaN,0
1752826500,56442.2,56475,56392.2,56433.8,56457.85527697006,NaN,NaN,NaN,NaN,0
1752827400,56449,56472.8,56423.6,56443.6,56452.314554129036,NaN,NaN,NaN,NaN,0
1752828300,56457.2,56518.8,56418.8,56510,56454.20853051532,NaN,NaN,NaN,NaN,0
1752829200,56518,56549.6,56439.6,56439.6,56450.72254116395,NaN,NaN,NaN,NaN,0
1752830100,56447.6,56474.8,56420.4,56462.6,56450.07272240268,NaN,NaN,NaN,NaN,0
1752831000,56466,56495,56415.2,56431.8,56447.19536213384,NaN,NaN,NaN,NaN,0
1752831900,56430.8,56460,56354.6,56366.8,56438.87307564279,NaN,NaN,NaN,NaN,0
1752832800,56354.2,56354.2,56354.2,56354.2,56429.86099318949,NaN,NaN,NaN,NaN,0
1753069500,56640,56640.2,56350,56360.4,56421.7973410595,NaN,NaN,NaN,NaN,0
1753070400,56363.6,56550,56363.6,56545,56431.36067951224,NaN,NaN,NaN,NaN,0
1753071300,56557.2,56789.8,56546.2,56744.8,56459.381865941265,56546.2,NaN,NaN,NaN,0
1753072200,56735,56831.8,56717.8,56773,56489.90225812178,NaN,NaN,NaN,NaN,0
1753073100,56783.4,56804.2,56724.2,56772,56519.924568179136,NaN,NaN,NaN,NaN,0
1753074000,56780,56849,56773.4,56792,56550.85132079236,NaN,NaN,NaN,NaN,0
1753074900,56805,56859,56783.6,56858.6,56586.44617143502,NaN,NaN,NaN,NaN,0
1753075800,56860,56875,56820.2,56848.4,56619.255859309305,NaN,NaN,56875,NaN,0
1753076700,56843.2,56865.6,56821.2,56835,56648.50135434508,NaN,NaN,NaN,NaN,0
1753077600,56830.4,56905.6,56747,56785.4,56670.73510750328,NaN,NaN,NaN,NaN,0
1753078500,56768.2,56806.6,56730,56804.4,56692.2174493227,NaN,NaN,NaN,NaN,0
1753079400,56817.8,56837,56790,56834.6,56713.87397321952,NaN,NaN,NaN,NaN,0
1753080300,56837,56845.2,56787.8,56790,56729.0224864671,NaN,NaN,NaN,NaN,0
1753081200,56790.4,56844,56771.4,56844,56746.72864317553,NaN,NaN,NaN,NaN,0
1753082100,56844,56991,56844,56975,56774.222347352574,56844,NaN,NaN,NaN,0
1753083000,56975,57030,56975,56995,56801.38239490068,NaN,NaN,NaN,NaN,0
1753083900,57000,57022,56953,56976,56824.69100341189,NaN,NaN,NaN,NaN,0
1753084800,56974.4,57004,56958.8,56960,56844.41526416518,NaN,NaN,NaN,NaN,0
1753085700,56955,56972.8,56817,56845.6,56851.5646847526,NaN,NaN,NaN,NaN,0
1753086600,56850,56912.4,56825.8,56880,56859.943007477086,NaN,NaN,56912.4,NaN,0
1753087500,56880.4,56924,56863.6,56898.8,56868.34028783418,NaN,NaN,NaN,NaN,0
1753088400,56899.4,56904.6,56835.8,56885,56873.922294233314,NaN,NaN,NaN,NaN,0
1753089300,56889,56950,56876.2,56942.8,56883.60549398116,NaN,NaN,NaN,NaN,0
1753090200,56950,56996.8,56944,56976,56895.17164465104,NaN,NaN,NaN,NaN,0
1753091100,56976,57000,56962.4,56990,56907.03183814164,NaN,NaN,NaN,NaN,0
1753092000,56994,56994,56994,56994,56918.352197801534,NaN,NaN,NaN,NaN,0
1753155900,57205.2,57211.6,57026,57045.8,56933.43506495814,57026,NaN,NaN,NaN,0
1753156800,57040,57098.8,56980,57030,56946.07800887814,NaN,NaN,NaN,NaN,0
1753157700,57030,57100,57020,57035.8,56957.997271466826,NaN,NaN,NaN,NaN,0
1753158600,57055,57082,57000,57078,56972.524282202896,NaN,NaN,NaN,NaN,0
1753159500,57076.6,57146.4,57070,57076.8,56985.91837124595,NaN,NaN,NaN,NaN,0
1753160400,57076.2,57098,57000,57006,56991.8072521515,NaN,NaN,57098,NaN,0
1753161300,57002,57035,56947.4,57014.6,56997.409963879814,NaN,NaN,NaN,NaN,0
1753162200,57013.6,57024,56912.6,56965,56997.44248638573,NaN,NaN,NaN,NaN,0
1753163100,56957.8,56974,56900,56963,56996.479529879376,NaN,NaN,NaN,NaN,0
1753164000,56947,56958,56910,56929.8,56991.84302266932,NaN,NaN,NaN,NaN,0
1753164900,56944.2,56966,56885,56957.8,56989.34708852807,NaN,NaN,NaN,NaN,0
1753165800,56958,56970,56923.2,56930,56983.99435932071,NaN,NaN,NaN,NaN,0
1753166700,56930,57019.2,56930,56995.6,56984.465792668176,NaN,NaN,NaN,NaN,0
1753167600,56999.8,57019.8,56971.4,56989.6,56984.45473010724,NaN,NaN,NaN,NaN,0
1753168500,56988.6,57010,56955.8,56973.2,56982.92944166234,NaN,NaN,NaN,NaN,0
1753169400,56975.2,57003.6,56934.6,56944.2,56978.70562945132,NaN,NaN,NaN,NaN,0
1753170300,56941,56952.6,56903.2,56907,56971.26117574082,NaN,NaN,NaN,NaN,0
1753171200,56906.2,56925.8,56856.8,56868,56960.5597235403,NaN,NaN,NaN,NaN,0
1753172100,56863.4,56896.6,56827,56866.8,56950.15000981343,NaN,NaN,NaN,NaN,0
1753173000,56867.6,56923.8,56862.2,56883,56941.858476078276,NaN,NaN,NaN,NaN,0
1753173900,56883.2,56883.2,56800,56822.4,56928.55917799682,NaN,56883.2,NaN,NaN,0
1753174800,56824.2,56878,56820.2,56878,56920.98176228189,NaN,NaN,NaN,NaN,0
1753175700,56880,56899,56860.4,56864.6,56912.96097519312,NaN,NaN,NaN,NaN,0
1753176600,56860,56860,56808.4,56822.8,56901.83739570351,NaN,NaN,NaN,NaN,0
1753177500,56823,56844.8,56750,56750,56884.86780597092,NaN,NaN,NaN,NaN,0
1753242300,56866,56915.2,56825.4,56900,56882.49069346417,NaN,NaN,NaN,56825.4,0
1753243200,56900,56910,56780,56801,56872.02836329029,NaN,NaN,NaN,NaN,0
1753244100,56801,56835.2,56780,56826.2,56864.697001833934,NaN,NaN,NaN,NaN,0
1753245000,56829.8,56838.6,56757.8,56811.6,56856.949544492025,NaN,NaN,NaN,NaN,0
1753245900,56813,56878,56788,56867,56855.09606021688,NaN,NaN,NaN,NaN,0
1753246800,56870,56890,56831.6,56890,56856.05822797043,NaN,NaN,NaN,NaN,0
1753247700,56890.4,56919.4,56871,56891.6,56857.806418648644,NaN,NaN,NaN,NaN,0
1753248600,56891.6,56945,56884,56925.8,56863.23594559626,NaN,NaN,NaN,NaN,0
1753249500,56938.8,56956.4,56885.8,56892,56865.84979212931,NaN,NaN,NaN,NaN,0
1753250400,56893,56915,56887.4,56912,56870.46766582958,NaN,NaN,NaN,NaN,0
1753251300,56915,56974,56915,56960,56879.44011798112,NaN,NaN,NaN,NaN,0
1753252200,56960,57025,56960,57010,56892.83578477706,NaN,NaN,NaN,NaN,0
1753253100,57010,57092.8,57010,57067.2,56911.03219857872,57010,NaN,NaN,NaN,0
1753254000,57082,57179,57053,57120,56933.46847355433,NaN,NaN,NaN,NaN,0
1753254900,57120,57146.4,57088,57118.4,56954.78450681516,NaN,NaN,NaN,NaN,0
1753255800,57122.4,57168,57115.4,57126.4,56975.69798609572,NaN,NaN,NaN,NaN,0
1753256700,57126.4,57158,57115,57158,56998.15453242381,NaN,NaN,NaN,NaN,0
1753257600,57156.2,57180,57135.2,57170.2,57020.210981303455,NaN,NaN,57180,NaN,0
1753258500,57169.8,57225,57163.8,57214.8,57044.669605044655,NaN,NaN,NaN,NaN,0
1753259400,57216,57241,57180.8,57237.2,57069.366669269475,NaN,NaN,NaN,NaN,0
1753260300,57241,57249,57180.8,57185,57087.3254294593,NaN,NaN,NaN,NaN,0
1753261200,57168.2,57230,57160,57230,57107.34996799528,NaN,NaN,NaN,NaN,0
1753262100,57225.6,57294,57210.2,57235,57125.913085844855,57210.2,NaN,NaN,NaN,0
1753263000,57235,57268.4,57225.4,57231.4,57142.09965852211,NaN,NaN,NaN,NaN,0
1753263900,57230,57246.4,57214.2,57225.2,57155.84293646782,NaN,NaN,NaN,NaN,0
1753264800,57237.4,57237.4,57237.4,57237.4,57168.956044103295,NaN,NaN,NaN,NaN,0
1753328700,57410.2,57410.2,57101.2,57110,57168.86115478095,NaN,NaN,NaN,NaN,0
1753329600,57113.2,57142,57075,57140.8,57169.91079605841,NaN,NaN,57142,NaN,0
1753330500,57140.8,57150,57056.6,57106.2,57166.7900906878,NaN,57150,NaN,NaN,0
1753331400,57106.4,57109.8,57057.6,57060.2,57158.56259324157,NaN,NaN,NaN,NaN,0
1753332300,57057,57124.8,57054,57109.8,57154.327352006425,NaN,NaN,NaN,NaN,0
1753333200,57109.4,57168.8,57100,57149.8,57153.408020826246,NaN,NaN,NaN,NaN,0
1753334100,57148,57166,57118,57118,57149.4989762077,NaN,NaN,NaN,NaN,0
1753335000,57117.2,57117.2,57062.2,57072.8,57141.5455567744,NaN,NaN,NaN,57062.2,0
1753335900,57083.6,57128.6,57021,57060.8,57132.682971150294,NaN,NaN,NaN,NaN,0
1753336800,57061,57069.2,57000.4,57038.4,57122.20659138281,NaN,NaN,NaN,NaN,0
1753337700,57034,57056.8,56982.8,57005.2,57109.19167895403,NaN,NaN,NaN,NaN,0
1753338600,57000,57020,56931.8,56971.4,57093.69585399936,NaN,57020,NaN,NaN,0
1753339500,56970.8,57025,56970.4,57020,57083.39482429307,NaN,NaN,NaN,NaN,0
1753340400,57023.8,57045,56990,57015.2,57073.52647111295,NaN,NaN,NaN,NaN,0
1753341300,57012,57018.2,56951.6,56953.8,57058.98376785401,NaN,NaN,NaN,NaN,0
1753342200,56951.2,56995,56935.4,56992,57048.97451835898,NaN,NaN,NaN,NaN,0
1753343100,56991.6,57070.8,56976,57069.4,57047.09010216995,NaN,NaN,NaN,56976,0
1753344000,57073.4,57111.6,57034.8,57097.6,57048.738902413104,NaN,NaN,NaN,NaN,0
1753344900,57107.6,57189.8,57076,57090,57050.51595136405,57076,NaN,NaN,NaN,0
1753345800,57080.2,57160.2,57065.4,57153.6,57058.678569634256,NaN,NaN,NaN,NaN,0
1753346700,57153.8,57183.6,57095,57095,57061.889660335386,NaN,NaN,NaN,NaN,0
1753347600,57095.2,57180,57095,57140.2,57069.48646185539,NaN,NaN,NaN,NaN,0
1753348500,57144,57153.4,57110,57121.6,57075.325884133585,NaN,NaN,NaN,NaN,0
1753349400,57120,57160,57111,57124.2,57081.226769421984,NaN,NaN,57160,NaN,0
1753350300,57126.6,57149.8,57090,57115.4,57086.02960253722,NaN,NaN,NaN,NaN,0
1753415100,57068.2,57130,56932.2,57130,57091.77830945806,NaN,NaN,NaN,NaN,0
1753416000,57131,57185,57030,57054.8,57090.19881471091,NaN,NaN,NaN,NaN,0
1753416900,57051.8,57124.2,57038,57062.4,57089.02810150023,NaN,NaN,NaN,NaN,0
1753417800,57065.2,57083.4,57006,57015,57083.10303645835,NaN,NaN,NaN,NaN,0
1753418700,57005,57005,56882.4,56903.8,57066.82612082587,NaN,57005,NaN,NaN,0
1753419600,56895,56923.2,56749.6,56797.8,57040.918259732636,NaN,NaN,NaN,NaN,0
1753420500,56792.6,56820.6,56765,56792.4,57014.806009269276,NaN,NaN,NaN,NaN,0
1753421400,56790,56830,56702.2,56715,56982.38210119018,NaN,NaN,NaN,NaN,0
1753422300,56710,56742,56670.2,56740,56953.51613654128,NaN,NaN,NaN,NaN,0
1753423200,56739.8,56800,56677.6,56706.8,56923.30605741324,NaN,NaN,NaN,56677.6,0
1753424100,56703.2,56709,56630,56648.8,56889.75725284675,NaN,NaN,NaN,NaN,0
1753425000,56637,56648,56603,56638.8,56857.55162685313,NaN,NaN,NaN,NaN,0
1753425900,56629,56639.8,56529,56548,56819.57854349435,NaN,NaN,NaN,NaN,0
1753426800,56562,56640.8,56535,56601,56789.16793794912,NaN,56640.8,NaN,NaN,0
1753427700,56607.2,56639.2,56570.6,56602.4,56761.665726978645,NaN,NaN,NaN,NaN,0
1753428600,56592,56620,56555.4,56609,56737.661012627985,NaN,NaN,NaN,NaN,0
1753429500,56606,56640,56571,56605.2,56716.22245457644,NaN,NaN,NaN,NaN,0
1753430400,56611.8,56627.4,56511,56623.6,56699.116030460194,NaN,NaN,NaN,NaN,0
1753431300,56625,56675,56608.4,56651.2,56686.96687092055,NaN,NaN,NaN,56608.4,0
1753432200,56660,56674.8,56571,56571,56669.78150270714,NaN,NaN,NaN,NaN,0
1753433100,56571,56617,56570.2,56583.6,56655.8406729782,NaN,NaN,NaN,NaN,0
1753434000,56594,56620,56571.2,56597.8,56645.00835474597,NaN,NaN,NaN,NaN,0
1753434900,56604.4,56650,56579.8,56644.6,56640.21690685572,NaN,NaN,NaN,NaN,0
1753435800,56649,56650,56597.4,56624.2,56634.94790489259,NaN,NaN,NaN,NaN,0
1753436700,56624.2,56636.8,56539.6,56560.4,56625.08835259444,NaN,NaN,NaN,NaN,0
1753437600,56539.4,56539.4,56539.4,56539.4,56614.339664067295,NaN,NaN,NaN,NaN,0
1753674300,56298.4,56477.2,56265.6,56444,56595.845719897385,NaN,56477.2,NaN,NaN,0
1753675200,56460,56596,56426,56426,56576.644613523626,NaN,NaN,NaN,NaN,0
1753676100,56423.2,56522.4,56412.2,56450,56560.78217228345,NaN,NaN,NaN,NaN,0
1753677000,56458.8,56574.4,56448,56562.8,56556.32416444674,NaN,NaN,NaN,NaN,0
1753677900,56580,56670,56567,56650,56560.99081664253,56567,NaN,NaN,56567,0
1753678800,56655.8,56669.2,56501,56536.2,56556.34467188241,NaN,NaN,NaN,NaN,0
1753679700,56531,56550,56426,56547,56553.543547650086,NaN,NaN,NaN,NaN,0
1753680600,56540.2,56615,56460,56481.6,56545.39547638593,NaN,NaN,NaN,NaN,0
1753681500,56477.8,56535,56477.8,56506,56540.12839720073,NaN,NaN,NaN,NaN,0
1753682400,56510,56549,56468,56469.8,56532.05133942637,NaN,NaN,56549,NaN,0
1753683300,56467.2,56499.8,56433.8,56474.4,56524.95824470647,NaN,NaN,NaN,NaN,0
1753684200,56482.4,56482.4,56425,56431.8,56514.58204433655,NaN,NaN,NaN,NaN,0
1753685100,56431.4,56491,56412,56491,56510.17040830785,NaN,NaN,NaN,NaN,0
1753686000,56474.6,56483.6,56408.6,56414.8,56499.5003916787,NaN,NaN,NaN,NaN,0
1753686900,56415.2,56426,56326,56346.2,56483.09063961099,NaN,56426,NaN,NaN,0
1753687800,56323.2,56335.6,56211,56219,56455.8000483105,NaN,NaN,NaN,NaN,0
1753688700,56210.2,56236.2,56125,56134.4,56421.74671485106,NaN,NaN,NaN,NaN,0
1753689600,56130,56162.2,56070,56115,56387.249454538265,NaN,NaN,NaN,NaN,0
1753690500,56114.4,56164.8,56095.2,56120,56354.889437181126,NaN,NaN,NaN,NaN,0
1753691400,56121.8,56128.2,56061,56122.2,56324.73558594481,NaN,NaN,NaN,56061,0
1753692300,56125.8,56153,56097.4,56119.8,56296.756670764924,NaN,NaN,NaN,NaN,0
1753693200,56119.2,56250,56119.2,56248.8,56282.96041336155,NaN,NaN,NaN,NaN,0
1753694100,56248.4,56248.4,56150,56211.8,56268.208495061495,NaN,NaN,NaN,NaN,0
1753695000,56217.8,56217.8,56165.2,56180,56252.794907672745,NaN,NaN,NaN,NaN,0
1753695900,56177.6,56190,56154,56187.4,56240.23766679154,NaN,NaN,NaN,NaN,0
1753696800,56187.4,56187.4,56187.4,56187.4,56229.733088572175,NaN,NaN,NaN,NaN,0
1753760700,55999.2,56159.2,55979,56157.6,56218.288768598635,NaN,56159.2,NaN,NaN,0
1753761600,56157,56167,56062,56139.8,56206.89460615121,NaN,NaN,NaN,NaN,0
1753762500,56136.4,56225,56099,56150,56197.826173727975,NaN,NaN,NaN,NaN,0
1753763400,56148,56215,56109,56118,56187.03973260893,NaN,NaN,NaN,NaN,0
1753764300,56117,56128.6,56005,56022.6,56168.536838133215,NaN,NaN,NaN,NaN,0
1753765200,56014,56064,56000.2,56032.2,56151.93694366429,NaN,NaN,NaN,56000.2,0
1753766100,56020.2,56030.2,55955,56018.4,56135.42080223977,NaN,NaN,NaN,NaN,0
1753767000,56018.4,56025.8,55975.4,56010,56119.33344273069,NaN,NaN,NaN,NaN,0
1753767900,56010,56137,56010,56094.2,56112.2653123688,NaN,NaN,NaN,NaN,0
1753768800,56080.6,56140.4,56033,56040.4,56101.48278778958,NaN,NaN,NaN,NaN,0
1753769700,56040.4,56093.6,56021.4,56055.2,56093.26242457682,NaN,NaN,NaN,NaN,0
1753770600,56049.4,56121.6,56011,56100.4,56090.26356596109,NaN,NaN,NaN,NaN,0
1753771500,56109.4,56129,56050,56084,56086.82044471799,NaN,NaN,NaN,NaN,0
1753772400,56084,56109,56063,56080.2,56083.804239026475,NaN,NaN,NaN,NaN,0
1753773300,56080,56109,56063.4,56080,56081.599593117775,NaN,NaN,NaN,NaN,0
1753774200,56082.6,56170,56067.8,56166.2,56087.928797417975,NaN,NaN,NaN,NaN,0
1753775100,56167.2,56184.6,56147.4,56159.6,56094.21028928283,NaN,NaN,NaN,NaN,0
1753776000,56159.4,56249,56150,56219.4,56106.198476006684,56150,NaN,NaN,NaN,0
1753776900,56229,56330,56229,56301.6,56125.61040276412,NaN,NaN,NaN,NaN,0
1753777800,56307.4,56400,56300.2,56357.8,56149.75018601385,NaN,NaN,NaN,NaN,0
1753778700,56358,56386.8,56315,56345.2,56172.00056144303,NaN,NaN,NaN,NaN,0
1753779600,56352,56368,56217,56268.6,56186.202895165305,NaN,NaN,NaN,NaN,0
1753780500,56264,56297,56199,56257.4,56197.95224954809,NaN,NaN,56297,NaN,0
1753781400,56260,56325,56243.4,56313,56213.50114467604,NaN,NaN,NaN,NaN,0
1753782300,56321.4,56389.4,56313.6,56327.2,56229.000428775405,NaN,NaN,NaN,NaN,0
1753847100,56339.6,56339.8,56144,56164,56228.16714150867,NaN,NaN,NaN,NaN,0
1753848000,56155.6,56291.6,56155.6,56291.6,56237.63100276592,NaN,NaN,NaN,NaN,0
1753848900,56288.4,56297.8,56160,56265.4,56243.56796021803,NaN,NaN,NaN,NaN,0
1753849800,56249,56265.4,56177.2,56242,56246.31973165673,NaN,NaN,NaN,NaN,0
1753850700,56229,56265.6,56183,56183,56242.756315100756,NaN,NaN,NaN,NaN,0
1753851600,56183.2,56245,56157,56181.2,56238.361804554144,NaN,NaN,NaN,NaN,0
1753852500,56181,56202.8,56106,56197.6,56235.10977414218,NaN,NaN,NaN,NaN,0
1753853400,56184.4,56225.2,56145.4,56225.2,56234.079801146356,NaN,NaN,NaN,NaN,0
1753854300,56225.4,56356,56225.4,56345,56243.869280499464,NaN,NaN,NaN,NaN,0
1753855200,56340,56355.4,56233.6,56295.8,56249.08044010162,NaN,NaN,NaN,NaN,0
1753856100,56296,56338,56271.6,56315.4,56255.8158507046,NaN,NaN,NaN,NaN,0
1753857000,56311.6,56330,56265.2,56267,56258.02011958215,NaN,NaN,NaN,NaN,0
1753857900,56262.2,56334.8,56262.2,56310.2,56263.90527347136,NaN,NaN,NaN,NaN,0
1753858800,56310,56324.6,56271,56278,56266.52991430934,NaN,NaN,NaN,NaN,0
1753859700,56278,56305,56250,56300,56270.88781472956,NaN,NaN,NaN,NaN,0
1753860600,56290,56306,56222.4,56253.8,56270.71801922757,NaN,NaN,NaN,NaN,0
1753861500,56254.8,56264.8,56196.4,56222,56267.3349993022,NaN,NaN,NaN,NaN,0
1753862400,56222,56300,56222,56260.6,56267.123677512995,NaN,NaN,NaN,NaN,0
1753863300,56259.8,56262,56213.4,56246,56265.444801394544,NaN,NaN,NaN,NaN,0
1753864200,56262.4,56275.8,56224.6,56245.6,56263.56100464272,NaN,NaN,NaN,NaN,0
1753865100,56245.4,56280,56224.6,56280,56264.69435315851,NaN,NaN,NaN,NaN,0
1753866000,56266,56318.2,56250.2,56264.4,56264.367302876606,NaN,NaN,NaN,NaN,0
1753866900,56258,56291.4,56252.2,56256.6,56263.39355166721,NaN,NaN,NaN,NaN,0
1753867800,56251,56288,56200.2,56208.4,56258.17543441195,NaN,NaN,NaN,NaN,0
1753868700,56215.4,56228.8,56185,56201.6,56252.43218494759,NaN,NaN,NaN,NaN,0
1753933500,55946.6,55977.6,55766,55868.2,56216.38249758596,NaN,55977.6,NaN,NaN,0
1753934400,55868.2,55888,55809.8,55850,56179.14653755344,NaN,NaN,NaN,NaN,0
1753935300,55838,55860.4,55682,55699,56129.37436622518,NaN,NaN,NaN,NaN,0
1753936200,55687.8,55691.6,55541,55578.2,56070.02016432985,NaN,NaN,NaN,NaN,0
1753937100,55576.6,55620.6,55528.2,55606.2,56015.60439186473,NaN,NaN,NaN,NaN,0
1753938000,55596.8,55628,55560,55598.4,55963.52802304731,NaN,NaN,NaN,55560,0
1753938900,55602.4,55699,55593.6,55680,55922.50827021305,NaN,NaN,NaN,NaN,0
1753939800,55685,55887.6,55682.8,55788.8,55895.26677951005,NaN,NaN,NaN,NaN,0
1753940700,55788.8,55960,55770.8,55918,55883.6878329674,NaN,NaN,NaN,NaN,0
1753941600,55930.2,56059,55925,56050,55887.76234090096,55925,NaN,NaN,NaN,0
1753942500,56036.4,56133.8,56019.8,56030,55892.98253581495,NaN,NaN,NaN,NaN,0
1753943400,56016.8,56108,55884.6,56100.4,55907.15333003288,NaN,NaN,NaN,NaN,0
1753944300,56106,56195.8,56089.8,56100,55922.99144299954,NaN,NaN,NaN,NaN,0
1753945200,56105,56307.6,56080,56245.2,55953.122339317924,NaN,NaN,NaN,NaN,0
1753946100,56244,56350,56218.8,56337.2,55991.79841236522,NaN,NaN,56350,NaN,0
1753947000,56335,56385.8,56294,56315.4,56027.916273413386,NaN,NaN,NaN,NaN,0
1753947900,56330,56420,56308.2,56418.8,56072.06213132186,NaN,NaN,NaN,NaN,0
1753948800,56417.6,56450,56292.2,56318.4,56105.08414230588,NaN,NaN,NaN,NaN,0
1753949700,56311.4,56379.4,56265.4,56305.6,56134.43426919151,NaN,NaN,NaN,NaN,0
1753950600,56310.6,56419,56285.8,56322,56162.414904566926,NaN,NaN,NaN,NaN,0
1753951500,56321,56329.8,56185,56192,56175.63150978133,NaN,NaN,NaN,NaN,0
1753952400,56192.4,56263,56097.4,56217.2,56188.29178085185,NaN,NaN,NaN,NaN,0
1753953300,56203.2,56211.8,56065.4,56132,56190.535026728394,NaN,NaN,NaN,NaN,0
1753954200,56107.6,56107.6,55970.2,55985,56177.150957473976,NaN,56107.6,NaN,NaN,0
1753955100,55985,55987.6,55957,55958.4,56159.649389455844,NaN,NaN,NaN,NaN,0
1753956000,55958.4,55958.4,55958.4,55958.4,56141.16670529314,NaN,NaN,NaN,NaN,0
1754019900,56200,56200,56000,56012.6,56127.21955323727,NaN,NaN,NaN,NaN,0
1754020800,56010,56122,55976.8,56067,56118.758702082654,NaN,NaN,NaN,NaN,0
1754021700,56067,56105.4,56018,56055.8,56109.68626880629,NaN,NaN,NaN,56018,0
1754022600,56055.8,56149,56018,56146,56109.66402872705,NaN,NaN,NaN,NaN,0
1754023500,56148.4,56228.8,56120.6,56223.2,56117.53692552991,NaN,NaN,NaN,NaN,0
1754024400,56220.8,56249.8,56197.4,56224.4,56126.07829192154,NaN,NaN,NaN,NaN,0
1754025300,56213.2,56225.4,56124,56153.4,56128.57102224312,NaN,NaN,NaN,NaN,0
1754026200,56145,56230.8,56075,56081.4,56124.64245153625,NaN,NaN,NaN,NaN,0
1754027100,56075.8,56109.2,56028.2,56058.8,56118.71015733933,NaN,NaN,NaN,NaN,0
1754028000,56062.2,56062.2,56001.2,56001.2,56107.578887382166,NaN,NaN,NaN,NaN,0
1754028900,56008.8,56082,55996,56028.8,56099.10085055441,NaN,NaN,NaN,NaN,0
1754029800,56028.6,56052.8,55950,56006.6,56089.033829639535,NaN,NaN,NaN,NaN,0
1754030700,55992,56068.8,55988.6,56028.2,56081.32151604683,NaN,NaN,NaN,NaN,0
1754031600,56024.2,56080,55941.8,55971,56068.95261906363,NaN,NaN,NaN,NaN,0
1754032500,55966,56030,55956.4,56003.4,56059.99552046982,NaN,NaN,NaN,NaN,0
1754033400,56003.2,56029,55972,55999.4,56051.31777872654,NaN,NaN,NaN,NaN,0
1754034300,56004.2,56055,55976.6,56045,56047.639460868566,NaN,NaN,NaN,NaN,0
1754035200,56048,56079.8,55950,56007.2,56041.17196639079,NaN,NaN,NaN,NaN,0
1754036100,56004,56008.8,55928.8,55950.2,56030.398443779224,NaN,NaN,NaN,NaN,0
1754037000,55951.4,55979.8,55918,55968,56022.00363849238,NaN,NaN,NaN,NaN,0
1754037900,55952.6,55980,55900,55918.8,56009.86009460999,NaN,NaN,NaN,NaN,0
1754038800,55900,55962.8,55880,55899.4,55996.90044230792,NaN,NaN,NaN,NaN,0
1754039700,55891,55915,55862.8,55880,55982.96097369752,NaN,NaN,NaN,NaN,0
1754040600,55875,55904.4,55730,55768.8,55959.896460847856,NaN,55904.4,NaN,NaN,0
1754041500,55780,55813.2,55750.6,55796.4,55940.56699808157,NaN,NaN,NaN,NaN,0
1754279100,55780.2,55920,55780.2,55920,55933.72472787829,NaN,NaN,NaN,NaN,0
1754280000,55920,55948.2,55723.8,55725,55910.332314422696,NaN,NaN,NaN,NaN,0
1754280900,55713.6,55796,55622.2,55710,55886.80076142687,NaN,NaN,NaN,NaN,0
1754281800,55710,55770.8,55690,55728.6,55866.38466414243,NaN,NaN,NaN,55690,0
1754282700,55720.8,55868.2,55720.8,55768.6,55851.25850498826,NaN,NaN,NaN,NaN,0
1754283600,55766,55829.8,55766,55805,55841.00315510082,NaN,NaN,NaN,NaN,0
1754284500,55790,55795.4,55676,55701.8,55822.87210996715,NaN,NaN,NaN,NaN,0
1754285400,55700,55819.4,55695,55797.8,55815.090929325306,NaN,NaN,NaN,NaN,0
1754286300,55795,55850,55777.4,55816.8,55810.6486815664,NaN,NaN,NaN,NaN,0
1754287200,55816.8,55853.4,55770.6,55828.2,55808.65188768938,NaN,NaN,NaN,NaN,0
1754288100,55828.2,55892.4,55818.6,55876,55812.12844566619,NaN,NaN,NaN,NaN,0
1754289000,55882.6,55900,55825,55875.2,55816.43578937533,NaN,NaN,NaN,NaN,0
1754289900,55860.2,55879.2,55836,55871.8,55820.946362631046,NaN,NaN,NaN,NaN,0
1754290800,55872,55922.8,55860,55870,55825.63401108014,NaN,NaN,NaN,NaN,0
1754291700,55875.2,55880,55824.8,55845,55828.11426975122,NaN,NaN,NaN,NaN,0
1754292600,55848.8,55894.8,55828,55842.4,55830.3796740917,NaN,NaN,NaN,NaN,0
1754293500,55842.4,55868,55752,55775.6,55826.35191538748,NaN,NaN,NaN,NaN,0
1754294400,55780,55824.8,55778.2,55824.8,55826.64957975379,NaN,NaN,NaN,NaN,0
1754295300,55824,55900,55824,55852,55829.22936035391,NaN,NaN,NaN,NaN,0
1754296200,55852,55874.2,55790.2,55840,55830.621762403076,NaN,NaN,NaN,NaN,0
1754297100,55835.4,55853.6,55823,55829.6,55830.97460735412,NaN,NaN,NaN,NaN,0
1754298000,55828,55904.4,55811.8,55825,55830.724280626746,NaN,NaN,NaN,NaN,0
1754298900,55825,55875,55825,55859.4,55833.54795944968,NaN,NaN,NaN,NaN,0
1754299800,55850,55868.8,55823.4,55838.6,55834.37375153705,NaN,NaN,NaN,NaN,0
1754300700,55838.8,55900.4,55838.4,55895.6,55840.2933535777,NaN,NaN,NaN,NaN,0
1754365500,55879.2,55900,55621.4,55780,55835.65452387981,NaN,NaN,NaN,NaN,0
1754366400,55779.2,55779.6,55684.6,55684.6,55822.116856627974,NaN,55779.6,NaN,NaN,0
1754367300,55680,55724.8,55630,55669.2,55807.0385848083,NaN,NaN,NaN,NaN,0
1754368200,55658.6,55718,55640,55679.4,55793.42363055092,NaN,NaN,NaN,NaN,0
1754369100,55676.4,55713.8,55660.2,55664.2,55778.89941801669,NaN,NaN,NaN,NaN,0
1754370000,55665.4,55674,55594,55633.4,55762.202972586376,NaN,NaN,NaN,NaN,0
1754370900,55633.4,55654.2,55614.6,55624.8,55745.53690312282,NaN,NaN,NaN,55614.6,0
1754371800,55623.8,55649.8,55567,55640.2,55731.28682501564,NaN,NaN,NaN,NaN,0
1754372700,55647.6,55675.2,55614.8,55659.6,55720.12633263849,NaN,NaN,NaN,NaN,0
1754373600,55653.8,55659.6,55611,55650,55709.18838866019,NaN,NaN,NaN,NaN,0
1754374500,55659.6,55660,55612.6,55620,55696.7402810073,NaN,NaN,NaN,NaN,0
1754375400,55621,55723,55621,55700.2,55692.83391319779,NaN,NaN,NaN,NaN,0
1754376300,55700,55720.2,55681.2,55710,55690.9298853044,NaN,NaN,NaN,NaN,0
1754377200,55709.8,55709.8,55650,55667.6,55686.17635291317,NaN,NaN,NaN,NaN,0
1754378100,55664.4,55666.8,55604.2,55623.4,55678.256967372115,NaN,NaN,NaN,NaN,0
1754379000,55625.8,55632.8,55580.8,55586.8,55667.76802172151,NaN,NaN,NaN,NaN,0
1754379900,55584.4,55584.4,55478.8,55490.4,55649.25355495568,NaN,55584.4,NaN,NaN,0
1754380800,55500,55506.8,55410.6,55434,55626.393363237534,NaN,NaN,NaN,NaN,0
1754381700,55445.2,55485.2,55418,55456.8,55606.66244918339,NaN,NaN,NaN,NaN,0
1754382600,55460.8,55471.8,55390.8,55430,55585.56162002095,NaN,NaN,NaN,NaN,0
1754383500,55430,55474.2,55412.6,55473.4,55569.69721188213,NaN,NaN,NaN,NaN,0
1754384400,55473.8,55518,55449,55482.4,55556.10234788748,NaN,NaN,NaN,55449,0
1754385300,55482.8,55494.8,55449,55473.4,55543.164367053774,NaN,NaN,NaN,NaN,0
1754386200,55489.6,55575,55471,55562,55539.76597264497,NaN,NaN,NaN,NaN,0
1754387100,55563.4,55572.2,55516.4,55551,55536.67670502828,NaN,NaN,NaN,NaN,0
1754451900,55551,55666.6,55465.2,55645.8,55543.43752881677,NaN,NaN,NaN,NaN,0
1754452800,55654.8,55660.4,55581.2,55590,55545.954678189206,NaN,NaN,NaN,NaN,0
1754453700,55597.6,55624.2,55557.8,55620,55551.99338899439,NaN,NaN,NaN,NaN,0
1754454600,55621,55695,55430.8,55530,55550.29988674739,NaN,NaN,NaN,NaN,0
1754455500,55525,55683.2,55507.4,55561,55551.60286075684,NaN,NaN,NaN,NaN,0
1754456400,55562.2,55600,55434.8,55461.6,55543.87683972849,NaN,NaN,NaN,NaN,0
1754457300,55460.4,55491.2,55414.8,55442.6,55534.46665535954,NaN,NaN,NaN,NaN,0
1754458200,55435,55470,55407.2,55453.8,55526.22960621886,NaN,NaN,NaN,NaN,0
1754459100,55437.8,55482.8,55418.2,55474.2,55520.07783579982,NaN,NaN,NaN,NaN,0
1754460000,55479.6,55487.2,55425.4,55484.4,55515.140043126106,NaN,NaN,NaN,NaN,0
1754460900,55488,55550,55459.6,55500.4,55512.006443674356,NaN,NaN,NaN,NaN,0
1754461800,55504,55548.2,55489,55525.2,55511.54985401005,NaN,NaN,NaN,NaN,0
1754462700,55535,55640.2,55524.8,55588,55517.24137821214,NaN,NaN,NaN,NaN,0
1754463600,55600.6,55648,55562.6,55589.8,55523.28294864575,NaN,NaN,NaN,NaN,0
1754464500,55590,55601,55529,55600,55530.40529083305,NaN,NaN,NaN,NaN,0
1754465400,55600,55652.8,55600,55638.6,55541.10883870162,NaN,NaN,NaN,NaN,0
1754466300,55639.4,55690,55612.6,55680,55555.45928538773,NaN,NaN,NaN,NaN,0
1754467200,55690,55749,55654.2,55701,55571.36095561092,55654.2,NaN,NaN,NaN,0
1754468100,55701,55711.8,55660,55665.2,55583.47255150855,NaN,NaN,NaN,NaN,0
1754469000,55665.6,55679.6,55595,55617,55590.412322084645,NaN,NaN,NaN,NaN,0
1754469900,55616.2,55669,55585,55587.8,55593.731924620806,NaN,NaN,NaN,NaN,0
1754470800,55585.2,55587.8,55506.2,55542.2,55592.03437935208,NaN,NaN,NaN,NaN,0
1754471700,55549.8,55589.4,55521,55553.6,55590.53802139687,NaN,NaN,55589.4,NaN,0
1754472600,55555,55588,55522.8,55569.8,55589.89736605864,NaN,NaN,NaN,NaN,0
1754473500,55555,55617,55555,55570,55588.826979082456,NaN,NaN,NaN,NaN,0
1754474400,55570,55570,55570,55570,55587.32003806604,NaN,NaN,NaN,NaN,0
1754538300,55490,55503.2,55405.6,55480,55577.44211516093,NaN,55503.2,NaN,NaN,0
1754539200,55481.8,55498,55411.2,55425,55562.41748740922,NaN,NaN,NaN,NaN,0
1754540100,55425,55477.4,55409.4,55415,55546.80929102083,NaN,NaN,NaN,NaN,0
1754541000,55412,55421.4,55352.2,55373.4,55527.872326858895,NaN,NaN,NaN,NaN,0
1754541900,55373.4,55405.2,55311.6,55311.6,55504.17877366106,NaN,NaN,NaN,NaN,0
1754542800,55301.2,55324.8,55268,55294.2,55479.884137355104,NaN,NaN,NaN,55268,0
1754543700,55300,55329.6,55269,55317.8,55459.183257540746,NaN,NaN,NaN,NaN,0
1754544600,55324.8,55330,55275.4,55294,55437.84495922457,NaN,NaN,NaN,NaN,0
1754545500,55298.2,55335,55295,55320,55420.52428887112,NaN,NaN,NaN,NaN,0
1754546400,55316,55360,55296.2,55307.8,55403.820216508975,NaN,NaN,NaN,NaN,0
1754547300,55307.8,55321.6,55291.2,55320,55389.99411969256,NaN,NaN,NaN,NaN,0
1754548200,55315,55376,55315,55370.4,55382.48881638437,NaN,NaN,NaN,NaN,0
1754549100,55375,55376,55330,55354.6,55375.13798767891,NaN,NaN,NaN,NaN,0
1754550000,55346.4,55350,55311.4,55335,55367.37562153434,NaN,NaN,NaN,NaN,0
1754550900,55335.2,55344.6,55305,55340.2,55361.38366045344,NaN,NaN,NaN,NaN,0
1754551800,55340,55340,55290,55309.4,55353.700001133635,NaN,NaN,NaN,NaN,0
1754552700,55303.8,55314.6,55182,55188.6,55335.93915581583,NaN,55314.6,NaN,NaN,0
1754553600,55194.8,55211,55151,55187,55318.94625308463,NaN,NaN,NaN,NaN,0
1754554500,55186.2,55254.6,55180,55224,55306.33904444549,NaN,NaN,NaN,NaN,0
1754555400,55236,55330.6,55230,55325,55304.06302123999,NaN,NaN,NaN,NaN,0
1754556300,55329.8,55476,55329.8,55435,55312.87299287915,55329.8,NaN,NaN,55329.8,0
1754557200,55432.4,55534.8,55422.2,55512.8,55329.570413177404,NaN,NaN,NaN,NaN,0
1754558100,55529.8,55573.2,55480,55567,55351.66008608614,NaN,NaN,NaN,NaN,0
1754559000,55575,55780,55568.4,55737.2,55389.20402679626,NaN,NaN,NaN,NaN,0
1754559900,55735.2,55841.6,55725.8,55811,55432.85645675698,NaN,NaN,NaN,NaN,0
1754624700,55799.8,55799.8,55580,55581,55454.273742342586,NaN,NaN,55799.8,NaN,0
1754625600,55580.4,55640,55556,55565.2,55472.51639482772,NaN,NaN,NaN,NaN,0
1754626500,55565,55584,55511,55511.8,55484.07468306415,NaN,NaN,NaN,NaN,0
1754627400,55512,55531.2,55411.4,55450,55488.07222589987,NaN,NaN,NaN,NaN,0
1754628300,55449.8,55526.6,55416.8,55472.8,55492.28483917834,NaN,NaN,NaN,NaN,0
1754629200,55459.4,55462.6,55400,55421.2,55490.1947446262,NaN,NaN,NaN,NaN,0
1754630100,55420,55437,55358.6,55376.2,55482.70844509277,NaN,NaN,NaN,NaN,0
1754631000,55375.2,55433.6,55350,55401.6,55476.55046825979,NaN,NaN,NaN,NaN,0
1754631900,55416.2,55423.2,55360,55360,55465.94028185143,NaN,NaN,NaN,NaN,0
1754632800,55360,55367.8,55300,55322.8,55451.707407893235,NaN,NaN,NaN,NaN,0
1754633700,55327,55371.6,55318,55333,55438.47479168022,NaN,NaN,NaN,NaN,0
1754634600,55334,55344.2,55274,55323,55424.78391354742,NaN,NaN,NaN,NaN,0
1754635500,55323,55385.8,55298.6,55385.8,55417.49857280056,NaN,NaN,NaN,NaN,0
1754636400,55385,55412.8,55351.4,55391.6,55411.531585467914,NaN,NaN,NaN,NaN,0
1754637300,55382,55474,55371.6,55402.2,55407.456733416075,NaN,NaN,NaN,NaN,0
1754638200,55412.6,55419,55303.4,55317,55396.51288259737,NaN,NaN,NaN,NaN,0
1754639100,55327.2,55379,55262.8,55275,55382.5910630508,NaN,NaN,NaN,NaN,0
1754640000,55272,55390.8,55250,55380,55379.19090548142,NaN,NaN,NaN,NaN,0
1754640900,55378,55379.8,55304.8,55317.8,55371.15159802714,NaN,NaN,NaN,NaN,0
1754641800,55319.6,55371.8,55265.6,55311.8,55363.3521047489,NaN,NaN,NaN,NaN,0
1754642700,55310.2,55358,55270.2,55297,55354.92061587049,NaN,NaN,NaN,NaN,0
1754643600,55287.2,55375,55280.2,55355.4,55352.446055431625,NaN,NaN,NaN,NaN,0
1754644500,55349,55367.2,55300,55305.4,55346.003646127734,NaN,NaN,NaN,NaN,0
1754645400,55319.2,55319.2,55105,55150,55325.978970400785,NaN,55319.2,NaN,NaN,0
1754646300,55159.6,55197.6,55070,55086,55300.82055539104,NaN,NaN,NaN,NaN,0
1754647200,55071,55071,55071,55071,55275.078067500835,NaN,NaN,NaN,NaN,0
1754883900,55150.2,55351,55079.8,55326,55273.78078480923,NaN,NaN,NaN,NaN,0
1754884800,55332.8,55388,55242.2,55308.2,55272.484976088264,NaN,NaN,NaN,NaN,0
1754885700,55303.8,55317.8,55189,55257.6,55267.70231553186,NaN,NaN,NaN,55189,0
1754886600,55265.4,55369,55265.4,55368,55274.02337012744,NaN,NaN,NaN,NaN,0
1754887500,55366.6,55440,55353,55435,55287.29695287812,NaN,NaN,NaN,NaN,0
1754888400,55445.4,55470,55420,55430.6,55300.573462182416,NaN,NaN,NaN,NaN,0
1754889300,55430,55450,55405,55427.6,55313.731435868605,NaN,NaN,NaN,NaN,0
1754890200,55431,55448.8,55354.4,55385,55322.823724578906,NaN,NaN,NaN,NaN,0
1754891100,55385,55455,55355,55418,55334.40839468223,NaN,NaN,NaN,NaN,0
1754892000,55429.6,55450,55333,55344.6,55338.69747455177,NaN,NaN,NaN,NaN,0
1754892900,55335.4,55349,55300,55332.8,55341.19368083172,NaN,NaN,NaN,NaN,0
1754893800,55321.6,55359.2,55279.6,55321,55341.84315743023,NaN,NaN,NaN,NaN,0
1754894700,55320.4,55361,55305,55339.8,55343.53640920946,NaN,NaN,NaN,NaN,0
1754895600,55342.6,55385.2,55303.2,55385.2,55348.69980864544,NaN,NaN,NaN,NaN,0
1754896500,55383.8,55420,55375,55414.8,55356.04388205877,NaN,NaN,NaN,NaN,0
1754897400,55415,55463.2,55361.4,55393.8,55360.96395334161,NaN,NaN,NaN,NaN,0
1754898300,55394.6,55411,55360,55395,55365.61576124771,NaN,NaN,NaN,NaN,0
1754899200,55398,55480,55396.8,55465,55376.2211987858,NaN,NaN,NaN,NaN,0
1754900100,55465,55499.8,55424.6,55489,55388.3731639786,NaN,NaN,NaN,NaN,0
1754901000,55491.2,55537,55491.2,55522,55403.044902711044,NaN,NaN,NaN,NaN,0
1754901900,55535,55549,55500,55530,55417.74898206335,NaN,NaN,NaN,NaN,0
1754902800,55534.2,55590,55483.4,55510,55429.81090173277,55483.4,NaN,NaN,NaN,0
1754903700,55500.6,55535,55498.2,55526.6,55442.374444402514,NaN,NaN,NaN,NaN,0
1754904600,55535,55589,55523,55552.8,55456.397038371164,NaN,NaN,NaN,NaN,0
1754905500,55545.2,55565,55499.2,55519,55466.45328206753,NaN,NaN,NaN,NaN,0
1754906400,55525,55525,55525,55525,55475.98596411963,NaN,NaN,NaN,NaN,0
1754970300,55500,55575,55400,55563,55487.86276867491,NaN,NaN,55575,NaN,0
1754971200,55564,55590,55522.2,55585,55500.31164806852,NaN,NaN,NaN,NaN,0
1754972100,55587,55675,55571.8,55671,55519.577272608,NaN,NaN,NaN,NaN,0
1754973000,55671,55698,55575.2,55587,55530.12493712143,NaN,NaN,NaN,NaN,0
1754973900,55593,55619,55467.2,55484.8,55530.03517340919,NaN,NaN,NaN,NaN,0
1754974800,55480,55510,55371.2,55445,55525.19221901033,NaN,55510,NaN,NaN,0
1754975700,55442,55472.4,55415.2,55422.6,55517.51021357374,NaN,NaN,NaN,NaN,0
1754976600,55422.6,55422.6,55374,55388,55506.13995826877,NaN,NaN,NaN,NaN,0
1754977500,55383,55470,55371,55402.2,55495.877025251386,NaN,NaN,NaN,NaN,0
1754978400,55400,55444,55395.4,55410.6,55486.37670572561,NaN,NaN,NaN,NaN,0
1754979300,55417,55452,55383.2,55452,55481.02808493886,NaN,NaN,NaN,55383.2,0
1754980200,55452,55475.6,55416.8,55475.2,55478.23426952498,NaN,NaN,NaN,NaN,0
1754981100,55461,55540,55453.8,55493.6,55477.626161544715,NaN,NaN,NaN,NaN,0
1754982000,55515,55581.8,55509.4,55558.4,55483.39429010874,NaN,NaN,NaN,NaN,0
1754982900,55558.6,55572,55498.2,55510,55485.09823913052,NaN,NaN,NaN,NaN,0
1754983800,55500,55548,55497.2,55500,55486.14585289353,NaN,NaN,NaN,NaN,0
1754984700,55492.2,55492.2,55403,55435.6,55481.5532769919,NaN,NaN,NaN,NaN,0
1754985600,55430,55446.6,55381.6,55390.6,55473.01503030347,NaN,NaN,NaN,NaN,0
1754986500,55403.4,55475,55383,55469.8,55471.81506935651,NaN,NaN,NaN,NaN,0
1754987400,55469.8,55470,55350,55360.2,55460.83927879476,NaN,NaN,NaN,NaN,0
1754988300,55342,55381.8,55289,55374.4,55451.41523193152,NaN,55381.8,NaN,NaN,0
1754989200,55361.8,55375,55310,55313.6,55436.85417221975,NaN,NaN,NaN,NaN,0
1754990100,55313.8,55345.6,55293,55305.2,55422.10327462386,NaN,NaN,NaN,NaN,0
1754991000,55312.8,55328.6,55255.4,55288.8,55406.54749867797,NaN,NaN,NaN,NaN,0
1754991900,55305,55330,55260,55260.2,55389.22563124714,NaN,NaN,NaN,NaN,0
1755056700,55450.2,55490.4,55360,55394.8,55385.255799321756,NaN,NaN,NaN,55360,0
1755057600,55381.4,55475,55371,55422,55384.82844136941,NaN,NaN,NaN,NaN,0
1755058500,55430,55470,55415,55452.8,55388.12538438738,NaN,NaN,NaN,NaN,0
1755059400,55452.8,55468.8,55374,55374,55385.00601302953,NaN,NaN,NaN,NaN,0
1755060300,55374,55398,55327,55394.2,55384.264006223195,NaN,NaN,NaN,NaN,0
1755061200,55387,55394,55301,55312,55376.67439773658,NaN,NaN,NaN,NaN,0
1755062100,55310,55380,55285.8,55370,55374.943192663406,NaN,NaN,NaN,NaN,0
1755063000,55370,55414,55350,55379,55374.453358257226,NaN,NaN,NaN,NaN,0
1755063900,55372.6,55413.6,55313.8,55316,55368.53145403868,NaN,NaN,NaN,NaN,0
1755064800,55319.8,55375,55300.2,55308,55362.17560371056,NaN,NaN,NaN,NaN,0
1755065700,55310.2,55356.6,55280,55296.2,55355.00367335032,NaN,NaN,NaN,NaN,0
1755066600,55285,55355.6,55270,55349,55352.969909998144,NaN,NaN,NaN,NaN,0
1755067500,55343.8,55394.6,55321.6,55374.4,55353.55795092335,NaN,NaN,NaN,NaN,0
1755068400,55380,55424,55372.8,55424,55358.966798619236,NaN,NaN,NaN,NaN,0
1755069300,55425,55450,55406.6,55426.2,55364.78521898534,NaN,NaN,NaN,NaN,0
1755070200,55435,55463.6,55400,55405,55368.68772703304,NaN,NaN,NaN,NaN,0
1755071100,55423.2,55429.2,55350,55368.6,55369.325693520994,NaN,NaN,NaN,NaN,0
1755072000,55365.6,55409,55359,55400,55372.749792638024,NaN,NaN,NaN,NaN,0
1755072900,55410,55473.4,55399,55470.4,55382.531532839064,NaN,NaN,NaN,NaN,0
1755073800,55471.6,55489,55445,55468.6,55391.9409891523,NaN,NaN,NaN,NaN,0
1755074700,55473,55479,55411.4,55439.2,55398.1637339348,NaN,NaN,NaN,NaN,0
1755075600,55437.4,55474,55430.2,55459.6,55405.90944694178,NaN,NaN,NaN,NaN,0
1755076500,55465,55475,55430,55462.6,55413.3477572415,NaN,NaN,NaN,NaN,0
1755077400,55461.2,55466.4,55416,55416,55416.005150086006,NaN,NaN,NaN,NaN,0
1755078300,55415.8,55446,55415.8,55422,55418.600499734035,NaN,NaN,NaN,NaN,0
1755079200,55422.2,55422.2,55422.2,55422.2,55420.667671780546,NaN,NaN,NaN,NaN,0
1755143100,55417.8,55460.4,55353,55455.8,55425.32622320871,NaN,NaN,NaN,NaN,0
1755144000,55460,55560,55425,55560,55438.85146236574,55425,NaN,NaN,NaN,0
1755144900,55557.8,55588,55500.2,55511,55447.39881425432,NaN,NaN,NaN,NaN,0
1755145800,55502,55538.2,55499,55521.2,55456.28160080915,NaN,NaN,NaN,NaN,0
1755146700,55530,55624,55513,55570,55469.11269083471,NaN,NaN,NaN,NaN,0
1755147600,55570.8,55579,55540,55544.2,55478.86605199102,NaN,NaN,NaN,NaN,0
1755148500,55545.2,55558.2,55465,55496,55483.55686157398,NaN,NaN,55558.2,NaN,0
1755149400,55498.6,55524,55460,55467.8,55484.81001967826,NaN,NaN,NaN,NaN,0
1755150300,55466.8,55520,55463.8,55479.4,55486.406121655506,NaN,NaN,NaN,NaN,0
1755151200,55468.4,55490,55420.6,55449,55484.70455067906,NaN,NaN,NaN,NaN,0
1755152100,55458.6,55477.4,55413.2,55468,55484.24286308941,NaN,NaN,NaN,NaN,0
1755153000,55475,55508.8,55461,55492,55485.610787928796,NaN,NaN,NaN,NaN,0
1755153900,55498,55549,55498,55541,55491.09950227945,NaN,NaN,NaN,NaN,0
1755154800,55522,55544.8,55510,55524,55494.772572687325,NaN,NaN,NaN,NaN,0
1755155700,55505,55583,55502,55582,55503.44230421311,NaN,NaN,NaN,NaN,0
1755156600,55583,55593,55547.4,55559.6,55509.80928065168,NaN,NaN,NaN,NaN,0
1755157500,55549.6,55578,55475,55480,55508.61664323347,NaN,NaN,NaN,NaN,0
1755158400,55481.2,55528.8,55480,55524.6,55511.207376256156,NaN,NaN,NaN,NaN,0
1755159300,55510.8,55529.8,55495,55519,55512.94805224877,NaN,NaN,NaN,NaN,0
1755160200,55517.8,55529,55481.4,55500,55512.593566522424,NaN,NaN,NaN,NaN,0
1755161100,55500,55500,55435.6,55472.2,55509.48581238875,NaN,NaN,NaN,NaN,0
1755162000,55479,55541.8,55431,55495.6,55508.3945443457,NaN,NaN,NaN,NaN,0
1755162900,55515,55580.8,55514,55561.6,55513.20537555849,NaN,NaN,NaN,NaN,0
1755163800,55558.4,55568,55500.6,55518,55513.95746471362,NaN,NaN,NaN,NaN,0
1755164700,55506.8,55519,55455.4,55476,55510.84268792232,NaN,NaN,NaN,NaN,0
1755165600,55479,55479,55476,55476,55507.654762943974,NaN,NaN,NaN,NaN,0
1755488700,56000,56203.6,55950,56190,55569.57419611483,55950,NaN,NaN,NaN,0
1755489600,56195.8,56225,56130.8,56200,55631.92715270064,NaN,NaN,NaN,NaN,0
1755490500,56200,56245,56169.4,56204,55693.14931110394,NaN,NaN,NaN,NaN,0
1755491400,56202,56225,56116.6,56118.4,55744.404582628245,NaN,NaN,NaN,NaN,0
1755492300,56126,56198,56110.4,56137.2,55794.40374976189,NaN,NaN,NaN,NaN,0
1755493200,56138,56173.2,56117.4,56150.2,55842.04309355616,NaN,NaN,56173.2,NaN,0
1755494100,56156,56156,56063.4,56089,55880.26533821208,NaN,NaN,NaN,NaN,0
1755495000,56089,56114.8,56017.4,56046,55910.54429369894,NaN,NaN,NaN,NaN,0
1755495900,56045,56120,56040,56095,55941.25042806092,NaN,NaN,NaN,NaN,0
1755496800,56095,56095,56033.4,56069.6,55965.689871471885,NaN,NaN,NaN,NaN,0
1755497700,56061.4,56080.8,56001.2,56015,55981.48698434852,NaN,NaN,NaN,NaN,0
1755498600,56003,56029.8,55806,55806,55974.853652254096,NaN,56029.8,NaN,NaN,0
1755499500,55806,55849.6,55720,55834.8,55968.05962519129,NaN,NaN,NaN,NaN,0
1755500400,55827.8,55839.8,55752,55835,55959.19140475675,NaN,NaN,NaN,NaN,0
1755501300,55835,55904.8,55825,55890,55954.002604385685,NaN,NaN,NaN,NaN,0
1755502200,55878.8,55906,55851,55898.2,55948.68590973487,NaN,NaN,NaN,NaN,0
1755503100,55891,55900,55832,55856.8,55939.26683006257,NaN,NaN,NaN,55832,0
1755504000,55852,55890,55822,55857.8,55930.04144035414,NaN,NaN,NaN,NaN,0
1755504900,55868.8,55868.8,55810,55835.2,55918.99100661734,NaN,NaN,NaN,NaN,0
1755505800,55838.2,55876,55801,55860,55910.75591199721,NaN,NaN,NaN,NaN,0
1755506700,55853,55894.6,55850.4,55880.8,55905.14959263245,NaN,NaN,NaN,NaN,0
1755507600,55881.4,55920,55870,55875.8,55899.89036442753,NaN,NaN,NaN,NaN,0
1755508500,55875.6,55913,55863.8,55913,55898.757174722225,NaN,NaN,NaN,NaN,0
1755509400,55900,55900,55831,55849.6,55892.47283215269,NaN,NaN,NaN,NaN,0
1755510300,55850,55880,55845.2,55870,55888.764824461956,NaN,NaN,NaN,NaN,0
1755575100,55789.8,55913.8,55784,55825,55881.6025207085,NaN,NaN,NaN,NaN,0
1755576000,55825,55847.8,55760.8,55789.6,55871.75847341216,NaN,NaN,NaN,NaN,0
1755576900,55789.6,55853.8,55770,55831.2,55865.38883447079,NaN,NaN,NaN,NaN,0
1755577800,55817.2,55850,55748.8,55823.2,55859.04517922532,NaN,NaN,NaN,NaN,0
1755578700,55825.2,55868,55805.4,55822,55853.29856611984,NaN,NaN,NaN,NaN,0
1755579600,55824.8,55855,55800,55855,55851.33025402977,NaN,NaN,NaN,NaN,0
1755580500,55855,55888.8,55840,55865.6,55850.87609465981,NaN,NaN,NaN,NaN,0
1755581400,55875,55917.6,55874.8,55905,55854.480487807006,NaN,NaN,NaN,NaN,0
1755582300,55902,55938,55888,55938,55861.52718380005,NaN,NaN,NaN,NaN,0
1755583200,55937.8,55961.8,55928.4,55931,55868.1567352962,NaN,NaN,NaN,NaN,0
1755584100,55933.6,55970,55930.2,55960,55877.351581218645,NaN,NaN,NaN,NaN,0
1755585000,55968.4,56008.4,55954.6,56008,55890.780939952354,NaN,NaN,NaN,NaN,0
1755585900,56008,56047,56000.2,56015,55904.53462001453,NaN,NaN,NaN,NaN,0
1755586800,56020,56042,55978,55991.6,55915.81045037737,NaN,NaN,NaN,NaN,0
1755587700,55988.4,56020,55953.2,56000,55927.003937538335,NaN,NaN,NaN,NaN,0
1755588600,56000,56012.4,55976.4,56005,55937.75796187653,NaN,NaN,NaN,NaN,0
1755589500,56005.6,56029,55975,55983,55945.4790740494,NaN,NaN,NaN,NaN,0
1755590400,55983.8,55996.6,55925,55960.6,55950.18770511284,NaN,NaN,NaN,NaN,0
1755591300,55960.6,55965.8,55902,55917,55950.05849026746,NaN,NaN,NaN,NaN,0
1755592200,55915,55931.8,55884.2,55905.8,55948.097331365745,NaN,NaN,NaN,NaN,0
1755593100,55907.2,55988,55900,55983,55952.565081072185,NaN,NaN,NaN,NaN,0
1755594000,55975.2,56008.2,55963.8,55972.2,55955.50001162477,NaN,NaN,NaN,NaN,0
1755594900,55968.8,55989,55938.6,55984,55959.049758515495,NaN,NaN,NaN,NaN,0
1755595800,55973.6,55988,55952,55965.2,55960.5257823345,NaN,NaN,NaN,NaN,0
1755596700,55974.8,55985,55941,55945.6,55959.85902089369,NaN,NaN,NaN,NaN,0
1755597600,55960,55960,55960,55960,55960.35853507679,NaN,NaN,NaN,NaN,0
1755661500,55735,55904.8,55735,55763.2,55942.71188150586,NaN,55904.8,NaN,NaN,0
1755662400,55763.2,55823.8,55744,55817,55930.04235974707,NaN,NaN,NaN,NaN,0
1755663300,55820,55830,55701.6,55788,55915.046771524285,NaN,NaN,NaN,NaN,0
1755664200,55788,55816.2,55755.2,55810,55902.49818843293,NaN,NaN,NaN,NaN,0
1755665100,55813,55830,55780.2,55804.6,55890.16971745326,NaN,NaN,NaN,NaN,0
1755666000,55805,55819,55765.8,55802.6,55878.50364945776,NaN,NaN,NaN,55765.8,0
1755666900,55802.6,55805,55754.8,55756.4,55863.532767075754,NaN,NaN,NaN,NaN,0
1755667800,55754.6,55816.2,55726,55814.6,55854.90972764896,NaN,NaN,NaN,NaN,0
1755668700,55805.2,55817,55776,55792,55845.27978982318,NaN,NaN,NaN,NaN,0
1755669600,55792,55799,55753.6,55771,55834.78952958125,NaN,NaN,NaN,NaN,0
1755670500,55778.8,55808,55753,55796.8,55827.744713669985,NaN,NaN,NaN,NaN,0
1755671400,55794.8,55816,55778,55802,55822.17134820091,NaN,NaN,NaN,NaN,0
1755672300,55802,55838,55792.2,55824.6,55819.55160257511,NaN,NaN,NaN,NaN,0
1755673200,55822.6,55847.8,55800,55806.2,55816.08978045159,NaN,NaN,NaN,NaN,0
1755674100,55805.4,55845,55800,55842.8,55816.70999597344,NaN,NaN,NaN,NaN,0
1755675000,55845,55868,55813.8,55834.6,55817.14192777898,NaN,NaN,NaN,NaN,0
1755675900,55825,55849.2,55780.6,55785.8,55813.54072469622,NaN,NaN,NaN,NaN,0
1755676800,55786,55825.6,55786,55811,55812.59271346697,NaN,NaN,NaN,NaN,0
1755677700,55810,55847.6,55810,55835,55814.11939275418,NaN,NaN,NaN,NaN,0
1755678600,55834.4,55894,55831,55869.8,55819.04311369333,NaN,NaN,NaN,NaN,0
1755679500,55878.8,55880.6,55816,55831.8,55820.565771587964,NaN,NaN,NaN,NaN,0
1755680400,55832.8,55850,55796.6,55835.2,55822.26177685795,NaN,NaN,NaN,NaN,0
1755681300,55835,55850,55811.8,55832.6,55823.66660262338,NaN,NaN,NaN,NaN,0
1755682200,55834,55838.8,55803,55811.2,55822.99748213216,NaN,NaN,NaN,NaN,0
1755683100,55814.6,55830,55800,55803.6,55821.54733180877,NaN,NaN,NaN,NaN,0
1755747900,55921.2,55954.8,55850.2,55883,55827.268649388556,55850.2,NaN,NaN,NaN,0
1755748800,55883,55914.8,55843,55878.6,55832.45424697193,NaN,NaN,NaN,NaN,0
1755749700,55873,56000,55861.6,55994.2,55848.24443548109,NaN,NaN,NaN,NaN,0
1755750600,56004,56094.8,55993.8,56044.2,55868.15601370511,NaN,NaN,NaN,NaN,0
1755751500,56049.6,56066,56030,56038.6,55887.00459392942,NaN,NaN,NaN,NaN,0
1755752400,56041.8,56085,56032.4,56049.2,55905.952059563446,NaN,NaN,56085,NaN,0
1755753300,56061.8,56070,56023.6,56044.8,55923.458844540146,NaN,NaN,NaN,NaN,0
1755754200,56048.8,56067.6,56020,56038,55939.12592993297,NaN,NaN,NaN,NaN,0
1755755100,56038.2,56074,56017.2,56020,55951.868569565224,NaN,NaN,NaN,NaN,0
1755756000,56010,56023,55978.6,56009,55962.133326727715,NaN,NaN,NaN,NaN,0
1755756900,56009,56010.2,55950.4,55960,55966.59082811027,NaN,NaN,NaN,NaN,0
1755757800,55956.4,55978.8,55943,55946,55968.52227694474,NaN,NaN,NaN,NaN,0
1755758700,55945,55950,55905.6,55917.8,55966.74255166981,NaN,NaN,NaN,NaN,0
1755759600,55917.8,55972.2,55905.6,55960,55967.922425947516,NaN,NaN,NaN,NaN,0
1755760500,55960,55984.8,55945.6,55964.6,55968.82196599188,NaN,NaN,NaN,NaN,0
1755761400,55964.6,55979.8,55952.4,55970,55969.73501690916,NaN,NaN,NaN,NaN,0
1755762300,55970,55972.4,55910,55930.6,55966.641489183035,NaN,NaN,NaN,NaN,0
1755763200,55930.6,55942,55853,55895.2,55960.112486865146,NaN,55942,NaN,NaN,0
1755764100,55900,55963.8,55892.8,55959,55959.40829310692,NaN,NaN,NaN,NaN,0
1755765000,55960,55986,55950,55986,55961.18945894372,NaN,NaN,NaN,NaN,0
1755765900,55988,56014.8,55981.4,55999,55964.21941647202,NaN,NaN,NaN,NaN,0
1755766800,56000,56006.8,55950,55960,55963.7286577085,NaN,NaN,NaN,NaN,0
1755767700,55965,55974.8,55938.2,55974.8,55964.70197461752,NaN,NaN,NaN,55938.2,0
1755768600,55974.2,55975,55893.8,55896.2,55958.547786124436,NaN,NaN,NaN,NaN,0
1755769500,55900.8,55918.8,55830.6,55843,55947.61947622816,NaN,NaN,NaN,NaN,0
1755770400,55841.6,55841.6,55841.6,55841.6,55936.781439184466,NaN,NaN,NaN,NaN,0
1755834300,55799.6,55821.6,55648,55648.6,55908.690838530325,NaN,55821.6,NaN,NaN,0
1755835200,55627,55646.8,55556.6,55600.6,55876.73319871886,NaN,NaN,NaN,NaN,0
1755836100,55600,55625,55500,55500,55836.655401166165,NaN,NaN,NaN,NaN,0
1755837000,55504.4,55505,55412,55470.2,55795.23417800225,NaN,NaN,NaN,NaN,0
1755837900,55472,55472,55380,55434.6,55752.54871037261,NaN,NaN,NaN,NaN,0
1755838800,55432,55454.8,55370,55399.4,55709.16461816128,NaN,NaN,NaN,55370,0
1755839700,55399.4,55436,55385,55436,55671.99866052253,NaN,NaN,NaN,NaN,0
1755840600,55435,55460.6,55387,55430,55637.46689111915,NaN,NaN,NaN,NaN,0
1755841500,55427.4,55465,55366,55450,55608.08372757596,NaN,NaN,NaN,NaN,0
1755842400,55454.6,55470,55439.2,55463,55583.247243018275,NaN,NaN,NaN,NaN,0
1755843300,55459.6,55485.2,55444.8,55466,55561.93813148484,NaN,NaN,NaN,NaN,0
1755844200,55469.4,55470,55420.4,55420.4,55539.587436454094,NaN,NaN,NaN,NaN,0
1755845100,55420.4,55430,55388.6,55429.8,55520.945483418596,NaN,NaN,NaN,NaN,0
1755846000,55424.2,55448.2,55401.4,55437.6,55505.66237238876,NaN,NaN,NaN,NaN,0
1755846900,55437.2,55445,55403.4,55407,55489.890133442634,NaN,NaN,NaN,NaN,0
1755847800,55407,55426,55405,55416.2,55477.07261253746,NaN,NaN,NaN,NaN,0
1755848700,55414.4,55457,55405.4,55437,55468.039222504856,NaN,NaN,NaN,NaN,0
1755849600,55437,55465.2,55410,55445.2,55461.4572899315,NaN,NaN,NaN,NaN,0
1755850500,55454,55465,55422,55422,55454.20174979758,NaN,NaN,NaN,NaN,0
1755851400,55422.4,55431.2,55388,55391,55445.21541749521,NaN,NaN,NaN,NaN,0
1755852300,55390.2,55390.8,55236,55292.6,55428.26380903642,NaN,55390.8,NaN,NaN,0
1755853200,55291.2,55300,55225,55290,55412.062542264044,NaN,NaN,NaN,NaN,0
1755854100,55298,55340,55274.2,55316.6,55399.3820032023,NaN,NaN,NaN,NaN,0
1755855000,55312,55322.8,55265,55292.6,55385.557681048165,NaN,NaN,NaN,NaN,0
1755855900,55295,55299,55239.4,55260,55369.94678197816,NaN,NaN,NaN,NaN,0
1756093500,55368.8,55418,55202.4,55414.6,55369.61452321848,NaN,NaN,NaN,55202.4,0
1756094400,55415,55418,55341,55373.2,55366.56097857515,NaN,NaN,NaN,NaN,0
1756095300,55370.8,55374,55259.6,55264.6,55354.749418243664,NaN,NaN,NaN,NaN,0
1756096200,55264.6,55295,55168.2,55186.2,55336.65067110646,NaN,NaN,NaN,NaN,0
1756097100,55183,55279,55175,55225,55323.08639073232,NaN,55279,NaN,NaN,0
1756098000,55223.6,55260,55199.8,55213.6,55309.46393413415,NaN,NaN,NaN,NaN,0
1756098900,55206.8,55260,55206,55258.8,55301.00881010558,NaN,NaN,NaN,NaN,0
1756099800,55258.8,55293.8,55212,55240,55291.89565213907,NaN,NaN,NaN,NaN,0
1756100700,55240,55269.2,55231.6,55243.2,55284.01242877174,NaN,NaN,NaN,NaN,0
1756101600,55243.2,55277.2,55234.4,55274,55279.91069035314,NaN,NaN,NaN,55234.4,0
1756102500,55274,55325,55263,55300,55279.04691679173,NaN,NaN,NaN,NaN,0
1756103400,55300,55314.6,55281.8,55314.4,55280.25265101852,NaN,NaN,NaN,NaN,0
1756104300,55317.6,55344.4,55300,55329.8,55283.474648396754,NaN,NaN,NaN,NaN,0
1756105200,55322.6,55337,55297.4,55331.4,55287.33631100224,NaN,NaN,NaN,NaN,0
1756106100,55332.2,55345,55305.2,55319,55290.30080081681,NaN,NaN,NaN,NaN,0
1756107000,55319,55350,55318,55344.4,55295.66815434179,NaN,NaN,NaN,NaN,0
1756107900,55345.2,55345.2,55272.4,55285.8,55295.69100723037,NaN,NaN,NaN,NaN,0
1756108800,55285.8,55319.6,55276.6,55310.2,55297.79077954661,NaN,NaN,NaN,NaN,0
1756109700,55310,55335,55282.2,55321,55300.67851695738,NaN,NaN,NaN,NaN,0
1756110600,55322,55334.8,55301,55303.6,55301.763672353314,NaN,NaN,NaN,NaN,0
1756111500,55303.6,55330.4,55262.6,55262.8,55298.93577220853,NaN,NaN,NaN,NaN,0
1756112400,55266.4,55268,55220,55231.2,55293.07536674417,NaN,NaN,NaN,NaN,0
1756113300,55240,55333.6,55227.4,55314.4,55294.825079962095,NaN,NaN,NaN,NaN,0
1756114200,55318,55319,55230,55247.8,55290.447774158696,NaN,NaN,NaN,NaN,0
1756115100,55249.2,55267.2,55235.2,55235.2,55284.88573132587,NaN,NaN,NaN,NaN,0
1756116000,55235.2,55235.2,55235.2,55235.2,55279.46007278171,NaN,NaN,NaN,NaN,0
1756179900,55149.8,55149.8,54680.4,54716,55226.931480209896,NaN,55149.8,NaN,NaN,0
1756180800,54715,54730,54552.2,54598.4,55164.126074948734,NaN,NaN,NaN,NaN,0
1756181700,54590.2,54659.8,54590.2,54651.8,55107.784120613906,NaN,NaN,NaN,NaN,0
1756182600,54650.2,54689.8,54625.2,54655,55054.22185807979,NaN,NaN,NaN,NaN,0
1756183500,54641.2,54685.4,54619.2,54657.8,55004.00544728174,NaN,NaN,NaN,NaN,0
1756184400,54658.2,54665.8,54619.8,54653.4,54956.843685854794,NaN,NaN,NaN,54619.8,0
1756185300,54653.4,54659.4,54601.2,54656.6,54913.884363950725,NaN,NaN,NaN,NaN,0
1756186200,54658.2,54708,54651.2,54689.8,54878.013209341785,NaN,NaN,NaN,NaN,0
1756187100,54691,54799,54678,54769.2,54853.584064992356,NaN,NaN,NaN,NaN,0
1756188000,54769,54774.4,54685.2,54709.2,54827.69185330836,NaN,NaN,NaN,NaN,0
1756188900,54707.8,54739.6,54688.4,54728.2,54807.22944736045,NaN,NaN,NaN,NaN,0
1756189800,54728.2,54750,54670,54684.8,54786.20223635078,NaN,NaN,NaN,NaN,0
1756190700,54685,54711.8,54668,54690,54768.716133210204,NaN,NaN,NaN,NaN,0
1756191600,54674.4,54686.8,54635,54650,54750.31339108962,NaN,NaN,NaN,NaN,0
1756192500,54650.2,54674.6,54635.6,54658.6,54735.13212878566,NaN,NaN,NaN,NaN,0
1756193400,54658.6,54698,54656.8,54685.2,54724.55193625988,NaN,NaN,NaN,NaN,0
1756194300,54690,54704.8,54668,54682.2,54715.54012785107,NaN,NaN,NaN,NaN,0
1756195200,54677.4,54695,54668,54690.6,54708.97225579593,NaN,NaN,NaN,NaN,0
1756196100,54691.8,54692,54660.2,54670,54701.83338043511,NaN,NaN,NaN,NaN,0
1756197000,54674.2,54677.2,54555.2,54568.6,54686.568145130834,NaN,NaN,NaN,NaN,0
1756197900,54563.8,54606,54525,54596.2,54674.87671430378,NaN,54606,NaN,NaN,0
1756198800,54588,54595.4,54553.4,54575.2,54662.32509147162,NaN,NaN,NaN,NaN,0
1756199700,54582,54582,54544,54549,54648.398158183925,NaN,NaN,NaN,NaN,0
1756200600,54549.2,54570.6,54500,54505.2,54631.361924144716,NaN,NaN,NaN,NaN,0
1756201500,54504.6,54541.6,54455.2,54456,54610.99971641927,NaN,NaN,NaN,NaN,0
1756202400,54470,54470,54470,54470,54593.10470495996,NaN,NaN,NaN,54470,0
1756352700,54398.6,54424.2,53970.2,54016.2,54535.127026951035,NaN,NaN,NaN,NaN,0
1756353600,54024.4,54227,53948.8,54083.8,54485.6527373433,NaN,NaN,NaN,NaN,0
1756354500,54075.6,54225,54026.6,54193.8,54448.53688447463,NaN,NaN,NaN,NaN,0
1756355400,54198.4,54246.8,54093.4,54095.8,54405.01936651015,NaN,NaN,NaN,NaN,0
1756356300,54090.2,54185,54057,54179.4,54372.075910996675,NaN,NaN,NaN,NaN,0
1756357200,54190,54284,54170,54215.4,54345.60251172563,NaN,NaN,NaN,NaN,0
1756358100,54210.8,54370,54206.2,54345,54334.18029948056,NaN,NaN,NaN,NaN,0
1756359000,54345,54390,54279,54290,54320.786010072086,NaN,NaN,NaN,NaN,0
1756359900,54281.4,54335.2,54271.6,54297.8,54310.79771157385,NaN,NaN,NaN,NaN,0
1756360800,54293.6,54375,54293.6,54338,54306.79311266497,NaN,NaN,NaN,NaN,0
1756361700,54337.4,54344.4,54209,54224.8,54294.59078286256,NaN,NaN,NaN,NaN,0
1756362600,54224.6,54250,54169.2,54231.4,54284.65954370105,NaN,NaN,NaN,NaN,0
1756363500,54237.8,54249.8,54129.6,54195,54272.91898484906,NaN,NaN,NaN,NaN,0
1756364400,54183.6,54193.6,54118.6,54125,54256.0384224144,NaN,NaN,NaN,NaN,0
1756365300,54123.6,54169.8,54110,54130.2,54240.8439050173,NaN,NaN,NaN,NaN,0
1756366200,54129.8,54129.8,54000,54030.6,54217.69069295353,NaN,54129.8,NaN,NaN,0
1756367100,54035,54080,54022.8,54058.6,54198.25852729346,NaN,NaN,NaN,NaN,0
1756368000,54051.4,54057.2,53975.2,54012.2,54175.9238521309,NaN,NaN,NaN,NaN,0
1756368900,54013.2,54019.4,53938.8,53959.4,54150.20256863369,NaN,NaN,NaN,NaN,0
1756369800,53958.4,54075,53958.4,54045,54133.911580969725,NaN,NaN,NaN,NaN,0
1756370700,54051.2,54071,53978.2,53978.4,54113.36682240049,NaN,NaN,NaN,53978.2,0
1756371600,53975.2,54004.6,53875,53919,54089.08153598093,NaN,NaN,NaN,NaN,0
1756372500,53919,53921.6,53807.6,53874.8,54062.603836793875,NaN,NaN,NaN,NaN,0
1756373400,53875,53883.6,53779,53815.8,54032.70423994032,NaN,NaN,NaN,NaN,0
1756374300,53817,53836,53803.8,53817.2,54005.04909934453,NaN,NaN,NaN,NaN,0
1756439100,54284,54390,54156.6,54308.4,54024.4267974501,54156.6,NaN,NaN,NaN,0
1756440000,54320,54414.6,54225,54349,54049.393734941186,NaN,NaN,NaN,NaN,0
1756440900,54349,54360,54290,54314.4,54072.99707700135,NaN,NaN,NaN,NaN,0
1756441800,54307.8,54330.6,54253.8,54270.2,54092.913123424376,NaN,NaN,NaN,NaN,0
1756442700,54270.2,54423,54270,54400,54124.41343304035,NaN,NaN,NaN,NaN,0
1756443600,54410.2,54479,54403.6,54470,54161.77024670292,NaN,NaN,54479,NaN,0
1756444500,54471,54476.4,54380,54380,54189.520589500105,NaN,NaN,NaN,NaN,0
1756445400,54375.6,54430,54366.8,54405.6,54217.792769987085,NaN,NaN,NaN,NaN,0
1756446300,54401.6,54433.6,54361.6,54433.6,54246.367221940454,NaN,NaN,NaN,NaN,0
1756447200,54434.4,54439.4,54385.4,54419.8,54271.444006921636,NaN,NaN,NaN,NaN,0
1756448100,54414,54443,54351,54351.4,54287.797094077,NaN,NaN,NaN,NaN,0
1756449000,54335,54384,54320,54370,54303.33110953861,NaN,NaN,NaN,NaN,0
1756449900,54370.2,54380,54315,54316.2,54311.77377699566,NaN,NaN,NaN,NaN,0
1756450800,54315,54351,54297,54320.2,54318.42858108213,NaN,NaN,NaN,NaN,0
1756451700,54320,54330,54248,54258.8,54317.67937826112,NaN,NaN,NaN,NaN,0
1756452600,54262.2,54276,54200,54201,54310.23185056648,NaN,NaN,NaN,NaN,0
1756453500,54200,54270,54200,54248.8,54306.02728325589,NaN,NaN,NaN,NaN,0
1756454400,54249.2,54249.2,54205,54212,54297.88982187887,NaN,NaN,NaN,NaN,0
1756455300,54213,54239,54125,54127.8,54281.665956526114,NaN,54239,NaN,NaN,0
1756456200,54125,54189,54100,54175,54269.82538314619,NaN,NaN,NaN,NaN,0
1756457100,54184.6,54238,54145.4,54161,54257.13201108918,NaN,NaN,NaN,NaN,0
1756458000,54157.8,54171.2,54081,54098.8,54239.263678975796,NaN,NaN,NaN,NaN,0
1756458900,54095.4,54145,54080,54130.2,54225.21144689609,NaN,NaN,NaN,NaN,0
1756459800,54144,54144,54005.2,54008,54201.13727714572,NaN,NaN,NaN,54005.2,0
1756460700,54015.4,54110,54010.6,54100,54186.73511151299,NaN,NaN,NaN,NaN,0
1756698300,54158,54320,54116.6,54314,54193.29633425844,NaN,NaN,NaN,NaN,0
1756699200,54313.6,54367.2,54285.4,54338,54203.29411922186,NaN,NaN,NaN,NaN,0
1756700100,54338,54362,54310,54330.8,54212.95780672592,NaN,NaN,NaN,NaN,0
1756701000,54331,54332.8,54238.8,54257.4,54216.5902753036,NaN,NaN,NaN,NaN,0
1756701900,54254,54293.4,54179,54217.4,54217.02460801969,NaN,NaN,NaN,NaN,0
1756702800,54216.2,54220,54166,54218,54217.757013484916,NaN,NaN,NaN,NaN,0
1756703700,54210,54268.4,54200,54248.2,54221.119209364624,NaN,NaN,NaN,NaN,0
1756704600,54248.6,54259.8,54216.4,54228,54222.50453875044,NaN,NaN,NaN,NaN,0
1756705500,54222,54244.4,54206,54243.6,54225.29627813128,NaN,NaN,NaN,NaN,0
1756706400,54229.8,54256,54190,54197.4,54223.62935541287,NaN,NaN,NaN,NaN,0
1756707300,54210,54210,54116.4,54121.6,54214.80320669547,NaN,NaN,NaN,NaN,0
1756708200,54121.2,54195.4,54120,54191,54212.216892239325,NaN,NaN,NaN,NaN,0
1756709100,54195,54245,54167.6,54240.2,54214.20568281355,NaN,NaN,NaN,NaN,0
1756710000,54245,54275,54201.4,54255,54217.53600051313,NaN,NaN,NaN,NaN,0
1756710900,54250.8,54281.4,54245.2,54268,54222.12008983034,NaN,NaN,NaN,NaN,0
1756711800,54270,54310,54260.2,54299.2,54229.48578501334,NaN,NaN,NaN,NaN,0
1756712700,54300,54317.2,54269.2,54292.8,54236.209254096066,NaN,NaN,NaN,NaN,0
1756713600,54294.2,54333,54286.8,54297.6,54243.19625669122,NaN,NaN,NaN,NaN,0
1756714500,54295.8,54298,54250.2,54285,54248.63164553089,NaN,NaN,NaN,NaN,0
1756715400,54285,54329,54274.6,54310.6,54256.05404090122,NaN,NaN,NaN,NaN,0
1756716300,54316,54322.8,54244.2,54251,54257.6844245127,NaN,NaN,NaN,NaN,0
1756717200,54253.4,54309,54253.4,54295,54262.76841632798,NaN,NaN,NaN,NaN,0
1756718100,54295,54349.8,54278.6,54349.8,54272.396666488006,NaN,NaN,NaN,NaN,0
1756719000,54350,54385,54323,54367.4,54283.19108168656,NaN,NaN,NaN,NaN,0
1756719900,54367,54380,54360,54379.6,54294.44850623695,NaN,NaN,NaN,NaN,0
1756720800,54373.6,54373.6,54373.6,54373.6,54304.628507082474,NaN,NaN,NaN,NaN,0
1756784700,54399.8,54446.8,54260,54291.6,54306.43637926743,NaN,NaN,NaN,NaN,0
1756785600,54290,54407.8,54290,54400.4,54317.16581907921,NaN,NaN,NaN,NaN,0
1756786500,54404.6,54446,54387.2,54440,54330.81505205553,NaN,NaN,NaN,NaN,0
1756787400,54434,54500,54411.6,54427.6,54342.60067367526,54411.6,NaN,NaN,NaN,0
1756788300,54427,54440,54390.2,54430.4,54353.901203311776,NaN,NaN,NaN,NaN,0
1756789200,54430.4,54440,54374.6,54440,54365.218476658636,NaN,NaN,NaN,NaN,0
1756790100,54440,54450.6,54418.2,54440.6,54375.63293256462,NaN,NaN,NaN,NaN,0
1756791000,54440.8,54458.4,54400.8,54407.8,54382.04266243414,NaN,NaN,NaN,NaN,0
1756791900,54408.8,54420,54361.4,54377,54384.72481617001,NaN,NaN,54420,NaN,0
1756792800,54380,54428.2,54371,54410.8,54389.60633962952,NaN,NaN,NaN,NaN,0
1756793700,54398.2,54414,54354.2,54370,54390.064861558145,NaN,NaN,NaN,NaN,0
1756794600,54378.2,54395,54360.2,54369,54389.86321435415,NaN,NaN,NaN,NaN,0
1756795500,54370.8,54410,54340,54410,54392.77412943661,NaN,NaN,NaN,NaN,0
1756796400,54400,54442,54390,54415.6,54395.72658069456,NaN,NaN,NaN,NaN,0
1756797300,54412,54419.8,54395,54398.4,54396.7621030777,NaN,NaN,NaN,NaN,0
1756798200,54408.4,54408.8,54330,54335,54391.733317733466,NaN,NaN,NaN,NaN,0
1756799100,54345.6,54345.6,54213.2,54244.8,54378.28219972856,NaN,54345.6,NaN,NaN,0
1756800000,54233.2,54274,54170,54171,54358.159013371405,NaN,NaN,NaN,NaN,0
1756800900,54170,54209,54072.8,54084.2,54330.45778182288,NaN,NaN,NaN,NaN,0
1756801800,54082.6,54099.6,53950,54040.6,54299.518387417564,NaN,NaN,NaN,NaN,0
1756802700,54017.6,54104,54014,54031.2,54268.83230952461,NaN,NaN,NaN,NaN,0
1756803600,54046.8,54097.6,54035,54087.8,54244.92849210356,NaN,NaN,NaN,54035,0
1756804500,54090,54120,54031.2,54033,54217.792378708386,NaN,NaN,NaN,NaN,0
1756805400,54035.8,54079.6,54025,54048.8,54194.06580994751,NaN,NaN,NaN,NaN,0
1756806300,54046,54077.4,54011.4,54011.4,54169.106065021,NaN,NaN,NaN,NaN,0
1756807200,54011.2,54011.2,54011.2,54011.2,54146.39576854873,NaN,NaN,NaN,NaN,0
1756871100,54011.4,54114.2,53915,54090,54133.196554263595,NaN,NaN,NaN,NaN,0
1756872000,54099,54100,53995,54005.2,54114.59691744676,NaN,NaN,NaN,NaN,0
1756872900,54005.2,54148,54005,54095.8,54106.19933453794,NaN,NaN,NaN,NaN,0
1756873800,54096.6,54208.6,54096.6,54186,54107.91509817685,NaN,NaN,NaN,NaN,0
1756874700,54195,54198,54120,54160,54108.89949022531,NaN,NaN,NaN,NaN,0
1756875600,54155,54155,54032,54040,54100.18449039886,NaN,NaN,NaN,NaN,0
1756876500,54040,54087,54011.6,54073.4,54095.49496333855,NaN,NaN,NaN,NaN,0
1756877400,54073.6,54095.2,54016.2,54071.8,54091.4863769068,NaN,NaN,NaN,NaN,0
1756878300,54061,54089,54022.6,54046,54085.83202666166,NaN,NaN,NaN,NaN,0
1756879200,54050.2,54086.6,54036.6,54063.8,54082.38283153839,NaN,NaN,NaN,NaN,0
1756880100,54066,54088.8,54017.2,54088.8,54081.62782252626,NaN,NaN,NaN,NaN,0
1756881000,54084.4,54133,54062.2,54124.2,54084.529960190586,NaN,NaN,NaN,NaN,0
1756881900,54124,54175,54117.2,54130,54088.21590331482,NaN,NaN,NaN,NaN,0
1756882800,54124.8,54167,54110,54110,54090.156397836334,NaN,NaN,NaN,NaN,0
1756883700,54108,54128.2,54002,54031.6,54084.983220284215,NaN,NaN,NaN,NaN,0
1756884600,54020,54075,54010.2,54042.4,54080.844545666354,NaN,NaN,NaN,NaN,0
1756885500,54047.6,54093.2,54032.8,54058.8,54078.349435284705,NaN,NaN,NaN,NaN,0
1756886400,54059.8,54099,54028.8,54099,54079.71840365011,NaN,NaN,NaN,NaN,0
1756887300,54100,54160,54099,54160,54086.80309062524,NaN,NaN,NaN,NaN,0
1756888200,54160,54221,54136.2,54185,54096.24954513981,54136.2,NaN,NaN,NaN,0
1756889100,54194.6,54210,54171.6,54210,54107.85724415853,NaN,NaN,NaN,NaN,0
1756890000,54210,54286.8,54209.2,54229.4,54120.91369028765,NaN,NaN,NaN,NaN,0
1756890900,54238,54289,54230,54271.4,54137.23171685788,NaN,NaN,NaN,NaN,0
1756891800,54280,54428.4,54273.8,54384.2,54163.234139810476,NaN,NaN,NaN,NaN,0
1756892700,54391,54404.8,54358.4,54404.8,54190.143229005174,NaN,NaN,54404.8,NaN,0
1756893600,54391,54391,54391,54391,54214.57418411124,NaN,NaN,NaN,NaN,0
1756957500,54526.2,54670,54444,54570,54253.78035790359,NaN,NaN,NaN,NaN,0
1756958400,54563.2,54625,54545,54545,54288.74245551982,NaN,NaN,NaN,NaN,0
1756959300,54540,54654,54520,54614.8,54327.9703427984,54520,NaN,NaN,NaN,0
1756960200,54610.4,54643,54452.6,54460,54350.435671436266,NaN,NaN,NaN,NaN,0
1756961100,54452.6,54530.4,54417,54468,54370.85388060283,NaN,NaN,NaN,NaN,0
1756962000,54466,54488,54375,54420.2,54384.3386228145,NaN,NaN,NaN,NaN,0
1756962900,54420.2,54485,54419,54478,54400.76020756405,NaN,NaN,NaN,NaN,0
1756963800,54478.4,54479.4,54419.2,54419.2,54409.45230061745,NaN,NaN,54479.4,NaN,0
1756964700,54410.4,54474.8,54393.6,54459.8,54419.766043447715,NaN,NaN,NaN,NaN,0
1756965600,54459.4,54480.8,54416,54419.8,54424.64983027356,NaN,NaN,NaN,NaN,0
1756966500,54418.4,54447.4,54410,54444.6,54430.223547873844,NaN,NaN,NaN,NaN,0
1756967400,54440,54479,54380,54409.8,54431.32458151545,NaN,NaN,NaN,NaN,0
1756968300,54411.8,54429.2,54342.2,54390.8,54429.64889753061,NaN,NaN,NaN,NaN,0
1756969200,54380.2,54467,54380.2,54467,54434.193210517406,NaN,NaN,NaN,NaN,0
1756970100,54467,54499,54442.6,54471.8,54438.67485825525,NaN,NaN,NaN,NaN,0
1756971000,54483.2,54495,54421,54442.2,54440.12584051576,NaN,NaN,NaN,NaN,0
1756971900,54457.8,54480,54425.2,54470.2,54443.756917840656,NaN,NaN,NaN,NaN,0
1756972800,54475,54495,54422,54427,54443.14270657485,NaN,NaN,NaN,NaN,0
1756973700,54422,54443,54380,54410.8,54440.77955602173,NaN,NaN,NaN,NaN,0
1756974600,54408,54438,54361,54370,54434.49430046878,NaN,NaN,NaN,NaN,0
1756975500,54367,54373.8,54211.8,54260,54418.14748241734,NaN,54373.8,NaN,NaN,0
1756976400,54263,54358.2,54250,54325.2,54407.91901310843,NaN,NaN,NaN,NaN,0
1756977300,54323,54372.2,54301,54327.6,54398.306181353466,NaN,NaN,NaN,NaN,0
1756978200,54315.2,54330,54241.4,54268.8,54383.839585957074,NaN,NaN,NaN,NaN,0
1756979100,54269.2,54329.8,54262.2,54302.8,54373.046538258146,NaN,NaN,NaN,NaN,0
1756980000,54324.6,54324.6,54324.6,54324.6,54365.08274234862,NaN,NaN,NaN,54324.6,0
1757043900,54366.2,54475.6,54354.4,54372.6,54362.42697891782,NaN,NaN,NaN,NaN,0
1757044800,54372.6,54410,54305.4,54307.6,54354.49284584634,NaN,NaN,NaN,NaN,0
1757045700,54317.2,54383.2,54259,54295.2,54346.32264806891,NaN,NaN,NaN,NaN,0
1757046600,54292.2,54322.8,54148.2,54155.6,54326.1653729684,NaN,54322.8,NaN,NaN,0
1757047500,54149,54193.4,53977.6,54155.4,54307.094847537664,NaN,NaN,NaN,NaN,0
1757048400,54170,54170,54075.2,54138.6,54287.50136757303,NaN,NaN,NaN,NaN,0
1757049300,54140,54159,54090,54140,54269.2624513626,NaN,NaN,NaN,NaN,0
1757050200,54128.6,54181,54118,54165,54254.51417171747,NaN,NaN,NaN,NaN,0
1757051100,54166.8,54166.8,54110.6,54160,54240.75808497594,NaN,NaN,NaN,54110.6,0
1757052000,54155.4,54194.4,54098.4,54111.4,54223.90246369822,NaN,NaN,NaN,NaN,0
1757052900,54110,54128.6,54087.6,54100,54207.47851170794,NaN,NaN,NaN,NaN,0
1757053800,54093.8,54130,54076,54081,54190.73686837389,NaN,NaN,NaN,NaN,0
1757054700,54076,54091.8,54041,54070,54174.51302176821,NaN,NaN,NaN,NaN,0
1757055600,54071,54090,53983.8,54036,54156.694812550224,NaN,54090,NaN,NaN,0
1757056500,54031.2,54063.8,54012.2,54056.6,54142.156203819715,NaN,NaN,NaN,NaN,0
1757057400,54052.2,54100,54040,54097.4,54132.848455999614,NaN,NaN,NaN,NaN,0
1757058300,54095,54159,54090,54148.8,54129.70768324032,NaN,NaN,NaN,NaN,0
1757059200,54140.8,54240,54133.8,54221,54134.39059427074,54133.8,NaN,NaN,54133.8,0
1757060100,54230,54388.2,54230,54360,54152.82514136436,NaN,NaN,NaN,NaN,0
1757061000,54384.4,54433,54278.6,54320,54168.23666637073,NaN,NaN,NaN,NaN,0
1757061900,54330.6,54398.4,54305,54392,54190.40797161281,NaN,NaN,NaN,NaN,0
1757062800,54381.2,54420,54305.4,54314.6,54205.35580481632,NaN,NaN,NaN,NaN,0
1757063700,54321.6,54413,54315.2,54409,54228.12704431516,NaN,NaN,54413,NaN,0
1757064600,54408.8,54416.4,54335.2,54350,54244.5228030768,NaN,NaN,NaN,NaN,0
1757065500,54349,54388.4,54340,54347.6,54259.5181555464,NaN,NaN,NaN,NaN,0
1757066400,54347.6,54347.6,54347.6,54347.6,54273.06025726857,NaN,NaN,NaN,NaN,0
1757303100,54444,54444,54335.2,54409.4,54290.74443496322,54335.2,NaN,NaN,NaN,0
1757304000,54421,54549,54404.4,54524.6,54317.3657380921,NaN,NaN,NaN,NaN,0
1757304900,54519,54529.6,54406,54411.8,54332.16746183623,NaN,NaN,NaN,NaN,0
1757305800,54414.8,54495.2,54414.8,54421,54346.115244881854,NaN,NaN,NaN,NaN,0
1757306700,54420,54462.6,54403,54405.2,54357.130948845435,NaN,NaN,NaN,NaN,0
1757307600,54411.2,54437.6,54360,54420,54367.883087473114,NaN,NaN,54437.6,NaN,0
1757308500,54425,54455,54371,54397.8,54375.142226600205,NaN,NaN,NaN,NaN,0
1757309400,54393,54495,54367.8,54495,54389.91267444854,NaN,NaN,NaN,NaN,0
1757310300,54491.6,54528.2,54472.2,54517.4,54405.445699814576,NaN,NaN,NaN,NaN,0
1757311200,54516.6,54567,54504,54560,54423.645545716194,NaN,NaN,NaN,NaN,0
1757312100,54566.2,54572,54495.8,54517.6,54436.79022440602,NaN,NaN,NaN,NaN,0
1757313000,54525,54575,54516.4,54544.6,54451.13309968293,NaN,NaN,NaN,NaN,0
1757313900,54555,54563.4,54505.8,54525,54462.44269831465,NaN,NaN,NaN,NaN,0
1757314800,54525,54600,54509,54585,54477.98258859442,NaN,NaN,NaN,NaN,0
1757315700,54585.8,54615,54575,54590,54492.77221127745,NaN,NaN,NaN,NaN,0
1757316600,54587.4,54625,54578,54616,54508.62969829666,NaN,NaN,NaN,NaN,0
1757317500,54618.6,54620,54540,54560,54518.03818414895,NaN,NaN,NaN,NaN,0
1757318400,54563.2,54586,54550,54563.6,54526.44971335858,NaN,NaN,NaN,NaN,0
1757319300,54555.2,54559.2,54491.2,54540.2,54531.46567576528,NaN,NaN,NaN,NaN,0
1757320200,54540,54575,54511,54555,54536.60895128346,NaN,NaN,NaN,NaN,0
1757321100,54563,54609.8,54562,54609,54545.82921988802,NaN,NaN,NaN,NaN,0
1757322000,54618.4,54786.6,54613.2,54745,54566.5199467678,54613.2,NaN,NaN,NaN,0
1757322900,54752.2,54752.2,54521.2,54581.4,54571.50656073915,NaN,NaN,NaN,NaN,0
1757323800,54580,54580,54460.8,54506,54568.55911842929,NaN,NaN,NaN,NaN,0
1757324700,54502,54525,54475,54501.4,54564.4953030226,NaN,NaN,NaN,NaN,0
1757325600,54502,54502,54502,54502,54559.90586554178,NaN,NaN,NaN,NaN,0
1757389500,54555,54700,54456,54480,54552.93154881743,NaN,NaN,54700,NaN,0
1757390400,54480,54510,54425,54500,54547.53233261323,NaN,NaN,NaN,NaN,0
1757391300,54500,54520,54477,54477,54539.92510788146,NaN,NaN,NaN,NaN,0
1757392200,54477,54480,54416.4,54430,54528.39240569628,NaN,NaN,NaN,NaN,0
1757393100,54437,54449,54390,54433,54517.48193137085,NaN,NaN,NaN,NaN,0
1757394000,54424,54465,54400,54439.8,54507.748151272834,NaN,NaN,NaN,NaN,0
1757394900,54438.4,54470,54405.2,54462,54500.68200765085,NaN,NaN,NaN,NaN,0
1757395800,54473.4,54480,54431.4,54465.4,54494.68986940447,NaN,NaN,NaN,NaN,0
1757396700,54461.2,54475.8,54431,54445,54487.46404571852,NaN,NaN,NaN,NaN,0
1757397600,54431,54458.6,54415,54458.6,54482.222492800895,NaN,NaN,NaN,NaN,0
1757398500,54450,54451.2,54406,54430,54475.072193659806,NaN,NaN,NaN,NaN,0
1757399400,54430,54430,54332.6,54389,54464.96447195649,NaN,54430,NaN,NaN,0
1757400300,54375.4,54444.6,54370.4,54401.8,54456.70727465109,NaN,NaN,NaN,NaN,0
1757401200,54385.6,54430.4,54385.6,54419.8,54450.851909203266,NaN,NaN,NaN,NaN,0
1757402100,54413.4,54441,54375,54410,54444.73855482454,NaN,NaN,NaN,NaN,0
1757403000,54411.8,54435,54385.2,54421.4,54440.34986378125,NaN,NaN,NaN,NaN,0
1757403900,54422.2,54464.4,54415,54438.6,54438.14372728926,NaN,NaN,NaN,54415,0
1757404800,54453,54462,54425,54427,54435.53099245621,NaN,NaN,NaN,NaN,0
1757405700,54441.8,54450,54415.2,54430,54433.67495468333,NaN,NaN,NaN,NaN,0
1757406600,54432.8,54475,54410.2,54475,54436.370849873114,NaN,NaN,NaN,NaN,0
1757407500,54474,54497.6,54420.6,54488,54440.547151309205,NaN,NaN,NaN,NaN,0
1757408400,54490,54510,54421,54441.2,54440.57319263126,NaN,NaN,NaN,NaN,0
1757409300,54450,54489,54432.6,54460,54442.24398663827,NaN,NaN,NaN,NaN,0
1757410200,54460.2,54475,54441.2,54460,54444.183880595134,NaN,NaN,NaN,NaN,0
1757411100,54460.2,54482,54450,54479.8,54447.970481299286,NaN,NaN,NaN,NaN,0
1757412000,54479,54479,54479,54479,54451.555940382466,NaN,NaN,NaN,NaN,0
1757475900,54730,54802,54570.6,54690,54474.188247930426,54570.6,NaN,NaN,NaN,0
1757476800,54690,54733,54660,54730,54500.11328119162,NaN,NaN,NaN,NaN,0
1757477700,54730,54738.4,54670,54708.8,54523.345388538226,NaN,NaN,NaN,NaN,0
1757478600,54709,54720.8,54685,54713.2,54545.95393159839,NaN,NaN,NaN,NaN,0
1757479500,54713.2,54895,54712.8,54885.2,54582.98055077133,NaN,NaN,NaN,NaN,0
1757480400,54885.2,54948,54825,54825.6,54612.90535102057,NaN,NaN,54948,NaN,0
1757481300,54830,54876.2,54812,54855,54643.5030587818,NaN,NaN,NaN,NaN,0
1757482200,54865,54898.4,54850,54855,54671.839689773085,NaN,NaN,NaN,NaN,0
1757483100,54865.4,54880,54788.8,54800,54692.754822377894,NaN,NaN,NaN,NaN,0
1757484000,54808.6,54850,54785,54825,54713.517879528205,NaN,NaN,NaN,NaN,0
1757484900,54821.4,54840,54787,54822.6,54731.62380913788,NaN,NaN,NaN,NaN,0
1757485800,54825,54849,54804.2,54833,54748.38428903031,NaN,NaN,NaN,NaN,0
1757486700,54833.8,54859.4,54813.8,54840.4,54763.664912582346,NaN,NaN,NaN,NaN,0
1757487600,54840.2,54850.4,54810.2,54822.8,54775.264989516494,NaN,NaN,NaN,NaN,0
1757488500,54829.4,54843.8,54778.6,54797,54782.622756622084,NaN,NaN,NaN,NaN,0
1757489400,54790,54810,54730.4,54735.2,54782.72473767489,NaN,NaN,NaN,NaN,0
1757490300,54735.2,54780,54710,54771,54784.73156972192,NaN,NaN,NaN,NaN,0
1757491200,54772,54800,54740,54799,54788.22515302825,NaN,NaN,NaN,NaN,0
1757492100,54805,54820,54778,54806.8,54791.63212090914,NaN,NaN,NaN,NaN,0
1757493000,54800,54845,54783,54807.8,54794.48484429122,NaN,NaN,NaN,NaN,0
1757493900,54802,54802.2,54750,54777,54793.97153371424,NaN,NaN,NaN,NaN,0
1757494800,54778,54800.4,54719.8,54720,54787.886730839826,NaN,NaN,NaN,NaN,0
1757495700,54725,54776.8,54725,54746.2,54784.059016051746,NaN,NaN,NaN,NaN,0
1757496600,54750,54803,54750,54798.6,54784.943680857425,NaN,NaN,NaN,NaN,0
1757497500,54797.6,54810.8,54771.8,54795,54785.54357081726,NaN,NaN,NaN,NaN,0
1757562300,54723,54842.6,54664.8,54825,54788.91825521783,NaN,NaN,NaN,NaN,0
1757563200,54821.6,54870.8,54781.4,54825,54792.34619421157,NaN,NaN,NaN,NaN,0
1757564100,54820.2,54854.2,54810,54820,54795.05762725777,NaN,NaN,NaN,NaN,0
1757565000,54825,54826,54736,54758.8,54792.14340939955,NaN,NaN,NaN,NaN,0
1757565900,54759.2,54793,54758,54793,54792.3703625538,NaN,NaN,NaN,NaN,0
1757566800,54792.2,54819.4,54777.8,54811.8,54794.301216516826,NaN,NaN,NaN,NaN,0
1757567700,54800,54840,54780.6,54830,54797.64867424288,NaN,NaN,NaN,NaN,0
1757568600,54830.4,54847.2,54812.4,54838,54801.768208816306,NaN,NaN,NaN,NaN,0
1757569500,54845,54851,54810,54818.8,54803.98488698475,NaN,NaN,NaN,NaN,0
1757570400,54818.6,54825,54773.6,54786.2,54803.07494498288,NaN,NaN,NaN,NaN,0
1757571300,54796.4,54835.2,54783.6,54833,54806.34530467692,NaN,NaN,NaN,NaN,0
1757572200,54833.6,54867.2,54829.8,54859.2,54811.80230835474,NaN,NaN,NaN,NaN,0
1757573100,54865.4,54928,54863.8,54915,54822.14255672157,54863.8,NaN,NaN,NaN,0
1757574000,54920,54920,54871,54876.6,54828.66548326121,NaN,NaN,NaN,NaN,0
1757574900,54884.4,54917,54874,54906.4,54837.500124754384,NaN,NaN,NaN,NaN,0
1757575800,54909.6,54920,54881,54890,54844.39179465611,NaN,NaN,NaN,NaN,0
1757576700,54895.8,54910,54865,54910,54852.59741927829,NaN,NaN,NaN,NaN,0
1757577600,54909.2,54922.4,54886.2,54915.8,54860.810519707054,NaN,NaN,54922.4,NaN,0
1757578500,54920.8,54935,54884,54907.4,54867.552885747806,NaN,NaN,NaN,NaN,0
1757579400,54907.4,54930,54891.6,54930,54875.649637342525,NaN,NaN,NaN,NaN,0
1757580300,54928.6,54941.6,54900,54900,54880.32272286631,NaN,NaN,NaN,NaN,0
1757581200,54900,54901.4,54827,54885,54882.95679199843,NaN,NaN,NaN,NaN,0
1757582100,54876.4,54911.6,54863.4,54892,54885.65069119067,NaN,NaN,NaN,NaN,0
1757583000,54893,54894.2,54863.2,54873,54886.12771200292,NaN,NaN,NaN,NaN,0
1757583900,54871,54894.6,54852.2,54865,54885.35867796738,NaN,NaN,NaN,NaN,0
1757584800,54879.6,54879.6,54879.6,54879.6,54885.48804799812,NaN,NaN,NaN,NaN,0
1757648700,54949.8,54970,54817.6,54890,54886.3137683128,NaN,NaN,NaN,NaN,0
1757649600,54890,54899.8,54831,54888,54886.73050617777,NaN,NaN,NaN,NaN,0
1757650500,54882.2,54949,54875.2,54931.2,54890.95669103065,NaN,NaN,NaN,NaN,0
1757651400,54931,54964.8,54930,54931,54895.051807534925,NaN,NaN,NaN,NaN,0
1757652300,54919.6,54925,54888,54917,54897.79745265708,NaN,NaN,NaN,NaN,0
1757653200,54918.8,54963.4,54906,54945,54902.866577846915,NaN,NaN,NaN,NaN,0
1757654100,54933.6,54955,54924.2,54929.8,54906.3194540129,NaN,NaN,NaN,NaN,0
1757655000,54927.4,54977,54925,54951,54911.442707065864,NaN,NaN,NaN,NaN,0
1757655900,54963.8,55028.4,54953.2,55025,54923.03057366624,54953.2,NaN,NaN,NaN,0
1757656800,55032,55071,55006.8,55013,54933.18011863499,NaN,NaN,NaN,NaN,0
1757657700,55010,55010,54968.2,54985,54940.31581178898,NaN,NaN,NaN,NaN,0
1757658600,54985,55019.8,54985,55000.4,54948.208910562316,NaN,NaN,NaN,NaN,0
1757659500,55015,55020,54992,55015,54956.7784922252,NaN,NaN,NaN,NaN,0
1757660400,55014.4,55040,55007,55010,54964.15980415054,NaN,NaN,55040,NaN,0
1757661300,55011.4,55023,54980,54986.8,54968.7909832498,NaN,NaN,NaN,NaN,0
1757662200,54983.4,55030.6,54974.8,55021.2,54975.83374796423,NaN,NaN,NaN,NaN,0
1757663100,55025,55040,55010,55024.8,54982.5629978381,NaN,NaN,NaN,NaN,0
1757664000,55024,55037.4,55000,55000,54986.34422456152,NaN,NaN,NaN,NaN,0
1757664900,55002,55030,54971,55026.8,54991.9385800359,NaN,NaN,NaN,NaN,0
1757665800,55025.4,55047.8,55008,55020,54996.34189418939,NaN,NaN,NaN,NaN,0
1757666700,55015.2,55026,54992,55020,55000.16602142467,NaN,NaN,NaN,NaN,0
1757667600,55020,55036,55002,55026.4,55004.10803481519,NaN,NaN,NaN,NaN,0
1757668500,55026.4,55030,55000,55004,55005.554418768756,NaN,NaN,NaN,NaN,0
1757669400,55005,55025,55004,55010.8,55007.189886162276,NaN,NaN,NaN,NaN,0
1757670300,55010,55020,55000,55008,55008.237915289326,NaN,NaN,NaN,NaN,0
1757907900,55070,55134.2,55021.2,55117,55018.93210691909,55021.2,NaN,NaN,NaN,0
1757908800,55125,55125,55042.2,55095,55027.278213907535,NaN,NaN,NaN,NaN,0
1757909700,55090,55133.4,55080.8,55100,55035.664562197715,NaN,NaN,NaN,NaN,0
1757910600,55100,55111,55052.6,55097,55043.31291126261,NaN,NaN,NaN,NaN,0
1757911500,55103.2,55122.2,55072,55107.8,55051.36567284141,NaN,NaN,NaN,NaN,0
1757912400,55106,55150,55094.6,55118,55059.78213717007,NaN,NaN,55150,NaN,0
1757913300,55121.8,55140.8,55088.8,55120.2,55067.79732316157,NaN,NaN,NaN,NaN,0
1757914200,55120,55135,55106.4,55119,55075.00287941272,NaN,NaN,NaN,NaN,0
1757915100,55120,55145,55091.6,55135,55083.00501698109,NaN,NaN,NaN,NaN,0
1757916000,55145,55150,55120,55129,55089.73234201939,NaN,NaN,NaN,NaN,0
1757916900,55119.4,55180,55119.4,55177.8,55100.11733415174,55119.4,NaN,NaN,NaN,0
1757917800,55179.8,55193.6,55150,55174,55109.470314522514,NaN,NaN,NaN,NaN,0
1757918700,55174,55175,55145,55172.6,55117.98601092489,NaN,NaN,NaN,NaN,0
1757919600,55174.8,55180,55159.4,55161,55124.65384217836,NaN,NaN,NaN,NaN,0
1757920500,55154.2,55155,55124.4,55145,55129.08546164496,NaN,NaN,NaN,NaN,0
1757921400,55141.8,55169.8,55136,55150,55133.264386557705,NaN,NaN,55169.8,NaN,0
1757922300,55150,55167.4,55131,55151.2,55136.924250366836,NaN,NaN,NaN,NaN,0
1757923200,55148.4,55148.4,55068.8,55097.6,55135.05375695507,NaN,NaN,NaN,NaN,0
1757924100,55109.8,55122.2,55086.8,55095,55132.455945030146,NaN,NaN,NaN,NaN,0
1757925000,55095,55116,55080,55111.8,55131.07803278609,NaN,NaN,NaN,NaN,0
1757925900,55093.8,55140,55085,55134.6,55131.521331974654,NaN,NaN,NaN,NaN,0
1757926800,55138,55168,55128.8,55145.6,55132.844603977166,NaN,NaN,NaN,NaN,0
1757927700,55142.6,55155.8,55122,55142.4,55133.78856453096,NaN,NaN,NaN,NaN,0
1757928600,55135,55142.4,55109.6,55120,55132.62147380727,NaN,NaN,NaN,NaN,0
1757929500,55115,55127.8,55100.8,55104,55129.9971597072,NaN,NaN,NaN,NaN,0
1757930400,55103.4,55103.4,55103.4,55103.4,55127.32704536379,NaN,NaN,NaN,NaN,0
1757994300,55073.4,55120,55055,55101,55124.51346547155,NaN,NaN,NaN,NaN,0
1757995200,55100.8,55175,55089.8,55172.4,55128.19096716788,NaN,NaN,NaN,NaN,0
1757996100,55174.6,55255,55166.2,55249,55139.01123657819,55166.2,NaN,NaN,NaN,0
1757997000,55250,55300,55241.6,55260,55150.82169548316,NaN,NaN,NaN,NaN,0
1757997900,55264.2,55270,55226,55262,55162.623048079004,NaN,NaN,NaN,NaN,0
1757998800,55245,55292.8,55235.8,55262.8,55174.101682778564,NaN,NaN,NaN,NaN,0
1757999700,55263.6,55281,55220.8,55261.6,55184.91335558674,NaN,NaN,NaN,NaN,0
1758000600,55261.6,55285,55257,55285,55197.17747637385,NaN,NaN,55285,NaN,0
1758001500,55285,55292,55254,55291,55209.1939234084,NaN,NaN,NaN,NaN,0
1758002400,55291,55345,55291,55330.4,55223.88359742796,NaN,NaN,NaN,NaN,0
1758003300,55323.4,55346,55305.2,55306.8,55235.43600807775,NaN,NaN,NaN,NaN,0
1758004200,55309.4,55330,55280,55305.8,55245.76962572001,NaN,NaN,NaN,NaN,0
1758005100,55305.6,55338.6,55293,55327.2,55256.9858888061,NaN,NaN,NaN,NaN,0
1758006000,55326.8,55348,55311.2,55317.2,55266.212965818755,NaN,NaN,NaN,NaN,0
1758006900,55330,55345,55309.6,55319,55274.55409369026,NaN,NaN,NaN,NaN,0
1758007800,55319.8,55326,55240,55279,55278.2443203661,NaN,NaN,NaN,NaN,0
1758008700,55275.2,55290,55235,55289.4,55281.938172355316,NaN,NaN,NaN,NaN,0
1758009600,55285.6,55293,55265,55289,55284.779261019896,NaN,NaN,NaN,NaN,0
1758010500,55289,55291.2,55276.2,55288,55286.89941538666,NaN,NaN,NaN,NaN,0
1758011400,55288,55309.4,55231,55276.4,55287.37181770184,NaN,NaN,NaN,NaN,0
1758012300,55270,55320,55270,55304,55289.868374624966,NaN,NaN,NaN,NaN,0
1758013200,55302.4,55330,55302,55318.4,55293.28246816335,NaN,NaN,NaN,NaN,0
1758014100,55317.6,55330,55300,55314.4,55296.01294984063,NaN,NaN,NaN,NaN,0
1758015000,55312.6,55340,55312.6,55335.8,55300.4311979645,NaN,NaN,NaN,NaN,0
1758015900,55335.6,55359.8,55320,55345,55305.459860036884,NaN,NaN,NaN,NaN,0
1758016800,55350,55350,55350,55350,55310.68607737854,NaN,NaN,NaN,NaN,0
1758080700,55370.2,55480,55360,55435.6,55323.408287239574,55360,NaN,NaN,NaN,0
1758081600,55437.6,55552,55430.2,55516.2,55343.08367395747,NaN,NaN,NaN,NaN,0
1758082500,55527.4,55528.4,55500,55517.2,55362.163831736536,NaN,NaN,NaN,NaN,0
1758083400,55515,55520,55470.2,55470.2,55376.04824970658,NaN,NaN,NaN,NaN,0
1758084300,55470,55525.4,55421.2,55513.4,55392.88649641839,NaN,NaN,NaN,NaN,0
1758085200,55514.2,55579.4,55504,55504.6,55407.8132645927,NaN,NaN,55579.4,NaN,0
1758086100,55514.8,55571,55500,55568.2,55427.3133359393,NaN,NaN,NaN,NaN,0
1758087000,55570.8,55585.6,55526.2,55565,55445.18718939813,NaN,NaN,NaN,NaN,0
1758087900,55565,55574.4,55524,55540,55459.308222798936,NaN,NaN,NaN,NaN,0
1758088800,55534.6,55558.4,55526.4,55530.2,55471.04798715295,NaN,NaN,NaN,NaN,0
1758089700,55525.4,55565,55525.4,55551.4,55483.21668478813,NaN,NaN,NaN,NaN,0
1758090600,55551.2,55558,55531,55558,55494.62232778989,NaN,NaN,NaN,NaN,0
1758091500,55557.8,55581,55550,55581,55506.783038265334,NaN,NaN,NaN,NaN,0
1758092400,55578.2,55630,55578.2,55585.4,55518.03469259529,55578.2,NaN,NaN,NaN,0
1758093300,55580,55615.4,55575,55613.4,55530.63048996643,NaN,NaN,NaN,NaN,0
1758094200,55613.6,55625,55600,55611.8,55541.899213294615,NaN,NaN,NaN,NaN,0
1758095100,55612.4,55650,55612.2,55615,55552.36780182705,NaN,NaN,NaN,NaN,0
1758096000,55614,55648.2,55604.8,55636,55563.631156327014,NaN,NaN,NaN,NaN,0
1758096900,55635.6,55649,55605.6,55632,55573.46457075107,NaN,NaN,55649,NaN,0
1758097800,55632,55633.6,55569.4,55590,55578.437673736014,NaN,NaN,NaN,NaN,0
1758098700,55589.4,55624,55580.2,55617,55584.92935912907,NaN,NaN,NaN,NaN,0
1758099600,55609.4,55640,55590,55634,55592.06822150807,NaN,NaN,NaN,NaN,0
1758100500,55635.6,55699,55627,55699,55604.319718050676,55627,NaN,NaN,NaN,0
1758101400,55699,55744.4,55679.8,55700,55615.88262037583,NaN,NaN,NaN,NaN,0
1758102300,55692.4,55715,55667.2,55700,55626.59730312348,NaN,NaN,NaN,NaN,0
1758103200,55702,55702,55702,55702,55636.638620026686,NaN,NaN,NaN,NaN,0
1758167100,55900,55900,55771.2,55886,55662.58877275326,NaN,NaN,NaN,NaN,0
1758168000,55888,55894.8,55841.4,55878,55686.70458929195,NaN,NaN,55894.8,NaN,0
1758168900,55875,55899.8,55866.8,55899,55711.417497728195,NaN,NaN,NaN,NaN,0
1758169800,55899,55987,55886.6,55936.6,55738.13933978533,NaN,NaN,NaN,NaN,0
1758170700,55930,55975,55915,55968.6,55766.196523102335,NaN,NaN,NaN,NaN,0
1758171600,55971.6,55980,55932,55964,55791.9107319479,NaN,NaN,NaN,NaN,0
1758172500,55960,55977,55950,55960.6,55815.29542563689,NaN,NaN,NaN,NaN,0
1758173400,55960.6,55994,55955,55955.2,55835.97212972831,NaN,NaN,NaN,NaN,0
1758174300,55956,55976,55943.8,55955.2,55854.499443825225,NaN,NaN,NaN,NaN,0
1758175200,55960,55970,55932.2,55945,55869.998572860684,NaN,NaN,NaN,NaN,0
1758176100,55945.2,55946.2,55888,55903.2,55879.64634938243,NaN,NaN,NaN,NaN,0
1758177000,55903.2,55947.8,55897,55941.6,55890.87663958356,NaN,NaN,NaN,NaN,0
1758177900,55940.8,55944,55900,55915,55897.978848923725,NaN,NaN,NaN,NaN,0
1758178800,55915,55925.6,55835.4,55873.2,55899.745110442134,NaN,NaN,NaN,NaN,0
1758179700,55860,55887.2,55832.2,55845,55897.69252409127,NaN,NaN,NaN,NaN,0
1758180600,55835,55835,55652.6,55738.4,55884.93260516112,NaN,55835,NaN,NaN,0
1758181500,55725.2,55790,55700,55789.6,55876.26091965209,NaN,NaN,NaN,NaN,0
1758182400,55780,55820,55770.2,55817,55869.86876451207,NaN,NaN,NaN,NaN,0
1758183300,55816.6,55843.6,55750.6,55775,55859.67395996757,NaN,NaN,NaN,NaN,0
1758184200,55769.4,55790,55725.2,55770,55849.31289488268,NaN,NaN,NaN,NaN,0
1758185100,55770,55784.2,55740,55750,55837.66951076411,NaN,NaN,NaN,55740,0
1758186000,55750,55776.8,55724.2,55746,55826.277103687054,NaN,NaN,NaN,NaN,0
1758186900,55749,55841,55749,55804.4,55820.98449121452,NaN,NaN,NaN,NaN,0
1758187800,55804.4,55900,55804.4,55887,55823.994645457984,NaN,NaN,NaN,NaN,0
1758188700,55888,55907.4,55873.2,55875,55826.68809939746,NaN,NaN,NaN,NaN,0
1758253500,55848.6,55857.4,55722.6,55767.4,55820.17759192559,NaN,NaN,NaN,NaN,0
1758254400,55775,55790,55669.6,55728.6,55810.635026284355,NaN,55790,NaN,NaN,0
1758255300,55724.8,55745,55685,55705,55799.225084909594,NaN,NaN,NaN,NaN,0
1758256200,55705,55705.2,55620,55690,55787.066279632854,NaN,NaN,NaN,NaN,0
1758257100,55684,55737.8,55656.8,55730,55779.19706742618,NaN,NaN,NaN,NaN,0
1758258000,55739,55749,55607,55638,55763.60692096761,NaN,NaN,NaN,NaN,0
1758258900,55638,55652,55605,55610,55746.21495135649,NaN,NaN,NaN,55605,0
1758259800,55610.4,55629.2,55565,55581.2,55727.137679367275,NaN,NaN,NaN,NaN,0
1758260700,55580,55626.8,55556,55604,55711.229226168325,NaN,NaN,NaN,NaN,0
1758261600,55603,55613.6,55572,55575.4,55693.931243365994,NaN,NaN,NaN,NaN,0
1758262500,55575.4,55600.4,55550,55600,55680.181435186976,NaN,NaN,NaN,NaN,0
1758263400,55600,55629.8,55575.8,55618,55669.45019805997,NaN,NaN,NaN,NaN,0
1758264300,55619.8,55619.8,55575.6,55594.4,55657.97133260141,NaN,NaN,NaN,NaN,0
1758265200,55580.2,55603.8,55570,55596.4,55647.92898430354,NaN,NaN,NaN,NaN,0
1758266100,55584,55624.8,55570,55617,55641.05906553193,NaN,NaN,NaN,NaN,0
1758267000,55626,55650,55615.2,55650,55638.41146695097,NaN,NaN,NaN,NaN,0
1758267900,55650,55683,55640,55683,55639.81389818946,NaN,NaN,NaN,NaN,0
1758268800,55683,55687.8,55635,55672,55641.14853560915,NaN,NaN,NaN,NaN,0
1758269700,55672,55679,55639.4,55676.8,55643.426156110734,NaN,NaN,NaN,NaN,0
1758270600,55676,55706.6,55670.2,55685.4,55646.85384168871,NaN,NaN,NaN,NaN,0
1758271500,55693.6,55694,55581.2,55601,55642.868704685374,NaN,NaN,NaN,NaN,0
1758272400,55605.2,55650,55601,55630,55641.65372617893,NaN,NaN,NaN,NaN,0
1758273300,55637,55661.4,55620,55646.6,55642.06299516244,NaN,NaN,NaN,NaN,0
1758274200,55654,55654,55615.8,55650,55642.82400561569,NaN,NaN,NaN,NaN,0
1758275100,55650,55680,55640,55665,55644.876744582165,NaN,NaN,NaN,NaN,0
1758276000,55655,55655,55655,55655,55645.88923730891,NaN,NaN,NaN,NaN,0
1758512700,55594.8,55725,55521.8,55720,55652.805036197016,NaN,NaN,NaN,NaN,0
1758513600,55720,55773.6,55720,55751.6,55662.6256249631,NaN,NaN,NaN,NaN,0
1758514500,55752.4,55795.8,55711.2,55740,55671.17297839097,55711.2,NaN,NaN,NaN,0
1758515400,55740.2,55790,55734.8,55769.4,55682.037663087205,NaN,NaN,NaN,NaN,0
1758516300,55760,55823.2,55745.6,55807.2,55695.8569328504,NaN,NaN,NaN,NaN,0
1758517200,55822,55841.6,55796,55810.2,55709.24863563726,NaN,NaN,NaN,NaN,0
1758518100,55815.2,55818.6,55776,55785,55719.67612525221,NaN,NaN,NaN,NaN,0
1758519000,55790,55806.8,55738.8,55755,55726.50224268713,NaN,NaN,55806.8,NaN,0
1758519900,55759.4,55760,55715,55744.8,55731.50762066001,NaN,NaN,NaN,NaN,0
1758520800,55731.4,55740,55680,55729,55734.151383450175,NaN,NaN,NaN,NaN,0
1758521700,55732,55774,55725,55758.8,55738.745774280185,NaN,NaN,NaN,NaN,0
1758522600,55760.6,55760.6,55729,55736.2,55740.528700794224,NaN,NaN,NaN,NaN,0
1758523500,55735.2,55765,55725.6,55730.4,55741.14127210451,NaN,NaN,NaN,NaN,0
1758524400,55730.4,55771,55725.2,55771,55744.985747958555,NaN,NaN,NaN,NaN,0
1758525300,55764.2,55778.4,55750,55778.4,55749.082640819535,NaN,NaN,NaN,NaN,0
1758526200,55775,55790,55760,55769,55751.92331955072,NaN,NaN,NaN,NaN,0
1758527100,55780,55780,55730,55739.8,55751.73143397834,NaN,NaN,NaN,NaN,0
1758528000,55744.2,55756.8,55714.8,55736.2,55750.907428486455,NaN,NaN,NaN,NaN,0
1758528900,55738,55745,55685,55692,55745.88409152326,NaN,NaN,NaN,NaN,0
1758529800,55686.6,55710,55660,55702.4,55741.7126656675,NaN,NaN,NaN,NaN,0
1758530700,55699.6,55699.6,55630,55630.6,55731.00514380779,NaN,55699.6,NaN,NaN,0
1758531600,55636.2,55650,55430.8,55447.6,55703.880174068436,NaN,NaN,NaN,NaN,0
1758532500,55446.8,55525,55427.6,55482,55680.2997007934,NaN,NaN,NaN,NaN,0
1758533400,55490,55520,55431.6,55478.8,55657.24109285995,NaN,NaN,NaN,NaN,0
1758534300,55478.8,55494,55454.2,55460,55633.61357607346,NaN,NaN,NaN,NaN,0
1758599100,55460.2,55529.4,55381.2,55396.8,55605.6222141003,NaN,NaN,NaN,55381.2,0
1758600000,55396.8,55455.4,55355.4,55383,55578.064979341645,NaN,NaN,NaN,NaN,0
1758600900,55371.2,55435,55355.4,55425.2,55556.19334649992,NaN,NaN,NaN,NaN,0
1758601800,55411.2,55513.8,55410.4,55489.6,55542.23654308308,NaN,NaN,NaN,NaN,0
1758602700,55484.2,55492.4,55382,55437.6,55525.6369267982,NaN,NaN,NaN,NaN,0
1758603600,55421.2,55449.8,55395,55447,55511.85945680653,NaN,NaN,NaN,NaN,0
1758604500,55447,55448,55400,55416,55497.1202847214,NaN,NaN,NaN,NaN,0
1758605400,55420,55475,55374.6,55377.6,55480.67687227183,NaN,NaN,NaN,NaN,0
1758606300,55376.6,55420.4,55357.4,55392.2,55467.29844296043,NaN,NaN,NaN,NaN,0
1758607200,55388.8,55437,55387.4,55437,55459.63921135432,NaN,NaN,NaN,NaN,0
1758608100,55434.8,55454,55416.8,55435,55453.24988457131,NaN,NaN,NaN,NaN,0
1758609000,55432.4,55487,55430.4,55481,55452.329020899044,NaN,NaN,NaN,NaN,0
1758609900,55481,55598,55470,55587.4,55462.11308780386,55470,NaN,NaN,NaN,0
1758610800,55598,55739,55584,55642.4,55477.68108234178,NaN,NaN,NaN,NaN,0
1758611700,55650,55699.8,55648,55665.2,55495.66785639751,NaN,NaN,NaN,NaN,0
1758612600,55666.2,55715,55666.2,55681.6,55515.0114994397,NaN,NaN,NaN,NaN,0
1758613500,55689.4,55724.2,55681.4,55721.8,55537.53843267164,NaN,NaN,NaN,NaN,0
1758614400,55723.2,55794.4,55723.2,55762.2,55562.91483374686,NaN,NaN,55794.4,NaN,0
1758615300,55765,55790,55743.2,55750,55586.00746597436,NaN,NaN,NaN,NaN,0
1758616200,55750.2,55823,55719.8,55733.8,55606.113847717796,NaN,NaN,NaN,NaN,0
1758617100,55730,55759.2,55659.4,55733.8,55624.56709644825,NaN,NaN,NaN,NaN,0
1758618000,55734.4,55775,55710,55753,55642.93668722366,NaN,NaN,NaN,NaN,0
1758618900,55753,55755,55715.8,55730,55657.43864838374,NaN,NaN,NaN,NaN,0
1758619800,55729.8,55741,55692.2,55736.6,55670.912895689005,NaN,NaN,NaN,NaN,0
1758620700,55718.2,55748.8,55712,55747.8,55683.54948674003,NaN,NaN,NaN,NaN,0
1758685500,55698.2,55698.2,55412,55469.4,55669.12216061476,NaN,55698.2,NaN,NaN,0
1758686400,55459,55476,55375,55414.8,55648.387914785904,NaN,NaN,NaN,NaN,0
1758687300,55422.2,55471.8,55382,55471.8,55632.14397917897,NaN,NaN,NaN,NaN,0
1758688200,55468.2,55494,55430,55451.2,55613.780856262194,NaN,NaN,NaN,NaN,0
1758689100,55451,55480,55424.4,55424.4,55593.12966278479,NaN,NaN,NaN,NaN,0
1758690000,55411.6,55437.2,55310,55334.8,55564.881393809934,NaN,NaN,NaN,55310,0
1758690900,55328.8,55350,55300,55350,55539.18287392725,NaN,NaN,NaN,NaN,0
1758691800,55345.6,55345.6,55165.2,55240.8,55504.98875009933,NaN,NaN,NaN,NaN,0
1758692700,55236.8,55274.8,55227,55274.6,55475.75035249381,NaN,NaN,NaN,NaN,0
1758693600,55274.8,55293.6,55234.6,55266.6,55447.97058634897,NaN,NaN,NaN,NaN,0
1758694500,55260.6,55286,55251,55258,55421.716187769925,NaN,NaN,NaN,NaN,0
1758695400,55253.2,55299,55215,55296.8,55401.39311197327,NaN,NaN,NaN,NaN,0
1758696300,55297.8,55347.4,55291.4,55314.6,55385.16684525774,NaN,NaN,NaN,NaN,0
1758697200,55310.2,55325,55275,55287,55368.73404312799,NaN,NaN,NaN,NaN,0
1758698100,55278.2,55329.8,55260,55329.8,55358.3003849281,NaN,NaN,NaN,NaN,0
1758699000,55330,55375,55313.4,55371.8,55353.68298452529,NaN,NaN,NaN,NaN,0
1758699900,55375,55441.2,55363.2,55399.8,55353.37016109492,NaN,NaN,NaN,NaN,0
1758700800,55399.8,55417.4,55364.4,55364.4,55351.24965707297,NaN,NaN,NaN,NaN,0
1758701700,55361,55382.6,55313,55349.6,55348.8473613406,NaN,NaN,NaN,NaN,0
1758702600,55350,55350,55280.4,55289.8,55341.80538697088,NaN,NaN,NaN,NaN,0
1758703500,55280,55320,55248.6,55265,55333.210339004785,NaN,NaN,NaN,NaN,0
1758704400,55269.2,55300,55229.2,55270,55325.693382269674,NaN,NaN,NaN,NaN,0
1758705300,55269,55274,55230,55230,55315.084551037915,NaN,NaN,NaN,NaN,0
1758706200,55225,55279.6,55191.8,55268,55308.47739158746,NaN,NaN,NaN,NaN,0
1758707100,55265,55277.2,55240.8,55252,55301.024795868296,NaN,NaN,NaN,NaN,0
1758771900,55181,55375,55070,55339.4,55302.117717562425,NaN,NaN,NaN,NaN,0
1758772800,55330,55374.4,55257.4,55281,55298.41248090138,NaN,NaN,NaN,NaN,0
1758773700,55272,55364,55215,55311.8,55298.33148962942,NaN,NaN,NaN,NaN,0
1758774600,55320.8,55347.8,55270,55314,55298.85880944174,NaN,NaN,NaN,NaN,0
1758775500,55316.2,55336,55280.4,55293.8,55297.7339011189,NaN,NaN,NaN,NaN,0
1758776400,55302.6,55314,55238.4,55262,55293.95880469873,NaN,NaN,NaN,NaN,0
1758777300,55250,55310,55238.4,55275.4,55291.63926913972,NaN,NaN,NaN,NaN,0
1758778200,55275.6,55308,55240.4,55307,55292.50399916717,NaN,NaN,NaN,NaN,0
1758779100,55310,55348.4,55289,55331.2,55295.694636873675,NaN,NaN,NaN,NaN,0
1758780000,55331.2,55347.2,55240.8,55258.8,55292.49923047782,NaN,NaN,NaN,NaN,0
1758780900,55261,55270,55202.4,55221,55285.84120745326,NaN,NaN,NaN,NaN,0
1758781800,55221,55240.4,55175,55208,55278.10651867235,NaN,NaN,NaN,NaN,0
1758782700,55206,55270,55200,55251,55274.49673922328,NaN,NaN,NaN,NaN,0
1758783600,55245,55280,55211.2,55230.4,55269.222110945615,NaN,NaN,NaN,NaN,0
1758784500,55232.8,55326,55232.8,55301,55270.67910653213,NaN,NaN,NaN,NaN,0
1758785400,55310.8,55439,55310.8,55374.6,55279.196763819855,NaN,NaN,NaN,NaN,0
1758786300,55389,55410.8,55341.2,55385,55288.79860064419,NaN,NaN,NaN,NaN,0
1758787200,55389,55423.8,55360.6,55403,55300.0092422868,NaN,NaN,NaN,NaN,0
1758788100,55410,55426.4,55358,55382.4,55309.14095319837,NaN,NaN,NaN,NaN,0
1758789000,55377.8,55395,55321.4,55360,55315.935637283495,NaN,NaN,NaN,NaN,0
1758789900,55360,55375,55326.6,55340,55320.45244815253,NaN,NaN,NaN,NaN,0
1758790800,55344.4,55356.6,55270,55283,55319.30766258336,NaN,NaN,NaN,NaN,0
1758791700,55288,55300,55253.2,55272.6,55316.71439038332,NaN,NaN,NaN,NaN,0
1758792600,55282.4,55285,55102,55130,55300.674558386716,NaN,55285,NaN,NaN,0
1758793500,55133.2,55165,55086,55094.6,55281.24280501438,NaN,NaN,NaN,NaN,0
1758794400,55103,55103.2,55103,55103.2,55262.67180228983,NaN,NaN,NaN,NaN,0
1758858300,54949.2,55046,54800,54803,55217.23070837028,NaN,NaN,NaN,NaN,0
1758859200,54801,54825.8,54700,54788.8,55171.376846424086,NaN,NaN,NaN,NaN,0
1758860100,54793.6,54850,54761.4,54811.6,55129.360459043884,NaN,NaN,NaN,54761.4,0
1758861000,54810,54811.6,54744.8,54770.4,55085.788422628306,NaN,NaN,NaN,NaN,0
1758861900,54777,54827.2,54750.4,54792.6,55046.95711681222,NaN,NaN,NaN,NaN,0
1758862800,54789.6,54830.4,54769.2,54830.4,55014.675212833565,NaN,NaN,NaN,NaN,0
1758863700,54820.4,54823,54732.4,54755,54978.81692198871,NaN,NaN,NaN,NaN,0
1758864600,54740.8,54751.8,54666,54700,54941.27104897029,NaN,NaN,NaN,NaN,0
1758865500,54700,54726.6,54675,54698.2,54906.94801899142,NaN,NaN,NaN,NaN,0
1758866400,54697,54703.8,54655,54698.2,54876.05087316847,NaN,NaN,NaN,NaN,0
1758867300,54695,54717.2,54670.2,54700.6,54848.861706462776,NaN,NaN,NaN,NaN,0
1758868200,54701,54713,54675,54686,54823.63425038687,NaN,NaN,NaN,NaN,0
1758869100,54690.8,54723,54680,54704.4,54803.16303287064,NaN,NaN,NaN,NaN,0
1758870000,54702.8,54705.2,54652.2,54693.8,54784.51817090163,NaN,NaN,NaN,NaN,0
1758870900,54697.8,54738,54680,54684.6,54767.67387049685,NaN,NaN,NaN,NaN,0
1758871800,54685,54721,54676,54679.8,54752.66711938681,NaN,NaN,NaN,NaN,0
1758872700,54679.4,54688.6,54634.6,54640.6,54736.13865328217,NaN,NaN,NaN,NaN,0
1758873600,54640,54640.6,54530.2,54531.8,54711.63315435312,NaN,54640.6,NaN,NaN,0
1758874500,54544,54554.8,54463,54484.2,54684.62599751502,NaN,NaN,NaN,NaN,0
1758875400,54484.2,54500,54404.6,54458.4,54657.1759659766,NaN,NaN,NaN,NaN,0
1758876300,54450,54487.8,54417.8,54436.8,54629.72908493373,NaN,NaN,NaN,NaN,0
1758877200,54438.8,54520,54432.6,54499.8,54610.07688063442,NaN,NaN,NaN,NaN,0
1758878100,54505.2,54517,54440,54480.6,54590.79788659801,NaN,NaN,NaN,54440,0
1758879000,54474.6,54510.2,54449.4,54480,54573.48570222776,NaN,NaN,NaN,NaN,0
1758879900,54480,54495,54442.2,54479,54558.21865611456,NaN,NaN,NaN,NaN,0
1759117500,54545.6,54628,54486.2,54590.8,54555.0333305332,NaN,NaN,NaN,NaN,0
1759118400,54590.8,54700,54574.4,54693.4,54562.85032226055,54574.4,NaN,NaN,NaN,0
1759119300,54682,54720.4,54654.2,54676.2,54570.783193682444,NaN,NaN,NaN,NaN,0
1759120200,54676.2,54709,54661.2,54690.6,54580.86785604267,NaN,NaN,NaN,NaN,0
1759121100,54677.6,54822,54673.4,54780,54599.520814860334,NaN,NaN,NaN,NaN,0
1759122000,54770,54790,54712.4,54728,54613.52227070379,NaN,NaN,NaN,NaN,0
1759122900,54728,54765.6,54603,54658.6,54620.805812322214,NaN,NaN,54765.6,NaN,0
1759123800,54658.6,54722,54615,54618,54623.74581468318,NaN,NaN,NaN,NaN,0
1759124700,54621.4,54634.8,54539.8,54567.4,54621.48507792743,NaN,NaN,NaN,NaN,0
1759125600,54553.6,54560.2,54466,54500,54612.47303033643,NaN,54560.2,NaN,NaN,0
1759126500,54500,54521.4,54437.2,54471.6,54600.346831820876,NaN,NaN,NaN,NaN,0
1759127400,54478.6,54498.6,54336,54350,54576.86535432872,NaN,NaN,NaN,NaN,0
1759128300,54350,54437.6,54340.2,54400,54558.04102305474,NaN,NaN,NaN,NaN,0
1759129200,54405.6,54420,54325.8,54325.8,54532.96951029694,NaN,NaN,NaN,NaN,0
1759130100,54325,54380.2,54301.2,54359.8,54511.842446312774,NaN,NaN,NaN,54301.2,0
1759131000,54366.2,54580,54360.8,54575,54511.5605737352,NaN,NaN,NaN,NaN,0
1759131900,54571.4,54625.6,54518,54605.6,54515.37453049075,NaN,NaN,NaN,NaN,0
1759132800,54608.2,54665.2,54582,54605.6,54520.329971697276,NaN,NaN,NaN,NaN,0
1759133700,54607.6,54656.4,54600.2,54647,54530.014522423284,NaN,NaN,NaN,NaN,0
1759134600,54651,54730,54651,54672.6,54542.7769248466,NaN,NaN,NaN,NaN,0
1759135500,54681.4,54709.2,54628.2,54669.8,54555.58623875496,NaN,NaN,NaN,NaN,0
1759136400,54661.2,54688,54546.2,54550,54557.40625295327,NaN,NaN,NaN,NaN,0
1759137300,54557.8,54580.2,54498,54538,54557.85072422933,NaN,NaN,NaN,NaN,0
1759138200,54538,54585.2,54463.8,54560,54559.845537744775,NaN,NaN,NaN,NaN,0
1759139100,54557,54631,54523.8,54610,54566.0353841579,NaN,NaN,NaN,NaN,0
1759203900,54700,54825,54630.4,54698.8,54579.88500847398,54630.4,NaN,NaN,NaN,0
1759204800,54696.2,54725.2,54618,54699.8,54593.27926483473,NaN,NaN,NaN,NaN,0
1759205700,54685.4,54719.8,54650.2,54662.8,54602.46971086374,NaN,NaN,NaN,NaN,0
1759206600,54675.4,54718.8,54577,54593.2,54604.43741197454,NaN,NaN,NaN,NaN,0
1759207500,54599,54676.8,54548.8,54571.6,54603.74451029866,NaN,NaN,NaN,NaN,0
1759208400,54576.8,54591,54520.2,54565.8,54601.880714158084,NaN,NaN,54591,NaN,0
1759209300,54567,54659.4,54540.2,54639.8,54606.16254241203,NaN,NaN,NaN,NaN,0
1759210200,54630.4,54700,54630.4,54673,54613.15460708654,NaN,NaN,NaN,NaN,0
1759211100,54674,54700,54564.8,54612.4,54614.315637661275,NaN,NaN,NaN,NaN,0
1759212000,54627.6,54700,54604.4,54635.4,54617.23942601397,NaN,NaN,NaN,NaN,0
1759212900,54649.6,54675.8,54601,54624.6,54618.899613418056,NaN,NaN,NaN,NaN,0
1759213800,54628,54699,54607.2,54678.4,54625.23661673367,NaN,NaN,NaN,NaN,0
1759214700,54674,54750,54674,54730.6,54636.04862753231,NaN,NaN,NaN,NaN,0
1759215600,54739.6,54765,54698.2,54716.8,54645.36089730197,NaN,NaN,NaN,NaN,0
1759216500,54720,54728.2,54688.4,54699.4,54652.51155870774,NaN,NaN,NaN,NaN,0
1759217400,54692,54759.2,54681.2,54721,54661.172367137035,NaN,NaN,NaN,NaN,0
1759218300,54740,54749.8,54649.6,54670.8,54664.59703924347,NaN,NaN,NaN,NaN,0
1759219200,54667,54683.4,54623,54653.4,54665.55550278379,NaN,NaN,NaN,NaN,0
1759220100,54648.4,54698.8,54628,54656.4,54666.24909867426,NaN,NaN,NaN,NaN,0
1759221000,54657,54675,54558.8,54610,54662.28418380396,NaN,NaN,NaN,NaN,0
1759221900,54600,54625,54538.2,54605.4,54657.523883003545,NaN,NaN,NaN,NaN,0
1759222800,54602,54730.8,54583.4,54696.2,54660.83923027198,NaN,NaN,NaN,NaN,0
1759223700,54706,54737,54600.4,54683.8,54662.93508257997,NaN,NaN,NaN,NaN,0
1759224600,54683.8,54683.8,54601,54641,54661.18932489137,NaN,NaN,NaN,NaN,0
1759225500,54641,54650,54630,54634,54658.73682729178,NaN,NaN,NaN,NaN,0
1759290300,55099.8,55099.8,54940,55074.8,54696.43131546582,54940,NaN,NaN,NaN,0
1759291200,55074.8,55200,55063.4,55182.4,54743.61409761205,NaN,NaN,NaN,NaN,0
1759292100,55167.2,55234.8,55158.6,55175.2,54789.14766628313,NaN,NaN,NaN,NaN,0
1759293000,55180,55245,55042.2,55230.2,54838.16536209257,NaN,NaN,NaN,NaN,0
1759293900,55230.2,55250,55161.2,55195.8,54881.92820041507,NaN,NaN,NaN,NaN,0
1759294800,55191,55310.8,55178,55265.4,54929.40404027974,NaN,NaN,55310.8,NaN,0
1759295700,55266.4,55287.8,55222,55282,54975.2389886197,NaN,NaN,NaN,NaN,0
1759296600,55279,55363,55276.8,55360,55024.64036282253,NaN,NaN,NaN,NaN,0
1759297500,55350,55439.6,55350,55416.4,55075.244607150926,NaN,NaN,NaN,NaN,0
1759298400,55435.6,55527.4,55432.8,55527.4,55131.84703433857,NaN,NaN,NaN,NaN,0
1759299300,55527,55649,55508.8,55635,55194.01663169613,55508.8,NaN,NaN,NaN,0
1759300200,55628.4,55636,55570,55574,55245.98464611695,NaN,NaN,NaN,NaN,0
1759301100,55574,55598,55480,55513,55287.61779653879,NaN,NaN,NaN,NaN,0
1759302000,55519,55583,55490,55530,55325.96757325757,NaN,NaN,NaN,NaN,0
1759302900,55530,55543.4,55460,55478.4,55354.95467590935,NaN,NaN,NaN,NaN,0
1759303800,55481,55540,55470,55536.4,55384.93419825527,NaN,NaN,55540,NaN,0
1759304700,55546.2,55620,55508.8,55619.8,55418.5462681963,NaN,NaN,NaN,NaN,0
1759305600,55618,55648.8,55580,55623,55448.693160558105,NaN,NaN,NaN,NaN,0
1759306500,55617,55634.6,55565.2,55595.4,55472.896512145046,NaN,NaN,NaN,NaN,0
1759307400,55597,55679.8,55583.6,55639.2,55497.88119632191,NaN,NaN,NaN,NaN,0
1759308300,55640.2,55675,55600,55634,55519.41837132314,NaN,NaN,NaN,NaN,0
1759309200,55638,55670.4,55610.2,55655.4,55540.23865694237,NaN,NaN,NaN,NaN,0
1759310100,55650,55660.8,55587.2,55635,55556.69524933541,NaN,NaN,NaN,NaN,0
1759311000,55618.2,55670.4,55603.6,55625,55569.84277286642,NaN,NaN,NaN,NaN,0
1759311900,55621.2,55709,55620,55680,55586.00016447603,NaN,NaN,NaN,NaN,0
1759312800,55662,55662,55662,55662,55598.73925808436,NaN,NaN,NaN,NaN,0
1759463100,55620.6,55741,55590,55686,55611.99315505034,NaN,NaN,NaN,NaN,0
1759464000,55681,55709,55631.4,55688.4,55623.38668023304,NaN,NaN,NaN,NaN,0
1759464900,55688.2,55819.8,55648,55810.2,55644.46134365117,55648,NaN,NaN,NaN,0
1759465800,55810.2,55850,55741,55781,55661.6240514745,NaN,NaN,NaN,NaN,0
1759466700,55786.6,55788.6,55711.2,55750,55674.56884093842,NaN,NaN,NaN,NaN,0
1759467600,55742.8,55785,55671,55690,55680.77079730185,NaN,NaN,NaN,NaN,0
1759468500,55689,55755,55657,55705,55687.00265102405,NaN,NaN,NaN,NaN,0
1759469400,55713.2,55765,55683,55765,55697.573965857635,NaN,NaN,55765,NaN,0
1759470300,55763.4,55800,55731.2,55731.2,55703.9365294751,NaN,NaN,NaN,NaN,0
1759471200,55735,55788.6,55735,55742,55710.269636840196,NaN,NaN,NaN,NaN,0
1759472100,55738.6,55785,55731.8,55780,55719.08437616837,NaN,NaN,NaN,NaN,0
1759473000,55780.6,55849,55765.6,55808,55729.55268469049,NaN,NaN,NaN,NaN,0
1759473900,55824,55829.4,55770,55812.4,55739.759695112174,NaN,NaN,NaN,NaN,0
1759474800,55812.2,55822.4,55760,55820,55749.95646087731,NaN,NaN,NaN,NaN,0
1759475700,55805.8,55833.6,55789.4,55789.4,55756.52691100108,NaN,NaN,NaN,NaN,0
1759476600,55811.4,55840,55775.2,55826.8,55765.77054460455,NaN,NaN,NaN,NaN,0
1759477500,55834.4,55834.6,55785,55796.8,55771.40692239861,NaN,NaN,NaN,NaN,0
1759478400,55795,55805.6,55760,55803.2,55776.76217690106,NaN,NaN,NaN,NaN,0
1759479300,55810,55819,55780,55790.8,55780.29003410915,NaN,NaN,NaN,NaN,0
1759480200,55800,55820,55780,55792.6,55783.37850438462,NaN,NaN,NaN,NaN,0
1759481100,55792.6,55810,55780,55808.8,55787.31359606722,NaN,NaN,NaN,NaN,0
1759482000,55810,55875,55791.2,55874.6,55796.75138998034,NaN,NaN,NaN,NaN,0
1759482900,55875,55890,55838.8,55879,55806.060341469485,NaN,NaN,NaN,NaN,0
1759483800,55881.2,55881.8,55841.8,55850.6,55812.260727895664,NaN,NaN,NaN,NaN,0
1759484700,55855.2,55860,55824.8,55856.8,55818.463421326414,NaN,NaN,NaN,NaN,0
1759485600,55856,55856,55856,55856,55823.94640258793,NaN,NaN,NaN,NaN,0
1759722300,55951.2,56133.4,55916.2,56033.4,55845.06730030022,55916.2,NaN,NaN,NaN,0
1759723200,56030.8,56113.4,55966.2,56113,55872.7371073146,NaN,NaN,NaN,NaN,0
1759724100,56113,56174,56085.6,56140.4,55901.94916450287,NaN,NaN,NaN,NaN,0
1759725000,56140.8,56170.4,56106.6,56170,55932.42948506855,NaN,NaN,NaN,NaN,0
1759725900,56175,56200,56152.6,56159,55960.37370865976,NaN,NaN,NaN,NaN,0
1759726800,56151,56200,56135.2,56189.8,55989.30499864356,NaN,NaN,56200,NaN,0
1759727700,56189.8,56241,56166,56228,56019.702005338855,NaN,NaN,NaN,NaN,0
1759728600,56228.6,56243.8,56186.6,56236.4,56048.54364528376,NaN,NaN,NaN,NaN,0
1759729500,56230.4,56250,56192.2,56231.6,56074.427577778595,NaN,NaN,NaN,NaN,0
1759730400,56251,56253.2,56205.2,56231.8,56097.8668422881,NaN,NaN,NaN,NaN,0
1759731300,56225.2,56226.4,56190,56218,56117.516209076835,NaN,NaN,NaN,NaN,0
1759732200,56207,56282.2,56205.8,56282.2,56140.52701488189,NaN,NaN,NaN,NaN,0
1759733100,56285,56299,56262.4,56271.2,56160.15017961937,NaN,NaN,NaN,NaN,0
1759734000,56274.4,56295,56270.2,56295,56179.68105172337,NaN,NaN,NaN,NaN,0
1759734900,56290.4,56335.8,56289.8,56327.6,56200.02645426915,NaN,NaN,NaN,NaN,0
1759735800,56324,56362.6,56314.4,56350.8,56220.47014062715,NaN,NaN,NaN,NaN,0
1759736700,56356,56363,56305.8,56350,56238.80227654919,NaN,NaN,NaN,NaN,0
1759737600,56349,56375.8,56330.4,56330.4,56253.47543181276,NaN,NaN,NaN,NaN,0
1759738500,56327,56327,56252.4,56290,56262.64022225312,NaN,NaN,NaN,NaN,0
1759739400,56295.4,56315,56261.8,56277.6,56269.03197699807,NaN,NaN,NaN,NaN,0
1759740300,56271,56318,56270,56275,56273.72542072185,NaN,NaN,NaN,NaN,0
1759741200,56270,56321.4,56270,56287.8,56278.321781044964,NaN,NaN,NaN,NaN,0
1759742100,56290,56331.4,56266,56317.6,56284.515010847404,NaN,NaN,NaN,NaN,0
1759743000,56325,56329,56302.4,56310.2,56289.16471342927,NaN,NaN,NaN,NaN,0
1759743900,56301,56310.2,56277.2,56293,56291.542294798455,NaN,NaN,NaN,NaN,0
1759744800,56300,56300,56300,56300,56293.929276859846,NaN,NaN,NaN,NaN,0
1759808700,56300,56375,56230,56365.8,56301.8158274464,NaN,NaN,NaN,NaN,0
1759809600,56381.8,56490.6,56352.2,56474.8,56318.97049239392,56352.2,NaN,NaN,NaN,0
1759810500,56475,56548.4,56473.6,56518,56339.47575091422,NaN,NaN,NaN,NaN,0
1759811400,56515.2,56550,56496.2,56499.8,56357.61103363299,NaN,NaN,NaN,NaN,0
1759812300,56500,56533.4,56471.8,56502.8,56375.09730674998,NaN,NaN,NaN,NaN,0
1759813200,56502.8,56551.8,56480,56525.4,56393.600529276955,NaN,NaN,NaN,NaN,0
1759814100,56530,56530.2,56492.2,56492.2,56407.8169578877,NaN,NaN,56530.2,NaN,0
1759815000,56492.4,56519,56478.2,56479.4,56419.49727959874,NaN,NaN,NaN,NaN,0
1759815900,56479.4,56511.8,56371.6,56450,56427.14398479668,NaN,NaN,NaN,NaN,0
1759816800,56449.8,56450.2,56391,56450.2,56433.51485473474,NaN,NaN,NaN,NaN,0
1759817700,56450.2,56472.8,56440,56467.8,56440.28602953362,NaN,NaN,NaN,NaN,0
1759818600,56461.2,56600,56460.2,56571.8,56455.463712097735,NaN,NaN,NaN,NaN,0
1759819500,56570,56595,56544.6,56590,56471.16557324719,NaN,NaN,NaN,NaN,0
1759820400,56589.6,56599.2,56550.8,56572,56484.167503195895,NaN,NaN,NaN,NaN,0
1759821300,56577,56579.6,56538,56565.2,56495.4185806371,NaN,NaN,NaN,NaN,0
1759822200,56572,56607.6,56565,56588.4,56507.6553397773,NaN,NaN,NaN,NaN,0
1759823100,56588.4,56620,56587,56613,56521.03206101823,NaN,NaN,NaN,NaN,0
1759824000,56612,56650,56555,56649.8,56536.68186878626,NaN,NaN,NaN,NaN,0
1759824900,56656,56682,56614.6,56626.8,56549.131677028854,56614.6,NaN,NaN,NaN,0
1759825800,56637,56651.8,56600,56619.4,56559.79043946883,NaN,NaN,NaN,NaN,0
1759826700,56619.4,56640,56566.2,56566.2,56564.44705791737,NaN,NaN,NaN,NaN,0
1759827600,56566.2,56598.8,56510,56534,56565.077199349194,NaN,NaN,NaN,NaN,0
1759828500,56534,56579.8,56532,56533,56564.659535564475,NaN,NaN,NaN,NaN,0
1759829400,56533,56537,56453.6,56458.8,56556.687324114864,NaN,56537,56537,NaN,0
1759830300,56454.4,56472.6,56425,56472.6,56549.47425622744,NaN,NaN,NaN,NaN,0
1759831200,56470,56470,56470,56470,56541.7994604933,NaN,NaN,NaN,NaN,0
1759895100,56460.2,56514.6,56362.2,56476.2,56534.66358922499,NaN,NaN,NaN,NaN,0
1759896000,56467.4,56499,56408.2,56435.2,56523.890951448186,NaN,NaN,NaN,NaN,0
1759896900,56431,56437.6,56280,56360,56506.51263993545,NaN,NaN,NaN,56280,0
1759897800,56360,56380,56310,56319,56485.98018404626,NaN,NaN,NaN,NaN,0
1759898700,56319.6,56346,56281,56310,56465.55245567212,NaN,NaN,NaN,NaN,0
1759899600,56305.2,56326.2,56282.4,56308.6,56446.12824805091,NaN,NaN,NaN,NaN,0
1759900500,56296.6,56304.6,56218.6,56240.8,56421.821294563364,NaN,56304.6,NaN,NaN,0
1759901400,56241.6,56249.4,56081,56085,56384.86679632112,NaN,NaN,NaN,NaN,0
1759902300,56081,56152.2,56043,56130,56353.82211751404,NaN,NaN,NaN,NaN,0
1759903200,56125,56158.4,56090.2,56107.4,56322.8395416697,NaN,NaN,NaN,NaN,0
1759904100,56107.4,56196.6,56098,56157.2,56298.686983083026,NaN,NaN,NaN,NaN,0
1759905000,56169.8,56180.6,56102,56147.8,56276.06349578377,NaN,NaN,NaN,56102,0
1759905900,56168.2,56168.2,56082,56119.4,56253.15107089107,NaN,NaN,NaN,NaN,0
1759906800,56110.2,56170,56100,56170,56237.263706142134,NaN,NaN,NaN,NaN,0
1759907700,56170,56320,56170,56320,56237.41289284318,NaN,NaN,NaN,NaN,0
1759908600,56330,56380,56270,56344.4,56241.84002068607,56270,NaN,NaN,NaN,0
1759909500,56346.6,56370,56292.2,56325.2,56246.09667824107,NaN,NaN,NaN,NaN,0
1759910400,56320.6,56435,56305.2,56404.6,56258.74135120877,NaN,NaN,NaN,NaN,0
1759911300,56414.6,56440.2,56376.4,56425,56273.92916653848,NaN,NaN,NaN,NaN,0
1759912200,56425,56439.8,56285,56319.8,56279.80645430669,NaN,NaN,NaN,NaN,0
1759913100,56320,56325,56257.6,56282,56282.12741672889,NaN,NaN,56325,NaN,0
1759914000,56279.6,56310,56250,56276,56283.65398847038,NaN,NaN,NaN,NaN,0
1759914900,56280,56302,56240.2,56280,56285.16452439715,NaN,NaN,NaN,NaN,0
1759915800,56275.2,56281.2,56200,56205,56279.37841075024,NaN,NaN,NaN,NaN,0
1759916700,56203.4,56230,56190,56207,56273.474030112426,NaN,NaN,NaN,NaN,0
1759981500,56205,56330.4,56138,56300.2,56275.786595583646,NaN,NaN,NaN,NaN,0
1759982400,56300.8,56325,56187.6,56187.6,56267.67270993509,NaN,NaN,NaN,NaN,0
1759983300,56190,56220,56140,56166.6,56257.58157356805,NaN,NaN,NaN,NaN,0
1759984200,56165.4,56181.6,56106,56168,56247.80900194807,NaN,NaN,NaN,NaN,0
1759985100,56160.2,56239.4,56157.8,56202,56241.54404660519,NaN,NaN,NaN,NaN,0
1759986000,56210,56299,56210,56280,56242.86902572823,NaN,NaN,NaN,NaN,0
1759986900,56283.2,56310,56221.6,56302.4,56246.68827040164,NaN,NaN,NaN,NaN,0
1759987800,56305,56409.8,56304.4,56405.2,56260.24575117076,56304.4,NaN,NaN,NaN,0
1759988700,56404.4,56419,56374.6,56414.6,56274.92266033543,NaN,NaN,NaN,NaN,0
1759989600,56410,56485.8,56390.2,56450,56292.909874367324,NaN,NaN,NaN,NaN,0
1759990500,56448,56499,56420,56429.6,56308.54329212975,NaN,NaN,NaN,NaN,0
1759991400,56430,56454,56385,56395.2,56320.3828860749,NaN,NaN,NaN,NaN,0
1759992300,56405,56446.4,56388,56388.8,56330.70305391893,NaN,NaN,56446.4,NaN,0
1759993200,56390.4,56400.8,56329.2,56340,56335.61949387077,NaN,NaN,NaN,NaN,0
1759994100,56341.4,56380,56335.2,56338,56339.399625923674,NaN,NaN,NaN,NaN,0
1759995000,56335.2,56358.6,56316,56349.8,56343.25559303895,NaN,NaN,NaN,NaN,0
1759995900,56350.4,56422,56347.4,56422,56352.672310498376,NaN,NaN,NaN,NaN,0
1759996800,56422,56448,56382.2,56428.2,56361.87390675111,NaN,NaN,NaN,NaN,0
1759997700,56428.2,56447,56401.6,56447,56372.06601314661,NaN,NaN,NaN,NaN,0
1759998600,56445.4,56495,56412.4,56422.6,56379.1723030715,NaN,NaN,NaN,NaN,0
1759999500,56428,56440,56340.2,56360,56379.80947407714,NaN,NaN,NaN,NaN,0
1760000400,56367.8,56410.2,56360,56400.2,56383.58254612542,NaN,NaN,NaN,NaN,0
1760001300,56389.8,56411,56355,56400.2,56386.805904469635,NaN,NaN,NaN,NaN,0
1760002200,56400.2,56447.6,56392,56400,56389.48238449474,NaN,NaN,NaN,NaN,0
1760003100,56388,56424,56375,56398.8,56391.57752354664,NaN,NaN,NaN,NaN,0
1760004000,56397.6,56397.6,56397.6,56397.6,56393.257762445784,NaN,NaN,NaN,NaN,0
1760067900,56397.8,56673.4,56389.4,56645.4,56417.174637161304,56389.4,NaN,NaN,NaN,0
1760068800,56649,56699,56640,56696,56445.12249044121,NaN,NaN,NaN,NaN,0
1760069700,56699,56770,56696,56730,56475.54397378899,NaN,NaN,NaN,NaN,0
1760070600,56730.6,56768,56720,56758,56507.38035630851,NaN,NaN,NaN,NaN,0
1760071500,56759,56870,56759,56844,56545.52331312744,NaN,NaN,NaN,NaN,0
1760072400,56844,56899,56825.8,56826,56580.06614049319,NaN,NaN,56899,NaN,0
1760073300,56830,56909.6,56814,56895,56618.538872541976,NaN,NaN,NaN,NaN,0
1760074200,56887,56910,56845,56890,56653.976835997295,NaN,NaN,NaN,NaN,0
1760075100,56890,56908.6,56846.4,56868,56684.47550586995,NaN,NaN,NaN,NaN,0
1760076000,56858.8,56890.2,56842,56876,56712.7700581174,NaN,NaN,NaN,NaN,0
1760076900,56874.6,56888,56858,56860.6,56736.65329945753,NaN,NaN,NaN,NaN,0
1760077800,56875.2,56891.2,56850,56873,56758.78554620841,NaN,NaN,NaN,NaN,0
1760078700,56872.8,56900,56864.6,56885.8,56779.33411672858,NaN,NaN,NaN,NaN,0
1760079600,56887,56910,56862.6,56910,56799.45288138087,NaN,NaN,NaN,NaN,0
1760080500,56912.2,56984,56911,56964,56822.083581250066,56911,NaN,NaN,NaN,0
1760081400,56964,56985,56928,56948,56840.91739119749,NaN,NaN,NaN,NaN,0
1760082300,56940,56979,56934.4,56968,56859.356486637946,NaN,NaN,NaN,NaN,0
1760083200,56974.8,57009,56955.2,56975,56876.28903424238,NaN,NaN,NaN,NaN,0
1760084100,56990.2,56990.2,56950,56950,56889.02970320046,NaN,NaN,NaN,NaN,0
1760085000,56950,56969,56910,56925,56897.70859746458,NaN,NaN,56969,NaN,0
1760085900,56935,56970,56915.2,56956.8,56907.74509718539,NaN,NaN,NaN,NaN,0
1760086800,56950,56950,56925.2,56939.8,56914.905361390374,NaN,NaN,NaN,NaN,0
1760087700,56940.2,56956.6,56910,56931.2,56919.97299796103,NaN,NaN,NaN,NaN,0
1760088600,56932.8,56941,56810,56858.8,56917.36776363136,NaN,NaN,NaN,NaN,0
1760089500,56859,56916.8,56840,56899,56917.576958347556,NaN,NaN,NaN,NaN,0
1760090400,56897.2,56897.2,56897.2,56897.2,56916.99953539494,NaN,NaN,NaN,NaN,0
1760327100,56578,56782,56578,56657,56894.07661756621,NaN,56782,NaN,NaN,0
1760328000,56654,56729,56575,56714.2,56875.941880534476,NaN,NaN,NaN,NaN,0
1760328900,56712.8,56760,56683,56745,56860.91933021942,NaN,NaN,NaN,NaN,0
1760329800,56746.8,56746.8,56673.2,56719.6,56844.21268275442,NaN,NaN,NaN,NaN,0
1760330700,56718.4,56828,56692.4,56814.2,56837.01224562977,NaN,NaN,NaN,NaN,0
1760331600,56830,56879.2,56801.2,56815,56830.824283502014,NaN,NaN,NaN,56801.2,0
1760332500,56810,56845.2,56730,56780.2,56822.55247192924,NaN,NaN,NaN,NaN,0
1760333400,56762.8,56840,56751.2,56820,56818.85670039565,NaN,NaN,NaN,NaN,0
1760334300,56811,56818.8,56731,56781.2,56812.61275802819,NaN,NaN,NaN,NaN,0
1760335200,56797.8,56800,56768,56781.4,56807.29850164379,NaN,NaN,NaN,NaN,0
1760336100,56797.6,56839.8,56774.2,56831.2,56807.30929216399,NaN,NaN,NaN,NaN,0
1760337000,56834,56850,56785.2,56805.6,56805.67687698932,NaN,NaN,NaN,NaN,0
1760337900,56805.6,56821.2,56743.8,56782.6,56802.45910517257,NaN,NaN,NaN,NaN,0
1760338800,56783,56832.2,56766,56821.6,56803.21518323964,NaN,NaN,NaN,NaN,0
1760339700,56822.2,56850,56783.6,56831.8,56805.21140852773,NaN,NaN,NaN,NaN,0
1760340600,56847,56847.4,56800,56827.2,56806.94907948403,NaN,NaN,NaN,NaN,0
1760341500,56837.6,56844,56780.2,56794.6,56805.86827510057,NaN,NaN,NaN,NaN,0
1760342400,56799.8,56842.8,56794.2,56816.6,56806.83147672113,NaN,NaN,NaN,NaN,0
1760343300,56815.4,56833,56784,56789.8,56805.36932771131,NaN,NaN,NaN,NaN,0
1760344200,56790.6,56865,56790.6,56840.2,56808.53765234358,NaN,NaN,NaN,NaN,0
1760345100,56830.2,56950,56825.2,56921.4,56819.10804696482,56825.2,NaN,NaN,NaN,0
1760346000,56921.2,56950,56873.2,56912.6,56828.68540855273,NaN,NaN,NaN,NaN,0
1760346900,56914.6,56916.4,56873.4,56890,56835.930625926616,NaN,NaN,NaN,NaN,0
1760347800,56890.6,56895.8,56825.2,56838,56838.035933998246,NaN,NaN,NaN,NaN,0
1760348700,56838,56891.4,56833,56891.4,56844.65079302597,NaN,NaN,NaN,NaN,0
1760413500,56891.2,56935.2,56853.8,56887.2,56850.34693512334,NaN,NaN,56935.2,NaN,0
1760414400,56886.4,56891.2,56776.6,56802.8,56847.84463077378,NaN,NaN,NaN,NaN,0
1760415300,56799.2,56836.6,56769.6,56782.8,56843.35691777434,NaN,NaN,NaN,NaN,0
1760416200,56786.4,56799,56716,56781.2,56838.262237356656,NaN,NaN,NaN,NaN,0
1760417100,56777.8,56805.4,56718.6,56800.8,56834.70759631487,NaN,NaN,NaN,NaN,0
1760418000,56803.6,56814.2,56765.8,56799.4,56830.996907687506,NaN,NaN,NaN,NaN,0
1760418900,56808,56846.8,56767.2,56775,56824.98917882104,NaN,NaN,NaN,NaN,0
1760419800,56774.8,56774.8,56635,56667.8,56809.38879292273,NaN,56774.8,NaN,NaN,0
1760420700,56660.4,56665.8,56531.2,56575,56785.73087454771,NaN,NaN,NaN,NaN,0
1760421600,56570,56612,56541.4,56587,56763.76185134449,NaN,NaN,NaN,NaN,0
1760422500,56587.2,56650,56564.6,56634.8,56747.167182768455,NaN,NaN,NaN,NaN,0
1760423400,56624.6,56635.6,56486.6,56503.6,56719.78550043461,NaN,NaN,NaN,NaN,0
1760424300,56499,56544,56461.2,56500,56693.41423303505,NaN,NaN,NaN,56461.2,0
1760425200,56497,56557.2,56494,56519.8,56670.553077813325,NaN,NaN,NaN,NaN,0
1760426100,56518,56549.8,56511.4,56545,56651.863114088876,NaN,NaN,NaN,NaN,0
1760427000,56545,56553.4,56474.2,56503.6,56631.270799681035,NaN,NaN,NaN,NaN,0
1760427900,56503,56534.8,56482.6,56505.4,56612.79308180445,NaN,NaN,NaN,NaN,0
1760428800,56512,56587.8,56512,56572,56602.36083912746,NaN,NaN,NaN,NaN,0
1760429700,56574,56574,56510,56569.8,56593.63853538475,NaN,NaN,NaN,NaN,0
1760430600,56575,56630,56564.2,56600.4,56589.3624672991,NaN,NaN,NaN,NaN,0
1760431500,56605.6,56645.8,56572.4,56605.2,56587.027380676736,NaN,NaN,NaN,NaN,0
1760432400,56614.8,56754.4,56610.8,56736.8,56597.83745259435,56610.8,NaN,NaN,NaN,0
1760433300,56736.8,56774.6,56700,56740,56609.71635322529,NaN,NaN,NaN,NaN,0
1760434200,56737.6,56750.8,56700,56721.8,56620.4238871838,NaN,NaN,NaN,NaN,0
1760435100,56725,56725,56654.2,56660,56625.62238086856,NaN,NaN,NaN,NaN,0
1760436000,56654.4,56654.4,56654.4,56654.4,56630.199437836265,NaN,NaN,NaN,NaN,0
1760499900,56784.8,56921.8,56727.4,56889,56655.75133400513,NaN,NaN,56921.8,NaN,0
1760500800,56889.8,56899.6,56781,56810,56673.505192235665,NaN,NaN,NaN,NaN,0
1760501700,56812,56844.2,56752.6,56791.2,56688.7260729305,NaN,NaN,NaN,NaN,0
1760502600,56804.2,56900,56786.2,56890,56711.84451912032,NaN,NaN,NaN,NaN,0
1760503500,56891.8,56990.6,56891.8,56967,56740.664400755195,56891.8,NaN,NaN,NaN,0
1760504400,56985,57060,56979.6,56997.8,56770.701626879985,NaN,NaN,NaN,NaN,0
1760505300,56986,57050,56975,57050,56803.67886634836,NaN,NaN,NaN,NaN,0
1760506200,57055,57075,56977.4,57010,56830.96373741236,NaN,NaN,NaN,NaN,0
1760507100,57010,57047.4,56981,57041,56858.933988207384,NaN,NaN,NaN,NaN,0
1760508000,57040.2,57040.2,56995,57022.6,56882.926923130944,NaN,NaN,57040.2,NaN,0
1760508900,57005.4,57030,56995,57008,56903.089404258266,NaN,NaN,NaN,NaN,0
1760509800,57002.4,57026.8,56985.6,57003.2,56920.320721797885,NaN,NaN,NaN,NaN,0
1760510700,57001.4,57010,56946.6,56980,56933.29005852686,NaN,NaN,NaN,NaN,0
1760511600,56980,57032.8,56970.4,57030,56948.64993622794,NaN,NaN,NaN,NaN,0
1760512500,57029.8,57060,57003,57060,56964.736281618505,NaN,NaN,NaN,NaN,0
1760513400,57056.8,57086,57033,57047.6,56977.830350396696,NaN,NaN,NaN,NaN,0
1760514300,57056.4,57092.2,57038.2,57066,56990.972539701186,NaN,NaN,NaN,NaN,0
1760515200,57070,57098,57056,57056,57001.64886174595,NaN,NaN,NaN,NaN,0
1760516100,57061.4,57063.2,57014.8,57029,57008.36542691496,NaN,NaN,NaN,NaN,0
1760517000,57026,57029.8,56970,56996.8,57010.9093070245,NaN,NaN,NaN,NaN,0
1760517900,56990.8,57029,56981,57018,57014.29797473965,NaN,NaN,NaN,NaN,0
1760518800,57019,57026.2,56982.4,56999.2,57015.11211333505,NaN,NaN,NaN,NaN,0
1760519700,57000,57007,56921.4,56979,57013.23872725054,NaN,NaN,NaN,NaN,0
1760520600,56970,56988.8,56950,56982,57011.16822790523,NaN,NaN,NaN,NaN,0
1760521500,56983,57002.2,56974,57000,57010.46068939381,NaN,NaN,NaN,NaN,0
1760522400,56995,56995,56995,56995,57009.19641951439,NaN,NaN,NaN,NaN,0
1760586300,57250,57285.4,57130.2,57245,57030.63721004928,57130.2,NaN,NaN,NaN,0
1760587200,57238.8,57275,57197,57228.6,57050.09983386986,NaN,NaN,NaN,NaN,0
1760588100,57245,57248,57190.6,57193.8,57066.08511156153,NaN,NaN,NaN,NaN,0
1760589000,57197.4,57219.8,57139.2,57151,57077.52492284931,NaN,NaN,NaN,NaN,0
1760589900,57149.6,57265,57144.4,57245,57096.58432557363,NaN,NaN,NaN,NaN,0
1760590800,57250,57260,57229,57234,57113.58390179763,NaN,NaN,57260,NaN,0
1760591700,57233.8,57249.8,57220,57233.4,57129.36621817156,NaN,NaN,NaN,NaN,0
1760592600,57248.4,57250,57219,57234.2,57143.90874317376,NaN,NaN,NaN,NaN,0
1760593500,57221,57249.2,57213.2,57248,57158.44118091235,NaN,NaN,NaN,NaN,0
1760594400,57249.8,57254.4,57218.8,57225.2,57169.47920762471,NaN,NaN,NaN,NaN,0
1760595300,57223,57236.4,57201,57231.8,57179.77764170823,NaN,NaN,NaN,NaN,0
1760596200,57220,57271.2,57220,57271.2,57192.36911331181,NaN,NaN,NaN,NaN,0
1760597100,57271.2,57380,57271.2,57345,57210.4234083333,57271.2,NaN,NaN,NaN,0
1760598000,57345,57379.6,57336.6,57340,57226.76900468471,NaN,NaN,NaN,NaN,0
1760598900,57340,57369.8,57310.2,57345.6,57242.23835879408,NaN,NaN,NaN,NaN,0
1760599800,57350,57402.2,57340,57401,57261.39379157057,NaN,NaN,NaN,NaN,0
1760600700,57408.2,57477,57407.6,57463.6,57284.909348343295,NaN,NaN,NaN,NaN,0
1760601600,57463.6,57499.8,57463.4,57499.8,57310.23071780042,NaN,NaN,57499.8,NaN,0
1760602500,57498.2,57514.8,57455.4,57469.4,57331.178830952056,NaN,NaN,NaN,NaN,0
1760603400,57470.2,57580,57470.2,57557,57358.414781330786,NaN,NaN,NaN,NaN,0
1760604300,57557,57576,57505.8,57558.6,57383.98115293223,NaN,NaN,NaN,NaN,0
1760605200,57550,57591.8,57534,57569,57408.47387809934,NaN,NaN,NaN,NaN,0
1760606100,57561.6,57572,57523,57548.4,57429.032594871416,NaN,NaN,NaN,NaN,0
1760607000,57534,57549,57450,57470,57440.35139457097,NaN,NaN,NaN,NaN,0
1760607900,57470,57515,57466.6,57484,57450.9087872196,NaN,NaN,NaN,NaN,0
1760608800,57472,57472,57472,57472,57458.491394663244,NaN,NaN,NaN,NaN,0
1760672700,57469.8,57525,57400,57516.6,57468.49425507775,NaN,NaN,NaN,NaN,0
1760673600,57525,57568,57502.6,57525.2,57477.51027204115,NaN,NaN,NaN,NaN,0
1760674500,57536.4,57536.4,57401.2,57508.4,57483.77932524685,NaN,NaN,NaN,NaN,0
1760675400,57507.4,57624.8,57498.6,57620.4,57499.21064022844,NaN,NaN,NaN,NaN,0
1760676300,57621.6,57632.8,57589,57600.6,57511.86247679136,NaN,NaN,NaN,NaN,0
1760677200,57608.8,57695,57608.8,57655.4,57528.36116183159,57608.8,NaN,NaN,NaN,0
1760678100,57670,57840,57650,57827,57559.49138061838,NaN,NaN,NaN,NaN,0
1760679000,57830,57913.6,57829,57897.8,57595.86288436724,NaN,NaN,NaN,NaN,0
1760679900,57900.6,57917,57848.2,57894.8,57630.40759783899,NaN,NaN,NaN,NaN,0
1760680800,57888.8,57920.2,57801.4,57839,57657.948422059795,NaN,NaN,NaN,NaN,0
1760681700,57835,57848.8,57735,57800.2,57679.83641865875,NaN,NaN,57848.8,NaN,0
1760682600,57804.6,57850,57790.8,57837.4,57702.84585732084,NaN,NaN,NaN,NaN,0
1760683500,57839.2,57885,57800,57885,57727.84678521034,NaN,NaN,NaN,NaN,0
1760684400,57885,57885,57775,57776.8,57740.56844227299,NaN,NaN,NaN,NaN,0
1760685300,57770,57800,57601.2,57640.8,57738.6622617801,NaN,57800,NaN,NaN,0
1760686200,57636.2,57675,57500,57580.8,57729.33218473637,NaN,NaN,NaN,NaN,0
1760687100,57580.6,57645,57553.8,57620,57722.02155446204,NaN,NaN,NaN,NaN,0
1760688000,57604.2,57618.4,57413.2,57500,57702.69550975547,NaN,NaN,NaN,NaN,0
1760688900,57494.2,57527.4,57444,57527.4,57685.34745238949,NaN,NaN,NaN,NaN,0
1760689800,57524.8,57650,57500.4,57625.6,57677.04314439895,NaN,NaN,NaN,57500.4,0
1760690700,57635.2,57710.8,57580.2,57627,57669.16121283817,NaN,NaN,NaN,NaN,0
1760691600,57620,57757,57606.4,57746.2,57672.785390762736,NaN,NaN,NaN,NaN,0
1760692500,57750,57776.2,57723.6,57765,57678.797486149626,NaN,NaN,NaN,NaN,0
1760693400,57765,57799,57701,57738.4,57682.984777526915,NaN,NaN,NaN,NaN,0
1760694300,57732,57780.2,57721,57780,57691.47913587464,NaN,NaN,NaN,NaN,0
1760695200,57780.2,57780.2,57780.2,57780.2,57700.1862054867,NaN,NaN,NaN,NaN,0
1760931900,57835,58250,57835,58078.8,57736.136953106434,57835,NaN,NaN,NaN,0
1760932800,58081.8,58145,58030,58035,57767.62681427835,NaN,NaN,NaN,NaN,0
1760933700,58040.8,58050,57900,57949.8,57790.38336989524,NaN,NaN,NaN,NaN,0
1760934600,57945,58050,57924.6,58050,57820.94474073251,NaN,NaN,NaN,NaN,0
1760935500,58039.8,58105,58025.2,58059.6,57850.55653596249,NaN,NaN,NaN,NaN,0
1760936400,58063.6,58180.6,58035.8,58155.2,57886.93601154631,NaN,NaN,58180.6,NaN,0
1760937300,58172,58220,58135,58164.8,57921.84004984378,NaN,NaN,NaN,NaN,0
1760938200,58176.8,58208.8,58154.4,58181,57955.461087881435,NaN,NaN,NaN,NaN,0
1760939100,58185,58198.6,58130.2,58156.8,57984.08307527857,NaN,NaN,NaN,NaN,0
1760940000,58156.8,58170,58105.8,58141,58008.46912063752,NaN,NaN,NaN,NaN,0
1760940900,58141,58197,58136,58188,58034.40913088494,NaN,NaN,NaN,NaN,0
1760941800,58182.4,58187.4,58150,58169,58055.902724154235,NaN,NaN,NaN,NaN,0
1760942700,58161,58178,58120,58142.6,58072.269542922884,NaN,NaN,NaN,NaN,0
1760943600,58147.8,58183.2,58133.8,58152.2,58086.97011378739,NaN,NaN,NaN,NaN,0
1760944500,58155.6,58170,58134,58148.8,58099.247491129274,NaN,NaN,NaN,NaN,0
1760945400,58165,58188.8,58145.4,58183,58112.769157037466,NaN,NaN,NaN,NaN,0
1760946300,58183,58200,58150,58180.4,58124.27407387944,NaN,NaN,NaN,NaN,0
1760947200,58195.6,58209,58170.6,58187,58134.668742361835,NaN,NaN,NaN,NaN,0
1760948100,58184,58196.8,58141.6,58144,58139.83403117719,NaN,NaN,NaN,NaN,0
1760949000,58144,58160,58116,58135,58142.85972773825,NaN,NaN,NaN,NaN,0
1760949900,58134.2,58162,57967,57991.6,58131.64245866801,NaN,58162,NaN,NaN,0
1760950800,57978.4,58058,57967.4,58037,58123.85836494144,NaN,NaN,NaN,NaN,0
1760951700,58027,58066,58011.2,58041.2,58115.955658383864,NaN,NaN,NaN,NaN,0
1760952600,58030.2,58105.6,58015.6,58079.8,58111.50425723512,NaN,NaN,NaN,NaN,0
1760953500,58084.8,58133.6,58079.8,58133,58112.09289448609,NaN,NaN,NaN,NaN,0
1760954400,58117,58117,58117,58117,58111.40727072803,NaN,NaN,NaN,58117,0
1761034500,58098.8,58160,58011,58063.6,58106.12269530809,NaN,NaN,NaN,NaN,0
1761035400,58063.6,58082.2,58041.6,58051,58099.62838766876,NaN,NaN,NaN,NaN,0
1761036300,58051,58068.8,58005,58005,58089.44245620977,NaN,NaN,NaN,NaN,0
1761037200,58009,58024,57881.4,57896.8,58069.994902282495,NaN,58024,NaN,NaN,0
1761038100,57894.6,57894.6,57894.6,57894.6,58050.85583655932,NaN,NaN,NaN,NaN,0
1761191100,58305.2,58320,58123,58319,58071.2797276717,58123,NaN,NaN,58123,0
1761192000,58320,58475,58312.8,58435,58102.92570971265,NaN,NaN,NaN,NaN,0
1761192900,58450,58500,58411,58435,58134.82665582717,NaN,NaN,NaN,NaN,0
1761193800,58440,58540,58440,58526.4,58174.70894051809,NaN,NaN,NaN,NaN,0
1761194700,58544.8,58558.4,58495.6,58499,58211.1696413992,NaN,NaN,NaN,NaN,0
1761195600,58500.4,58521,58435,58469.4,58243.3918755601,NaN,NaN,58521,NaN,0
1761196500,58472.2,58489.8,58444,58472.6,58273.824666382396,NaN,NaN,NaN,NaN,0
1761197400,58474,58527,58469.4,58519,58306.17284844874,NaN,NaN,NaN,NaN,0
1761198300,58527.4,58535,58505.2,58520,58336.050130542084,NaN,NaN,NaN,NaN,0
1761199200,58521,58533.2,58481.4,58513,58362.50549171219,NaN,NaN,NaN,NaN,0
1761200100,58515.6,58545,58504.4,58545,58389.05443726884,NaN,NaN,NaN,NaN,0
1761201000,58548,58570,58525.2,58543.8,58412.636317761615,NaN,NaN,NaN,NaN,0
1761201900,58550,58567.6,58528,58549,58433.957333227125,NaN,NaN,NaN,NaN,0
1761202800,58563,58576.6,58537.8,58552,58452.927609681916,NaN,NaN,NaN,NaN,0
1761203700,58552,58555,58485.8,58492,58464.0275288508,NaN,NaN,NaN,NaN,0
1761204600,58476,58498.6,58421,58470,58470.89967050976,NaN,NaN,NaN,NaN,0
1761205500,58482,58520,58450.4,58470,58476.021018621665,NaN,NaN,NaN,NaN,0
1761206400,58470.6,58480,58404,58422,58475.06552904875,NaN,NaN,NaN,NaN,0
1761207300,58423,58448.4,58324.8,58324.8,58463.96119867391,NaN,58448.4,NaN,NaN,0
1761208200,58315.8,58332.2,58250,58277.6,58447.64849886073,NaN,NaN,NaN,NaN,0
1761209100,58270.2,58290,58088,58108.4,58415.47997569204,NaN,NaN,NaN,NaN,0
1761210000,58102,58325,58100,58295,58400.57541313636,NaN,NaN,NaN,NaN,0
1761210900,58292.8,58325,58272.2,58272.8,58384.42727946474,NaN,NaN,NaN,NaN,0
1761211800,58280,58299.8,58100,58100,58353.52569507642,NaN,NaN,NaN,58100,0
1761212700,58100,58130,57980.2,57985.6,58313.57412487326,NaN,NaN,NaN,NaN,0
1761213600,57983.2,57983.2,57983.2,57983.2,58275.30434085944,NaN,NaN,NaN,NaN,0
1761277500,58090.2,58159.8,58040,58125.8,58252.22017012153,NaN,NaN,NaN,NaN,0
1761278400,58125,58148.8,58050,58116,58230.14337989681,NaN,NaN,NaN,NaN,0
1761279300,58116,58116,58004.4,58058,58205.22391098727,NaN,NaN,NaN,NaN,0
1761280200,58046.4,58088,57972.8,57986.8,58176.416012129324,NaN,NaN,NaN,NaN,0
1761281100,57986.6,57993.6,57866,57889.6,58141.23431821128,NaN,57993.6,NaN,NaN,0
1761282000,57893.2,57912.6,57835,57835.8,58103.867023837025,NaN,NaN,NaN,NaN,0
1761282900,57835,57877.8,57820,57855,58071.0730083204,NaN,NaN,NaN,NaN,0
1761283800,57855,57887,57761,57860.2,58041.60816628976,NaN,NaN,NaN,NaN,0
1761284700,57883,57884.4,57802.6,57810,58010.380485820984,NaN,NaN,NaN,NaN,0
1761285600,57804.8,57848.8,57778,57826.6,57983.541141539245,NaN,NaN,NaN,57778,0
1761286500,57834.8,57898.8,57811.4,57817.8,57958.748128434745,NaN,NaN,NaN,NaN,0
1761287400,57812,57887,57798.4,57876.6,57942.02780468423,NaN,NaN,NaN,NaN,0
1761288300,57878.6,57933.8,57830,57832,57923.83978539569,NaN,NaN,NaN,NaN,0
1761289200,57822,57843.8,57780,57811.6,57906.17678070942,NaN,NaN,NaN,NaN,0
1761290100,57807.6,57825.2,57700,57708.6,57881.331394488916,NaN,57825.2,NaN,NaN,0
1761291000,57705,57742,57682.4,57725.6,57860.217612602064,NaN,NaN,NaN,NaN,0
1761291900,57740,57740,57608,57608.2,57830.46233619138,NaN,NaN,NaN,NaN,0
1761292800,57610,57637,57498.4,57510.6,57793.84577131517,NaN,NaN,NaN,NaN,0
1761293700,57505.2,57563.8,57502.6,57535.8,57761.76924495102,NaN,NaN,NaN,NaN,0
1761294600,57538.8,57669,57530.4,57624.2,57740.211327505844,NaN,NaN,NaN,57530.4,0
1761295500,57624.2,57690.8,57600.2,57665.2,57724.81207289896,NaN,NaN,NaN,NaN,0
1761296400,57665,57684.8,57575.2,57629.4,57708.62528140622,NaN,NaN,NaN,NaN,0
1761297300,57629,57680,57614.6,57642.6,57695.50768496117,NaN,NaN,NaN,NaN,0
1761298200,57644.4,57730,57632.8,57705.8,57690.19156501177,NaN,NaN,NaN,NaN,0
1761299100,57707,57741.8,57684.8,57690,57685.42485360042,NaN,NaN,NaN,NaN,0
1761300000,57708.8,57708.8,57708.8,57708.8,57683.96843290532,NaN,NaN,NaN,NaN,0
1761536700,57762.2,58035,57740.8,58020,57712.04661324255,57740.8,NaN,NaN,NaN,0
1761537600,58022.8,58069.8,58002,58040.2,57742.46306081638,NaN,NaN,NaN,NaN,0
1761538500,58055,58061,58010,58015,57770.61838389277,NaN,NaN,NaN,NaN,0
1761539400,58024.2,58150,57982.8,58137.2,57809.379870803896,NaN,NaN,NaN,NaN,0
1761540300,58144.8,58215,58136.8,58197.2,57852.46746841946,NaN,NaN,NaN,NaN,0
1761541200,58197.8,58227.6,58165,58192.2,57893.33961178901,NaN,NaN,58227.6,NaN,0
1761542100,58191.2,58197.4,58149.8,58197.2,57932.28955179646,NaN,NaN,NaN,NaN,0
1761543000,58197.4,58228.4,58161.4,58186.6,57967.39091004934,NaN,NaN,NaN,NaN,0
1761543900,58192.4,58202.4,58170,58181.4,57998.900556784,NaN,NaN,NaN,NaN,0
1761544800,58172.8,58185.6,58082.6,58109,58020.64029144432,NaN,NaN,NaN,NaN,0
1761545700,58101.8,58249,58083.2,58243,58051.38077931429,NaN,NaN,NaN,NaN,0
1761546600,58246,58274.2,58225.2,58246.8,58079.38648440292,NaN,NaN,NaN,NaN,0
1761547500,58243.2,58255.4,58143.6,58174.6,58097.71498336597,NaN,NaN,NaN,NaN,0
1761548400,58157.8,58198,58143,58179,58113.672644280115,NaN,NaN,NaN,NaN,0
1761549300,58170,58194.6,58140,58151.4,58124.561676838806,NaN,NaN,NaN,NaN,0
1761550200,58151.4,58164.6,58106,58149,58133.07879583406,NaN,NaN,NaN,NaN,0
1761551100,58151,58154,57998.4,58052.4,58130.78819536719,NaN,NaN,NaN,NaN,0
1761552000,58069,58095.8,57980.4,58076.4,58129.25211327443,NaN,NaN,NaN,NaN,0
1761552900,58076.4,58147,58030.4,58132.2,58131.73361795217,NaN,NaN,NaN,NaN,0
1761553800,58124.8,58138,58052.6,58070,58127.62637039008,NaN,NaN,NaN,NaN,0
1761554700,58059.4,58184.8,58059,58180,58132.8539615326,NaN,NaN,NaN,NaN,0
1761555600,58180,58180,58128.6,58140.6,58134.084572212865,NaN,NaN,NaN,NaN,0
1761556500,58138.2,58159,58080.2,58125,58133.6986471875,NaN,NaN,NaN,NaN,0
1761557400,58128.8,58163.8,58086,58131.8,58133.769816901586,NaN,NaN,NaN,NaN,0
1761558300,58131.4,58263.2,58120,58263.2,58145.67798552339,NaN,NaN,NaN,NaN,0
1761559200,58263.4,58263.4,58263.4,58263.4,58157.52747018923,NaN,NaN,NaN,NaN,0
1761623100,58143,58233.6,58100.2,58183.6,58161.81731936125,NaN,NaN,NaN,NaN,0
1761624000,58183.6,58341.4,58165,58267.2,58172.988546330795,NaN,NaN,NaN,NaN,0
1761624900,58268,58275,58100,58126.2,58170.91210763189,NaN,NaN,NaN,NaN,0
1761625800,58130,58130,57865,57938.2,58151.310318687494,NaN,58130,NaN,NaN,0
1761626700,57935,57972.8,57893,57908.4,58128.62049401084,NaN,NaN,NaN,NaN,0
1761627600,57908.4,57925.8,57832.6,57899.6,58105.23571087469,NaN,NaN,NaN,NaN,0
1761628500,57884.8,57943.8,57827.4,57850,58077.909158787945,NaN,NaN,NaN,NaN,0
1761629400,57850,57855,57725,57824.2,58049.17965479941,NaN,NaN,NaN,NaN,0
1761630300,57833,57942.4,57811.2,57900.6,58028.77102434995,NaN,NaN,NaN,57811.2,0
1761631200,57910.8,57934.4,57878,57890.8,58009.09388211163,NaN,NaN,NaN,NaN,0
1761632100,57890.8,57977,57872.2,57872.2,57989.58306578372,NaN,NaN,NaN,NaN,0
1761633000,57875.4,57922.2,57829.6,57922.2,57976.317441322746,NaN,NaN,NaN,NaN,0
1761633900,57910,57995.2,57903,57966,57968.93744302867,NaN,NaN,NaN,NaN,0
1761634800,57965.8,58175,57965.8,58175,57982.47237354541,57965.8,NaN,NaN,NaN,0
1761635700,58175,58220,58120,58150,57995.12043053615,NaN,NaN,NaN,NaN,0
1761636600,58150,58189,58069,58139.2,58007.72118656599,NaN,NaN,NaN,NaN,0
1761637500,58156.2,58240,58100.4,58200.4,58026.342562875914,NaN,NaN,NaN,NaN,0
1761638400,58203.6,58222.6,58037,58051.6,58031.49834183025,NaN,NaN,NaN,NaN,0
1761639300,58048.8,58148.4,58023.6,58119.8,58042.4649367131,NaN,NaN,58148.4,NaN,0
1761640200,58120,58170.2,58016.6,58075,58048.70380802759,NaN,NaN,NaN,NaN,0
1761641100,58089.4,58097.2,57928.4,57994,58046.92255712918,NaN,NaN,NaN,NaN,0
1761642000,57997,58059,57957.4,57984.2,58043.38067138919,NaN,NaN,NaN,NaN,0
1761642900,57999,58110,57972.4,58064.8,58046.652140833736,NaN,NaN,NaN,NaN,0
1761643800,58065,58231.6,58065,58214.8,58063.11762465399,NaN,NaN,NaN,NaN,0
1761644700,58216.8,58240,58209,58227.2,58080.149442326656,NaN,NaN,NaN,NaN,0
1761645600,58224.8,58224.8,58224.8,58224.8,58096.09503263024,NaN,NaN,NaN,NaN,0
1761709500,58620,58656,58520,58625,58147.71780739181,58520,NaN,NaN,NaN,0
1761710400,58630,58649,58459.2,58491.4,58186.033855681344,NaN,NaN,NaN,NaN,0
1761711300,58481.4,58599,58481.2,58549.2,58227.711544841724,NaN,NaN,NaN,NaN,0
1761712200,58549.2,58600,58520,58520,58264.68552232822,NaN,NaN,NaN,NaN,0
1761713100,58520,58636.8,58475.2,58625,58308.83923624636,NaN,NaN,NaN,NaN,0
1761714000,58635,58690,58590,58607.8,58348.46577405277,NaN,NaN,58690,NaN,0
1761714900,58611.2,58634.6,58570,58604.2,58384.50697118053,NaN,NaN,NaN,NaN,0
1761715800,58589.8,58599.6,58539.4,58555,58412.71243196009,NaN,NaN,NaN,NaN,0
1761716700,58550,58642,58546.2,58615,58442.995826813785,NaN,NaN,NaN,NaN,0
1761717600,58615,58629.8,58572.2,58611.4,58469.51064791323,NaN,NaN,NaN,NaN,0
1761718500,58611,58641.8,58604.4,58607.8,58492.5057951063,NaN,NaN,NaN,NaN,0
1761719400,58630,58722,58615.6,58697.8,58520.70464466383,NaN,NaN,NaN,NaN,0
1761720300,58699,58711.8,58662.6,58698,58545.99286491584,NaN,NaN,NaN,NaN,0
1761721200,58695,58726,58675.6,58700.4,58568.72302084052,NaN,NaN,NaN,NaN,0
1761722100,58717.6,58719.8,58691.2,58696.4,58588.2675149552,NaN,NaN,NaN,NaN,0
1761723000,58700,58750,58657.2,58735.2,58609.03797469831,NaN,NaN,NaN,NaN,0
1761723900,58750,58763,58717.2,58739.8,58628.03001920396,NaN,NaN,NaN,NaN,0
1761724800,58735.2,58830,58726.4,58763.2,58646.98574876909,NaN,NaN,NaN,NaN,0
1761725700,58770,58798,58750,58755,58663.40966100066,NaN,NaN,NaN,NaN,0
1761726600,58755,58760,58692,58749,58677.29743185149,NaN,NaN,NaN,NaN,0
1761727500,58751,58792,58710.4,58778.8,58692.2026148496,NaN,NaN,NaN,NaN,0
1761728400,58764.4,58787,58735.6,58761,58703.9338050638,NaN,NaN,NaN,NaN,0
1761729300,58764.4,58770.8,58706,58769.2,58714.86760931077,NaN,NaN,NaN,NaN,0
1761730200,58752.4,58760.8,58727,58760,58723.43467228182,NaN,NaN,NaN,NaN,0
1761731100,58764,58795.4,58751.4,58790,58733.27928079561,NaN,NaN,NaN,NaN,0
1761795900,58600.2,58677,58565.6,58604.6,58725.08605735606,NaN,NaN,NaN,NaN,0
1761796800,58601,58602.4,58469,58472.2,58703.92297232507,NaN,58602.4,NaN,NaN,0
1761797700,58471.2,58515.8,58375,58394,58674.6653457804,NaN,NaN,NaN,NaN,0
1761798600,58387.4,58585,58375,58580.6,58662.78112457383,NaN,NaN,NaN,NaN,0
1761799500,58581,58650,58530,58560,58649.51150076096,NaN,NaN,NaN,NaN,0
1761800400,58560.2,58600,58510.2,58530,58634.358369282316,NaN,NaN,NaN,NaN,0
1761801300,58536,58566.2,58500,58500,58617.34939073088,NaN,NaN,NaN,58500,0
1761802200,58501,58599.8,58501,58575,58608.416331498105,NaN,NaN,NaN,NaN,0
1761803100,58577.2,58618,58564,58573,58600.59157837539,NaN,NaN,NaN,NaN,0
1761804000,58573,58580,58529,58529,58590.06727328282,NaN,NaN,NaN,NaN,0
1761804900,58525,58542.8,58478.2,58481,58576.28390642001,NaN,NaN,NaN,NaN,0
1761805800,58480.2,58526.8,58477.2,58509,58566.25349902696,NaN,NaN,NaN,NaN,0
1761806700,58510.2,58552.6,58451,58516,58558.03213199766,NaN,NaN,NaN,NaN,0
1761807600,58520,58540.8,58460,58512.6,58550.48294010215,NaN,NaN,NaN,NaN,0
1761808500,58502,58556.6,58501,58505,58543.27160418766,NaN,NaN,NaN,NaN,0
1761809400,58507.8,58552.8,58487.2,58527.2,58539.02159351854,NaN,NaN,NaN,NaN,0
1761810300,58543,58587.8,58504,58510,58534.04613052227,NaN,NaN,NaN,NaN,0
1761811200,58520,58523.6,58451,58484.8,58527.457044366034,NaN,NaN,NaN,NaN,0
1761812100,58469,58490,58430,58486,58521.644384448395,NaN,NaN,NaN,NaN,0
1761813000,58484,58489.8,58433.2,58473,58515.24137795194,NaN,NaN,NaN,NaN,0
1761813900,58454.8,58520,58435,58489.6,58510.95491122935,NaN,NaN,NaN,NaN,0
1761814800,58497.4,58509.6,58450,58474.8,58505.87873205296,NaN,NaN,NaN,NaN,0
1761815700,58474.8,58479.8,58398.6,58420,58496.28256438728,NaN,NaN,NaN,NaN,0
1761816600,58419.6,58446.8,58400.6,58428,58487.97235561311,NaN,NaN,NaN,NaN,0
1761817500,58427.8,58445,58417.2,58426.8,58480.11409629966,NaN,NaN,NaN,NaN,0
1761882300,58362,58500,58300,58482.6,58477.95997799657,NaN,NaN,NaN,NaN,0
1761883200,58483.2,58589.6,58451,58460,58474.29272826212,NaN,NaN,NaN,NaN,0
1761884100,58465.8,58527,58429.2,58500,58475.04359716168,NaN,NaN,NaN,NaN,0
1761885000,58488.6,58509,58355,58385,58465.89160706589,NaN,NaN,NaN,NaN,0
1761885900,58392,58392,58214.2,58262,58445.99209305617,NaN,58392,NaN,NaN,0
1761886800,58266.4,58266.4,58111,58199,58420.62628830278,NaN,NaN,NaN,NaN,0
1761887700,58197.8,58215.2,58140,58150.2,58391.676894503464,NaN,NaN,NaN,NaN,0
1761888600,58159.8,58159.8,58050.2,58136.8,58362.699009949305,NaN,NaN,NaN,NaN,0
1761889500,58122,58220,58110,58166,58337.89391815312,NaN,NaN,NaN,NaN,0
1761890400,58166.4,58245,58149.8,58245,58321.923758397534,NaN,NaN,NaN,58149.8,0
1761891300,58247,58315.4,58224.6,58308,58313.56341168261,NaN,NaN,NaN,NaN,0
1761892200,58308,58360,58261.2,58277.6,58304.294778937954,NaN,NaN,NaN,NaN,0
1761893100,58270.6,58309.2,58208.8,58225,58291.95452511776,NaN,NaN,NaN,NaN,0
1761894000,58223.4,58316.6,58223.4,58289.2,58286.9728647774,NaN,NaN,NaN,NaN,0
1761894900,58290.2,58314.8,58251.2,58260.2,58280.7378866361,NaN,NaN,NaN,NaN,0
1761895800,58262.2,58310,58257.4,58260.8,58275.771577780426,NaN,NaN,NaN,NaN,0
1761896700,58262.6,58300,58181.4,58181.4,58264.608083822335,NaN,NaN,NaN,NaN,0
1761897600,58180,58213,58170,58188,58254.93588851768,NaN,NaN,NaN,NaN,0
1761898500,58188,58239.2,58160,58234.4,58250.38669740522,NaN,NaN,NaN,NaN,0
1761899400,58236.2,58273.8,58187,58213.8,58244.77506371393,NaN,NaN,NaN,NaN,0
1761900300,58214.8,58265,58187,58265,58244.51795439059,NaN,NaN,NaN,NaN,0
1761901200,58265,58329.8,58259,58286.4,58246.81393727582,NaN,NaN,NaN,NaN,0
1761902100,58284.6,58284.6,58225,58235.2,58244.857830236404,NaN,NaN,NaN,NaN,0
1761903000,58232,58232,58162.4,58173.4,58237.61394391858,NaN,NaN,NaN,NaN,0
1761903900,58176.8,58202.8,58170,58189,58232.16406334733,NaN,NaN,NaN,NaN,0
1761904800,58189,58189,58189,58189,58227.01579980552,NaN,NaN,NaN,NaN,0
1762141500,58141.8,58211.8,58080,58138,58217.551752677944,NaN,NaN,NaN,NaN,0
1762142400,58142.6,58309,58083,58290.2,58222.283309163235,NaN,NaN,NaN,NaN,0
1762143300,58292,58379.8,58270.8,58320,58230.14023389652,58270.8,NaN,NaN,NaN,0
1762144200,58320.4,58325,58229,58289.6,58235.3902305902,NaN,NaN,NaN,NaN,0
1762145100,58292.8,58349,58250,58320,58243.623640421625,NaN,NaN,NaN,NaN,0
1762146000,58311.8,58424,58298.6,58424,58261.38121757462,NaN,NaN,NaN,NaN,0
1762146900,58425.6,58444.4,58360,58399,58276.57249825778,NaN,NaN,NaN,NaN,0
1762147800,58400,58434.8,58378.2,58415.2,58292.67439065952,NaN,NaN,58434.8,NaN,0
1762148700,58415.4,58417.4,58350,58378.6,58304.6148143588,NaN,NaN,NaN,NaN,0
1762149600,58373.6,58400,58290,58300,58308.36548665446,NaN,NaN,NaN,NaN,0
1762150500,58291.2,58348.6,58268.6,58321,58312.937983287884,NaN,NaN,NaN,NaN,0
1762151400,58321,58356,58302.4,58325,58316.88602321775,NaN,NaN,NaN,NaN,0
1762152300,58324,58400,58324,58364,58323.60459913378,NaN,NaN,NaN,NaN,0
1762153200,58354,58377.8,58330,58358.8,58329.14252894408,NaN,NaN,NaN,NaN,0
1762154100,58374.8,58420.8,58360.6,58397.2,58337.36928667605,NaN,NaN,NaN,NaN,0
1762155000,58409,58441,58377.2,58432,58348.12997319379,NaN,NaN,NaN,NaN,0
1762155900,58432,58475,58405,58428.2,58357.84979774694,NaN,NaN,NaN,NaN,0
1762156800,58428.2,58472.6,58415,58440.2,58368.0422085019,NaN,NaN,NaN,NaN,0
1762157700,58440.2,58460.6,58389.4,58434.8,58376.9673647247,NaN,NaN,NaN,NaN,0
1762158600,58444,58468,58409.6,58455,58386.89541954894,NaN,NaN,NaN,NaN,0
1762159500,58459,58499,58440,58440,58394.695156587935,NaN,NaN,NaN,NaN,0
1762160400,58440,58457,58420.2,58440,58401.629099746555,NaN,NaN,NaN,NaN,0
1762161300,58440,58447,58390.8,58393.8,58403.551068130626,NaN,NaN,NaN,NaN,0
1762162200,58393,58415,58354.2,58391.2,58404.59098214819,NaN,NaN,NaN,NaN,0
1762163100,58394.2,58437.8,58394.2,58429,58408.53507648927,NaN,NaN,NaN,NaN,0
1762227900,58409.8,58409.8,58200,58205,58391.48735724375,NaN,58409.8,NaN,NaN,0
1762228800,58203.8,58203.8,58130.6,58183.8,58372.18502890267,NaN,NaN,NaN,NaN,0
1762229700,58175.4,58234,58112,58209.8,58355.37922323784,NaN,NaN,NaN,NaN,0
1762230600,58203.6,58250,58155.2,58163,58334.518966038355,NaN,NaN,NaN,NaN,0
1762231500,58155,58199.8,58100,58187.8,58316.650210338106,NaN,NaN,NaN,NaN,0
1762232400,58195.2,58219.8,58170,58187,58299.796428704685,NaN,NaN,NaN,58170,0
1762233300,58172.6,58233.2,58145,58233.2,58288.35365448071,NaN,NaN,NaN,NaN,0
1762234200,58232,58279,58158.2,58200,58275.09913346394,NaN,NaN,NaN,NaN,0
1762235100,58191.4,58200,58146,58169.6,58260.50390079857,NaN,NaN,NaN,NaN,0
1762236000,58172.6,58179.8,58074.8,58131.8,58243.850784141105,NaN,NaN,NaN,NaN,0
1762236900,58131.8,58157,58102.8,58128.8,58228.404698996674,NaN,NaN,NaN,NaN,0
1762237800,58118.2,58172.8,58111.6,58172.8,58218.5064181833,NaN,NaN,NaN,NaN,0
1762238700,58171,58178.8,58125,58145.4,58207.45648696804,NaN,NaN,NaN,NaN,0
1762239600,58126.4,58144.8,58101,58144.8,58197.64801629096,NaN,NaN,NaN,NaN,0
1762240500,58143.6,58171.2,58125.2,58156.4,58190.07391843643,NaN,NaN,NaN,NaN,0
1762241400,58150.2,58165,58125.4,58144,58182.51306049752,NaN,NaN,NaN,NaN,0
1762242300,58138.6,58193.8,58091.4,58189.6,58180.091419875134,NaN,NaN,NaN,NaN,0
1762243200,58198,58220,58146.8,58194.4,58178.97118986269,NaN,NaN,NaN,NaN,0
1762244100,58195.2,58209,58150,58170,58176.37905435378,NaN,NaN,NaN,NaN,0
1762245000,58170,58177,58100,58130,58170.7247451053,NaN,NaN,NaN,NaN,0
1762245900,58128,58160,58090,58151.4,58167.54309479446,NaN,NaN,NaN,NaN,0
1762246800,58160,58168.8,58122.2,58135.2,58163.31029406562,NaN,NaN,NaN,NaN,0
1762247700,58130,58159.6,58107.2,58141.8,58160.1005012797,NaN,NaN,NaN,NaN,0
1762248600,58142,58161.6,58123.4,58126,58155.81083754795,NaN,NaN,NaN,NaN,0
1762249500,58140,58145,58096.4,58098,58149.363462955014,NaN,NaN,NaN,NaN,0
1762250400,58100,58100,58100,58100,58143.440717025194,NaN,NaN,NaN,NaN,0
1762400700,58099.4,58194.4,58023,58040,58132.37427300958,NaN,NaN,NaN,NaN,0
1762401600,58031.2,58048,57945,57970,58115.65874611286,NaN,58048,NaN,NaN,0
1762402500,57957.6,58050,57945.8,58050,58106.81262877984,NaN,NaN,NaN,NaN,0
1762403400,58050,58070,57902,57902,58085.12439612494,NaN,NaN,NaN,NaN,0
1762404300,57901.8,57957.8,57897,57937.2,58067.558353562614,NaN,NaN,NaN,NaN,0
1762405200,57944,57960,57915.2,57960,58053.09101812926,NaN,NaN,NaN,NaN,0
1762406100,57960.2,57999.2,57955.4,57997,58043.18436661873,NaN,NaN,NaN,57955.4,0
1762407000,57983,58004.6,57925.2,57925.6,58027.93730135386,NaN,NaN,NaN,NaN,0
1762407900,57927.8,57929.6,57834.4,57866,58008.560716338456,NaN,NaN,NaN,NaN,0
1762408800,57866,57885,57839,57852.4,57989.313728846406,NaN,NaN,NaN,NaN,0
1762409700,57845.2,57923.8,57845.2,57923.8,57978.042771847,NaN,NaN,NaN,NaN,0
1762410600,57925,57948.2,57880,57884,57964.57494919851,NaN,NaN,NaN,NaN,0
1762411500,57887,57911.2,57852.6,57865.6,57950.76771545246,NaN,NaN,NaN,NaN,0
1762412400,57882,57966.4,57855,57927.2,57943.99316844607,NaN,NaN,NaN,NaN,0
1762413300,57922.8,58035,57920,57986.8,57943.94810360337,NaN,NaN,NaN,NaN,0
1762414200,58000,58065.4,57944.4,57998.4,57946.05799929119,NaN,NaN,NaN,NaN,0
1762415100,57998.6,58032.6,57975.8,57992,57948.47342319085,NaN,NaN,NaN,NaN,0
1762416000,58000.2,58030,57950,57956,57948.17969731257,NaN,NaN,NaN,NaN,0
1762416900,57950,57966.6,57880.4,57905,57943.67772348467,NaN,NaN,NaN,NaN,0
1762417800,57902,57949.6,57884.2,57941,57942.82484925854,NaN,NaN,NaN,NaN,0
1762418700,57946.2,57950,57901.6,57915.4,57939.939359799326,NaN,NaN,NaN,NaN,0
1762419600,57933,57978,57933,57935.6,57939.04942448058,NaN,NaN,NaN,NaN,0
1762420500,57945,57967.8,57918,57955.8,57940.171846216435,NaN,NaN,NaN,NaN,0
1762421400,57941,57943.8,57867.2,57880,57934.47050706997,NaN,NaN,NaN,NaN,0
1762422300,57885,57902.8,57867,57887.8,57929.599750833186,NaN,NaN,NaN,NaN,0
1762487100,57800,57800,57450.4,57525.2,57891.85571973739,NaN,57800,NaN,NaN,0
1762488000,57537,57638,57492.2,57609.8,57862.27983546088,NaN,NaN,NaN,NaN,0
1762488900,57610,57688,57518,57580,57831.01052304288,NaN,NaN,NaN,NaN,0
1762489800,57580,57600,57540,57585.2,57801.64356302917,NaN,NaN,NaN,NaN,0
1762490700,57574,57645,57551.8,57638.8,57778.75300224928,NaN,NaN,NaN,NaN,0
1762491600,57640,57816.4,57623.6,57790,57771.79016897052,NaN,NaN,NaN,57623.6,0
1762492500,57787.8,57813.8,57678,57678,57756.504628666604,NaN,NaN,NaN,NaN,0
1762493400,57682.2,57900,57670,57887,57762.109718373475,NaN,NaN,NaN,NaN,0
1762494300,57893.8,57988,57858.2,57975.8,57777.422448276426,NaN,NaN,NaN,NaN,0
1762495200,57975,58098.6,57975,58079.8,57803.50873717285,NaN,NaN,NaN,NaN,0
1762496100,58079,58125,57982.8,57995,57822.510629528886,57982.8,NaN,NaN,NaN,0
1762497000,58000,58040,57989.2,58021,57843.86871973737,NaN,NaN,NaN,NaN,0
1762497900,58020.8,58060.8,57992.6,58018.8,57864.41925732674,NaN,NaN,NaN,NaN,0
1762498800,58014.2,58101.2,58014.2,58090,57890.59135595166,NaN,NaN,NaN,NaN,0
1762499700,58098.2,58200,58075,58156.6,57921.547185475145,NaN,NaN,NaN,NaN,0
1762500600,58179.8,58220,58129.4,58165,57951.49903698662,NaN,NaN,58220,NaN,0
1762501500,58159.2,58299,58145.6,58265.6,57988.545716014494,NaN,NaN,NaN,NaN,0
1762502400,58265.8,58282.4,58235.2,58263.2,58023.065515284114,NaN,NaN,NaN,NaN,0
1762503300,58258.6,58292,58130,58140,58043.791781592634,NaN,NaN,NaN,NaN,0
1762504200,58145,58150,58066,58120.2,58060.09717127338,NaN,NaN,NaN,NaN,0
1762505100,58125,58265,58112.2,58234,58084.271826954384,NaN,NaN,NaN,NaN,0
1762506000,58230.4,58266,58195.8,58217.2,58104.39082968558,NaN,NaN,NaN,NaN,0
1762506900,58216.6,58216.6,58141.2,58180,58118.77038026149,NaN,NaN,NaN,NaN,0
1762507800,58180,58191,58105,58170,58129.992202178895,NaN,NaN,NaN,NaN,0
1762508700,58171,58229,58169,58219,58143.667076024256,NaN,NaN,NaN,NaN,0
1762509600,58217.2,58217.2,58217.2,58217.2,58155.4957721148,NaN,NaN,NaN,NaN,0
1762746300,58200,58358,58158.8,58242.2,58167.97346181125,NaN,NaN,NaN,NaN,0
1762747200,58248.8,58320.2,58233,58269.6,58181.93796196442,NaN,NaN,NaN,NaN,0
1762748100,58269.6,58330,58235.2,58242.4,58191.87279978372,NaN,NaN,NaN,NaN,0
1762749000,58241,58297.8,58200.2,58274,58203.429115693616,NaN,NaN,NaN,NaN,0
1762749900,58281,58349,58277.4,58310,58217.062911625755,NaN,NaN,NaN,NaN,0
1762750800,58310,58344.4,58263.2,58282.8,58227.0055846226,NaN,NaN,NaN,NaN,0
1762751700,58270,58293.8,58240,58285,58235.87400602211,NaN,NaN,NaN,NaN,0
1762752600,58277.8,58317,58276,58310.8,58246.24418194579,NaN,NaN,NaN,NaN,0
1762753500,58296.8,58383.8,58296.8,58344.6,58258.451555875596,NaN,NaN,NaN,NaN,0
1762754400,58342.8,58350,58285.2,58306.6,58266.15962566128,NaN,NaN,NaN,NaN,0
1762755300,58310.2,58340,58271.4,58275.2,58269.979913938136,NaN,NaN,NaN,NaN,0
1762756200,58283,58309.6,58271.6,58288.2,58274.28360692654,NaN,NaN,NaN,NaN,0
1762757100,58282.8,58340,58282.8,58322.6,58280.94153686519,NaN,NaN,NaN,NaN,0
1762758000,58340,58359.8,58308.6,58359.4,58290.2734490488,NaN,NaN,NaN,NaN,0
1762758900,58359.4,58364.2,58340,58351,58298.077971509774,NaN,NaN,NaN,NaN,0
1762759800,58350,58360,58301.2,58305,58300.947515535576,NaN,NaN,NaN,NaN,0
1762760700,58300,58338.2,58280.6,58337,58306.11976528943,NaN,NaN,NaN,NaN,0
1762761600,58338,58340.8,58250,58250,58302.68019448609,NaN,NaN,NaN,NaN,0
1762762500,58250,58298,58227.4,58250,58298.80620916594,NaN,NaN,NaN,NaN,0
1762763400,58247,58299,58247,58295,58298.89623319829,NaN,NaN,NaN,NaN,0
1762764300,58295,58356,58295,58341.2,58303.00828058656,NaN,NaN,NaN,NaN,0
1762765200,58340,58348,58303.6,58306.4,58303.62872834765,NaN,NaN,NaN,NaN,0
1762766100,58308.8,58325,58273.8,58280.2,58301.75769753313,NaN,NaN,NaN,NaN,0
1762767000,58285.8,58307,58250,58265,58298.468932748656,NaN,NaN,NaN,NaN,0
1762767900,58254,58273,58218,58220.6,58291.12796835955,NaN,NaN,NaN,NaN,0
1762832700,58220.6,58289.8,58060.2,58112,58273.91130452192,NaN,58289.8,NaN,NaN,0
1762833600,58108,58108,57990,58097.2,58255.64874339701,NaN,NaN,NaN,NaN,0
1762834500,58105,58110,57942,58033.2,58232.08512432231,NaN,NaN,NaN,NaN,0
1762835400,58032,58040,57965.2,57965.2,58203.1481774657,NaN,NaN,NaN,NaN,0
1762836300,57961.2,57984.8,57908.6,57924.8,58171.76675946549,NaN,NaN,NaN,NaN,0
1762837200,57910.8,57951.2,57862.2,57897.6,58139.420904655155,NaN,NaN,NaN,57862.2,0
1762838100,57888,57978,57873,57978,58116.26182021555,NaN,NaN,NaN,NaN,0
1762839000,57978,57995,57928,57957.4,58093.3868081813,NaN,NaN,NaN,NaN,0
1762839900,57955,57989.8,57913.4,57985,58075.2394043023,NaN,NaN,NaN,NaN,0
1762840800,57975,58040,57952.2,58032,58063.57286101056,NaN,NaN,NaN,NaN,0
1762841700,58039.2,58124.4,58015,58080,58058.36834998616,NaN,NaN,NaN,NaN,0
1762842600,58080,58120,58063.4,58080,58055.11935951366,NaN,NaN,NaN,NaN,0
1762843500,58094.8,58149,58073.4,58143.4,58059.29250836766,NaN,NaN,NaN,NaN,0
1762844400,58150,58200,58130,58159,58066.11711082579,NaN,NaN,NaN,NaN,0
1762845300,58162.2,58192.8,58125.2,58150,58072.93350315374,NaN,NaN,NaN,NaN,0
1762846200,58155,58229.8,58131.2,58225,58087.0364991337,58131.2,NaN,NaN,NaN,0
1762847100,58225,58337.8,58225,58290,58107.204677656315,NaN,NaN,NaN,NaN,0
1762848000,58300.4,58364.6,58285.2,58310.8,58129.03150873086,NaN,NaN,NaN,NaN,0
1762848900,58328.2,58400,58302.2,58320,58150.93775291045,NaN,NaN,NaN,NaN,0
1762849800,58310.2,58343.2,58278,58302.6,58170.299904389176,NaN,NaN,NaN,NaN,0
1762850700,58294.8,58366.8,58285.6,58366.6,58194.14053337622,NaN,NaN,58366.8,NaN,0
1762851600,58368.8,58380.8,58298.4,58317.4,58211.86820350046,NaN,NaN,NaN,NaN,0
1762852500,58321,58354.4,58309,58328,58228.798792445385,NaN,NaN,NaN,NaN,0
1762853400,58323,58374.4,58323,58365,58247.40135280918,NaN,NaN,NaN,NaN,0
1762854300,58363.4,58398.8,58347,58392,58266.71937862228,NaN,NaN,NaN,NaN,0